ISO-10303-21;
HEADER;
FILE_DESCRIPTION((''),'2;1');
FILE_NAME('Body5', '2026-10-08T14:14:06', (''), (''), 'ImageToStl.com STEP Converter','', '');
FILE_SCHEMA(('AUTOMOTIVE_DESIGN_CC2'));
ENDSEC;
DATA;
#1=PRODUCT_DEFINITION_CONTEXT('',#4,'design');
#2=APPLICATION_PROTOCOL_DEFINITION('INTERNATIONAL STANDARD','automotive_design',1994,#4);
#3=(GEOMETRIC_REPRESENTATION_CONTEXT(3)GLOBAL_UNCERTAINTY_ASSIGNED_CONTEXT((#5))GLOBAL_UNIT_ASSIGNED_CONTEXT((#6,#7,#8))REPRESENTATION_CONTEXT('NONE','WORKSPACE'));
#4=APPLICATION_CONTEXT(' ');
#5=UNCERTAINTY_MEASURE_WITH_UNIT(LENGTH_MEASURE(1.0E-006),#6,'','');
#6=(CONVERSION_BASED_UNIT('METRE',#10)LENGTH_UNIT()NAMED_UNIT(#11));
#7=(NAMED_UNIT(#12)PLANE_ANGLE_UNIT()SI_UNIT($,.RADIAN.));
#8=(NAMED_UNIT(#12)SOLID_ANGLE_UNIT()SI_UNIT($,.STERADIAN.));
#9=AXIS2_PLACEMENT_3D('',#14,#15,#16);
#10=LENGTH_MEASURE_WITH_UNIT(LENGTH_MEASURE(1.0),#17);
#11=DIMENSIONAL_EXPONENTS(1.0,0.0,0.0,0.0,0.0,0.0,0.0);
#12=DIMENSIONAL_EXPONENTS(0.0,0.0,0.0,0.0,0.0,0.0,0.0);
#13=PRODUCT_CONTEXT('',#4,'mechanical');
#14=CARTESIAN_POINT('',(0.0,0.0,0.0));
#15=DIRECTION('',(0.0,0.0,1.0));
#16=DIRECTION('',(1.0,0.0,0.0));
#17=(NAMED_UNIT(#11)LENGTH_UNIT()SI_UNIT(.MILLI.,.METRE.));
#18=PRESENTATION_STYLE_ASSIGNMENT((#19));
#19=SURFACE_STYLE_USAGE(.BOTH.,#20);
#20=SURFACE_SIDE_STYLE('',(#21));
#21=SURFACE_STYLE_FILL_AREA(#22);
#22=FILL_AREA_STYLE('',(#23));
#23=FILL_AREA_STYLE_COLOUR('',#24);
#24=COLOUR_RGB('',0.62745,0.62745,0.62745);
#25=PRESENTATION_STYLE_ASSIGNMENT((#26));
#26=SURFACE_STYLE_USAGE(.BOTH.,#27);
#27=SURFACE_SIDE_STYLE('',(#28));
#28=SURFACE_STYLE_FILL_AREA(#29);
#29=FILL_AREA_STYLE('',(#30));
#30=FILL_AREA_STYLE_COLOUR('',#31);
#31=COLOUR_RGB('',0.59608,0.59608,0.59608);
#32=SHAPE_DEFINITION_REPRESENTATION(#33,#34);
#33=PRODUCT_DEFINITION_SHAPE('productshape0','',#37);
#34=MANIFOLD_SURFACE_SHAPE_REPRESENTATION('',(#35,#9),#3);
#35=SHELL_BASED_SURFACE_MODEL('shell0',(#39));
#36=PRODUCT('product0','','',(#13));
#37=PRODUCT_DEFINITION('mesh0','',#38,#2);
#38=PRODUCT_DEFINITION_FORMATION_WITH_SPECIFIED_SOURCE('prodsource0','',#36,.NOT_KNOWN.);
#39=CLOSED_SHELL('',(#269,#291,#313,#335,#357,#379,#401,#423,#445,#467,#489,#511,#533,#555,#577,#599,#621,#643,#665,#687,#709,#731,#753,#775,#797,#819,#841,#863,#885,#907,#929,#951,#973,#995,#1017,#1039,#1061,#1083,#1105,#1127,#1149,#1171,#1193,#1215,#1237,#1259,#1281,#1303,#1325,#1347,#1369,#1391,#1413,#1435,#1457,#1479,#1501,#1523,#1545,#1567,#1589,#1611,#1633,#1655,#1677,#1699,#1721,#1743,#1765,#1787,#1809,#1831,#1853,#1875,#1897,#1919,#1941,#1963,#1985,#2007,#2029,#2051,#2073,#2095,#2117,#2139,#2161,#2183,#2205,#2227,#2249,#2271,#2293,#2315,#2337,#2359,#2381,#2403,#2425,#2447,#2469,#2491,#2513,#2535,#2557,#2579,#2601,#2623,#2645,#2667,#2689,#2711,#2733,#2755,#2777,#2799,#2821,#2843,#2865,#2887,#2909,#2931,#2953,#2975,#2997,#3019,#3041,#3063,#3085,#3107,#3129,#3151,#3173,#3195,#3217,#3239,#3261,#3283,#3305,#3327,#3349,#3371,#3393,#3415,#3437,#3459,#3481,#3503,#3525,#3547,#3569,#3591,#3613,#3635,#3657,#3679,#3701,#3723,#3745,#3767,#3789,#3811,#3833,#3855,#3877,#3899,#3921,#3943,#3965,#3987,#4009,#4031,#4053,#4075,#4097,#4119,#4141,#4163,#4185,#4207,#4229,#4251,#4273,#4295,#4317,#4339,#4361,#4383,#4405,#4427,#4449,#4471,#4493,#4515,#4537,#4559,#4581,#4603,#4625,#4647,#4669,#4691,#4713,#4735,#4757,#4779,#4801,#4823,#4845,#4867,#4889,#4911,#4933,#4955,#4977,#4999,#5021,#5043,#5065,#5087,#5109,#5131,#5153,#5175,#5197,#5219,#5241,#5263));
#40=CARTESIAN_POINT('',(213,53,15));
#41=VERTEX_POINT('',#40);
#42=CARTESIAN_POINT('',(107,53,15));
#43=VERTEX_POINT('',#42);
#44=CARTESIAN_POINT('',(213,-54,15));
#45=VERTEX_POINT('',#44);
#46=CARTESIAN_POINT('',(107,-54,15));
#47=VERTEX_POINT('',#46);
#48=CARTESIAN_POINT('',(116,53,3));
#49=VERTEX_POINT('',#48);
#50=CARTESIAN_POINT('',(107,53,3));
#51=VERTEX_POINT('',#50);
#52=CARTESIAN_POINT('',(116,53,13));
#53=VERTEX_POINT('',#52);
#54=CARTESIAN_POINT('',(210,53,13));
#55=VERTEX_POINT('',#54);
#56=CARTESIAN_POINT('',(213,53,5));
#57=VERTEX_POINT('',#56);
#58=CARTESIAN_POINT('',(210,53,3));
#59=VERTEX_POINT('',#58);
#60=CARTESIAN_POINT('',(213,53,3));
#61=VERTEX_POINT('',#60);
#62=CARTESIAN_POINT('',(107,-45,3));
#63=VERTEX_POINT('',#62);
#64=CARTESIAN_POINT('',(107,-54,3));
#65=VERTEX_POINT('',#64);
#66=CARTESIAN_POINT('',(107,-45,13));
#67=VERTEX_POINT('',#66);
#68=CARTESIAN_POINT('',(107,44,13));
#69=VERTEX_POINT('',#68);
#70=CARTESIAN_POINT('',(107,44,3));
#71=VERTEX_POINT('',#70);
#72=CARTESIAN_POINT('',(210,-54,13));
#73=VERTEX_POINT('',#72);
#74=CARTESIAN_POINT('',(213,-54,5));
#75=VERTEX_POINT('',#74);
#76=CARTESIAN_POINT('',(210,-54,3));
#77=VERTEX_POINT('',#76);
#78=CARTESIAN_POINT('',(213,-54,3));
#79=VERTEX_POINT('',#78);
#80=CARTESIAN_POINT('',(116,-54,13));
#81=VERTEX_POINT('',#80);
#82=CARTESIAN_POINT('',(116,-54,3));
#83=VERTEX_POINT('',#82);
#84=CARTESIAN_POINT('',(111.5,44,3));
#85=VERTEX_POINT('',#84);
#86=CARTESIAN_POINT('',(111.5,48.5,3));
#87=VERTEX_POINT('',#86);
#88=CARTESIAN_POINT('',(116,48.5,3));
#89=VERTEX_POINT('',#88);
#90=CARTESIAN_POINT('',(111.5,44,13));
#91=VERTEX_POINT('',#90);
#92=CARTESIAN_POINT('',(116,48.5,13));
#93=VERTEX_POINT('',#92);
#94=CARTESIAN_POINT('',(111.5,48.5,13));
#95=VERTEX_POINT('',#94);
#96=CARTESIAN_POINT('',(111.5,-45,3));
#97=VERTEX_POINT('',#96);
#98=CARTESIAN_POINT('',(111.5,-49.5,3));
#99=VERTEX_POINT('',#98);
#100=CARTESIAN_POINT('',(116,-49.5,3));
#101=VERTEX_POINT('',#100);
#102=CARTESIAN_POINT('',(111.5,-45,13));
#103=VERTEX_POINT('',#102);
#104=CARTESIAN_POINT('',(111.5,-49.5,13));
#105=VERTEX_POINT('',#104);
#106=CARTESIAN_POINT('',(116,-49.5,13));
#107=VERTEX_POINT('',#106);
#108=CARTESIAN_POINT('',(213,-67,3));
#109=VERTEX_POINT('',#108);
#110=CARTESIAN_POINT('',(213,-67,5));
#111=VERTEX_POINT('',#110);
#112=CARTESIAN_POINT('',(213,67,5));
#113=VERTEX_POINT('',#112);
#114=CARTESIAN_POINT('',(213,67,3));
#115=VERTEX_POINT('',#114);
#116=CARTESIAN_POINT('',(238.3860626220703,-55.30236053466797,3));
#117=VERTEX_POINT('',#116);
#118=CARTESIAN_POINT('',(238.3860626220703,-55.30236053466797,5));
#119=VERTEX_POINT('',#118);
#120=CARTESIAN_POINT('',(238.5,-54,3));
#121=VERTEX_POINT('',#120);
#122=CARTESIAN_POINT('',(238.5,-54,5));
#123=VERTEX_POINT('',#122);
#124=CARTESIAN_POINT('',(238.3860626220703,-52.69763946533203,3));
#125=VERTEX_POINT('',#124);
#126=CARTESIAN_POINT('',(238.3860626220703,-52.69763946533203,5));
#127=VERTEX_POINT('',#126);
#128=CARTESIAN_POINT('',(238.04769897460938,-51.43484878540039,5));
#129=VERTEX_POINT('',#128);
#130=CARTESIAN_POINT('',(238.04769897460938,-56.56515121459961,3));
#131=VERTEX_POINT('',#130);
#132=CARTESIAN_POINT('',(238.04769897460938,-56.56515121459961,5));
#133=VERTEX_POINT('',#132);
#134=CARTESIAN_POINT('',(237.4951934814453,-57.75,3));
#135=VERTEX_POINT('',#134);
#136=CARTESIAN_POINT('',(237.4951934814453,-57.75,5));
#137=VERTEX_POINT('',#136);
#138=CARTESIAN_POINT('',(236.74533081054688,-58.82090759277344,3));
#139=VERTEX_POINT('',#138);
#140=CARTESIAN_POINT('',(236.74533081054688,-58.82090759277344,5));
#141=VERTEX_POINT('',#140);
#142=CARTESIAN_POINT('',(235.82090759277344,-59.74533462524414,3));
#143=VERTEX_POINT('',#142);
#144=CARTESIAN_POINT('',(235.82090759277344,-59.74533462524414,5));
#145=VERTEX_POINT('',#144);
#146=CARTESIAN_POINT('',(234.75,-60.49518966674805,3));
#147=VERTEX_POINT('',#146);
#148=CARTESIAN_POINT('',(234.75,-60.49518966674805,5));
#149=VERTEX_POINT('',#148);
#150=CARTESIAN_POINT('',(233.56515502929688,-61.04769515991211,3));
#151=VERTEX_POINT('',#150);
#152=CARTESIAN_POINT('',(233.56515502929688,-61.04769515991211,5));
#153=VERTEX_POINT('',#152);
#154=CARTESIAN_POINT('',(232.3023681640625,-61.38605880737305,3));
#155=VERTEX_POINT('',#154);
#156=CARTESIAN_POINT('',(232.3023681640625,-61.38605880737305,5));
#157=VERTEX_POINT('',#156);
#158=CARTESIAN_POINT('',(231,-61.5,3));
#159=VERTEX_POINT('',#158);
#160=CARTESIAN_POINT('',(231,-61.5,5));
#161=VERTEX_POINT('',#160);
#162=CARTESIAN_POINT('',(229.69764709472656,-61.38605880737305,3));
#163=VERTEX_POINT('',#162);
#164=CARTESIAN_POINT('',(229.69764709472656,-61.38605880737305,5));
#165=VERTEX_POINT('',#164);
#166=CARTESIAN_POINT('',(228.43484497070312,-61.04769515991211,3));
#167=VERTEX_POINT('',#166);
#168=CARTESIAN_POINT('',(228.43484497070312,-61.04769515991211,5));
#169=VERTEX_POINT('',#168);
#170=CARTESIAN_POINT('',(227.25,-60.49518966674805,3));
#171=VERTEX_POINT('',#170);
#172=CARTESIAN_POINT('',(227.25,-60.49518966674805,5));
#173=VERTEX_POINT('',#172);
#174=CARTESIAN_POINT('',(226.17909240722656,-59.74533462524414,3));
#175=VERTEX_POINT('',#174);
#176=CARTESIAN_POINT('',(226.17909240722656,-59.74533462524414,5));
#177=VERTEX_POINT('',#176);
#178=CARTESIAN_POINT('',(225.25466918945312,-58.82090759277344,3));
#179=VERTEX_POINT('',#178);
#180=CARTESIAN_POINT('',(225.25466918945312,-58.82090759277344,5));
#181=VERTEX_POINT('',#180);
#182=CARTESIAN_POINT('',(224.5048065185547,-57.75,3));
#183=VERTEX_POINT('',#182);
#184=CARTESIAN_POINT('',(224.5048065185547,-57.75,5));
#185=VERTEX_POINT('',#184);
#186=CARTESIAN_POINT('',(223.9523162841797,-56.56515121459961,3));
#187=VERTEX_POINT('',#186);
#188=CARTESIAN_POINT('',(223.9523162841797,-56.56515121459961,5));
#189=VERTEX_POINT('',#188);
#190=CARTESIAN_POINT('',(223.61395263671875,-55.30236053466797,3));
#191=VERTEX_POINT('',#190);
#192=CARTESIAN_POINT('',(223.61395263671875,-55.30236053466797,5));
#193=VERTEX_POINT('',#192);
#194=CARTESIAN_POINT('',(223.5,-54,3));
#195=VERTEX_POINT('',#194);
#196=CARTESIAN_POINT('',(223.5,-54,5));
#197=VERTEX_POINT('',#196);
#198=CARTESIAN_POINT('',(223.61395263671875,-52.69763946533203,3));
#199=VERTEX_POINT('',#198);
#200=CARTESIAN_POINT('',(223.61395263671875,-52.69763946533203,5));
#201=VERTEX_POINT('',#200);
#202=CARTESIAN_POINT('',(223.9523162841797,-51.43484878540039,3));
#203=VERTEX_POINT('',#202);
#204=CARTESIAN_POINT('',(223.9523162841797,-51.43484878540039,5));
#205=VERTEX_POINT('',#204);
#206=CARTESIAN_POINT('',(224.5048065185547,-50.25,3));
#207=VERTEX_POINT('',#206);
#208=CARTESIAN_POINT('',(224.5048065185547,-50.25,5));
#209=VERTEX_POINT('',#208);
#210=CARTESIAN_POINT('',(225.25466918945312,-49.17909240722656,3));
#211=VERTEX_POINT('',#210);
#212=CARTESIAN_POINT('',(225.25466918945312,-49.17909240722656,5));
#213=VERTEX_POINT('',#212);
#214=CARTESIAN_POINT('',(226.17909240722656,-48.254669189453125,3));
#215=VERTEX_POINT('',#214);
#216=CARTESIAN_POINT('',(226.17909240722656,-48.254669189453125,5));
#217=VERTEX_POINT('',#216);
#218=CARTESIAN_POINT('',(227.25,-47.50481033325195,3));
#219=VERTEX_POINT('',#218);
#220=CARTESIAN_POINT('',(227.25,-47.50481033325195,5));
#221=VERTEX_POINT('',#220);
#222=CARTESIAN_POINT('',(228.43484497070312,-46.95230484008789,3));
#223=VERTEX_POINT('',#222);
#224=CARTESIAN_POINT('',(228.43484497070312,-46.95230484008789,5));
#225=VERTEX_POINT('',#224);
#226=CARTESIAN_POINT('',(229.69764709472656,-46.61394119262695,3));
#227=VERTEX_POINT('',#226);
#228=CARTESIAN_POINT('',(229.69764709472656,-46.61394119262695,5));
#229=VERTEX_POINT('',#228);
#230=CARTESIAN_POINT('',(231,-46.5,3));
#231=VERTEX_POINT('',#230);
#232=CARTESIAN_POINT('',(231,-46.5,5));
#233=VERTEX_POINT('',#232);
#234=CARTESIAN_POINT('',(232.3023681640625,-46.61394119262695,3));
#235=VERTEX_POINT('',#234);
#236=CARTESIAN_POINT('',(232.3023681640625,-46.61394119262695,5));
#237=VERTEX_POINT('',#236);
#238=CARTESIAN_POINT('',(233.56515502929688,-46.95230484008789,3));
#239=VERTEX_POINT('',#238);
#240=CARTESIAN_POINT('',(233.56515502929688,-46.95230484008789,5));
#241=VERTEX_POINT('',#240);
#242=CARTESIAN_POINT('',(234.75,-47.50481033325195,3));
#243=VERTEX_POINT('',#242);
#244=CARTESIAN_POINT('',(234.75,-47.50481033325195,5));
#245=VERTEX_POINT('',#244);
#246=CARTESIAN_POINT('',(235.82090759277344,-48.254669189453125,3));
#247=VERTEX_POINT('',#246);
#248=CARTESIAN_POINT('',(235.82090759277344,-48.254669189453125,5));
#249=VERTEX_POINT('',#248);
#250=CARTESIAN_POINT('',(236.74533081054688,-49.17909240722656,3));
#251=VERTEX_POINT('',#250);
#252=CARTESIAN_POINT('',(236.74533081054688,-49.17909240722656,5));
#253=VERTEX_POINT('',#252);
#254=CARTESIAN_POINT('',(237.4951934814453,-50.25,3));
#255=VERTEX_POINT('',#254);
#256=CARTESIAN_POINT('',(237.4951934814453,-50.25,5));
#257=VERTEX_POINT('',#256);
#258=CARTESIAN_POINT('',(238.04769897460938,-51.43484878540039,3));
#259=VERTEX_POINT('',#258);
#260=CARTESIAN_POINT('',(242,-67,5));
#261=VERTEX_POINT('',#260);
#262=CARTESIAN_POINT('',(242,67,5));
#263=VERTEX_POINT('',#262);
#264=CARTESIAN_POINT('',(242,-67,3));
#265=VERTEX_POINT('',#264);
#266=CARTESIAN_POINT('',(242,67,3));
#267=VERTEX_POINT('',#266);
#268=STYLED_ITEM('',(#25),#269);
#269=FACE_SURFACE('',(#274),#270,.T.);
#270=PLANE('',#271);
#271=AXIS2_PLACEMENT_3D('',#40,#272,#273);
#272=DIRECTION('',(0,0,1));
#273=DIRECTION('',(-1,0,0));
#274=FACE_BOUND('',#275,.T.);
#275=EDGE_LOOP('',(#276,#277,#278));
#276=ORIENTED_EDGE('',*,*,#279,.T.);
#277=ORIENTED_EDGE('',*,*,#280,.T.);
#278=ORIENTED_EDGE('',*,*,#281,.T.);
#279=EDGE_CURVE('',#41,#43,#282,.F.);
#280=EDGE_CURVE('',#43,#45,#283,.T.);
#281=EDGE_CURVE('',#45,#41,#284,.T.);
#282=LINE('',#40,#285);
#283=LINE('',#42,#286);
#284=LINE('',#44,#287);
#285=VECTOR('',#288,1.0);
#286=VECTOR('',#289,1.0);
#287=VECTOR('',#290,1.0);
#288=DIRECTION('',(-1,0,0));
#289=DIRECTION('',(0.7037792749137363,-0.710418702035564,0));
#290=DIRECTION('',(0,1,0));
#291=FACE_SURFACE('',(#296),#292,.T.);
#292=PLANE('',#293);
#293=AXIS2_PLACEMENT_3D('',#44,#294,#295);
#294=DIRECTION('',(0,0,1));
#295=DIRECTION('',(-0.7037792749137363,0.710418702035564,0));
#296=FACE_BOUND('',#297,.T.);
#297=EDGE_LOOP('',(#298,#299,#300));
#298=ORIENTED_EDGE('',*,*,#301,.T.);
#299=ORIENTED_EDGE('',*,*,#302,.T.);
#300=ORIENTED_EDGE('',*,*,#303,.T.);
#301=EDGE_CURVE('',#45,#43,#304,.F.);
#302=EDGE_CURVE('',#43,#47,#305,.T.);
#303=EDGE_CURVE('',#47,#45,#306,.T.);
#304=LINE('',#44,#307);
#305=LINE('',#42,#308);
#306=LINE('',#46,#309);
#307=VECTOR('',#310,1.0);
#308=VECTOR('',#311,1.0);
#309=VECTOR('',#312,1.0);
#310=DIRECTION('',(-0.7037792749137363,0.710418702035564,0));
#311=DIRECTION('',(0,-1,0));
#312=DIRECTION('',(1,0,0));
#313=FACE_SURFACE('',(#318),#314,.T.);
#314=PLANE('',#315);
#315=AXIS2_PLACEMENT_3D('',#48,#316,#317);
#316=DIRECTION('',(0,1,-0));
#317=DIRECTION('',(-1,0,0));
#318=FACE_BOUND('',#319,.T.);
#319=EDGE_LOOP('',(#320,#321,#322));
#320=ORIENTED_EDGE('',*,*,#323,.T.);
#321=ORIENTED_EDGE('',*,*,#324,.T.);
#322=ORIENTED_EDGE('',*,*,#325,.T.);
#323=EDGE_CURVE('',#49,#51,#326,.F.);
#324=EDGE_CURVE('',#51,#53,#327,.T.);
#325=EDGE_CURVE('',#53,#49,#328,.T.);
#326=LINE('',#48,#329);
#327=LINE('',#50,#330);
#328=LINE('',#52,#331);
#329=VECTOR('',#332,1.0);
#330=VECTOR('',#333,1.0);
#331=VECTOR('',#334,1.0);
#332=DIRECTION('',(-1,0,0));
#333=DIRECTION('',(0.6689647316224497,0,0.7432941462471664));
#334=DIRECTION('',(0,0,-1));
#335=FACE_SURFACE('',(#340),#336,.T.);
#336=PLANE('',#337);
#337=AXIS2_PLACEMENT_3D('',#52,#338,#339);
#338=DIRECTION('',(0,1,0));
#339=DIRECTION('',(-0.6689647316224497,0,-0.7432941462471664));
#340=FACE_BOUND('',#341,.T.);
#341=EDGE_LOOP('',(#342,#343,#344));
#342=ORIENTED_EDGE('',*,*,#345,.T.);
#343=ORIENTED_EDGE('',*,*,#346,.T.);
#344=ORIENTED_EDGE('',*,*,#347,.T.);
#345=EDGE_CURVE('',#53,#51,#348,.F.);
#346=EDGE_CURVE('',#51,#43,#349,.T.);
#347=EDGE_CURVE('',#43,#53,#350,.T.);
#348=LINE('',#52,#351);
#349=LINE('',#50,#352);
#350=LINE('',#42,#353);
#351=VECTOR('',#354,1.0);
#352=VECTOR('',#355,1.0);
#353=VECTOR('',#356,1.0);
#354=DIRECTION('',(-0.6689647316224497,0,-0.7432941462471664));
#355=DIRECTION('',(0,0,1));
#356=DIRECTION('',(0.9761870601839528,0,-0.21693045781865616));
#357=FACE_SURFACE('',(#362),#358,.T.);
#358=PLANE('',#359);
#359=AXIS2_PLACEMENT_3D('',#52,#360,#361);
#360=DIRECTION('',(0,1,-0));
#361=DIRECTION('',(-0.9761870601839528,0,0.21693045781865616));
#362=FACE_BOUND('',#363,.T.);
#363=EDGE_LOOP('',(#364,#365,#366));
#364=ORIENTED_EDGE('',*,*,#367,.T.);
#365=ORIENTED_EDGE('',*,*,#368,.T.);
#366=ORIENTED_EDGE('',*,*,#369,.T.);
#367=EDGE_CURVE('',#53,#43,#370,.F.);
#368=EDGE_CURVE('',#43,#41,#371,.T.);
#369=EDGE_CURVE('',#41,#53,#372,.T.);
#370=LINE('',#52,#373);
#371=LINE('',#42,#374);
#372=LINE('',#40,#375);
#373=VECTOR('',#376,1.0);
#374=VECTOR('',#377,1.0);
#375=VECTOR('',#378,1.0);
#376=DIRECTION('',(-0.9761870601839528,0,0.21693045781865616));
#377=DIRECTION('',(1,0,0));
#378=DIRECTION('',(-0.9997875053099682,0,-0.02061417536721584));
#379=FACE_SURFACE('',(#384),#380,.T.);
#380=PLANE('',#381);
#381=AXIS2_PLACEMENT_3D('',#52,#382,#383);
#382=DIRECTION('',(0,1,0));
#383=DIRECTION('',(0.9997875053099682,0,0.02061417536721584));
#384=FACE_BOUND('',#385,.T.);
#385=EDGE_LOOP('',(#386,#387,#388));
#386=ORIENTED_EDGE('',*,*,#389,.T.);
#387=ORIENTED_EDGE('',*,*,#390,.T.);
#388=ORIENTED_EDGE('',*,*,#391,.T.);
#389=EDGE_CURVE('',#53,#41,#392,.F.);
#390=EDGE_CURVE('',#41,#55,#393,.T.);
#391=EDGE_CURVE('',#55,#53,#394,.T.);
#392=LINE('',#52,#395);
#393=LINE('',#40,#396);
#394=LINE('',#54,#397);
#395=VECTOR('',#398,1.0);
#396=VECTOR('',#399,1.0);
#397=VECTOR('',#400,1.0);
#398=DIRECTION('',(0.9997875053099682,0,0.02061417536721584));
#399=DIRECTION('',(-0.8320502943378437,0,-0.5547001962252291));
#400=DIRECTION('',(-1,0,0));
#401=FACE_SURFACE('',(#406),#402,.T.);
#402=PLANE('',#403);
#403=AXIS2_PLACEMENT_3D('',#54,#404,#405);
#404=DIRECTION('',(-0,1,0));
#405=DIRECTION('',(0.8320502943378437,0,0.5547001962252291));
#406=FACE_BOUND('',#407,.T.);
#407=EDGE_LOOP('',(#408,#409,#410));
#408=ORIENTED_EDGE('',*,*,#411,.T.);
#409=ORIENTED_EDGE('',*,*,#412,.T.);
#410=ORIENTED_EDGE('',*,*,#413,.T.);
#411=EDGE_CURVE('',#55,#41,#414,.F.);
#412=EDGE_CURVE('',#41,#57,#415,.T.);
#413=EDGE_CURVE('',#57,#55,#416,.T.);
#414=LINE('',#54,#417);
#415=LINE('',#40,#418);
#416=LINE('',#56,#419);
#417=VECTOR('',#420,1.0);
#418=VECTOR('',#421,1.0);
#419=VECTOR('',#422,1.0);
#420=DIRECTION('',(0.8320502943378437,0,0.5547001962252291));
#421=DIRECTION('',(0,0,-1));
#422=DIRECTION('',(-0.3511234415883917,0,0.9363291775690445));
#423=FACE_SURFACE('',(#428),#424,.T.);
#424=PLANE('',#425);
#425=AXIS2_PLACEMENT_3D('',#54,#426,#427);
#426=DIRECTION('',(0,1,0));
#427=DIRECTION('',(0.3511234415883917,0,-0.9363291775690445));
#428=FACE_BOUND('',#429,.T.);
#429=EDGE_LOOP('',(#430,#431,#432));
#430=ORIENTED_EDGE('',*,*,#433,.T.);
#431=ORIENTED_EDGE('',*,*,#434,.T.);
#432=ORIENTED_EDGE('',*,*,#435,.T.);
#433=EDGE_CURVE('',#55,#57,#436,.F.);
#434=EDGE_CURVE('',#57,#59,#437,.T.);
#435=EDGE_CURVE('',#59,#55,#438,.T.);
#436=LINE('',#54,#439);
#437=LINE('',#56,#440);
#438=LINE('',#58,#441);
#439=VECTOR('',#442,1.0);
#440=VECTOR('',#443,1.0);
#441=VECTOR('',#444,1.0);
#442=DIRECTION('',(0.3511234415883917,0,-0.9363291775690445));
#443=DIRECTION('',(-0.8320502943378437,0,-0.5547001962252291));
#444=DIRECTION('',(0,0,1));
#445=FACE_SURFACE('',(#450),#446,.T.);
#446=PLANE('',#447);
#447=AXIS2_PLACEMENT_3D('',#58,#448,#449);
#448=DIRECTION('',(0,1,0));
#449=DIRECTION('',(0.8320502943378437,0,0.5547001962252291));
#450=FACE_BOUND('',#451,.T.);
#451=EDGE_LOOP('',(#452,#453,#454));
#452=ORIENTED_EDGE('',*,*,#455,.T.);
#453=ORIENTED_EDGE('',*,*,#456,.T.);
#454=ORIENTED_EDGE('',*,*,#457,.T.);
#455=EDGE_CURVE('',#59,#57,#458,.F.);
#456=EDGE_CURVE('',#57,#61,#459,.T.);
#457=EDGE_CURVE('',#61,#59,#460,.T.);
#458=LINE('',#58,#461);
#459=LINE('',#56,#462);
#460=LINE('',#60,#463);
#461=VECTOR('',#464,1.0);
#462=VECTOR('',#465,1.0);
#463=VECTOR('',#466,1.0);
#464=DIRECTION('',(0.8320502943378437,0,0.5547001962252291));
#465=DIRECTION('',(0,0,-1));
#466=DIRECTION('',(-1,0,0));
#467=FACE_SURFACE('',(#472),#468,.T.);
#468=PLANE('',#469);
#469=AXIS2_PLACEMENT_3D('',#62,#470,#471);
#470=DIRECTION('',(-1,0,0));
#471=DIRECTION('',(0,-1,0));
#472=FACE_BOUND('',#473,.T.);
#473=EDGE_LOOP('',(#474,#475,#476));
#474=ORIENTED_EDGE('',*,*,#477,.T.);
#475=ORIENTED_EDGE('',*,*,#478,.T.);
#476=ORIENTED_EDGE('',*,*,#479,.T.);
#477=EDGE_CURVE('',#63,#65,#480,.F.);
#478=EDGE_CURVE('',#65,#67,#481,.T.);
#479=EDGE_CURVE('',#67,#63,#482,.T.);
#480=LINE('',#62,#483);
#481=LINE('',#64,#484);
#482=LINE('',#66,#485);
#483=VECTOR('',#486,1.0);
#484=VECTOR('',#487,1.0);
#485=VECTOR('',#488,1.0);
#486=DIRECTION('',(0,-1,0));
#487=DIRECTION('',(0,0.6689647316224497,0.7432941462471664));
#488=DIRECTION('',(0,0,-1));
#489=FACE_SURFACE('',(#494),#490,.T.);
#490=PLANE('',#491);
#491=AXIS2_PLACEMENT_3D('',#66,#492,#493);
#492=DIRECTION('',(-1,-0,0));
#493=DIRECTION('',(0,-0.6689647316224497,-0.7432941462471664));
#494=FACE_BOUND('',#495,.T.);
#495=EDGE_LOOP('',(#496,#497,#498));
#496=ORIENTED_EDGE('',*,*,#499,.T.);
#497=ORIENTED_EDGE('',*,*,#500,.T.);
#498=ORIENTED_EDGE('',*,*,#501,.T.);
#499=EDGE_CURVE('',#67,#65,#502,.F.);
#500=EDGE_CURVE('',#65,#47,#503,.T.);
#501=EDGE_CURVE('',#47,#67,#504,.T.);
#502=LINE('',#66,#505);
#503=LINE('',#64,#506);
#504=LINE('',#46,#507);
#505=VECTOR('',#508,1.0);
#506=VECTOR('',#509,1.0);
#507=VECTOR('',#510,1.0);
#508=DIRECTION('',(0,-0.6689647316224497,-0.7432941462471664));
#509=DIRECTION('',(0,0,1));
#510=DIRECTION('',(0,0.9761870601839528,-0.21693045781865616));
#511=FACE_SURFACE('',(#516),#512,.T.);
#512=PLANE('',#513);
#513=AXIS2_PLACEMENT_3D('',#66,#514,#515);
#514=DIRECTION('',(-1,0,0));
#515=DIRECTION('',(0,-0.9761870601839528,0.21693045781865616));
#516=FACE_BOUND('',#517,.T.);
#517=EDGE_LOOP('',(#518,#519,#520));
#518=ORIENTED_EDGE('',*,*,#521,.T.);
#519=ORIENTED_EDGE('',*,*,#522,.T.);
#520=ORIENTED_EDGE('',*,*,#523,.T.);
#521=EDGE_CURVE('',#67,#47,#524,.F.);
#522=EDGE_CURVE('',#47,#43,#525,.T.);
#523=EDGE_CURVE('',#43,#67,#526,.T.);
#524=LINE('',#66,#527);
#525=LINE('',#46,#528);
#526=LINE('',#42,#529);
#527=VECTOR('',#530,1.0);
#528=VECTOR('',#531,1.0);
#529=VECTOR('',#532,1.0);
#530=DIRECTION('',(0,-0.9761870601839528,0.21693045781865616));
#531=DIRECTION('',(0,1,0));
#532=DIRECTION('',(0,-0.9997918184634463,-0.020403914662519312));
#533=FACE_SURFACE('',(#538),#534,.T.);
#534=PLANE('',#535);
#535=AXIS2_PLACEMENT_3D('',#66,#536,#537);
#536=DIRECTION('',(-1,0,0));
#537=DIRECTION('',(0,0.9997918184634463,0.020403914662519312));
#538=FACE_BOUND('',#539,.T.);
#539=EDGE_LOOP('',(#540,#541,#542));
#540=ORIENTED_EDGE('',*,*,#543,.T.);
#541=ORIENTED_EDGE('',*,*,#544,.T.);
#542=ORIENTED_EDGE('',*,*,#545,.T.);
#543=EDGE_CURVE('',#67,#43,#546,.F.);
#544=EDGE_CURVE('',#43,#69,#547,.T.);
#545=EDGE_CURVE('',#69,#67,#548,.T.);
#546=LINE('',#66,#549);
#547=LINE('',#42,#550);
#548=LINE('',#68,#551);
#549=VECTOR('',#552,1.0);
#550=VECTOR('',#553,1.0);
#551=VECTOR('',#554,1.0);
#552=DIRECTION('',(0,0.9997918184634463,0.020403914662519312));
#553=DIRECTION('',(0,-0.9761870601839528,-0.21693045781865616));
#554=DIRECTION('',(0,-1,0));
#555=FACE_SURFACE('',(#560),#556,.T.);
#556=PLANE('',#557);
#557=AXIS2_PLACEMENT_3D('',#68,#558,#559);
#558=DIRECTION('',(-1,0,0));
#559=DIRECTION('',(0,0.9761870601839528,0.21693045781865616));
#560=FACE_BOUND('',#561,.T.);
#561=EDGE_LOOP('',(#562,#563,#564));
#562=ORIENTED_EDGE('',*,*,#565,.T.);
#563=ORIENTED_EDGE('',*,*,#566,.T.);
#564=ORIENTED_EDGE('',*,*,#567,.T.);
#565=EDGE_CURVE('',#69,#43,#568,.F.);
#566=EDGE_CURVE('',#43,#51,#569,.T.);
#567=EDGE_CURVE('',#51,#69,#570,.T.);
#568=LINE('',#68,#571);
#569=LINE('',#42,#572);
#570=LINE('',#50,#573);
#571=VECTOR('',#574,1.0);
#572=VECTOR('',#575,1.0);
#573=VECTOR('',#576,1.0);
#574=DIRECTION('',(0,0.9761870601839528,0.21693045781865616));
#575=DIRECTION('',(0,0,-1));
#576=DIRECTION('',(0,-0.6689647316224497,0.7432941462471664));
#577=FACE_SURFACE('',(#582),#578,.T.);
#578=PLANE('',#579);
#579=AXIS2_PLACEMENT_3D('',#68,#580,#581);
#580=DIRECTION('',(-1,0,0));
#581=DIRECTION('',(0,0.6689647316224497,-0.7432941462471664));
#582=FACE_BOUND('',#583,.T.);
#583=EDGE_LOOP('',(#584,#585,#586));
#584=ORIENTED_EDGE('',*,*,#587,.T.);
#585=ORIENTED_EDGE('',*,*,#588,.T.);
#586=ORIENTED_EDGE('',*,*,#589,.T.);
#587=EDGE_CURVE('',#69,#51,#590,.F.);
#588=EDGE_CURVE('',#51,#71,#591,.T.);
#589=EDGE_CURVE('',#71,#69,#592,.T.);
#590=LINE('',#68,#593);
#591=LINE('',#50,#594);
#592=LINE('',#70,#595);
#593=VECTOR('',#596,1.0);
#594=VECTOR('',#597,1.0);
#595=VECTOR('',#598,1.0);
#596=DIRECTION('',(0,0.6689647316224497,-0.7432941462471664));
#597=DIRECTION('',(0,-1,0));
#598=DIRECTION('',(0,0,1));
#599=FACE_SURFACE('',(#604),#600,.T.);
#600=PLANE('',#601);
#601=AXIS2_PLACEMENT_3D('',#44,#602,#603);
#602=DIRECTION('',(0,-1,-0));
#603=DIRECTION('',(-0.8320502943378437,0,-0.5547001962252291));
#604=FACE_BOUND('',#605,.T.);
#605=EDGE_LOOP('',(#606,#607,#608));
#606=ORIENTED_EDGE('',*,*,#609,.T.);
#607=ORIENTED_EDGE('',*,*,#610,.T.);
#608=ORIENTED_EDGE('',*,*,#611,.T.);
#609=EDGE_CURVE('',#45,#73,#612,.F.);
#610=EDGE_CURVE('',#73,#75,#613,.T.);
#611=EDGE_CURVE('',#75,#45,#614,.T.);
#612=LINE('',#44,#615);
#613=LINE('',#72,#616);
#614=LINE('',#74,#617);
#615=VECTOR('',#618,1.0);
#616=VECTOR('',#619,1.0);
#617=VECTOR('',#620,1.0);
#618=DIRECTION('',(-0.8320502943378437,0,-0.5547001962252291));
#619=DIRECTION('',(0.3511234415883917,0,-0.9363291775690445));
#620=DIRECTION('',(0,0,1));
#621=FACE_SURFACE('',(#626),#622,.T.);
#622=PLANE('',#623);
#623=AXIS2_PLACEMENT_3D('',#74,#624,#625);
#624=DIRECTION('',(-0,-1,0));
#625=DIRECTION('',(-0.3511234415883917,0,0.9363291775690445));
#626=FACE_BOUND('',#627,.T.);
#627=EDGE_LOOP('',(#628,#629,#630));
#628=ORIENTED_EDGE('',*,*,#631,.T.);
#629=ORIENTED_EDGE('',*,*,#632,.T.);
#630=ORIENTED_EDGE('',*,*,#633,.T.);
#631=EDGE_CURVE('',#75,#73,#634,.F.);
#632=EDGE_CURVE('',#73,#77,#635,.T.);
#633=EDGE_CURVE('',#77,#75,#636,.T.);
#634=LINE('',#74,#637);
#635=LINE('',#72,#638);
#636=LINE('',#76,#639);
#637=VECTOR('',#640,1.0);
#638=VECTOR('',#641,1.0);
#639=VECTOR('',#642,1.0);
#640=DIRECTION('',(-0.3511234415883917,0,0.9363291775690445));
#641=DIRECTION('',(0,0,-1));
#642=DIRECTION('',(0.8320502943378437,0,0.5547001962252291));
#643=FACE_SURFACE('',(#648),#644,.T.);
#644=PLANE('',#645);
#645=AXIS2_PLACEMENT_3D('',#74,#646,#647);
#646=DIRECTION('',(0,-1,-0));
#647=DIRECTION('',(-0.8320502943378437,0,-0.5547001962252291));
#648=FACE_BOUND('',#649,.T.);
#649=EDGE_LOOP('',(#650,#651,#652));
#650=ORIENTED_EDGE('',*,*,#653,.T.);
#651=ORIENTED_EDGE('',*,*,#654,.T.);
#652=ORIENTED_EDGE('',*,*,#655,.T.);
#653=EDGE_CURVE('',#75,#77,#656,.F.);
#654=EDGE_CURVE('',#77,#79,#657,.T.);
#655=EDGE_CURVE('',#79,#75,#658,.T.);
#656=LINE('',#74,#659);
#657=LINE('',#76,#660);
#658=LINE('',#78,#661);
#659=VECTOR('',#662,1.0);
#660=VECTOR('',#663,1.0);
#661=VECTOR('',#664,1.0);
#662=DIRECTION('',(-0.8320502943378437,0,-0.5547001962252291));
#663=DIRECTION('',(1,0,0));
#664=DIRECTION('',(0,0,1));
#665=FACE_SURFACE('',(#670),#666,.T.);
#666=PLANE('',#667);
#667=AXIS2_PLACEMENT_3D('',#72,#668,#669);
#668=DIRECTION('',(0,-1,0));
#669=DIRECTION('',(0.8320502943378437,0,0.5547001962252291));
#670=FACE_BOUND('',#671,.T.);
#671=EDGE_LOOP('',(#672,#673,#674));
#672=ORIENTED_EDGE('',*,*,#675,.T.);
#673=ORIENTED_EDGE('',*,*,#676,.T.);
#674=ORIENTED_EDGE('',*,*,#677,.T.);
#675=EDGE_CURVE('',#73,#45,#678,.F.);
#676=EDGE_CURVE('',#45,#81,#679,.T.);
#677=EDGE_CURVE('',#81,#73,#680,.T.);
#678=LINE('',#72,#681);
#679=LINE('',#44,#682);
#680=LINE('',#80,#683);
#681=VECTOR('',#684,1.0);
#682=VECTOR('',#685,1.0);
#683=VECTOR('',#686,1.0);
#684=DIRECTION('',(0.8320502943378437,0,0.5547001962252291));
#685=DIRECTION('',(-0.9997875053099682,0,-0.02061417536721584));
#686=DIRECTION('',(1,0,0));
#687=FACE_SURFACE('',(#692),#688,.T.);
#688=PLANE('',#689);
#689=AXIS2_PLACEMENT_3D('',#80,#690,#691);
#690=DIRECTION('',(0,-1,0));
#691=DIRECTION('',(0.9997875053099682,0,0.02061417536721584));
#692=FACE_BOUND('',#693,.T.);
#693=EDGE_LOOP('',(#694,#695,#696));
#694=ORIENTED_EDGE('',*,*,#697,.T.);
#695=ORIENTED_EDGE('',*,*,#698,.T.);
#696=ORIENTED_EDGE('',*,*,#699,.T.);
#697=EDGE_CURVE('',#81,#45,#700,.F.);
#698=EDGE_CURVE('',#45,#47,#701,.T.);
#699=EDGE_CURVE('',#47,#81,#702,.T.);
#700=LINE('',#80,#703);
#701=LINE('',#44,#704);
#702=LINE('',#46,#705);
#703=VECTOR('',#706,1.0);
#704=VECTOR('',#707,1.0);
#705=VECTOR('',#708,1.0);
#706=DIRECTION('',(0.9997875053099682,0,0.02061417536721584));
#707=DIRECTION('',(-1,0,0));
#708=DIRECTION('',(0.9761870601839528,0,-0.21693045781865616));
#709=FACE_SURFACE('',(#714),#710,.T.);
#710=PLANE('',#711);
#711=AXIS2_PLACEMENT_3D('',#80,#712,#713);
#712=DIRECTION('',(-0,-1,0));
#713=DIRECTION('',(-0.9761870601839528,0,0.21693045781865616));
#714=FACE_BOUND('',#715,.T.);
#715=EDGE_LOOP('',(#716,#717,#718));
#716=ORIENTED_EDGE('',*,*,#719,.T.);
#717=ORIENTED_EDGE('',*,*,#720,.T.);
#718=ORIENTED_EDGE('',*,*,#721,.T.);
#719=EDGE_CURVE('',#81,#47,#722,.F.);
#720=EDGE_CURVE('',#47,#65,#723,.T.);
#721=EDGE_CURVE('',#65,#81,#724,.T.);
#722=LINE('',#80,#725);
#723=LINE('',#46,#726);
#724=LINE('',#64,#727);
#725=VECTOR('',#728,1.0);
#726=VECTOR('',#729,1.0);
#727=VECTOR('',#730,1.0);
#728=DIRECTION('',(-0.9761870601839528,0,0.21693045781865616));
#729=DIRECTION('',(0,0,-1));
#730=DIRECTION('',(0.6689647316224497,0,0.7432941462471664));
#731=FACE_SURFACE('',(#736),#732,.T.);
#732=PLANE('',#733);
#733=AXIS2_PLACEMENT_3D('',#64,#734,#735);
#734=DIRECTION('',(0,-1,0));
#735=DIRECTION('',(1,0,0));
#736=FACE_BOUND('',#737,.T.);
#737=EDGE_LOOP('',(#738,#739,#740));
#738=ORIENTED_EDGE('',*,*,#741,.T.);
#739=ORIENTED_EDGE('',*,*,#742,.T.);
#740=ORIENTED_EDGE('',*,*,#743,.T.);
#741=EDGE_CURVE('',#65,#83,#744,.F.);
#742=EDGE_CURVE('',#83,#81,#745,.T.);
#743=EDGE_CURVE('',#81,#65,#746,.T.);
#744=LINE('',#64,#747);
#745=LINE('',#82,#748);
#746=LINE('',#80,#749);
#747=VECTOR('',#750,1.0);
#748=VECTOR('',#751,1.0);
#749=VECTOR('',#752,1.0);
#750=DIRECTION('',(1,0,0));
#751=DIRECTION('',(0,0,1));
#752=DIRECTION('',(-0.6689647316224497,0,-0.7432941462471664));
#753=FACE_SURFACE('',(#758),#754,.T.);
#754=PLANE('',#755);
#755=AXIS2_PLACEMENT_3D('',#84,#756,#757);
#756=DIRECTION('',(0,0,-1));
#757=DIRECTION('',(-1,0,0));
#758=FACE_BOUND('',#759,.T.);
#759=EDGE_LOOP('',(#760,#761,#762));
#760=ORIENTED_EDGE('',*,*,#763,.T.);
#761=ORIENTED_EDGE('',*,*,#764,.T.);
#762=ORIENTED_EDGE('',*,*,#765,.T.);
#763=EDGE_CURVE('',#85,#71,#766,.F.);
#764=EDGE_CURVE('',#71,#87,#767,.T.);
#765=EDGE_CURVE('',#87,#85,#768,.T.);
#766=LINE('',#84,#769);
#767=LINE('',#70,#770);
#768=LINE('',#86,#771);
#769=VECTOR('',#772,1.0);
#770=VECTOR('',#773,1.0);
#771=VECTOR('',#774,1.0);
#772=DIRECTION('',(-1,0,0));
#773=DIRECTION('',(0.7071067811865476,0.7071067811865476,0));
#774=DIRECTION('',(0,-1,0));
#775=FACE_SURFACE('',(#780),#776,.T.);
#776=PLANE('',#777);
#777=AXIS2_PLACEMENT_3D('',#86,#778,#779);
#778=DIRECTION('',(-0,0,-1));
#779=DIRECTION('',(-0.7071067811865476,-0.7071067811865476,0));
#780=FACE_BOUND('',#781,.T.);
#781=EDGE_LOOP('',(#782,#783,#784));
#782=ORIENTED_EDGE('',*,*,#785,.T.);
#783=ORIENTED_EDGE('',*,*,#786,.T.);
#784=ORIENTED_EDGE('',*,*,#787,.T.);
#785=EDGE_CURVE('',#87,#71,#788,.F.);
#786=EDGE_CURVE('',#71,#51,#789,.T.);
#787=EDGE_CURVE('',#51,#87,#790,.T.);
#788=LINE('',#86,#791);
#789=LINE('',#70,#792);
#790=LINE('',#50,#793);
#791=VECTOR('',#794,1.0);
#792=VECTOR('',#795,1.0);
#793=VECTOR('',#796,1.0);
#794=DIRECTION('',(-0.7071067811865476,-0.7071067811865476,0));
#795=DIRECTION('',(0,1,0));
#796=DIRECTION('',(0.7071067811865476,-0.7071067811865476,0));
#797=FACE_SURFACE('',(#802),#798,.T.);
#798=PLANE('',#799);
#799=AXIS2_PLACEMENT_3D('',#86,#800,#801);
#800=DIRECTION('',(0,0,-1));
#801=DIRECTION('',(-0.7071067811865476,0.7071067811865476,0));
#802=FACE_BOUND('',#803,.T.);
#803=EDGE_LOOP('',(#804,#805,#806));
#804=ORIENTED_EDGE('',*,*,#807,.T.);
#805=ORIENTED_EDGE('',*,*,#808,.T.);
#806=ORIENTED_EDGE('',*,*,#809,.T.);
#807=EDGE_CURVE('',#87,#51,#810,.F.);
#808=EDGE_CURVE('',#51,#49,#811,.T.);
#809=EDGE_CURVE('',#49,#87,#812,.T.);
#810=LINE('',#86,#813);
#811=LINE('',#50,#814);
#812=LINE('',#48,#815);
#813=VECTOR('',#816,1.0);
#814=VECTOR('',#817,1.0);
#815=VECTOR('',#818,1.0);
#816=DIRECTION('',(-0.7071067811865476,0.7071067811865476,0));
#817=DIRECTION('',(1,0,0));
#818=DIRECTION('',(-0.7071067811865476,-0.7071067811865476,0));
#819=FACE_SURFACE('',(#824),#820,.T.);
#820=PLANE('',#821);
#821=AXIS2_PLACEMENT_3D('',#48,#822,#823);
#822=DIRECTION('',(0,-0,-1));
#823=DIRECTION('',(0,-1,0));
#824=FACE_BOUND('',#825,.T.);
#825=EDGE_LOOP('',(#826,#827,#828));
#826=ORIENTED_EDGE('',*,*,#829,.T.);
#827=ORIENTED_EDGE('',*,*,#830,.T.);
#828=ORIENTED_EDGE('',*,*,#831,.T.);
#829=EDGE_CURVE('',#49,#89,#832,.F.);
#830=EDGE_CURVE('',#89,#87,#833,.T.);
#831=EDGE_CURVE('',#87,#49,#834,.T.);
#832=LINE('',#48,#835);
#833=LINE('',#88,#836);
#834=LINE('',#86,#837);
#835=VECTOR('',#838,1.0);
#836=VECTOR('',#839,1.0);
#837=VECTOR('',#840,1.0);
#838=DIRECTION('',(0,-1,0));
#839=DIRECTION('',(-1,0,0));
#840=DIRECTION('',(0.7071067811865476,0.7071067811865476,0));
#841=FACE_SURFACE('',(#846),#842,.T.);
#842=PLANE('',#843);
#843=AXIS2_PLACEMENT_3D('',#90,#844,#845);
#844=DIRECTION('',(-0,-1,-0));
#845=DIRECTION('',(-1,0,0));
#846=FACE_BOUND('',#847,.T.);
#847=EDGE_LOOP('',(#848,#849,#850));
#848=ORIENTED_EDGE('',*,*,#851,.T.);
#849=ORIENTED_EDGE('',*,*,#852,.T.);
#850=ORIENTED_EDGE('',*,*,#853,.T.);
#851=EDGE_CURVE('',#91,#69,#854,.F.);
#852=EDGE_CURVE('',#69,#85,#855,.T.);
#853=EDGE_CURVE('',#85,#91,#856,.T.);
#854=LINE('',#90,#857);
#855=LINE('',#68,#858);
#856=LINE('',#84,#859);
#857=VECTOR('',#860,1.0);
#858=VECTOR('',#861,1.0);
#859=VECTOR('',#862,1.0);
#860=DIRECTION('',(-1,0,0));
#861=DIRECTION('',(0.4103646773287979,0,-0.9119215051751064));
#862=DIRECTION('',(0,0,1));
#863=FACE_SURFACE('',(#868),#864,.T.);
#864=PLANE('',#865);
#865=AXIS2_PLACEMENT_3D('',#84,#866,#867);
#866=DIRECTION('',(0,-1,0));
#867=DIRECTION('',(-0.4103646773287979,0,0.9119215051751064));
#868=FACE_BOUND('',#869,.T.);
#869=EDGE_LOOP('',(#870,#871,#872));
#870=ORIENTED_EDGE('',*,*,#873,.T.);
#871=ORIENTED_EDGE('',*,*,#874,.T.);
#872=ORIENTED_EDGE('',*,*,#875,.T.);
#873=EDGE_CURVE('',#85,#69,#876,.F.);
#874=EDGE_CURVE('',#69,#71,#877,.T.);
#875=EDGE_CURVE('',#71,#85,#878,.T.);
#876=LINE('',#84,#879);
#877=LINE('',#68,#880);
#878=LINE('',#70,#881);
#879=VECTOR('',#882,1.0);
#880=VECTOR('',#883,1.0);
#881=VECTOR('',#884,1.0);
#882=DIRECTION('',(-0.4103646773287979,0,0.9119215051751064));
#883=DIRECTION('',(0,0,-1));
#884=DIRECTION('',(1,0,0));
#885=FACE_SURFACE('',(#890),#886,.T.);
#886=PLANE('',#887);
#887=AXIS2_PLACEMENT_3D('',#52,#888,#889);
#888=DIRECTION('',(1,0,0));
#889=DIRECTION('',(0,-1,0));
#890=FACE_BOUND('',#891,.T.);
#891=EDGE_LOOP('',(#892,#893,#894));
#892=ORIENTED_EDGE('',*,*,#895,.T.);
#893=ORIENTED_EDGE('',*,*,#896,.T.);
#894=ORIENTED_EDGE('',*,*,#897,.T.);
#895=EDGE_CURVE('',#53,#93,#898,.F.);
#896=EDGE_CURVE('',#93,#49,#899,.T.);
#897=EDGE_CURVE('',#49,#53,#900,.T.);
#898=LINE('',#52,#901);
#899=LINE('',#92,#902);
#900=LINE('',#48,#903);
#901=VECTOR('',#904,1.0);
#902=VECTOR('',#905,1.0);
#903=VECTOR('',#906,1.0);
#904=DIRECTION('',(0,-1,0));
#905=DIRECTION('',(0,0.4103646773287979,-0.9119215051751064));
#906=DIRECTION('',(0,0,1));
#907=FACE_SURFACE('',(#912),#908,.T.);
#908=PLANE('',#909);
#909=AXIS2_PLACEMENT_3D('',#48,#910,#911);
#910=DIRECTION('',(1,0,0));
#911=DIRECTION('',(0,-0.4103646773287979,0.9119215051751064));
#912=FACE_BOUND('',#913,.T.);
#913=EDGE_LOOP('',(#914,#915,#916));
#914=ORIENTED_EDGE('',*,*,#917,.T.);
#915=ORIENTED_EDGE('',*,*,#918,.T.);
#916=ORIENTED_EDGE('',*,*,#919,.T.);
#917=EDGE_CURVE('',#49,#93,#920,.F.);
#918=EDGE_CURVE('',#93,#89,#921,.T.);
#919=EDGE_CURVE('',#89,#49,#922,.T.);
#920=LINE('',#48,#923);
#921=LINE('',#92,#924);
#922=LINE('',#88,#925);
#923=VECTOR('',#926,1.0);
#924=VECTOR('',#927,1.0);
#925=VECTOR('',#928,1.0);
#926=DIRECTION('',(0,-0.4103646773287979,0.9119215051751064));
#927=DIRECTION('',(0,0,-1));
#928=DIRECTION('',(0,1,0));
#929=FACE_SURFACE('',(#934),#930,.T.);
#930=PLANE('',#931);
#931=AXIS2_PLACEMENT_3D('',#92,#932,#933);
#932=DIRECTION('',(-0,-1,-0));
#933=DIRECTION('',(-1,0,0));
#934=FACE_BOUND('',#935,.T.);
#935=EDGE_LOOP('',(#936,#937,#938));
#936=ORIENTED_EDGE('',*,*,#939,.T.);
#937=ORIENTED_EDGE('',*,*,#940,.T.);
#938=ORIENTED_EDGE('',*,*,#941,.T.);
#939=EDGE_CURVE('',#93,#95,#942,.F.);
#940=EDGE_CURVE('',#95,#89,#943,.T.);
#941=EDGE_CURVE('',#89,#93,#944,.T.);
#942=LINE('',#92,#945);
#943=LINE('',#94,#946);
#944=LINE('',#88,#947);
#945=VECTOR('',#948,1.0);
#946=VECTOR('',#949,1.0);
#947=VECTOR('',#950,1.0);
#948=DIRECTION('',(-1,0,0));
#949=DIRECTION('',(0.4103646773287979,0,-0.9119215051751064));
#950=DIRECTION('',(0,0,1));
#951=FACE_SURFACE('',(#956),#952,.T.);
#952=PLANE('',#953);
#953=AXIS2_PLACEMENT_3D('',#88,#954,#955);
#954=DIRECTION('',(0,-1,0));
#955=DIRECTION('',(-0.4103646773287979,0,0.9119215051751064));
#956=FACE_BOUND('',#957,.T.);
#957=EDGE_LOOP('',(#958,#959,#960));
#958=ORIENTED_EDGE('',*,*,#961,.T.);
#959=ORIENTED_EDGE('',*,*,#962,.T.);
#960=ORIENTED_EDGE('',*,*,#963,.T.);
#961=EDGE_CURVE('',#89,#95,#964,.F.);
#962=EDGE_CURVE('',#95,#87,#965,.T.);
#963=EDGE_CURVE('',#87,#89,#966,.T.);
#964=LINE('',#88,#967);
#965=LINE('',#94,#968);
#966=LINE('',#86,#969);
#967=VECTOR('',#970,1.0);
#968=VECTOR('',#971,1.0);
#969=VECTOR('',#972,1.0);
#970=DIRECTION('',(-0.4103646773287979,0,0.9119215051751064));
#971=DIRECTION('',(0,0,-1));
#972=DIRECTION('',(1,0,0));
#973=FACE_SURFACE('',(#978),#974,.T.);
#974=PLANE('',#975);
#975=AXIS2_PLACEMENT_3D('',#94,#976,#977);
#976=DIRECTION('',(1,0,0));
#977=DIRECTION('',(0,-1,0));
#978=FACE_BOUND('',#979,.T.);
#979=EDGE_LOOP('',(#980,#981,#982));
#980=ORIENTED_EDGE('',*,*,#983,.T.);
#981=ORIENTED_EDGE('',*,*,#984,.T.);
#982=ORIENTED_EDGE('',*,*,#985,.T.);
#983=EDGE_CURVE('',#95,#91,#986,.F.);
#984=EDGE_CURVE('',#91,#87,#987,.T.);
#985=EDGE_CURVE('',#87,#95,#988,.T.);
#986=LINE('',#94,#989);
#987=LINE('',#90,#990);
#988=LINE('',#86,#991);
#989=VECTOR('',#992,1.0);
#990=VECTOR('',#993,1.0);
#991=VECTOR('',#994,1.0);
#992=DIRECTION('',(0,-1,0));
#993=DIRECTION('',(0,0.4103646773287979,-0.9119215051751064));
#994=DIRECTION('',(0,0,1));
#995=FACE_SURFACE('',(#1000),#996,.T.);
#996=PLANE('',#997);
#997=AXIS2_PLACEMENT_3D('',#86,#998,#999);
#998=DIRECTION('',(1,0,0));
#999=DIRECTION('',(0,-0.4103646773287979,0.9119215051751064));
#1000=FACE_BOUND('',#1001,.T.);
#1001=EDGE_LOOP('',(#1002,#1003,#1004));
#1002=ORIENTED_EDGE('',*,*,#1005,.T.);
#1003=ORIENTED_EDGE('',*,*,#1006,.T.);
#1004=ORIENTED_EDGE('',*,*,#1007,.T.);
#1005=EDGE_CURVE('',#87,#91,#1008,.F.);
#1006=EDGE_CURVE('',#91,#85,#1009,.T.);
#1007=EDGE_CURVE('',#85,#87,#1010,.T.);
#1008=LINE('',#86,#1011);
#1009=LINE('',#90,#1012);
#1010=LINE('',#84,#1013);
#1011=VECTOR('',#1014,1.0);
#1012=VECTOR('',#1015,1.0);
#1013=VECTOR('',#1016,1.0);
#1014=DIRECTION('',(0,-0.4103646773287979,0.9119215051751064));
#1015=DIRECTION('',(0,0,-1));
#1016=DIRECTION('',(0,1,0));
#1017=FACE_SURFACE('',(#1022),#1018,.T.);
#1018=PLANE('',#1019);
#1019=AXIS2_PLACEMENT_3D('',#96,#1020,#1021);
#1020=DIRECTION('',(-0,-0,-1));
#1021=DIRECTION('',(0,-1,0));
#1022=FACE_BOUND('',#1023,.T.);
#1023=EDGE_LOOP('',(#1024,#1025,#1026));
#1024=ORIENTED_EDGE('',*,*,#1027,.T.);
#1025=ORIENTED_EDGE('',*,*,#1028,.T.);
#1026=ORIENTED_EDGE('',*,*,#1029,.T.);
#1027=EDGE_CURVE('',#97,#99,#1030,.F.);
#1028=EDGE_CURVE('',#99,#63,#1031,.T.);
#1029=EDGE_CURVE('',#63,#97,#1032,.T.);
#1030=LINE('',#96,#1033);
#1031=LINE('',#98,#1034);
#1032=LINE('',#62,#1035);
#1033=VECTOR('',#1036,1.0);
#1034=VECTOR('',#1037,1.0);
#1035=VECTOR('',#1038,1.0);
#1036=DIRECTION('',(0,-1,0));
#1037=DIRECTION('',(-0.7071067811865476,0.7071067811865476,0));
#1038=DIRECTION('',(1,0,0));
#1039=FACE_SURFACE('',(#1044),#1040,.T.);
#1040=PLANE('',#1041);
#1041=AXIS2_PLACEMENT_3D('',#62,#1042,#1043);
#1042=DIRECTION('',(0,0,-1));
#1043=DIRECTION('',(0.7071067811865476,-0.7071067811865476,0));
#1044=FACE_BOUND('',#1045,.T.);
#1045=EDGE_LOOP('',(#1046,#1047,#1048));
#1046=ORIENTED_EDGE('',*,*,#1049,.T.);
#1047=ORIENTED_EDGE('',*,*,#1050,.T.);
#1048=ORIENTED_EDGE('',*,*,#1051,.T.);
#1049=EDGE_CURVE('',#63,#99,#1052,.F.);
#1050=EDGE_CURVE('',#99,#65,#1053,.T.);
#1051=EDGE_CURVE('',#65,#63,#1054,.T.);
#1052=LINE('',#62,#1055);
#1053=LINE('',#98,#1056);
#1054=LINE('',#64,#1057);
#1055=VECTOR('',#1058,1.0);
#1056=VECTOR('',#1059,1.0);
#1057=VECTOR('',#1060,1.0);
#1058=DIRECTION('',(0.7071067811865476,-0.7071067811865476,0));
#1059=DIRECTION('',(-0.7071067811865476,-0.7071067811865476,0));
#1060=DIRECTION('',(0,1,0));
#1061=FACE_SURFACE('',(#1066),#1062,.T.);
#1062=PLANE('',#1063);
#1063=AXIS2_PLACEMENT_3D('',#64,#1064,#1065);
#1064=DIRECTION('',(0,0,-1));
#1065=DIRECTION('',(0.7071067811865476,0.7071067811865476,0));
#1066=FACE_BOUND('',#1067,.T.);
#1067=EDGE_LOOP('',(#1068,#1069,#1070));
#1068=ORIENTED_EDGE('',*,*,#1071,.T.);
#1069=ORIENTED_EDGE('',*,*,#1072,.T.);
#1070=ORIENTED_EDGE('',*,*,#1073,.T.);
#1071=EDGE_CURVE('',#65,#99,#1074,.F.);
#1072=EDGE_CURVE('',#99,#83,#1075,.T.);
#1073=EDGE_CURVE('',#83,#65,#1076,.T.);
#1074=LINE('',#64,#1077);
#1075=LINE('',#98,#1078);
#1076=LINE('',#82,#1079);
#1077=VECTOR('',#1080,1.0);
#1078=VECTOR('',#1081,1.0);
#1079=VECTOR('',#1082,1.0);
#1080=DIRECTION('',(0.7071067811865476,0.7071067811865476,0));
#1081=DIRECTION('',(0.7071067811865476,-0.7071067811865476,0));
#1082=DIRECTION('',(-1,0,0));
#1083=FACE_SURFACE('',(#1088),#1084,.T.);
#1084=PLANE('',#1085);
#1085=AXIS2_PLACEMENT_3D('',#82,#1086,#1087);
#1086=DIRECTION('',(0,0,-1));
#1087=DIRECTION('',(-0.7071067811865476,0.7071067811865476,0));
#1088=FACE_BOUND('',#1089,.T.);
#1089=EDGE_LOOP('',(#1090,#1091,#1092));
#1090=ORIENTED_EDGE('',*,*,#1093,.T.);
#1091=ORIENTED_EDGE('',*,*,#1094,.T.);
#1092=ORIENTED_EDGE('',*,*,#1095,.T.);
#1093=EDGE_CURVE('',#83,#99,#1096,.F.);
#1094=EDGE_CURVE('',#99,#101,#1097,.T.);
#1095=EDGE_CURVE('',#101,#83,#1098,.T.);
#1096=LINE('',#82,#1099);
#1097=LINE('',#98,#1100);
#1098=LINE('',#100,#1101);
#1099=VECTOR('',#1102,1.0);
#1100=VECTOR('',#1103,1.0);
#1101=VECTOR('',#1104,1.0);
#1102=DIRECTION('',(-0.7071067811865476,0.7071067811865476,0));
#1103=DIRECTION('',(1,0,0));
#1104=DIRECTION('',(0,-1,0));
#1105=FACE_SURFACE('',(#1110),#1106,.T.);
#1106=PLANE('',#1107);
#1107=AXIS2_PLACEMENT_3D('',#102,#1108,#1109);
#1108=DIRECTION('',(1,0,0));
#1109=DIRECTION('',(0,-1,0));
#1110=FACE_BOUND('',#1111,.T.);
#1111=EDGE_LOOP('',(#1112,#1113,#1114));
#1112=ORIENTED_EDGE('',*,*,#1115,.T.);
#1113=ORIENTED_EDGE('',*,*,#1116,.T.);
#1114=ORIENTED_EDGE('',*,*,#1117,.T.);
#1115=EDGE_CURVE('',#103,#105,#1118,.F.);
#1116=EDGE_CURVE('',#105,#97,#1119,.T.);
#1117=EDGE_CURVE('',#97,#103,#1120,.T.);
#1118=LINE('',#102,#1121);
#1119=LINE('',#104,#1122);
#1120=LINE('',#96,#1123);
#1121=VECTOR('',#1124,1.0);
#1122=VECTOR('',#1125,1.0);
#1123=VECTOR('',#1126,1.0);
#1124=DIRECTION('',(0,-1,0));
#1125=DIRECTION('',(0,0.4103646773287979,-0.9119215051751064));
#1126=DIRECTION('',(0,0,1));
#1127=FACE_SURFACE('',(#1132),#1128,.T.);
#1128=PLANE('',#1129);
#1129=AXIS2_PLACEMENT_3D('',#96,#1130,#1131);
#1130=DIRECTION('',(1,0,0));
#1131=DIRECTION('',(0,-0.4103646773287979,0.9119215051751064));
#1132=FACE_BOUND('',#1133,.T.);
#1133=EDGE_LOOP('',(#1134,#1135,#1136));
#1134=ORIENTED_EDGE('',*,*,#1137,.T.);
#1135=ORIENTED_EDGE('',*,*,#1138,.T.);
#1136=ORIENTED_EDGE('',*,*,#1139,.T.);
#1137=EDGE_CURVE('',#97,#105,#1140,.F.);
#1138=EDGE_CURVE('',#105,#99,#1141,.T.);
#1139=EDGE_CURVE('',#99,#97,#1142,.T.);
#1140=LINE('',#96,#1143);
#1141=LINE('',#104,#1144);
#1142=LINE('',#98,#1145);
#1143=VECTOR('',#1146,1.0);
#1144=VECTOR('',#1147,1.0);
#1145=VECTOR('',#1148,1.0);
#1146=DIRECTION('',(0,-0.4103646773287979,0.9119215051751064));
#1147=DIRECTION('',(0,0,-1));
#1148=DIRECTION('',(0,1,0));
#1149=FACE_SURFACE('',(#1154),#1150,.T.);
#1150=PLANE('',#1151);
#1151=AXIS2_PLACEMENT_3D('',#104,#1152,#1153);
#1152=DIRECTION('',(-0,1,0));
#1153=DIRECTION('',(1,0,0));
#1154=FACE_BOUND('',#1155,.T.);
#1155=EDGE_LOOP('',(#1156,#1157,#1158));
#1156=ORIENTED_EDGE('',*,*,#1159,.T.);
#1157=ORIENTED_EDGE('',*,*,#1160,.T.);
#1158=ORIENTED_EDGE('',*,*,#1161,.T.);
#1159=EDGE_CURVE('',#105,#107,#1162,.F.);
#1160=EDGE_CURVE('',#107,#99,#1163,.T.);
#1161=EDGE_CURVE('',#99,#105,#1164,.T.);
#1162=LINE('',#104,#1165);
#1163=LINE('',#106,#1166);
#1164=LINE('',#98,#1167);
#1165=VECTOR('',#1168,1.0);
#1166=VECTOR('',#1169,1.0);
#1167=VECTOR('',#1170,1.0);
#1168=DIRECTION('',(1,0,0));
#1169=DIRECTION('',(-0.4103646773287979,0,-0.9119215051751064));
#1170=DIRECTION('',(0,0,1));
#1171=FACE_SURFACE('',(#1176),#1172,.T.);
#1172=PLANE('',#1173);
#1173=AXIS2_PLACEMENT_3D('',#98,#1174,#1175);
#1174=DIRECTION('',(0,1,0));
#1175=DIRECTION('',(0.4103646773287979,0,0.9119215051751064));
#1176=FACE_BOUND('',#1177,.T.);
#1177=EDGE_LOOP('',(#1178,#1179,#1180));
#1178=ORIENTED_EDGE('',*,*,#1181,.T.);
#1179=ORIENTED_EDGE('',*,*,#1182,.T.);
#1180=ORIENTED_EDGE('',*,*,#1183,.T.);
#1181=EDGE_CURVE('',#99,#107,#1184,.F.);
#1182=EDGE_CURVE('',#107,#101,#1185,.T.);
#1183=EDGE_CURVE('',#101,#99,#1186,.T.);
#1184=LINE('',#98,#1187);
#1185=LINE('',#106,#1188);
#1186=LINE('',#100,#1189);
#1187=VECTOR('',#1190,1.0);
#1188=VECTOR('',#1191,1.0);
#1189=VECTOR('',#1192,1.0);
#1190=DIRECTION('',(0.4103646773287979,0,0.9119215051751064));
#1191=DIRECTION('',(0,0,-1));
#1192=DIRECTION('',(-1,0,0));
#1193=FACE_SURFACE('',(#1198),#1194,.T.);
#1194=PLANE('',#1195);
#1195=AXIS2_PLACEMENT_3D('',#106,#1196,#1197);
#1196=DIRECTION('',(1,0,0));
#1197=DIRECTION('',(0,-1,0));
#1198=FACE_BOUND('',#1199,.T.);
#1199=EDGE_LOOP('',(#1200,#1201,#1202));
#1200=ORIENTED_EDGE('',*,*,#1203,.T.);
#1201=ORIENTED_EDGE('',*,*,#1204,.T.);
#1202=ORIENTED_EDGE('',*,*,#1205,.T.);
#1203=EDGE_CURVE('',#107,#81,#1206,.F.);
#1204=EDGE_CURVE('',#81,#101,#1207,.T.);
#1205=EDGE_CURVE('',#101,#107,#1208,.T.);
#1206=LINE('',#106,#1209);
#1207=LINE('',#80,#1210);
#1208=LINE('',#100,#1211);
#1209=VECTOR('',#1212,1.0);
#1210=VECTOR('',#1213,1.0);
#1211=VECTOR('',#1214,1.0);
#1212=DIRECTION('',(0,-1,0));
#1213=DIRECTION('',(0,0.4103646773287979,-0.9119215051751064));
#1214=DIRECTION('',(0,0,1));
#1215=FACE_SURFACE('',(#1220),#1216,.T.);
#1216=PLANE('',#1217);
#1217=AXIS2_PLACEMENT_3D('',#100,#1218,#1219);
#1218=DIRECTION('',(1,0,0));
#1219=DIRECTION('',(0,-0.4103646773287979,0.9119215051751064));
#1220=FACE_BOUND('',#1221,.T.);
#1221=EDGE_LOOP('',(#1222,#1223,#1224));
#1222=ORIENTED_EDGE('',*,*,#1225,.T.);
#1223=ORIENTED_EDGE('',*,*,#1226,.T.);
#1224=ORIENTED_EDGE('',*,*,#1227,.T.);
#1225=EDGE_CURVE('',#101,#81,#1228,.F.);
#1226=EDGE_CURVE('',#81,#83,#1229,.T.);
#1227=EDGE_CURVE('',#83,#101,#1230,.T.);
#1228=LINE('',#100,#1231);
#1229=LINE('',#80,#1232);
#1230=LINE('',#82,#1233);
#1231=VECTOR('',#1234,1.0);
#1232=VECTOR('',#1235,1.0);
#1233=VECTOR('',#1236,1.0);
#1234=DIRECTION('',(0,-0.4103646773287979,0.9119215051751064));
#1235=DIRECTION('',(0,0,-1));
#1236=DIRECTION('',(0,1,0));
#1237=FACE_SURFACE('',(#1242),#1238,.T.);
#1238=PLANE('',#1239);
#1239=AXIS2_PLACEMENT_3D('',#66,#1240,#1241);
#1240=DIRECTION('',(-0,1,0));
#1241=DIRECTION('',(1,0,0));
#1242=FACE_BOUND('',#1243,.T.);
#1243=EDGE_LOOP('',(#1244,#1245,#1246));
#1244=ORIENTED_EDGE('',*,*,#1247,.T.);
#1245=ORIENTED_EDGE('',*,*,#1248,.T.);
#1246=ORIENTED_EDGE('',*,*,#1249,.T.);
#1247=EDGE_CURVE('',#67,#103,#1250,.F.);
#1248=EDGE_CURVE('',#103,#63,#1251,.T.);
#1249=EDGE_CURVE('',#63,#67,#1252,.T.);
#1250=LINE('',#66,#1253);
#1251=LINE('',#102,#1254);
#1252=LINE('',#62,#1255);
#1253=VECTOR('',#1256,1.0);
#1254=VECTOR('',#1257,1.0);
#1255=VECTOR('',#1258,1.0);
#1256=DIRECTION('',(1,0,0));
#1257=DIRECTION('',(-0.4103646773287979,0,-0.9119215051751064));
#1258=DIRECTION('',(0,0,1));
#1259=FACE_SURFACE('',(#1264),#1260,.T.);
#1260=PLANE('',#1261);
#1261=AXIS2_PLACEMENT_3D('',#62,#1262,#1263);
#1262=DIRECTION('',(0,1,0));
#1263=DIRECTION('',(0.4103646773287979,0,0.9119215051751064));
#1264=FACE_BOUND('',#1265,.T.);
#1265=EDGE_LOOP('',(#1266,#1267,#1268));
#1266=ORIENTED_EDGE('',*,*,#1269,.T.);
#1267=ORIENTED_EDGE('',*,*,#1270,.T.);
#1268=ORIENTED_EDGE('',*,*,#1271,.T.);
#1269=EDGE_CURVE('',#63,#103,#1272,.F.);
#1270=EDGE_CURVE('',#103,#97,#1273,.T.);
#1271=EDGE_CURVE('',#97,#63,#1274,.T.);
#1272=LINE('',#62,#1275);
#1273=LINE('',#102,#1276);
#1274=LINE('',#96,#1277);
#1275=VECTOR('',#1278,1.0);
#1276=VECTOR('',#1279,1.0);
#1277=VECTOR('',#1280,1.0);
#1278=DIRECTION('',(0.4103646773287979,0,0.9119215051751064));
#1279=DIRECTION('',(0,0,-1));
#1280=DIRECTION('',(-1,0,0));
#1281=FACE_SURFACE('',(#1286),#1282,.T.);
#1282=PLANE('',#1283);
#1283=AXIS2_PLACEMENT_3D('',#72,#1284,#1285);
#1284=DIRECTION('',(0,0,-1));
#1285=DIRECTION('',(-0.9988560853202874,0.04781757855256695,0));
#1286=FACE_BOUND('',#1287,.T.);
#1287=EDGE_LOOP('',(#1288,#1289,#1290));
#1288=ORIENTED_EDGE('',*,*,#1291,.T.);
#1289=ORIENTED_EDGE('',*,*,#1292,.T.);
#1290=ORIENTED_EDGE('',*,*,#1293,.T.);
#1291=EDGE_CURVE('',#73,#107,#1294,.F.);
#1292=EDGE_CURVE('',#107,#55,#1295,.T.);
#1293=EDGE_CURVE('',#55,#73,#1296,.T.);
#1294=LINE('',#72,#1297);
#1295=LINE('',#106,#1298);
#1296=LINE('',#54,#1299);
#1297=VECTOR('',#1300,1.0);
#1298=VECTOR('',#1301,1.0);
#1299=VECTOR('',#1302,1.0);
#1300=DIRECTION('',(-0.9988560853202874,0.04781757855256695,0));
#1301=DIRECTION('',(0.6758874110937577,0.7370048897564911,0));
#1302=DIRECTION('',(0,-1,0));
#1303=FACE_SURFACE('',(#1308),#1304,.T.);
#1304=PLANE('',#1305);
#1305=AXIS2_PLACEMENT_3D('',#54,#1306,#1307);
#1306=DIRECTION('',(0,0,-1));
#1307=DIRECTION('',(-0.6758874110937577,-0.7370048897564911,0));
#1308=FACE_BOUND('',#1309,.T.);
#1309=EDGE_LOOP('',(#1310,#1311,#1312));
#1310=ORIENTED_EDGE('',*,*,#1313,.T.);
#1311=ORIENTED_EDGE('',*,*,#1314,.T.);
#1312=ORIENTED_EDGE('',*,*,#1315,.T.);
#1313=EDGE_CURVE('',#55,#107,#1316,.F.);
#1314=EDGE_CURVE('',#107,#93,#1317,.T.);
#1315=EDGE_CURVE('',#93,#55,#1318,.T.);
#1316=LINE('',#54,#1319);
#1317=LINE('',#106,#1320);
#1318=LINE('',#92,#1321);
#1319=VECTOR('',#1322,1.0);
#1320=VECTOR('',#1323,1.0);
#1321=VECTOR('',#1324,1.0);
#1322=DIRECTION('',(-0.6758874110937577,-0.7370048897564911,0));
#1323=DIRECTION('',(0,1,0));
#1324=DIRECTION('',(0.9988560853202874,0.04781757855256695,0));
#1325=FACE_SURFACE('',(#1330),#1326,.T.);
#1326=PLANE('',#1327);
#1327=AXIS2_PLACEMENT_3D('',#54,#1328,#1329);
#1328=DIRECTION('',(-0,0,-1));
#1329=DIRECTION('',(-0.9988560853202874,-0.04781757855256695,0));
#1330=FACE_BOUND('',#1331,.T.);
#1331=EDGE_LOOP('',(#1332,#1333,#1334));
#1332=ORIENTED_EDGE('',*,*,#1335,.T.);
#1333=ORIENTED_EDGE('',*,*,#1336,.T.);
#1334=ORIENTED_EDGE('',*,*,#1337,.T.);
#1335=EDGE_CURVE('',#55,#93,#1338,.F.);
#1336=EDGE_CURVE('',#93,#53,#1339,.T.);
#1337=EDGE_CURVE('',#53,#55,#1340,.T.);
#1338=LINE('',#54,#1341);
#1339=LINE('',#92,#1342);
#1340=LINE('',#52,#1343);
#1341=VECTOR('',#1344,1.0);
#1342=VECTOR('',#1345,1.0);
#1343=VECTOR('',#1346,1.0);
#1344=DIRECTION('',(-0.9988560853202874,-0.04781757855256695,0));
#1345=DIRECTION('',(0,1,0));
#1346=DIRECTION('',(1,0,0));
#1347=FACE_SURFACE('',(#1352),#1348,.T.);
#1348=PLANE('',#1349);
#1349=AXIS2_PLACEMENT_3D('',#72,#1350,#1351);
#1350=DIRECTION('',(0,0,-1));
#1351=DIRECTION('',(-1,0,0));
#1352=FACE_BOUND('',#1353,.T.);
#1353=EDGE_LOOP('',(#1354,#1355,#1356));
#1354=ORIENTED_EDGE('',*,*,#1357,.T.);
#1355=ORIENTED_EDGE('',*,*,#1358,.T.);
#1356=ORIENTED_EDGE('',*,*,#1359,.T.);
#1357=EDGE_CURVE('',#73,#81,#1360,.F.);
#1358=EDGE_CURVE('',#81,#107,#1361,.T.);
#1359=EDGE_CURVE('',#107,#73,#1362,.T.);
#1360=LINE('',#72,#1363);
#1361=LINE('',#80,#1364);
#1362=LINE('',#106,#1365);
#1363=VECTOR('',#1366,1.0);
#1364=VECTOR('',#1367,1.0);
#1365=VECTOR('',#1368,1.0);
#1366=DIRECTION('',(-1,0,0));
#1367=DIRECTION('',(0,1,0));
#1368=DIRECTION('',(0.9988560853202874,-0.04781757855256695,0));
#1369=FACE_SURFACE('',(#1374),#1370,.T.);
#1370=PLANE('',#1371);
#1371=AXIS2_PLACEMENT_3D('',#104,#1372,#1373);
#1372=DIRECTION('',(0,0,-1));
#1373=DIRECTION('',(0,1,0));
#1374=FACE_BOUND('',#1375,.T.);
#1375=EDGE_LOOP('',(#1376,#1377,#1378));
#1376=ORIENTED_EDGE('',*,*,#1379,.T.);
#1377=ORIENTED_EDGE('',*,*,#1380,.T.);
#1378=ORIENTED_EDGE('',*,*,#1381,.T.);
#1379=EDGE_CURVE('',#105,#103,#1382,.F.);
#1380=EDGE_CURVE('',#103,#107,#1383,.T.);
#1381=EDGE_CURVE('',#107,#105,#1384,.T.);
#1382=LINE('',#104,#1385);
#1383=LINE('',#102,#1386);
#1384=LINE('',#106,#1387);
#1385=VECTOR('',#1388,1.0);
#1386=VECTOR('',#1389,1.0);
#1387=VECTOR('',#1390,1.0);
#1388=DIRECTION('',(0,1,0));
#1389=DIRECTION('',(0.7071067811865476,-0.7071067811865476,0));
#1390=DIRECTION('',(-1,0,0));
#1391=FACE_SURFACE('',(#1396),#1392,.T.);
#1392=PLANE('',#1393);
#1393=AXIS2_PLACEMENT_3D('',#106,#1394,#1395);
#1394=DIRECTION('',(0,0,-1));
#1395=DIRECTION('',(-0.7071067811865476,0.7071067811865476,0));
#1396=FACE_BOUND('',#1397,.T.);
#1397=EDGE_LOOP('',(#1398,#1399,#1400));
#1398=ORIENTED_EDGE('',*,*,#1401,.T.);
#1399=ORIENTED_EDGE('',*,*,#1402,.T.);
#1400=ORIENTED_EDGE('',*,*,#1403,.T.);
#1401=EDGE_CURVE('',#107,#103,#1404,.F.);
#1402=EDGE_CURVE('',#103,#91,#1405,.T.);
#1403=EDGE_CURVE('',#91,#107,#1406,.T.);
#1404=LINE('',#106,#1407);
#1405=LINE('',#102,#1408);
#1406=LINE('',#90,#1409);
#1407=VECTOR('',#1410,1.0);
#1408=VECTOR('',#1411,1.0);
#1409=VECTOR('',#1412,1.0);
#1410=DIRECTION('',(-0.7071067811865476,0.7071067811865476,0));
#1411=DIRECTION('',(0,1,0));
#1412=DIRECTION('',(0.04807269815738702,-0.9988438394923748,0));
#1413=FACE_SURFACE('',(#1418),#1414,.T.);
#1414=PLANE('',#1415);
#1415=AXIS2_PLACEMENT_3D('',#106,#1416,#1417);
#1416=DIRECTION('',(0,0,-1));
#1417=DIRECTION('',(-0.04807269815738702,0.9988438394923748,0));
#1418=FACE_BOUND('',#1419,.T.);
#1419=EDGE_LOOP('',(#1420,#1421,#1422));
#1420=ORIENTED_EDGE('',*,*,#1423,.T.);
#1421=ORIENTED_EDGE('',*,*,#1424,.T.);
#1422=ORIENTED_EDGE('',*,*,#1425,.T.);
#1423=EDGE_CURVE('',#107,#91,#1426,.F.);
#1424=EDGE_CURVE('',#91,#93,#1427,.T.);
#1425=EDGE_CURVE('',#93,#107,#1428,.T.);
#1426=LINE('',#106,#1429);
#1427=LINE('',#90,#1430);
#1428=LINE('',#92,#1431);
#1429=VECTOR('',#1432,1.0);
#1430=VECTOR('',#1433,1.0);
#1431=VECTOR('',#1434,1.0);
#1432=DIRECTION('',(-0.04807269815738702,0.9988438394923748,0));
#1433=DIRECTION('',(0.7071067811865476,0.7071067811865476,0));
#1434=DIRECTION('',(0,-1,0));
#1435=FACE_SURFACE('',(#1440),#1436,.T.);
#1436=PLANE('',#1437);
#1437=AXIS2_PLACEMENT_3D('',#92,#1438,#1439);
#1438=DIRECTION('',(-0,0,-1));
#1439=DIRECTION('',(-0.7071067811865476,-0.7071067811865476,0));
#1440=FACE_BOUND('',#1441,.T.);
#1441=EDGE_LOOP('',(#1442,#1443,#1444));
#1442=ORIENTED_EDGE('',*,*,#1445,.T.);
#1443=ORIENTED_EDGE('',*,*,#1446,.T.);
#1444=ORIENTED_EDGE('',*,*,#1447,.T.);
#1445=EDGE_CURVE('',#93,#91,#1448,.F.);
#1446=EDGE_CURVE('',#91,#95,#1449,.T.);
#1447=EDGE_CURVE('',#95,#93,#1450,.T.);
#1448=LINE('',#92,#1451);
#1449=LINE('',#90,#1452);
#1450=LINE('',#94,#1453);
#1451=VECTOR('',#1454,1.0);
#1452=VECTOR('',#1455,1.0);
#1453=VECTOR('',#1456,1.0);
#1454=DIRECTION('',(-0.7071067811865476,-0.7071067811865476,0));
#1455=DIRECTION('',(0,1,0));
#1456=DIRECTION('',(1,0,0));
#1457=FACE_SURFACE('',(#1462),#1458,.T.);
#1458=PLANE('',#1459);
#1459=AXIS2_PLACEMENT_3D('',#102,#1460,#1461);
#1460=DIRECTION('',(0,0,-1));
#1461=DIRECTION('',(-1,0,0));
#1462=FACE_BOUND('',#1463,.T.);
#1463=EDGE_LOOP('',(#1464,#1465,#1466));
#1464=ORIENTED_EDGE('',*,*,#1467,.T.);
#1465=ORIENTED_EDGE('',*,*,#1468,.T.);
#1466=ORIENTED_EDGE('',*,*,#1469,.T.);
#1467=EDGE_CURVE('',#103,#67,#1470,.F.);
#1468=EDGE_CURVE('',#67,#91,#1471,.T.);
#1469=EDGE_CURVE('',#91,#103,#1472,.T.);
#1470=LINE('',#102,#1473);
#1471=LINE('',#66,#1474);
#1472=LINE('',#90,#1475);
#1473=VECTOR('',#1476,1.0);
#1474=VECTOR('',#1477,1.0);
#1475=VECTOR('',#1478,1.0);
#1476=DIRECTION('',(-1,0,0));
#1477=DIRECTION('',(0.05049729090859734,0.9987241979700364,0));
#1478=DIRECTION('',(0,-1,0));
#1479=FACE_SURFACE('',(#1484),#1480,.T.);
#1480=PLANE('',#1481);
#1481=AXIS2_PLACEMENT_3D('',#90,#1482,#1483);
#1482=DIRECTION('',(-0,0,-1));
#1483=DIRECTION('',(-0.05049729090859734,-0.9987241979700364,0));
#1484=FACE_BOUND('',#1485,.T.);
#1485=EDGE_LOOP('',(#1486,#1487,#1488));
#1486=ORIENTED_EDGE('',*,*,#1489,.T.);
#1487=ORIENTED_EDGE('',*,*,#1490,.T.);
#1488=ORIENTED_EDGE('',*,*,#1491,.T.);
#1489=EDGE_CURVE('',#91,#67,#1492,.F.);
#1490=EDGE_CURVE('',#67,#69,#1493,.T.);
#1491=EDGE_CURVE('',#69,#91,#1494,.T.);
#1492=LINE('',#90,#1495);
#1493=LINE('',#66,#1496);
#1494=LINE('',#68,#1497);
#1495=VECTOR('',#1498,1.0);
#1496=VECTOR('',#1499,1.0);
#1497=VECTOR('',#1500,1.0);
#1498=DIRECTION('',(-0.05049729090859734,-0.9987241979700364,0));
#1499=DIRECTION('',(0,1,0));
#1500=DIRECTION('',(1,0,0));
#1501=FACE_SURFACE('',(#1506),#1502,.T.);
#1502=PLANE('',#1503);
#1503=AXIS2_PLACEMENT_3D('',#74,#1504,#1505);
#1504=DIRECTION('',(1,0,0));
#1505=DIRECTION('',(0,1,0));
#1506=FACE_BOUND('',#1507,.T.);
#1507=EDGE_LOOP('',(#1508,#1509,#1510));
#1508=ORIENTED_EDGE('',*,*,#1511,.T.);
#1509=ORIENTED_EDGE('',*,*,#1512,.T.);
#1510=ORIENTED_EDGE('',*,*,#1513,.T.);
#1511=EDGE_CURVE('',#75,#57,#1514,.F.);
#1512=EDGE_CURVE('',#57,#45,#1515,.T.);
#1513=EDGE_CURVE('',#45,#75,#1516,.T.);
#1514=LINE('',#74,#1517);
#1515=LINE('',#56,#1518);
#1516=LINE('',#44,#1519);
#1517=VECTOR('',#1520,1.0);
#1518=VECTOR('',#1521,1.0);
#1519=VECTOR('',#1522,1.0);
#1520=DIRECTION('',(0,1,0));
#1521=DIRECTION('',(0,-0.9956612082761611,0.09305244937160384));
#1522=DIRECTION('',(0,0,-1));
#1523=FACE_SURFACE('',(#1528),#1524,.T.);
#1524=PLANE('',#1525);
#1525=AXIS2_PLACEMENT_3D('',#44,#1526,#1527);
#1526=DIRECTION('',(1,-0,0));
#1527=DIRECTION('',(0,0.9956612082761611,-0.09305244937160384));
#1528=FACE_BOUND('',#1529,.T.);
#1529=EDGE_LOOP('',(#1530,#1531,#1532));
#1530=ORIENTED_EDGE('',*,*,#1533,.T.);
#1531=ORIENTED_EDGE('',*,*,#1534,.T.);
#1532=ORIENTED_EDGE('',*,*,#1535,.T.);
#1533=EDGE_CURVE('',#45,#57,#1536,.F.);
#1534=EDGE_CURVE('',#57,#41,#1537,.T.);
#1535=EDGE_CURVE('',#41,#45,#1538,.T.);
#1536=LINE('',#44,#1539);
#1537=LINE('',#56,#1540);
#1538=LINE('',#40,#1541);
#1539=VECTOR('',#1542,1.0);
#1540=VECTOR('',#1543,1.0);
#1541=VECTOR('',#1544,1.0);
#1542=DIRECTION('',(0,0.9956612082761611,-0.09305244937160384));
#1543=DIRECTION('',(0,0,1));
#1544=DIRECTION('',(0,-1,0));
#1545=FACE_SURFACE('',(#1550),#1546,.T.);
#1546=PLANE('',#1547);
#1547=AXIS2_PLACEMENT_3D('',#72,#1548,#1549);
#1548=DIRECTION('',(-1,0,0));
#1549=DIRECTION('',(0,1,0));
#1550=FACE_BOUND('',#1551,.T.);
#1551=EDGE_LOOP('',(#1552,#1553,#1554));
#1552=ORIENTED_EDGE('',*,*,#1555,.T.);
#1553=ORIENTED_EDGE('',*,*,#1556,.T.);
#1554=ORIENTED_EDGE('',*,*,#1557,.T.);
#1555=EDGE_CURVE('',#73,#55,#1558,.F.);
#1556=EDGE_CURVE('',#55,#77,#1559,.T.);
#1557=EDGE_CURVE('',#77,#73,#1560,.T.);
#1558=LINE('',#72,#1561);
#1559=LINE('',#54,#1562);
#1560=LINE('',#76,#1563);
#1561=VECTOR('',#1564,1.0);
#1562=VECTOR('',#1565,1.0);
#1563=VECTOR('',#1566,1.0);
#1564=DIRECTION('',(0,1,0));
#1565=DIRECTION('',(0,-0.9956612082761611,-0.09305244937160384));
#1566=DIRECTION('',(0,0,1));
#1567=FACE_SURFACE('',(#1572),#1568,.T.);
#1568=PLANE('',#1569);
#1569=AXIS2_PLACEMENT_3D('',#76,#1570,#1571);
#1570=DIRECTION('',(-1,0,0));
#1571=DIRECTION('',(0,0.9956612082761611,0.09305244937160384));
#1572=FACE_BOUND('',#1573,.T.);
#1573=EDGE_LOOP('',(#1574,#1575,#1576));
#1574=ORIENTED_EDGE('',*,*,#1577,.T.);
#1575=ORIENTED_EDGE('',*,*,#1578,.T.);
#1576=ORIENTED_EDGE('',*,*,#1579,.T.);
#1577=EDGE_CURVE('',#77,#55,#1580,.F.);
#1578=EDGE_CURVE('',#55,#59,#1581,.T.);
#1579=EDGE_CURVE('',#59,#77,#1582,.T.);
#1580=LINE('',#76,#1583);
#1581=LINE('',#54,#1584);
#1582=LINE('',#58,#1585);
#1583=VECTOR('',#1586,1.0);
#1584=VECTOR('',#1587,1.0);
#1585=VECTOR('',#1588,1.0);
#1586=DIRECTION('',(0,0.9956612082761611,0.09305244937160384));
#1587=DIRECTION('',(0,0,-1));
#1588=DIRECTION('',(0,-1,0));
#1589=FACE_SURFACE('',(#1594),#1590,.T.);
#1590=PLANE('',#1591);
#1591=AXIS2_PLACEMENT_3D('',#78,#1592,#1593);
#1592=DIRECTION('',(-1,0,0));
#1593=DIRECTION('',(0,-1,0));
#1594=FACE_BOUND('',#1595,.T.);
#1595=EDGE_LOOP('',(#1596,#1597,#1598));
#1596=ORIENTED_EDGE('',*,*,#1599,.T.);
#1597=ORIENTED_EDGE('',*,*,#1600,.T.);
#1598=ORIENTED_EDGE('',*,*,#1601,.T.);
#1599=EDGE_CURVE('',#79,#109,#1602,.F.);
#1600=EDGE_CURVE('',#109,#75,#1603,.T.);
#1601=EDGE_CURVE('',#75,#79,#1604,.T.);
#1602=LINE('',#78,#1605);
#1603=LINE('',#108,#1606);
#1604=LINE('',#74,#1607);
#1605=VECTOR('',#1608,1.0);
#1606=VECTOR('',#1609,1.0);
#1607=VECTOR('',#1610,1.0);
#1608=DIRECTION('',(0,-1,0));
#1609=DIRECTION('',(0,0.9883716976506172,0.1520571842539411));
#1610=DIRECTION('',(0,0,-1));
#1611=FACE_SURFACE('',(#1616),#1612,.T.);
#1612=PLANE('',#1613);
#1613=AXIS2_PLACEMENT_3D('',#74,#1614,#1615);
#1614=DIRECTION('',(-1,-0,0));
#1615=DIRECTION('',(0,-0.9883716976506172,-0.1520571842539411));
#1616=FACE_BOUND('',#1617,.T.);
#1617=EDGE_LOOP('',(#1618,#1619,#1620));
#1618=ORIENTED_EDGE('',*,*,#1621,.T.);
#1619=ORIENTED_EDGE('',*,*,#1622,.T.);
#1620=ORIENTED_EDGE('',*,*,#1623,.T.);
#1621=EDGE_CURVE('',#75,#109,#1624,.F.);
#1622=EDGE_CURVE('',#109,#111,#1625,.T.);
#1623=EDGE_CURVE('',#111,#75,#1626,.T.);
#1624=LINE('',#74,#1627);
#1625=LINE('',#108,#1628);
#1626=LINE('',#110,#1629);
#1627=VECTOR('',#1630,1.0);
#1628=VECTOR('',#1631,1.0);
#1629=VECTOR('',#1632,1.0);
#1630=DIRECTION('',(0,-0.9883716976506172,-0.1520571842539411));
#1631=DIRECTION('',(0,0,1));
#1632=DIRECTION('',(0,1,0));
#1633=FACE_SURFACE('',(#1638),#1634,.T.);
#1634=PLANE('',#1635);
#1635=AXIS2_PLACEMENT_3D('',#56,#1636,#1637);
#1636=DIRECTION('',(-1,0,0));
#1637=DIRECTION('',(0,1,0));
#1638=FACE_BOUND('',#1639,.T.);
#1639=EDGE_LOOP('',(#1640,#1641,#1642));
#1640=ORIENTED_EDGE('',*,*,#1643,.T.);
#1641=ORIENTED_EDGE('',*,*,#1644,.T.);
#1642=ORIENTED_EDGE('',*,*,#1645,.T.);
#1643=EDGE_CURVE('',#57,#113,#1646,.F.);
#1644=EDGE_CURVE('',#113,#61,#1647,.T.);
#1645=EDGE_CURVE('',#61,#57,#1648,.T.);
#1646=LINE('',#56,#1649);
#1647=LINE('',#112,#1650);
#1648=LINE('',#60,#1651);
#1649=VECTOR('',#1652,1.0);
#1650=VECTOR('',#1653,1.0);
#1651=VECTOR('',#1654,1.0);
#1652=DIRECTION('',(0,1,0));
#1653=DIRECTION('',(0,-0.9899494936611665,-0.1414213562373095));
#1654=DIRECTION('',(0,0,1));
#1655=FACE_SURFACE('',(#1660),#1656,.T.);
#1656=PLANE('',#1657);
#1657=AXIS2_PLACEMENT_3D('',#60,#1658,#1659);
#1658=DIRECTION('',(-1,0,0));
#1659=DIRECTION('',(0,0.9899494936611665,0.1414213562373095));
#1660=FACE_BOUND('',#1661,.T.);
#1661=EDGE_LOOP('',(#1662,#1663,#1664));
#1662=ORIENTED_EDGE('',*,*,#1665,.T.);
#1663=ORIENTED_EDGE('',*,*,#1666,.T.);
#1664=ORIENTED_EDGE('',*,*,#1667,.T.);
#1665=EDGE_CURVE('',#61,#113,#1668,.F.);
#1666=EDGE_CURVE('',#113,#115,#1669,.T.);
#1667=EDGE_CURVE('',#115,#61,#1670,.T.);
#1668=LINE('',#60,#1671);
#1669=LINE('',#112,#1672);
#1670=LINE('',#114,#1673);
#1671=VECTOR('',#1674,1.0);
#1672=VECTOR('',#1675,1.0);
#1673=VECTOR('',#1676,1.0);
#1674=DIRECTION('',(0,0.9899494936611665,0.1414213562373095));
#1675=DIRECTION('',(0,0,-1));
#1676=DIRECTION('',(0,-1,0));
#1677=FACE_SURFACE('',(#1682),#1678,.T.);
#1678=PLANE('',#1679);
#1679=AXIS2_PLACEMENT_3D('',#116,#1680,#1681);
#1680=DIRECTION('',(-0.9961949906141457,0.08715239913669738,0));
#1681=DIRECTION('',(0,0,1));
#1682=FACE_BOUND('',#1683,.T.);
#1683=EDGE_LOOP('',(#1684,#1685,#1686));
#1684=ORIENTED_EDGE('',*,*,#1687,.T.);
#1685=ORIENTED_EDGE('',*,*,#1688,.T.);
#1686=ORIENTED_EDGE('',*,*,#1689,.T.);
#1687=EDGE_CURVE('',#117,#119,#1690,.F.);
#1688=EDGE_CURVE('',#119,#121,#1691,.T.);
#1689=EDGE_CURVE('',#121,#117,#1692,.T.);
#1690=LINE('',#116,#1693);
#1691=LINE('',#118,#1694);
#1692=LINE('',#120,#1695);
#1693=VECTOR('',#1696,1.0);
#1694=VECTOR('',#1697,1.0);
#1695=VECTOR('',#1698,1.0);
#1696=DIRECTION('',(0,0,1));
#1697=DIRECTION('',(0.04768496372718282,0.5450627000884752,-0.8370381097695603));
#1698=DIRECTION('',(-0.08715239913669738,-0.9961949906141457,0));
#1699=FACE_SURFACE('',(#1704),#1700,.T.);
#1700=PLANE('',#1701);
#1701=AXIS2_PLACEMENT_3D('',#120,#1702,#1703);
#1702=DIRECTION('',(-0.9961949906141457,0.08715239913669738,0));
#1703=DIRECTION('',(-0.04768496372718282,-0.5450627000884752,0.8370381097695603));
#1704=FACE_BOUND('',#1705,.T.);
#1705=EDGE_LOOP('',(#1706,#1707,#1708));
#1706=ORIENTED_EDGE('',*,*,#1709,.T.);
#1707=ORIENTED_EDGE('',*,*,#1710,.T.);
#1708=ORIENTED_EDGE('',*,*,#1711,.T.);
#1709=EDGE_CURVE('',#121,#119,#1712,.F.);
#1710=EDGE_CURVE('',#119,#123,#1713,.T.);
#1711=EDGE_CURVE('',#123,#121,#1714,.T.);
#1712=LINE('',#120,#1715);
#1713=LINE('',#118,#1716);
#1714=LINE('',#122,#1717);
#1715=VECTOR('',#1718,1.0);
#1716=VECTOR('',#1719,1.0);
#1717=VECTOR('',#1720,1.0);
#1718=DIRECTION('',(-0.04768496372718282,-0.5450627000884752,0.8370381097695603));
#1719=DIRECTION('',(0.08715239913669738,0.9961949906141457,0));
#1720=DIRECTION('',(0,0,-1));
#1721=FACE_SURFACE('',(#1726),#1722,.T.);
#1722=PLANE('',#1723);
#1723=AXIS2_PLACEMENT_3D('',#120,#1724,#1725);
#1724=DIRECTION('',(-0.9961949906141457,-0.08715239913669738,0));
#1725=DIRECTION('',(0,0,1));
#1726=FACE_BOUND('',#1727,.T.);
#1727=EDGE_LOOP('',(#1728,#1729,#1730));
#1728=ORIENTED_EDGE('',*,*,#1731,.T.);
#1729=ORIENTED_EDGE('',*,*,#1732,.T.);
#1730=ORIENTED_EDGE('',*,*,#1733,.T.);
#1731=EDGE_CURVE('',#121,#123,#1734,.F.);
#1732=EDGE_CURVE('',#123,#125,#1735,.T.);
#1733=EDGE_CURVE('',#125,#121,#1736,.T.);
#1734=LINE('',#120,#1737);
#1735=LINE('',#122,#1738);
#1736=LINE('',#124,#1739);
#1737=VECTOR('',#1740,1.0);
#1738=VECTOR('',#1741,1.0);
#1739=VECTOR('',#1742,1.0);
#1740=DIRECTION('',(0,0,1));
#1741=DIRECTION('',(-0.04768496372718282,0.5450627000884752,-0.8370381097695603));
#1742=DIRECTION('',(0.08715239913669738,-0.9961949906141457,0));
#1743=FACE_SURFACE('',(#1748),#1744,.T.);
#1744=PLANE('',#1745);
#1745=AXIS2_PLACEMENT_3D('',#124,#1746,#1747);
#1746=DIRECTION('',(-0.9961949906141457,-0.08715239913669738,0));
#1747=DIRECTION('',(0.04768496372718282,-0.5450627000884752,0.8370381097695603));
#1748=FACE_BOUND('',#1749,.T.);
#1749=EDGE_LOOP('',(#1750,#1751,#1752));
#1750=ORIENTED_EDGE('',*,*,#1753,.T.);
#1751=ORIENTED_EDGE('',*,*,#1754,.T.);
#1752=ORIENTED_EDGE('',*,*,#1755,.T.);
#1753=EDGE_CURVE('',#125,#123,#1756,.F.);
#1754=EDGE_CURVE('',#123,#127,#1757,.T.);
#1755=EDGE_CURVE('',#127,#125,#1758,.T.);
#1756=LINE('',#124,#1759);
#1757=LINE('',#122,#1760);
#1758=LINE('',#126,#1761);
#1759=VECTOR('',#1762,1.0);
#1760=VECTOR('',#1763,1.0);
#1761=VECTOR('',#1764,1.0);
#1762=DIRECTION('',(0.04768496372718282,-0.5450627000884752,0.8370381097695603));
#1763=DIRECTION('',(-0.08715239913669738,0.9961949906141457,0));
#1764=DIRECTION('',(0,0,-1));
#1765=FACE_SURFACE('',(#1770),#1766,.T.);
#1766=PLANE('',#1767);
#1767=AXIS2_PLACEMENT_3D('',#124,#1768,#1769);
#1768=DIRECTION('',(-0.9659258445391972,-0.2588189769921029,0));
#1769=DIRECTION('',(0,0,1));
#1770=FACE_BOUND('',#1771,.T.);
#1771=EDGE_LOOP('',(#1772,#1773,#1774));
#1772=ORIENTED_EDGE('',*,*,#1775,.T.);
#1773=ORIENTED_EDGE('',*,*,#1776,.T.);
#1774=ORIENTED_EDGE('',*,*,#1777,.T.);
#1775=EDGE_CURVE('',#125,#127,#1778,.F.);
#1776=EDGE_CURVE('',#127,#129,#1779,.T.);
#1777=EDGE_CURVE('',#129,#125,#1780,.T.);
#1778=LINE('',#124,#1781);
#1779=LINE('',#126,#1782);
#1780=LINE('',#128,#1783);
#1781=VECTOR('',#1784,1.0);
#1782=VECTOR('',#1785,1.0);
#1783=VECTOR('',#1786,1.0);
#1784=DIRECTION('',(0,0,1));
#1785=DIRECTION('',(-0.2588189769921029,0.9659258445391972,0));
#1786=DIRECTION('',(0.14161156485130508,-0.5285017040295611,-0.8370377013840027));
#1787=FACE_SURFACE('',(#1792),#1788,.T.);
#1788=PLANE('',#1789);
#1789=AXIS2_PLACEMENT_3D('',#116,#1790,#1791);
#1790=DIRECTION('',(-0.9659258445391972,0.2588189769921029,0));
#1791=DIRECTION('',(-0.2588189769921029,-0.9659258445391972,0));
#1792=FACE_BOUND('',#1793,.T.);
#1793=EDGE_LOOP('',(#1794,#1795,#1796));
#1794=ORIENTED_EDGE('',*,*,#1797,.T.);
#1795=ORIENTED_EDGE('',*,*,#1798,.T.);
#1796=ORIENTED_EDGE('',*,*,#1799,.T.);
#1797=EDGE_CURVE('',#117,#131,#1800,.F.);
#1798=EDGE_CURVE('',#131,#119,#1801,.T.);
#1799=EDGE_CURVE('',#119,#117,#1802,.T.);
#1800=LINE('',#116,#1803);
#1801=LINE('',#130,#1804);
#1802=LINE('',#118,#1805);
#1803=VECTOR('',#1806,1.0);
#1804=VECTOR('',#1807,1.0);
#1805=VECTOR('',#1808,1.0);
#1806=DIRECTION('',(-0.2588189769921029,-0.9659258445391972,0));
#1807=DIRECTION('',(0.14161156485130508,0.5285017040295611,0.8370377013840027));
#1808=DIRECTION('',(0,0,-1));
#1809=FACE_SURFACE('',(#1814),#1810,.T.);
#1810=PLANE('',#1811);
#1811=AXIS2_PLACEMENT_3D('',#118,#1812,#1813);
#1812=DIRECTION('',(-0.9659258445391972,0.2588189769921029,0));
#1813=DIRECTION('',(-0.14161156485130508,-0.5285017040295611,-0.8370377013840027));
#1814=FACE_BOUND('',#1815,.T.);
#1815=EDGE_LOOP('',(#1816,#1817,#1818));
#1816=ORIENTED_EDGE('',*,*,#1819,.T.);
#1817=ORIENTED_EDGE('',*,*,#1820,.T.);
#1818=ORIENTED_EDGE('',*,*,#1821,.T.);
#1819=EDGE_CURVE('',#119,#131,#1822,.F.);
#1820=EDGE_CURVE('',#131,#133,#1823,.T.);
#1821=EDGE_CURVE('',#133,#119,#1824,.T.);
#1822=LINE('',#118,#1825);
#1823=LINE('',#130,#1826);
#1824=LINE('',#132,#1827);
#1825=VECTOR('',#1828,1.0);
#1826=VECTOR('',#1829,1.0);
#1827=VECTOR('',#1830,1.0);
#1828=DIRECTION('',(-0.14161156485130508,-0.5285017040295611,-0.8370377013840027));
#1829=DIRECTION('',(0,0,1));
#1830=DIRECTION('',(0.2588189769921029,0.9659258445391972,0));
#1831=FACE_SURFACE('',(#1836),#1832,.T.);
#1832=PLANE('',#1833);
#1833=AXIS2_PLACEMENT_3D('',#132,#1834,#1835);
#1834=DIRECTION('',(-0.906307367848761,0.4226191606908643,0));
#1835=DIRECTION('',(0,0,-1));
#1836=FACE_BOUND('',#1837,.T.);
#1837=EDGE_LOOP('',(#1838,#1839,#1840));
#1838=ORIENTED_EDGE('',*,*,#1841,.T.);
#1839=ORIENTED_EDGE('',*,*,#1842,.T.);
#1840=ORIENTED_EDGE('',*,*,#1843,.T.);
#1841=EDGE_CURVE('',#133,#131,#1844,.F.);
#1842=EDGE_CURVE('',#131,#135,#1845,.T.);
#1843=EDGE_CURVE('',#135,#133,#1846,.T.);
#1844=LINE('',#132,#1847);
#1845=LINE('',#130,#1848);
#1846=LINE('',#134,#1849);
#1847=VECTOR('',#1850,1.0);
#1848=VECTOR('',#1851,1.0);
#1849=VECTOR('',#1852,1.0);
#1850=DIRECTION('',(0,0,-1));
#1851=DIRECTION('',(-0.4226191606908643,-0.906307367848761,0));
#1852=DIRECTION('',(0.2312339902254863,0.49588160815008886,0.837037796316798));
#1853=FACE_SURFACE('',(#1858),#1854,.T.);
#1854=PLANE('',#1855);
#1855=AXIS2_PLACEMENT_3D('',#132,#1856,#1857);
#1856=DIRECTION('',(-0.906307367848761,0.4226191606908643,0));
#1857=DIRECTION('',(-0.2312339902254863,-0.49588160815008886,-0.837037796316798));
#1858=FACE_BOUND('',#1859,.T.);
#1859=EDGE_LOOP('',(#1860,#1861,#1862));
#1860=ORIENTED_EDGE('',*,*,#1863,.T.);
#1861=ORIENTED_EDGE('',*,*,#1864,.T.);
#1862=ORIENTED_EDGE('',*,*,#1865,.T.);
#1863=EDGE_CURVE('',#133,#135,#1866,.F.);
#1864=EDGE_CURVE('',#135,#137,#1867,.T.);
#1865=EDGE_CURVE('',#137,#133,#1868,.T.);
#1866=LINE('',#132,#1869);
#1867=LINE('',#134,#1870);
#1868=LINE('',#136,#1871);
#1869=VECTOR('',#1872,1.0);
#1870=VECTOR('',#1873,1.0);
#1871=VECTOR('',#1874,1.0);
#1872=DIRECTION('',(-0.2312339902254863,-0.49588160815008886,-0.837037796316798));
#1873=DIRECTION('',(0,0,1));
#1874=DIRECTION('',(0.4226191606908643,0.906307367848761,0));
#1875=FACE_SURFACE('',(#1880),#1876,.T.);
#1876=PLANE('',#1877);
#1877=AXIS2_PLACEMENT_3D('',#136,#1878,#1879);
#1878=DIRECTION('',(-0.8191502107745317,0.5735790548721601,0));
#1879=DIRECTION('',(0,0,-1));
#1880=FACE_BOUND('',#1881,.T.);
#1881=EDGE_LOOP('',(#1882,#1883,#1884));
#1882=ORIENTED_EDGE('',*,*,#1885,.T.);
#1883=ORIENTED_EDGE('',*,*,#1886,.T.);
#1884=ORIENTED_EDGE('',*,*,#1887,.T.);
#1885=EDGE_CURVE('',#137,#135,#1888,.F.);
#1886=EDGE_CURVE('',#135,#139,#1889,.T.);
#1887=EDGE_CURVE('',#139,#137,#1890,.T.);
#1888=LINE('',#136,#1891);
#1889=LINE('',#134,#1892);
#1890=LINE('',#138,#1893);
#1891=VECTOR('',#1894,1.0);
#1892=VECTOR('',#1895,1.0);
#1893=VECTOR('',#1896,1.0);
#1894=DIRECTION('',(0,0,-1));
#1895=DIRECTION('',(-0.5735790548721601,-0.8191502107745317,0));
#1896=DIRECTION('',(0.3138314752524378,0.44819474650798374,0.8370372000953855));
#1897=FACE_SURFACE('',(#1902),#1898,.T.);
#1898=PLANE('',#1899);
#1899=AXIS2_PLACEMENT_3D('',#136,#1900,#1901);
#1900=DIRECTION('',(-0.8191502107745317,0.5735790548721601,0));
#1901=DIRECTION('',(-0.3138314752524378,-0.44819474650798374,-0.8370372000953855));
#1902=FACE_BOUND('',#1903,.T.);
#1903=EDGE_LOOP('',(#1904,#1905,#1906));
#1904=ORIENTED_EDGE('',*,*,#1907,.T.);
#1905=ORIENTED_EDGE('',*,*,#1908,.T.);
#1906=ORIENTED_EDGE('',*,*,#1909,.T.);
#1907=EDGE_CURVE('',#137,#139,#1910,.F.);
#1908=EDGE_CURVE('',#139,#141,#1911,.T.);
#1909=EDGE_CURVE('',#141,#137,#1912,.T.);
#1910=LINE('',#136,#1913);
#1911=LINE('',#138,#1914);
#1912=LINE('',#140,#1915);
#1913=VECTOR('',#1916,1.0);
#1914=VECTOR('',#1917,1.0);
#1915=VECTOR('',#1918,1.0);
#1916=DIRECTION('',(-0.3138314752524378,-0.44819474650798374,-0.8370372000953855));
#1917=DIRECTION('',(0,0,1));
#1918=DIRECTION('',(0.5735790548721601,0.8191502107745317,0));
#1919=FACE_SURFACE('',(#1924),#1920,.T.);
#1920=PLANE('',#1921);
#1921=AXIS2_PLACEMENT_3D('',#140,#1922,#1923);
#1922=DIRECTION('',(-0.7071082401449037,0.7071053222251811,0));
#1923=DIRECTION('',(0,0,-1));
#1924=FACE_BOUND('',#1925,.T.);
#1925=EDGE_LOOP('',(#1926,#1927,#1928));
#1926=ORIENTED_EDGE('',*,*,#1929,.T.);
#1927=ORIENTED_EDGE('',*,*,#1930,.T.);
#1928=ORIENTED_EDGE('',*,*,#1931,.T.);
#1929=EDGE_CURVE('',#141,#139,#1932,.F.);
#1930=EDGE_CURVE('',#139,#143,#1933,.T.);
#1931=EDGE_CURVE('',#143,#141,#1934,.T.);
#1932=LINE('',#140,#1935);
#1933=LINE('',#138,#1936);
#1934=LINE('',#142,#1937);
#1935=VECTOR('',#1938,1.0);
#1936=VECTOR('',#1939,1.0);
#1937=VECTOR('',#1940,1.0);
#1938=DIRECTION('',(0,0,-1));
#1939=DIRECTION('',(-0.7071053222251811,-0.7071082401449037,0));
#1940=DIRECTION('',(0.38688876748252765,0.3868903640061708,0.8370381877997105));
#1941=FACE_SURFACE('',(#1946),#1942,.T.);
#1942=PLANE('',#1943);
#1943=AXIS2_PLACEMENT_3D('',#140,#1944,#1945);
#1944=DIRECTION('',(-0.7071082401449037,0.7071053222251811,0));
#1945=DIRECTION('',(-0.38688876748252765,-0.3868903640061708,-0.8370381877997105));
#1946=FACE_BOUND('',#1947,.T.);
#1947=EDGE_LOOP('',(#1948,#1949,#1950));
#1948=ORIENTED_EDGE('',*,*,#1951,.T.);
#1949=ORIENTED_EDGE('',*,*,#1952,.T.);
#1950=ORIENTED_EDGE('',*,*,#1953,.T.);
#1951=EDGE_CURVE('',#141,#143,#1954,.F.);
#1952=EDGE_CURVE('',#143,#145,#1955,.T.);
#1953=EDGE_CURVE('',#145,#141,#1956,.T.);
#1954=LINE('',#140,#1957);
#1955=LINE('',#142,#1958);
#1956=LINE('',#144,#1959);
#1957=VECTOR('',#1960,1.0);
#1958=VECTOR('',#1961,1.0);
#1959=VECTOR('',#1962,1.0);
#1960=DIRECTION('',(-0.38688876748252765,-0.3868903640061708,-0.8370381877997105));
#1961=DIRECTION('',(0,0,1));
#1962=DIRECTION('',(0.7071053222251811,0.7071082401449037,0));
#1963=FACE_SURFACE('',(#1968),#1964,.T.);
#1964=PLANE('',#1965);
#1965=AXIS2_PLACEMENT_3D('',#144,#1966,#1967);
#1966=DIRECTION('',(-0.5735751389784192,0.819152952717554,0));
#1967=DIRECTION('',(0,0,-1));
#1968=FACE_BOUND('',#1969,.T.);
#1969=EDGE_LOOP('',(#1970,#1971,#1972));
#1970=ORIENTED_EDGE('',*,*,#1973,.T.);
#1971=ORIENTED_EDGE('',*,*,#1974,.T.);
#1972=ORIENTED_EDGE('',*,*,#1975,.T.);
#1973=EDGE_CURVE('',#145,#143,#1976,.F.);
#1974=EDGE_CURVE('',#143,#147,#1977,.T.);
#1975=EDGE_CURVE('',#147,#145,#1978,.T.);
#1976=LINE('',#144,#1979);
#1977=LINE('',#142,#1980);
#1978=LINE('',#146,#1981);
#1979=VECTOR('',#1982,1.0);
#1980=VECTOR('',#1983,1.0);
#1981=VECTOR('',#1984,1.0);
#1982=DIRECTION('',(0,0,-1));
#1983=DIRECTION('',(-0.819152952717554,-0.5735751389784192,0));
#1984=DIRECTION('',(0.4481951956322711,0.31382859668807095,0.8370380388685726));
#1985=FACE_SURFACE('',(#1990),#1986,.T.);
#1986=PLANE('',#1987);
#1987=AXIS2_PLACEMENT_3D('',#144,#1988,#1989);
#1988=DIRECTION('',(-0.5735751389784192,0.819152952717554,0));
#1989=DIRECTION('',(-0.4481951956322711,-0.31382859668807095,-0.8370380388685726));
#1990=FACE_BOUND('',#1991,.T.);
#1991=EDGE_LOOP('',(#1992,#1993,#1994));
#1992=ORIENTED_EDGE('',*,*,#1995,.T.);
#1993=ORIENTED_EDGE('',*,*,#1996,.T.);
#1994=ORIENTED_EDGE('',*,*,#1997,.T.);
#1995=EDGE_CURVE('',#145,#147,#1998,.F.);
#1996=EDGE_CURVE('',#147,#149,#1999,.T.);
#1997=EDGE_CURVE('',#149,#145,#2000,.T.);
#1998=LINE('',#144,#2001);
#1999=LINE('',#146,#2002);
#2000=LINE('',#148,#2003);
#2001=VECTOR('',#2004,1.0);
#2002=VECTOR('',#2005,1.0);
#2003=VECTOR('',#2006,1.0);
#2004=DIRECTION('',(-0.4481951956322711,-0.31382859668807095,-0.8370380388685726));
#2005=DIRECTION('',(0,0,1));
#2006=DIRECTION('',(0.819152952717554,0.5735751389784192,0));
#2007=FACE_SURFACE('',(#2012),#2008,.T.);
#2008=PLANE('',#2009);
#2009=AXIS2_PLACEMENT_3D('',#148,#2010,#2011);
#2010=DIRECTION('',(-0.42262027832170734,0.9063068466867513,0));
#2011=DIRECTION('',(0,0,-1));
#2012=FACE_BOUND('',#2013,.T.);
#2013=EDGE_LOOP('',(#2014,#2015,#2016));
#2014=ORIENTED_EDGE('',*,*,#2017,.T.);
#2015=ORIENTED_EDGE('',*,*,#2018,.T.);
#2016=ORIENTED_EDGE('',*,*,#2019,.T.);
#2017=EDGE_CURVE('',#149,#147,#2020,.F.);
#2018=EDGE_CURVE('',#147,#151,#2021,.T.);
#2019=EDGE_CURVE('',#151,#149,#2022,.T.);
#2020=LINE('',#148,#2023);
#2021=LINE('',#146,#2024);
#2022=LINE('',#150,#2025);
#2023=VECTOR('',#2026,1.0);
#2024=VECTOR('',#2027,1.0);
#2025=VECTOR('',#2028,1.0);
#2026=DIRECTION('',(0,0,-1));
#2027=DIRECTION('',(-0.9063068466867513,-0.42262027832170734,0));
#2028=DIRECTION('',(0.49588040420845886,0.23123417329020074,0.8370384589879087));
#2029=FACE_SURFACE('',(#2034),#2030,.T.);
#2030=PLANE('',#2031);
#2031=AXIS2_PLACEMENT_3D('',#148,#2032,#2033);
#2032=DIRECTION('',(-0.42262027832170734,0.9063068466867513,0));
#2033=DIRECTION('',(-0.49588040420845886,-0.23123417329020074,-0.8370384589879087));
#2034=FACE_BOUND('',#2035,.T.);
#2035=EDGE_LOOP('',(#2036,#2037,#2038));
#2036=ORIENTED_EDGE('',*,*,#2039,.T.);
#2037=ORIENTED_EDGE('',*,*,#2040,.T.);
#2038=ORIENTED_EDGE('',*,*,#2041,.T.);
#2039=EDGE_CURVE('',#149,#151,#2042,.F.);
#2040=EDGE_CURVE('',#151,#153,#2043,.T.);
#2041=EDGE_CURVE('',#153,#149,#2044,.T.);
#2042=LINE('',#148,#2045);
#2043=LINE('',#150,#2046);
#2044=LINE('',#152,#2047);
#2045=VECTOR('',#2048,1.0);
#2046=VECTOR('',#2049,1.0);
#2047=VECTOR('',#2050,1.0);
#2048=DIRECTION('',(-0.49588040420845886,-0.23123417329020074,-0.8370384589879087));
#2049=DIRECTION('',(0,0,1));
#2050=DIRECTION('',(0.9063068466867513,0.42262027832170734,0));
#2051=FACE_SURFACE('',(#2056),#2052,.T.);
#2052=PLANE('',#2053);
#2053=AXIS2_PLACEMENT_3D('',#152,#2054,#2055);
#2054=DIRECTION('',(-0.25881970647242153,0.9659256490752949,0));
#2055=DIRECTION('',(0,0,-1));
#2056=FACE_BOUND('',#2057,.T.);
#2057=EDGE_LOOP('',(#2058,#2059,#2060));
#2058=ORIENTED_EDGE('',*,*,#2061,.T.);
#2059=ORIENTED_EDGE('',*,*,#2062,.T.);
#2060=ORIENTED_EDGE('',*,*,#2063,.T.);
#2061=EDGE_CURVE('',#153,#151,#2064,.F.);
#2062=EDGE_CURVE('',#151,#155,#2065,.T.);
#2063=EDGE_CURVE('',#155,#153,#2066,.T.);
#2064=LINE('',#152,#2067);
#2065=LINE('',#150,#2068);
#2066=LINE('',#154,#2069);
#2067=VECTOR('',#2070,1.0);
#2068=VECTOR('',#2071,1.0);
#2069=VECTOR('',#2072,1.0);
#2070=DIRECTION('',(0,0,-1));
#2071=DIRECTION('',(-0.9659256490752949,-0.25881970647242153,0));
#2072=DIRECTION('',(0.528500553436617,0.1416116843381544,0.8370384076469255));
#2073=FACE_SURFACE('',(#2078),#2074,.T.);
#2074=PLANE('',#2075);
#2075=AXIS2_PLACEMENT_3D('',#152,#2076,#2077);
#2076=DIRECTION('',(-0.25881970647242153,0.9659256490752949,0));
#2077=DIRECTION('',(-0.528500553436617,-0.1416116843381544,-0.8370384076469255));
#2078=FACE_BOUND('',#2079,.T.);
#2079=EDGE_LOOP('',(#2080,#2081,#2082));
#2080=ORIENTED_EDGE('',*,*,#2083,.T.);
#2081=ORIENTED_EDGE('',*,*,#2084,.T.);
#2082=ORIENTED_EDGE('',*,*,#2085,.T.);
#2083=EDGE_CURVE('',#153,#155,#2086,.F.);
#2084=EDGE_CURVE('',#155,#157,#2087,.T.);
#2085=EDGE_CURVE('',#157,#153,#2088,.T.);
#2086=LINE('',#152,#2089);
#2087=LINE('',#154,#2090);
#2088=LINE('',#156,#2091);
#2089=VECTOR('',#2092,1.0);
#2090=VECTOR('',#2093,1.0);
#2091=VECTOR('',#2094,1.0);
#2092=DIRECTION('',(-0.528500553436617,-0.1416116843381544,-0.8370384076469255));
#2093=DIRECTION('',(0,0,1));
#2094=DIRECTION('',(0.9659256490752949,0.25881970647242153,0));
#2095=FACE_SURFACE('',(#2100),#2096,.T.);
#2096=PLANE('',#2097);
#2097=AXIS2_PLACEMENT_3D('',#156,#2098,#2099);
#2098=DIRECTION('',(-0.08715478820559809,0.9961947816028938,0));
#2099=DIRECTION('',(0,0,-1));
#2100=FACE_BOUND('',#2101,.T.);
#2101=EDGE_LOOP('',(#2102,#2103,#2104));
#2102=ORIENTED_EDGE('',*,*,#2105,.T.);
#2103=ORIENTED_EDGE('',*,*,#2106,.T.);
#2104=ORIENTED_EDGE('',*,*,#2107,.T.);
#2105=EDGE_CURVE('',#157,#155,#2108,.F.);
#2106=EDGE_CURVE('',#155,#159,#2109,.T.);
#2107=EDGE_CURVE('',#159,#157,#2110,.T.);
#2108=LINE('',#156,#2111);
#2109=LINE('',#154,#2112);
#2110=LINE('',#158,#2113);
#2111=VECTOR('',#2114,1.0);
#2112=VECTOR('',#2115,1.0);
#2113=VECTOR('',#2116,1.0);
#2114=DIRECTION('',(0,0,-1));
#2115=DIRECTION('',(-0.9961947816028938,-0.08715478820559809,0));
#2116=DIRECTION('',(0.5450649030001579,0.04768647362601847,0.837036589254343));
#2117=FACE_SURFACE('',(#2122),#2118,.T.);
#2118=PLANE('',#2119);
#2119=AXIS2_PLACEMENT_3D('',#156,#2120,#2121);
#2120=DIRECTION('',(-0.08715478820559809,0.9961947816028938,0));
#2121=DIRECTION('',(-0.5450649030001579,-0.04768647362601847,-0.837036589254343));
#2122=FACE_BOUND('',#2123,.T.);
#2123=EDGE_LOOP('',(#2124,#2125,#2126));
#2124=ORIENTED_EDGE('',*,*,#2127,.T.);
#2125=ORIENTED_EDGE('',*,*,#2128,.T.);
#2126=ORIENTED_EDGE('',*,*,#2129,.T.);
#2127=EDGE_CURVE('',#157,#159,#2130,.F.);
#2128=EDGE_CURVE('',#159,#161,#2131,.T.);
#2129=EDGE_CURVE('',#161,#157,#2132,.T.);
#2130=LINE('',#156,#2133);
#2131=LINE('',#158,#2134);
#2132=LINE('',#160,#2135);
#2133=VECTOR('',#2136,1.0);
#2134=VECTOR('',#2137,1.0);
#2135=VECTOR('',#2138,1.0);
#2136=DIRECTION('',(-0.5450649030001579,-0.04768647362601847,-0.837036589254343));
#2137=DIRECTION('',(0,0,1));
#2138=DIRECTION('',(0.9961947816028938,0.08715478820559809,0));
#2139=FACE_SURFACE('',(#2144),#2140,.T.);
#2140=PLANE('',#2141);
#2141=AXIS2_PLACEMENT_3D('',#160,#2142,#2143);
#2142=DIRECTION('',(0.0871558015827422,0.9961946929443409,0));
#2143=DIRECTION('',(0,0,-1));
#2144=FACE_BOUND('',#2145,.T.);
#2145=EDGE_LOOP('',(#2146,#2147,#2148));
#2146=ORIENTED_EDGE('',*,*,#2149,.T.);
#2147=ORIENTED_EDGE('',*,*,#2150,.T.);
#2148=ORIENTED_EDGE('',*,*,#2151,.T.);
#2149=EDGE_CURVE('',#161,#159,#2152,.F.);
#2150=EDGE_CURVE('',#159,#163,#2153,.T.);
#2151=EDGE_CURVE('',#163,#161,#2154,.T.);
#2152=LINE('',#160,#2155);
#2153=LINE('',#158,#2156);
#2154=LINE('',#162,#2157);
#2155=VECTOR('',#2158,1.0);
#2156=VECTOR('',#2159,1.0);
#2157=VECTOR('',#2160,1.0);
#2158=DIRECTION('',(0,0,-1));
#2159=DIRECTION('',(-0.9961946929443409,0.0871558015827422,0));
#2160=DIRECTION('',(0.5450604141722676,-0.047686639614390756,0.837039502834032));
#2161=FACE_SURFACE('',(#2166),#2162,.T.);
#2162=PLANE('',#2163);
#2163=AXIS2_PLACEMENT_3D('',#160,#2164,#2165);
#2164=DIRECTION('',(0.0871558015827422,0.9961946929443409,0));
#2165=DIRECTION('',(-0.5450604141722676,0.047686639614390756,-0.837039502834032));
#2166=FACE_BOUND('',#2167,.T.);
#2167=EDGE_LOOP('',(#2168,#2169,#2170));
#2168=ORIENTED_EDGE('',*,*,#2171,.T.);
#2169=ORIENTED_EDGE('',*,*,#2172,.T.);
#2170=ORIENTED_EDGE('',*,*,#2173,.T.);
#2171=EDGE_CURVE('',#161,#163,#2174,.F.);
#2172=EDGE_CURVE('',#163,#165,#2175,.T.);
#2173=EDGE_CURVE('',#165,#161,#2176,.T.);
#2174=LINE('',#160,#2177);
#2175=LINE('',#162,#2178);
#2176=LINE('',#164,#2179);
#2177=VECTOR('',#2180,1.0);
#2178=VECTOR('',#2181,1.0);
#2179=VECTOR('',#2182,1.0);
#2180=DIRECTION('',(-0.5450604141722676,0.047686639614390756,-0.837039502834032));
#2181=DIRECTION('',(0,0,1));
#2182=DIRECTION('',(0.9961946929443409,-0.0871558015827422,0));
#2183=FACE_SURFACE('',(#2188),#2184,.T.);
#2184=PLANE('',#2185);
#2185=AXIS2_PLACEMENT_3D('',#164,#2186,#2187);
#2186=DIRECTION('',(0.25881678857493334,0.965926430920988,0));
#2187=DIRECTION('',(0,0,-1));
#2188=FACE_BOUND('',#2189,.T.);
#2189=EDGE_LOOP('',(#2190,#2191,#2192));
#2190=ORIENTED_EDGE('',*,*,#2193,.T.);
#2191=ORIENTED_EDGE('',*,*,#2194,.T.);
#2192=ORIENTED_EDGE('',*,*,#2195,.T.);
#2193=EDGE_CURVE('',#165,#163,#2196,.F.);
#2194=EDGE_CURVE('',#163,#167,#2197,.T.);
#2195=EDGE_CURVE('',#167,#165,#2198,.T.);
#2196=LINE('',#164,#2199);
#2197=LINE('',#162,#2200);
#2198=LINE('',#166,#2201);
#2199=VECTOR('',#2202,1.0);
#2200=VECTOR('',#2203,1.0);
#2201=VECTOR('',#2204,1.0);
#2202=DIRECTION('',(0,0,-1));
#2203=DIRECTION('',(-0.965926430920988,0.25881678857493334,0));
#2204=DIRECTION('',(0.5285051557909188,-0.14161120639040617,0.8370355825931598));
#2205=FACE_SURFACE('',(#2210),#2206,.T.);
#2206=PLANE('',#2207);
#2207=AXIS2_PLACEMENT_3D('',#164,#2208,#2209);
#2208=DIRECTION('',(0.25881678857493334,0.965926430920988,0));
#2209=DIRECTION('',(-0.5285051557909188,0.14161120639040617,-0.8370355825931598));
#2210=FACE_BOUND('',#2211,.T.);
#2211=EDGE_LOOP('',(#2212,#2213,#2214));
#2212=ORIENTED_EDGE('',*,*,#2215,.T.);
#2213=ORIENTED_EDGE('',*,*,#2216,.T.);
#2214=ORIENTED_EDGE('',*,*,#2217,.T.);
#2215=EDGE_CURVE('',#165,#167,#2218,.F.);
#2216=EDGE_CURVE('',#167,#169,#2219,.T.);
#2217=EDGE_CURVE('',#169,#165,#2220,.T.);
#2218=LINE('',#164,#2221);
#2219=LINE('',#166,#2222);
#2220=LINE('',#168,#2223);
#2221=VECTOR('',#2224,1.0);
#2222=VECTOR('',#2225,1.0);
#2223=VECTOR('',#2226,1.0);
#2224=DIRECTION('',(-0.5285051557909188,0.14161120639040617,-0.8370355825931598));
#2225=DIRECTION('',(0,0,1));
#2226=DIRECTION('',(0.965926430920988,-0.25881678857493334,0));
#2227=FACE_SURFACE('',(#2232),#2228,.T.);
#2228=PLANE('',#2229);
#2229=AXIS2_PLACEMENT_3D('',#168,#2230,#2231);
#2230=DIRECTION('',(0.42262027832170734,0.9063068466867513,0));
#2231=DIRECTION('',(0,0,-1));
#2232=FACE_BOUND('',#2233,.T.);
#2233=EDGE_LOOP('',(#2234,#2235,#2236));
#2234=ORIENTED_EDGE('',*,*,#2237,.T.);
#2235=ORIENTED_EDGE('',*,*,#2238,.T.);
#2236=ORIENTED_EDGE('',*,*,#2239,.T.);
#2237=EDGE_CURVE('',#169,#167,#2240,.F.);
#2238=EDGE_CURVE('',#167,#171,#2241,.T.);
#2239=EDGE_CURVE('',#171,#169,#2242,.T.);
#2240=LINE('',#168,#2243);
#2241=LINE('',#166,#2244);
#2242=LINE('',#170,#2245);
#2243=VECTOR('',#2246,1.0);
#2244=VECTOR('',#2247,1.0);
#2245=VECTOR('',#2248,1.0);
#2246=DIRECTION('',(0,0,-1));
#2247=DIRECTION('',(-0.9063068466867513,0.42262027832170734,0));
#2248=DIRECTION('',(0.49588040420845886,-0.23123417329020074,0.8370384589879087));
#2249=FACE_SURFACE('',(#2254),#2250,.T.);
#2250=PLANE('',#2251);
#2251=AXIS2_PLACEMENT_3D('',#168,#2252,#2253);
#2252=DIRECTION('',(0.42262027832170734,0.9063068466867513,0));
#2253=DIRECTION('',(-0.49588040420845886,0.23123417329020074,-0.8370384589879087));
#2254=FACE_BOUND('',#2255,.T.);
#2255=EDGE_LOOP('',(#2256,#2257,#2258));
#2256=ORIENTED_EDGE('',*,*,#2259,.T.);
#2257=ORIENTED_EDGE('',*,*,#2260,.T.);
#2258=ORIENTED_EDGE('',*,*,#2261,.T.);
#2259=EDGE_CURVE('',#169,#171,#2262,.F.);
#2260=EDGE_CURVE('',#171,#173,#2263,.T.);
#2261=EDGE_CURVE('',#173,#169,#2264,.T.);
#2262=LINE('',#168,#2265);
#2263=LINE('',#170,#2266);
#2264=LINE('',#172,#2267);
#2265=VECTOR('',#2268,1.0);
#2266=VECTOR('',#2269,1.0);
#2267=VECTOR('',#2270,1.0);
#2268=DIRECTION('',(-0.49588040420845886,0.23123417329020074,-0.8370384589879087));
#2269=DIRECTION('',(0,0,1));
#2270=DIRECTION('',(0.9063068466867513,-0.42262027832170734,0));
#2271=FACE_SURFACE('',(#2276),#2272,.T.);
#2272=PLANE('',#2273);
#2273=AXIS2_PLACEMENT_3D('',#172,#2274,#2275);
#2274=DIRECTION('',(0.5735751389784192,0.819152952717554,0));
#2275=DIRECTION('',(0,0,-1));
#2276=FACE_BOUND('',#2277,.T.);
#2277=EDGE_LOOP('',(#2278,#2279,#2280));
#2278=ORIENTED_EDGE('',*,*,#2281,.T.);
#2279=ORIENTED_EDGE('',*,*,#2282,.T.);
#2280=ORIENTED_EDGE('',*,*,#2283,.T.);
#2281=EDGE_CURVE('',#173,#171,#2284,.F.);
#2282=EDGE_CURVE('',#171,#175,#2285,.T.);
#2283=EDGE_CURVE('',#175,#173,#2286,.T.);
#2284=LINE('',#172,#2287);
#2285=LINE('',#170,#2288);
#2286=LINE('',#174,#2289);
#2287=VECTOR('',#2290,1.0);
#2288=VECTOR('',#2291,1.0);
#2289=VECTOR('',#2292,1.0);
#2290=DIRECTION('',(0,0,-1));
#2291=DIRECTION('',(-0.819152952717554,0.5735751389784192,0));
#2292=DIRECTION('',(0.4481951956322711,-0.31382859668807095,0.8370380388685726));
#2293=FACE_SURFACE('',(#2298),#2294,.T.);
#2294=PLANE('',#2295);
#2295=AXIS2_PLACEMENT_3D('',#172,#2296,#2297);
#2296=DIRECTION('',(0.5735751389784192,0.819152952717554,0));
#2297=DIRECTION('',(-0.4481951956322711,0.31382859668807095,-0.8370380388685726));
#2298=FACE_BOUND('',#2299,.T.);
#2299=EDGE_LOOP('',(#2300,#2301,#2302));
#2300=ORIENTED_EDGE('',*,*,#2303,.T.);
#2301=ORIENTED_EDGE('',*,*,#2304,.T.);
#2302=ORIENTED_EDGE('',*,*,#2305,.T.);
#2303=EDGE_CURVE('',#173,#175,#2306,.F.);
#2304=EDGE_CURVE('',#175,#177,#2307,.T.);
#2305=EDGE_CURVE('',#177,#173,#2308,.T.);
#2306=LINE('',#172,#2309);
#2307=LINE('',#174,#2310);
#2308=LINE('',#176,#2311);
#2309=VECTOR('',#2312,1.0);
#2310=VECTOR('',#2313,1.0);
#2311=VECTOR('',#2314,1.0);
#2312=DIRECTION('',(-0.4481951956322711,0.31382859668807095,-0.8370380388685726));
#2313=DIRECTION('',(0,0,1));
#2314=DIRECTION('',(0.819152952717554,-0.5735751389784192,0));
#2315=FACE_SURFACE('',(#2320),#2316,.T.);
#2316=PLANE('',#2317);
#2317=AXIS2_PLACEMENT_3D('',#176,#2318,#2319);
#2318=DIRECTION('',(0.7071082401449037,0.7071053222251811,0));
#2319=DIRECTION('',(0,0,-1));
#2320=FACE_BOUND('',#2321,.T.);
#2321=EDGE_LOOP('',(#2322,#2323,#2324));
#2322=ORIENTED_EDGE('',*,*,#2325,.T.);
#2323=ORIENTED_EDGE('',*,*,#2326,.T.);
#2324=ORIENTED_EDGE('',*,*,#2327,.T.);
#2325=EDGE_CURVE('',#177,#175,#2328,.F.);
#2326=EDGE_CURVE('',#175,#179,#2329,.T.);
#2327=EDGE_CURVE('',#179,#177,#2330,.T.);
#2328=LINE('',#176,#2331);
#2329=LINE('',#174,#2332);
#2330=LINE('',#178,#2333);
#2331=VECTOR('',#2334,1.0);
#2332=VECTOR('',#2335,1.0);
#2333=VECTOR('',#2336,1.0);
#2334=DIRECTION('',(0,0,-1));
#2335=DIRECTION('',(-0.7071053222251811,0.7071082401449037,0));
#2336=DIRECTION('',(0.38688876748252765,-0.3868903640061708,0.8370381877997105));
#2337=FACE_SURFACE('',(#2342),#2338,.T.);
#2338=PLANE('',#2339);
#2339=AXIS2_PLACEMENT_3D('',#176,#2340,#2341);
#2340=DIRECTION('',(0.7071082401449037,0.7071053222251811,0));
#2341=DIRECTION('',(-0.38688876748252765,0.3868903640061708,-0.8370381877997105));
#2342=FACE_BOUND('',#2343,.T.);
#2343=EDGE_LOOP('',(#2344,#2345,#2346));
#2344=ORIENTED_EDGE('',*,*,#2347,.T.);
#2345=ORIENTED_EDGE('',*,*,#2348,.T.);
#2346=ORIENTED_EDGE('',*,*,#2349,.T.);
#2347=EDGE_CURVE('',#177,#179,#2350,.F.);
#2348=EDGE_CURVE('',#179,#181,#2351,.T.);
#2349=EDGE_CURVE('',#181,#177,#2352,.T.);
#2350=LINE('',#176,#2353);
#2351=LINE('',#178,#2354);
#2352=LINE('',#180,#2355);
#2353=VECTOR('',#2356,1.0);
#2354=VECTOR('',#2357,1.0);
#2355=VECTOR('',#2358,1.0);
#2356=DIRECTION('',(-0.38688876748252765,0.3868903640061708,-0.8370381877997105));
#2357=DIRECTION('',(0,0,1));
#2358=DIRECTION('',(0.7071053222251811,-0.7071082401449037,0));
#2359=FACE_SURFACE('',(#2364),#2360,.T.);
#2360=PLANE('',#2361);
#2361=AXIS2_PLACEMENT_3D('',#180,#2362,#2363);
#2362=DIRECTION('',(0.8191502107745317,0.5735790548721601,0));
#2363=DIRECTION('',(0,0,-1));
#2364=FACE_BOUND('',#2365,.T.);
#2365=EDGE_LOOP('',(#2366,#2367,#2368));
#2366=ORIENTED_EDGE('',*,*,#2369,.T.);
#2367=ORIENTED_EDGE('',*,*,#2370,.T.);
#2368=ORIENTED_EDGE('',*,*,#2371,.T.);
#2369=EDGE_CURVE('',#181,#179,#2372,.F.);
#2370=EDGE_CURVE('',#179,#183,#2373,.T.);
#2371=EDGE_CURVE('',#183,#181,#2374,.T.);
#2372=LINE('',#180,#2375);
#2373=LINE('',#178,#2376);
#2374=LINE('',#182,#2377);
#2375=VECTOR('',#2378,1.0);
#2376=VECTOR('',#2379,1.0);
#2377=VECTOR('',#2380,1.0);
#2378=DIRECTION('',(0,0,-1));
#2379=DIRECTION('',(-0.5735790548721601,0.8191502107745317,0));
#2380=DIRECTION('',(0.3138314752524378,-0.44819474650798374,0.8370372000953855));
#2381=FACE_SURFACE('',(#2386),#2382,.T.);
#2382=PLANE('',#2383);
#2383=AXIS2_PLACEMENT_3D('',#180,#2384,#2385);
#2384=DIRECTION('',(0.8191502107745317,0.5735790548721601,0));
#2385=DIRECTION('',(-0.3138314752524378,0.44819474650798374,-0.8370372000953855));
#2386=FACE_BOUND('',#2387,.T.);
#2387=EDGE_LOOP('',(#2388,#2389,#2390));
#2388=ORIENTED_EDGE('',*,*,#2391,.T.);
#2389=ORIENTED_EDGE('',*,*,#2392,.T.);
#2390=ORIENTED_EDGE('',*,*,#2393,.T.);
#2391=EDGE_CURVE('',#181,#183,#2394,.F.);
#2392=EDGE_CURVE('',#183,#185,#2395,.T.);
#2393=EDGE_CURVE('',#185,#181,#2396,.T.);
#2394=LINE('',#180,#2397);
#2395=LINE('',#182,#2398);
#2396=LINE('',#184,#2399);
#2397=VECTOR('',#2400,1.0);
#2398=VECTOR('',#2401,1.0);
#2399=VECTOR('',#2402,1.0);
#2400=DIRECTION('',(-0.3138314752524378,0.44819474650798374,-0.8370372000953855));
#2401=DIRECTION('',(0,0,1));
#2402=DIRECTION('',(0.5735790548721601,-0.8191502107745317,0));
#2403=FACE_SURFACE('',(#2408),#2404,.T.);
#2404=PLANE('',#2405);
#2405=AXIS2_PLACEMENT_3D('',#184,#2406,#2407);
#2406=DIRECTION('',(0.9063118383329408,0.42260957359904344,0));
#2407=DIRECTION('',(0,0,-1));
#2408=FACE_BOUND('',#2409,.T.);
#2409=EDGE_LOOP('',(#2410,#2411,#2412));
#2410=ORIENTED_EDGE('',*,*,#2413,.T.);
#2411=ORIENTED_EDGE('',*,*,#2414,.T.);
#2412=ORIENTED_EDGE('',*,*,#2415,.T.);
#2413=EDGE_CURVE('',#185,#183,#2416,.F.);
#2414=EDGE_CURVE('',#183,#187,#2417,.T.);
#2415=EDGE_CURVE('',#187,#185,#2418,.T.);
#2416=LINE('',#184,#2419);
#2417=LINE('',#182,#2420);
#2418=LINE('',#186,#2421);
#2419=VECTOR('',#2422,1.0);
#2420=VECTOR('',#2423,1.0);
#2421=VECTOR('',#2424,1.0);
#2422=DIRECTION('',(0,0,-1));
#2423=DIRECTION('',(-0.42260957359904344,0.9063118383329408,0));
#2424=DIRECTION('',(0.23122794557945323,-0.49588234040076606,0.8370390323406456));
#2425=FACE_SURFACE('',(#2430),#2426,.T.);
#2426=PLANE('',#2427);
#2427=AXIS2_PLACEMENT_3D('',#184,#2428,#2429);
#2428=DIRECTION('',(0.9063118383329408,0.42260957359904344,0));
#2429=DIRECTION('',(-0.23122794557945323,0.49588234040076606,-0.8370390323406456));
#2430=FACE_BOUND('',#2431,.T.);
#2431=EDGE_LOOP('',(#2432,#2433,#2434));
#2432=ORIENTED_EDGE('',*,*,#2435,.T.);
#2433=ORIENTED_EDGE('',*,*,#2436,.T.);
#2434=ORIENTED_EDGE('',*,*,#2437,.T.);
#2435=EDGE_CURVE('',#185,#187,#2438,.F.);
#2436=EDGE_CURVE('',#187,#189,#2439,.T.);
#2437=EDGE_CURVE('',#189,#185,#2440,.T.);
#2438=LINE('',#184,#2441);
#2439=LINE('',#186,#2442);
#2440=LINE('',#188,#2443);
#2441=VECTOR('',#2444,1.0);
#2442=VECTOR('',#2445,1.0);
#2443=VECTOR('',#2446,1.0);
#2444=DIRECTION('',(-0.23122794557945323,0.49588234040076606,-0.8370390323406456));
#2445=DIRECTION('',(0,0,1));
#2446=DIRECTION('',(0.42260957359904344,-0.9063118383329408,0));
#2447=FACE_SURFACE('',(#2452),#2448,.T.);
#2448=PLANE('',#2449);
#2449=AXIS2_PLACEMENT_3D('',#188,#2450,#2451);
#2450=DIRECTION('',(0.9659258445391972,0.2588189769921029,0));
#2451=DIRECTION('',(0,0,-1));
#2452=FACE_BOUND('',#2453,.T.);
#2453=EDGE_LOOP('',(#2454,#2455,#2456));
#2454=ORIENTED_EDGE('',*,*,#2457,.T.);
#2455=ORIENTED_EDGE('',*,*,#2458,.T.);
#2456=ORIENTED_EDGE('',*,*,#2459,.T.);
#2457=EDGE_CURVE('',#189,#187,#2460,.F.);
#2458=EDGE_CURVE('',#187,#191,#2461,.T.);
#2459=EDGE_CURVE('',#191,#189,#2462,.T.);
#2460=LINE('',#188,#2463);
#2461=LINE('',#186,#2464);
#2462=LINE('',#190,#2465);
#2463=VECTOR('',#2466,1.0);
#2464=VECTOR('',#2467,1.0);
#2465=VECTOR('',#2468,1.0);
#2466=DIRECTION('',(0,0,-1));
#2467=DIRECTION('',(-0.2588189769921029,0.9659258445391972,0));
#2468=DIRECTION('',(0.14161156485130508,-0.5285017040295611,0.8370377013840027));
#2469=FACE_SURFACE('',(#2474),#2470,.T.);
#2470=PLANE('',#2471);
#2471=AXIS2_PLACEMENT_3D('',#188,#2472,#2473);
#2472=DIRECTION('',(0.9659258445391972,0.2588189769921029,0));
#2473=DIRECTION('',(-0.14161156485130508,0.5285017040295611,-0.8370377013840027));
#2474=FACE_BOUND('',#2475,.T.);
#2475=EDGE_LOOP('',(#2476,#2477,#2478));
#2476=ORIENTED_EDGE('',*,*,#2479,.T.);
#2477=ORIENTED_EDGE('',*,*,#2480,.T.);
#2478=ORIENTED_EDGE('',*,*,#2481,.T.);
#2479=EDGE_CURVE('',#189,#191,#2482,.F.);
#2480=EDGE_CURVE('',#191,#193,#2483,.T.);
#2481=EDGE_CURVE('',#193,#189,#2484,.T.);
#2482=LINE('',#188,#2485);
#2483=LINE('',#190,#2486);
#2484=LINE('',#192,#2487);
#2485=VECTOR('',#2488,1.0);
#2486=VECTOR('',#2489,1.0);
#2487=VECTOR('',#2490,1.0);
#2488=DIRECTION('',(-0.14161156485130508,0.5285017040295611,-0.8370377013840027));
#2489=DIRECTION('',(0,0,1));
#2490=DIRECTION('',(0.2588189769921029,-0.9659258445391972,0));
#2491=FACE_SURFACE('',(#2496),#2492,.T.);
#2492=PLANE('',#2493);
#2493=AXIS2_PLACEMENT_3D('',#192,#2494,#2495);
#2494=DIRECTION('',(0.9961939772038475,0.08716398214159485,0));
#2495=DIRECTION('',(0,0,-1));
#2496=FACE_BOUND('',#2497,.T.);
#2497=EDGE_LOOP('',(#2498,#2499,#2500));
#2498=ORIENTED_EDGE('',*,*,#2501,.T.);
#2499=ORIENTED_EDGE('',*,*,#2502,.T.);
#2500=ORIENTED_EDGE('',*,*,#2503,.T.);
#2501=EDGE_CURVE('',#193,#191,#2504,.F.);
#2502=EDGE_CURVE('',#191,#195,#2505,.T.);
#2503=EDGE_CURVE('',#195,#193,#2506,.T.);
#2504=LINE('',#192,#2507);
#2505=LINE('',#190,#2508);
#2506=LINE('',#194,#2509);
#2507=VECTOR('',#2510,1.0);
#2508=VECTOR('',#2511,1.0);
#2509=VECTOR('',#2512,1.0);
#2510=DIRECTION('',(0,0,-1));
#2511=DIRECTION('',(-0.08716398214159485,0.9961939772038475,0));
#2512=DIRECTION('',(0.047691335297192786,-0.5450625340945836,0.8370378548572112));
#2513=FACE_SURFACE('',(#2518),#2514,.T.);
#2514=PLANE('',#2515);
#2515=AXIS2_PLACEMENT_3D('',#192,#2516,#2517);
#2516=DIRECTION('',(0.9961939772038475,0.08716398214159485,0));
#2517=DIRECTION('',(-0.047691335297192786,0.5450625340945836,-0.8370378548572112));
#2518=FACE_BOUND('',#2519,.T.);
#2519=EDGE_LOOP('',(#2520,#2521,#2522));
#2520=ORIENTED_EDGE('',*,*,#2523,.T.);
#2521=ORIENTED_EDGE('',*,*,#2524,.T.);
#2522=ORIENTED_EDGE('',*,*,#2525,.T.);
#2523=EDGE_CURVE('',#193,#195,#2526,.F.);
#2524=EDGE_CURVE('',#195,#197,#2527,.T.);
#2525=EDGE_CURVE('',#197,#193,#2528,.T.);
#2526=LINE('',#192,#2529);
#2527=LINE('',#194,#2530);
#2528=LINE('',#196,#2531);
#2529=VECTOR('',#2532,1.0);
#2530=VECTOR('',#2533,1.0);
#2531=VECTOR('',#2534,1.0);
#2532=DIRECTION('',(-0.047691335297192786,0.5450625340945836,-0.8370378548572112));
#2533=DIRECTION('',(0,0,1));
#2534=DIRECTION('',(0.08716398214159485,-0.9961939772038475,0));
#2535=FACE_SURFACE('',(#2540),#2536,.T.);
#2536=PLANE('',#2537);
#2537=AXIS2_PLACEMENT_3D('',#196,#2538,#2539);
#2538=DIRECTION('',(0.9961939772038475,-0.08716398214159485,0));
#2539=DIRECTION('',(0,0,-1));
#2540=FACE_BOUND('',#2541,.T.);
#2541=EDGE_LOOP('',(#2542,#2543,#2544));
#2542=ORIENTED_EDGE('',*,*,#2545,.T.);
#2543=ORIENTED_EDGE('',*,*,#2546,.T.);
#2544=ORIENTED_EDGE('',*,*,#2547,.T.);
#2545=EDGE_CURVE('',#197,#195,#2548,.F.);
#2546=EDGE_CURVE('',#195,#199,#2549,.T.);
#2547=EDGE_CURVE('',#199,#197,#2550,.T.);
#2548=LINE('',#196,#2551);
#2549=LINE('',#194,#2552);
#2550=LINE('',#198,#2553);
#2551=VECTOR('',#2554,1.0);
#2552=VECTOR('',#2555,1.0);
#2553=VECTOR('',#2556,1.0);
#2554=DIRECTION('',(0,0,-1));
#2555=DIRECTION('',(0.08716398214159485,0.9961939772038475,0));
#2556=DIRECTION('',(-0.047691335297192786,-0.5450625340945836,0.8370378548572112));
#2557=FACE_SURFACE('',(#2562),#2558,.T.);
#2558=PLANE('',#2559);
#2559=AXIS2_PLACEMENT_3D('',#196,#2560,#2561);
#2560=DIRECTION('',(0.9961939772038475,-0.08716398214159485,0));
#2561=DIRECTION('',(0.047691335297192786,0.5450625340945836,-0.8370378548572112));
#2562=FACE_BOUND('',#2563,.T.);
#2563=EDGE_LOOP('',(#2564,#2565,#2566));
#2564=ORIENTED_EDGE('',*,*,#2567,.T.);
#2565=ORIENTED_EDGE('',*,*,#2568,.T.);
#2566=ORIENTED_EDGE('',*,*,#2569,.T.);
#2567=EDGE_CURVE('',#197,#199,#2570,.F.);
#2568=EDGE_CURVE('',#199,#201,#2571,.T.);
#2569=EDGE_CURVE('',#201,#197,#2572,.T.);
#2570=LINE('',#196,#2573);
#2571=LINE('',#198,#2574);
#2572=LINE('',#200,#2575);
#2573=VECTOR('',#2576,1.0);
#2574=VECTOR('',#2577,1.0);
#2575=VECTOR('',#2578,1.0);
#2576=DIRECTION('',(0.047691335297192786,0.5450625340945836,-0.8370378548572112));
#2577=DIRECTION('',(0,0,1));
#2578=DIRECTION('',(-0.08716398214159485,-0.9961939772038475,0));
#2579=FACE_SURFACE('',(#2584),#2580,.T.);
#2580=PLANE('',#2581);
#2581=AXIS2_PLACEMENT_3D('',#200,#2582,#2583);
#2582=DIRECTION('',(0.9659258445391972,-0.2588189769921029,0));
#2583=DIRECTION('',(0,0,-1));
#2584=FACE_BOUND('',#2585,.T.);
#2585=EDGE_LOOP('',(#2586,#2587,#2588));
#2586=ORIENTED_EDGE('',*,*,#2589,.T.);
#2587=ORIENTED_EDGE('',*,*,#2590,.T.);
#2588=ORIENTED_EDGE('',*,*,#2591,.T.);
#2589=EDGE_CURVE('',#201,#199,#2592,.F.);
#2590=EDGE_CURVE('',#199,#203,#2593,.T.);
#2591=EDGE_CURVE('',#203,#201,#2594,.T.);
#2592=LINE('',#200,#2595);
#2593=LINE('',#198,#2596);
#2594=LINE('',#202,#2597);
#2595=VECTOR('',#2598,1.0);
#2596=VECTOR('',#2599,1.0);
#2597=VECTOR('',#2600,1.0);
#2598=DIRECTION('',(0,0,-1));
#2599=DIRECTION('',(0.2588189769921029,0.9659258445391972,0));
#2600=DIRECTION('',(-0.14161156485130508,-0.5285017040295611,0.8370377013840027));
#2601=FACE_SURFACE('',(#2606),#2602,.T.);
#2602=PLANE('',#2603);
#2603=AXIS2_PLACEMENT_3D('',#200,#2604,#2605);
#2604=DIRECTION('',(0.9659258445391972,-0.2588189769921029,0));
#2605=DIRECTION('',(0.14161156485130508,0.5285017040295611,-0.8370377013840027));
#2606=FACE_BOUND('',#2607,.T.);
#2607=EDGE_LOOP('',(#2608,#2609,#2610));
#2608=ORIENTED_EDGE('',*,*,#2611,.T.);
#2609=ORIENTED_EDGE('',*,*,#2612,.T.);
#2610=ORIENTED_EDGE('',*,*,#2613,.T.);
#2611=EDGE_CURVE('',#201,#203,#2614,.F.);
#2612=EDGE_CURVE('',#203,#205,#2615,.T.);
#2613=EDGE_CURVE('',#205,#201,#2616,.T.);
#2614=LINE('',#200,#2617);
#2615=LINE('',#202,#2618);
#2616=LINE('',#204,#2619);
#2617=VECTOR('',#2620,1.0);
#2618=VECTOR('',#2621,1.0);
#2619=VECTOR('',#2622,1.0);
#2620=DIRECTION('',(0.14161156485130508,0.5285017040295611,-0.8370377013840027));
#2621=DIRECTION('',(0,0,1));
#2622=DIRECTION('',(-0.2588189769921029,-0.9659258445391972,0));
#2623=FACE_SURFACE('',(#2628),#2624,.T.);
#2624=PLANE('',#2625);
#2625=AXIS2_PLACEMENT_3D('',#204,#2626,#2627);
#2626=DIRECTION('',(0.9063118383329408,-0.42260957359904344,0));
#2627=DIRECTION('',(0,0,-1));
#2628=FACE_BOUND('',#2629,.T.);
#2629=EDGE_LOOP('',(#2630,#2631,#2632));
#2630=ORIENTED_EDGE('',*,*,#2633,.T.);
#2631=ORIENTED_EDGE('',*,*,#2634,.T.);
#2632=ORIENTED_EDGE('',*,*,#2635,.T.);
#2633=EDGE_CURVE('',#205,#203,#2636,.F.);
#2634=EDGE_CURVE('',#203,#207,#2637,.T.);
#2635=EDGE_CURVE('',#207,#205,#2638,.T.);
#2636=LINE('',#204,#2639);
#2637=LINE('',#202,#2640);
#2638=LINE('',#206,#2641);
#2639=VECTOR('',#2642,1.0);
#2640=VECTOR('',#2643,1.0);
#2641=VECTOR('',#2644,1.0);
#2642=DIRECTION('',(0,0,-1));
#2643=DIRECTION('',(0.42260957359904344,0.9063118383329408,0));
#2644=DIRECTION('',(-0.23122794557945323,-0.49588234040076606,0.8370390323406456));
#2645=FACE_SURFACE('',(#2650),#2646,.T.);
#2646=PLANE('',#2647);
#2647=AXIS2_PLACEMENT_3D('',#204,#2648,#2649);
#2648=DIRECTION('',(0.9063118383329408,-0.42260957359904344,0));
#2649=DIRECTION('',(0.23122794557945323,0.49588234040076606,-0.8370390323406456));
#2650=FACE_BOUND('',#2651,.T.);
#2651=EDGE_LOOP('',(#2652,#2653,#2654));
#2652=ORIENTED_EDGE('',*,*,#2655,.T.);
#2653=ORIENTED_EDGE('',*,*,#2656,.T.);
#2654=ORIENTED_EDGE('',*,*,#2657,.T.);
#2655=EDGE_CURVE('',#205,#207,#2658,.F.);
#2656=EDGE_CURVE('',#207,#209,#2659,.T.);
#2657=EDGE_CURVE('',#209,#205,#2660,.T.);
#2658=LINE('',#204,#2661);
#2659=LINE('',#206,#2662);
#2660=LINE('',#208,#2663);
#2661=VECTOR('',#2664,1.0);
#2662=VECTOR('',#2665,1.0);
#2663=VECTOR('',#2666,1.0);
#2664=DIRECTION('',(0.23122794557945323,0.49588234040076606,-0.8370390323406456));
#2665=DIRECTION('',(0,0,1));
#2666=DIRECTION('',(-0.42260957359904344,-0.9063118383329408,0));
#2667=FACE_SURFACE('',(#2672),#2668,.T.);
#2668=PLANE('',#2669);
#2669=AXIS2_PLACEMENT_3D('',#208,#2670,#2671);
#2670=DIRECTION('',(0.8191502107745317,-0.5735790548721601,0));
#2671=DIRECTION('',(0,0,-1));
#2672=FACE_BOUND('',#2673,.T.);
#2673=EDGE_LOOP('',(#2674,#2675,#2676));
#2674=ORIENTED_EDGE('',*,*,#2677,.T.);
#2675=ORIENTED_EDGE('',*,*,#2678,.T.);
#2676=ORIENTED_EDGE('',*,*,#2679,.T.);
#2677=EDGE_CURVE('',#209,#207,#2680,.F.);
#2678=EDGE_CURVE('',#207,#211,#2681,.T.);
#2679=EDGE_CURVE('',#211,#209,#2682,.T.);
#2680=LINE('',#208,#2683);
#2681=LINE('',#206,#2684);
#2682=LINE('',#210,#2685);
#2683=VECTOR('',#2686,1.0);
#2684=VECTOR('',#2687,1.0);
#2685=VECTOR('',#2688,1.0);
#2686=DIRECTION('',(0,0,-1));
#2687=DIRECTION('',(0.5735790548721601,0.8191502107745317,0));
#2688=DIRECTION('',(-0.3138314752524378,-0.44819474650798374,0.8370372000953855));
#2689=FACE_SURFACE('',(#2694),#2690,.T.);
#2690=PLANE('',#2691);
#2691=AXIS2_PLACEMENT_3D('',#208,#2692,#2693);
#2692=DIRECTION('',(0.8191502107745317,-0.5735790548721601,0));
#2693=DIRECTION('',(0.3138314752524378,0.44819474650798374,-0.8370372000953855));
#2694=FACE_BOUND('',#2695,.T.);
#2695=EDGE_LOOP('',(#2696,#2697,#2698));
#2696=ORIENTED_EDGE('',*,*,#2699,.T.);
#2697=ORIENTED_EDGE('',*,*,#2700,.T.);
#2698=ORIENTED_EDGE('',*,*,#2701,.T.);
#2699=EDGE_CURVE('',#209,#211,#2702,.F.);
#2700=EDGE_CURVE('',#211,#213,#2703,.T.);
#2701=EDGE_CURVE('',#213,#209,#2704,.T.);
#2702=LINE('',#208,#2705);
#2703=LINE('',#210,#2706);
#2704=LINE('',#212,#2707);
#2705=VECTOR('',#2708,1.0);
#2706=VECTOR('',#2709,1.0);
#2707=VECTOR('',#2710,1.0);
#2708=DIRECTION('',(0.3138314752524378,0.44819474650798374,-0.8370372000953855));
#2709=DIRECTION('',(0,0,1));
#2710=DIRECTION('',(-0.5735790548721601,-0.8191502107745317,0));
#2711=FACE_SURFACE('',(#2716),#2712,.T.);
#2712=PLANE('',#2713);
#2713=AXIS2_PLACEMENT_3D('',#212,#2714,#2715);
#2714=DIRECTION('',(0.7071067811865475,-0.7071067811865475,0));
#2715=DIRECTION('',(0,0,-1));
#2716=FACE_BOUND('',#2717,.T.);
#2717=EDGE_LOOP('',(#2718,#2719,#2720));
#2718=ORIENTED_EDGE('',*,*,#2721,.T.);
#2719=ORIENTED_EDGE('',*,*,#2722,.T.);
#2720=ORIENTED_EDGE('',*,*,#2723,.T.);
#2721=EDGE_CURVE('',#213,#211,#2724,.F.);
#2722=EDGE_CURVE('',#211,#215,#2725,.T.);
#2723=EDGE_CURVE('',#215,#213,#2726,.T.);
#2724=LINE('',#212,#2727);
#2725=LINE('',#210,#2728);
#2726=LINE('',#214,#2729);
#2727=VECTOR('',#2730,1.0);
#2728=VECTOR('',#2731,1.0);
#2729=VECTOR('',#2732,1.0);
#2730=DIRECTION('',(0,0,-1));
#2731=DIRECTION('',(0.7071067811865475,0.7071067811865475,0));
#2732=DIRECTION('',(-0.3868890064555603,-0.3868890064555603,0.837038704820547));
#2733=FACE_SURFACE('',(#2738),#2734,.T.);
#2734=PLANE('',#2735);
#2735=AXIS2_PLACEMENT_3D('',#212,#2736,#2737);
#2736=DIRECTION('',(0.7071067811865475,-0.7071067811865475,0));
#2737=DIRECTION('',(0.3868890064555603,0.3868890064555603,-0.837038704820547));
#2738=FACE_BOUND('',#2739,.T.);
#2739=EDGE_LOOP('',(#2740,#2741,#2742));
#2740=ORIENTED_EDGE('',*,*,#2743,.T.);
#2741=ORIENTED_EDGE('',*,*,#2744,.T.);
#2742=ORIENTED_EDGE('',*,*,#2745,.T.);
#2743=EDGE_CURVE('',#213,#215,#2746,.F.);
#2744=EDGE_CURVE('',#215,#217,#2747,.T.);
#2745=EDGE_CURVE('',#217,#213,#2748,.T.);
#2746=LINE('',#212,#2749);
#2747=LINE('',#214,#2750);
#2748=LINE('',#216,#2751);
#2749=VECTOR('',#2752,1.0);
#2750=VECTOR('',#2753,1.0);
#2751=VECTOR('',#2754,1.0);
#2752=DIRECTION('',(0.3868890064555603,0.3868890064555603,-0.837038704820547));
#2753=DIRECTION('',(0,0,1));
#2754=DIRECTION('',(-0.7071067811865475,-0.7071067811865475,0));
#2755=FACE_SURFACE('',(#2760),#2756,.T.);
#2756=PLANE('',#2757);
#2757=AXIS2_PLACEMENT_3D('',#216,#2758,#2759);
#2758=DIRECTION('',(0.573577096930205,-0.8191515817460882,0));
#2759=DIRECTION('',(0,0,-1));
#2760=FACE_BOUND('',#2761,.T.);
#2761=EDGE_LOOP('',(#2762,#2763,#2764));
#2762=ORIENTED_EDGE('',*,*,#2765,.T.);
#2763=ORIENTED_EDGE('',*,*,#2766,.T.);
#2764=ORIENTED_EDGE('',*,*,#2767,.T.);
#2765=EDGE_CURVE('',#217,#215,#2768,.F.);
#2766=EDGE_CURVE('',#215,#219,#2769,.T.);
#2767=EDGE_CURVE('',#219,#217,#2770,.T.);
#2768=LINE('',#216,#2771);
#2769=LINE('',#214,#2772);
#2770=LINE('',#218,#2773);
#2771=VECTOR('',#2774,1.0);
#2772=VECTOR('',#2775,1.0);
#2773=VECTOR('',#2776,1.0);
#2774=DIRECTION('',(0,0,-1));
#2775=DIRECTION('',(0.8191515817460882,0.573577096930205,0));
#2776=DIRECTION('',(-0.44819497107052986,-0.31383003597133613,0.8370376194827307));
#2777=FACE_SURFACE('',(#2782),#2778,.T.);
#2778=PLANE('',#2779);
#2779=AXIS2_PLACEMENT_3D('',#216,#2780,#2781);
#2780=DIRECTION('',(0.573577096930205,-0.8191515817460882,0));
#2781=DIRECTION('',(0.44819497107052986,0.31383003597133613,-0.8370376194827307));
#2782=FACE_BOUND('',#2783,.T.);
#2783=EDGE_LOOP('',(#2784,#2785,#2786));
#2784=ORIENTED_EDGE('',*,*,#2787,.T.);
#2785=ORIENTED_EDGE('',*,*,#2788,.T.);
#2786=ORIENTED_EDGE('',*,*,#2789,.T.);
#2787=EDGE_CURVE('',#217,#219,#2790,.F.);
#2788=EDGE_CURVE('',#219,#221,#2791,.T.);
#2789=EDGE_CURVE('',#221,#217,#2792,.T.);
#2790=LINE('',#216,#2793);
#2791=LINE('',#218,#2794);
#2792=LINE('',#220,#2795);
#2793=VECTOR('',#2796,1.0);
#2794=VECTOR('',#2797,1.0);
#2795=VECTOR('',#2798,1.0);
#2796=DIRECTION('',(0.44819497107052986,0.31383003597133613,-0.8370376194827307));
#2797=DIRECTION('',(0,0,1));
#2798=DIRECTION('',(-0.8191515817460882,-0.573577096930205,0));
#2799=FACE_SURFACE('',(#2804),#2800,.T.);
#2800=PLANE('',#2801);
#2801=AXIS2_PLACEMENT_3D('',#220,#2802,#2803);
#2802=DIRECTION('',(0.42262027832170734,-0.9063068466867513,0));
#2803=DIRECTION('',(0,0,-1));
#2804=FACE_BOUND('',#2805,.T.);
#2805=EDGE_LOOP('',(#2806,#2807,#2808));
#2806=ORIENTED_EDGE('',*,*,#2809,.T.);
#2807=ORIENTED_EDGE('',*,*,#2810,.T.);
#2808=ORIENTED_EDGE('',*,*,#2811,.T.);
#2809=EDGE_CURVE('',#221,#219,#2812,.F.);
#2810=EDGE_CURVE('',#219,#223,#2813,.T.);
#2811=EDGE_CURVE('',#223,#221,#2814,.T.);
#2812=LINE('',#220,#2815);
#2813=LINE('',#218,#2816);
#2814=LINE('',#222,#2817);
#2815=VECTOR('',#2818,1.0);
#2816=VECTOR('',#2819,1.0);
#2817=VECTOR('',#2820,1.0);
#2818=DIRECTION('',(0,0,-1));
#2819=DIRECTION('',(0.9063068466867513,0.42262027832170734,0));
#2820=DIRECTION('',(-0.49588040420845886,-0.23123417329020074,0.8370384589879087));
#2821=FACE_SURFACE('',(#2826),#2822,.T.);
#2822=PLANE('',#2823);
#2823=AXIS2_PLACEMENT_3D('',#220,#2824,#2825);
#2824=DIRECTION('',(0.42262027832170734,-0.9063068466867513,0));
#2825=DIRECTION('',(0.49588040420845886,0.23123417329020074,-0.8370384589879087));
#2826=FACE_BOUND('',#2827,.T.);
#2827=EDGE_LOOP('',(#2828,#2829,#2830));
#2828=ORIENTED_EDGE('',*,*,#2831,.T.);
#2829=ORIENTED_EDGE('',*,*,#2832,.T.);
#2830=ORIENTED_EDGE('',*,*,#2833,.T.);
#2831=EDGE_CURVE('',#221,#223,#2834,.F.);
#2832=EDGE_CURVE('',#223,#225,#2835,.T.);
#2833=EDGE_CURVE('',#225,#221,#2836,.T.);
#2834=LINE('',#220,#2837);
#2835=LINE('',#222,#2838);
#2836=LINE('',#224,#2839);
#2837=VECTOR('',#2840,1.0);
#2838=VECTOR('',#2841,1.0);
#2839=VECTOR('',#2842,1.0);
#2840=DIRECTION('',(0.49588040420845886,0.23123417329020074,-0.8370384589879087));
#2841=DIRECTION('',(0,0,1));
#2842=DIRECTION('',(-0.9063068466867513,-0.42262027832170734,0));
#2843=FACE_SURFACE('',(#2848),#2844,.T.);
#2844=PLANE('',#2845);
#2845=AXIS2_PLACEMENT_3D('',#224,#2846,#2847);
#2846=DIRECTION('',(0.25881678857493334,-0.965926430920988,0));
#2847=DIRECTION('',(0,0,-1));
#2848=FACE_BOUND('',#2849,.T.);
#2849=EDGE_LOOP('',(#2850,#2851,#2852));
#2850=ORIENTED_EDGE('',*,*,#2853,.T.);
#2851=ORIENTED_EDGE('',*,*,#2854,.T.);
#2852=ORIENTED_EDGE('',*,*,#2855,.T.);
#2853=EDGE_CURVE('',#225,#223,#2856,.F.);
#2854=EDGE_CURVE('',#223,#227,#2857,.T.);
#2855=EDGE_CURVE('',#227,#225,#2858,.T.);
#2856=LINE('',#224,#2859);
#2857=LINE('',#222,#2860);
#2858=LINE('',#226,#2861);
#2859=VECTOR('',#2862,1.0);
#2860=VECTOR('',#2863,1.0);
#2861=VECTOR('',#2864,1.0);
#2862=DIRECTION('',(0,0,-1));
#2863=DIRECTION('',(0.965926430920988,0.25881678857493334,0));
#2864=DIRECTION('',(-0.5285051557909188,-0.14161120639040617,0.8370355825931598));
#2865=FACE_SURFACE('',(#2870),#2866,.T.);
#2866=PLANE('',#2867);
#2867=AXIS2_PLACEMENT_3D('',#224,#2868,#2869);
#2868=DIRECTION('',(0.25881678857493334,-0.965926430920988,0));
#2869=DIRECTION('',(0.5285051557909188,0.14161120639040617,-0.8370355825931598));
#2870=FACE_BOUND('',#2871,.T.);
#2871=EDGE_LOOP('',(#2872,#2873,#2874));
#2872=ORIENTED_EDGE('',*,*,#2875,.T.);
#2873=ORIENTED_EDGE('',*,*,#2876,.T.);
#2874=ORIENTED_EDGE('',*,*,#2877,.T.);
#2875=EDGE_CURVE('',#225,#227,#2878,.F.);
#2876=EDGE_CURVE('',#227,#229,#2879,.T.);
#2877=EDGE_CURVE('',#229,#225,#2880,.T.);
#2878=LINE('',#224,#2881);
#2879=LINE('',#226,#2882);
#2880=LINE('',#228,#2883);
#2881=VECTOR('',#2884,1.0);
#2882=VECTOR('',#2885,1.0);
#2883=VECTOR('',#2886,1.0);
#2884=DIRECTION('',(0.5285051557909188,0.14161120639040617,-0.8370355825931598));
#2885=DIRECTION('',(0,0,1));
#2886=DIRECTION('',(-0.965926430920988,-0.25881678857493334,0));
#2887=FACE_SURFACE('',(#2892),#2888,.T.);
#2888=PLANE('',#2889);
#2889=AXIS2_PLACEMENT_3D('',#228,#2890,#2891);
#2890=DIRECTION('',(0.0871558015827422,-0.9961946929443409,0));
#2891=DIRECTION('',(0,0,-1));
#2892=FACE_BOUND('',#2893,.T.);
#2893=EDGE_LOOP('',(#2894,#2895,#2896));
#2894=ORIENTED_EDGE('',*,*,#2897,.T.);
#2895=ORIENTED_EDGE('',*,*,#2898,.T.);
#2896=ORIENTED_EDGE('',*,*,#2899,.T.);
#2897=EDGE_CURVE('',#229,#227,#2900,.F.);
#2898=EDGE_CURVE('',#227,#231,#2901,.T.);
#2899=EDGE_CURVE('',#231,#229,#2902,.T.);
#2900=LINE('',#228,#2903);
#2901=LINE('',#226,#2904);
#2902=LINE('',#230,#2905);
#2903=VECTOR('',#2906,1.0);
#2904=VECTOR('',#2907,1.0);
#2905=VECTOR('',#2908,1.0);
#2906=DIRECTION('',(0,0,-1));
#2907=DIRECTION('',(0.9961946929443409,0.0871558015827422,0));
#2908=DIRECTION('',(-0.5450604141722676,-0.047686639614390756,0.837039502834032));
#2909=FACE_SURFACE('',(#2914),#2910,.T.);
#2910=PLANE('',#2911);
#2911=AXIS2_PLACEMENT_3D('',#228,#2912,#2913);
#2912=DIRECTION('',(0.0871558015827422,-0.9961946929443409,0));
#2913=DIRECTION('',(0.5450604141722676,0.047686639614390756,-0.837039502834032));
#2914=FACE_BOUND('',#2915,.T.);
#2915=EDGE_LOOP('',(#2916,#2917,#2918));
#2916=ORIENTED_EDGE('',*,*,#2919,.T.);
#2917=ORIENTED_EDGE('',*,*,#2920,.T.);
#2918=ORIENTED_EDGE('',*,*,#2921,.T.);
#2919=EDGE_CURVE('',#229,#231,#2922,.F.);
#2920=EDGE_CURVE('',#231,#233,#2923,.T.);
#2921=EDGE_CURVE('',#233,#229,#2924,.T.);
#2922=LINE('',#228,#2925);
#2923=LINE('',#230,#2926);
#2924=LINE('',#232,#2927);
#2925=VECTOR('',#2928,1.0);
#2926=VECTOR('',#2929,1.0);
#2927=VECTOR('',#2930,1.0);
#2928=DIRECTION('',(0.5450604141722676,0.047686639614390756,-0.837039502834032));
#2929=DIRECTION('',(0,0,1));
#2930=DIRECTION('',(-0.9961946929443409,-0.0871558015827422,0));
#2931=FACE_SURFACE('',(#2936),#2932,.T.);
#2932=PLANE('',#2933);
#2933=AXIS2_PLACEMENT_3D('',#232,#2934,#2935);
#2934=DIRECTION('',(-0.08715478820559809,-0.9961947816028938,-0));
#2935=DIRECTION('',(0,0,-1));
#2936=FACE_BOUND('',#2937,.T.);
#2937=EDGE_LOOP('',(#2938,#2939,#2940));
#2938=ORIENTED_EDGE('',*,*,#2941,.T.);
#2939=ORIENTED_EDGE('',*,*,#2942,.T.);
#2940=ORIENTED_EDGE('',*,*,#2943,.T.);
#2941=EDGE_CURVE('',#233,#231,#2944,.F.);
#2942=EDGE_CURVE('',#231,#235,#2945,.T.);
#2943=EDGE_CURVE('',#235,#233,#2946,.T.);
#2944=LINE('',#232,#2947);
#2945=LINE('',#230,#2948);
#2946=LINE('',#234,#2949);
#2947=VECTOR('',#2950,1.0);
#2948=VECTOR('',#2951,1.0);
#2949=VECTOR('',#2952,1.0);
#2950=DIRECTION('',(0,0,-1));
#2951=DIRECTION('',(0.9961947816028938,-0.08715478820559809,0));
#2952=DIRECTION('',(-0.5450649030001579,0.04768647362601847,0.837036589254343));
#2953=FACE_SURFACE('',(#2958),#2954,.T.);
#2954=PLANE('',#2955);
#2955=AXIS2_PLACEMENT_3D('',#232,#2956,#2957);
#2956=DIRECTION('',(-0.08715478820559809,-0.9961947816028938,0));
#2957=DIRECTION('',(0.5450649030001579,-0.04768647362601847,-0.837036589254343));
#2958=FACE_BOUND('',#2959,.T.);
#2959=EDGE_LOOP('',(#2960,#2961,#2962));
#2960=ORIENTED_EDGE('',*,*,#2963,.T.);
#2961=ORIENTED_EDGE('',*,*,#2964,.T.);
#2962=ORIENTED_EDGE('',*,*,#2965,.T.);
#2963=EDGE_CURVE('',#233,#235,#2966,.F.);
#2964=EDGE_CURVE('',#235,#237,#2967,.T.);
#2965=EDGE_CURVE('',#237,#233,#2968,.T.);
#2966=LINE('',#232,#2969);
#2967=LINE('',#234,#2970);
#2968=LINE('',#236,#2971);
#2969=VECTOR('',#2972,1.0);
#2970=VECTOR('',#2973,1.0);
#2971=VECTOR('',#2974,1.0);
#2972=DIRECTION('',(0.5450649030001579,-0.04768647362601847,-0.837036589254343));
#2973=DIRECTION('',(0,0,1));
#2974=DIRECTION('',(-0.9961947816028938,0.08715478820559809,0));
#2975=FACE_SURFACE('',(#2980),#2976,.T.);
#2976=PLANE('',#2977);
#2977=AXIS2_PLACEMENT_3D('',#236,#2978,#2979);
#2978=DIRECTION('',(-0.25881970647242153,-0.9659256490752949,-0));
#2979=DIRECTION('',(0,0,-1));
#2980=FACE_BOUND('',#2981,.T.);
#2981=EDGE_LOOP('',(#2982,#2983,#2984));
#2982=ORIENTED_EDGE('',*,*,#2985,.T.);
#2983=ORIENTED_EDGE('',*,*,#2986,.T.);
#2984=ORIENTED_EDGE('',*,*,#2987,.T.);
#2985=EDGE_CURVE('',#237,#235,#2988,.F.);
#2986=EDGE_CURVE('',#235,#239,#2989,.T.);
#2987=EDGE_CURVE('',#239,#237,#2990,.T.);
#2988=LINE('',#236,#2991);
#2989=LINE('',#234,#2992);
#2990=LINE('',#238,#2993);
#2991=VECTOR('',#2994,1.0);
#2992=VECTOR('',#2995,1.0);
#2993=VECTOR('',#2996,1.0);
#2994=DIRECTION('',(0,0,-1));
#2995=DIRECTION('',(0.9659256490752949,-0.25881970647242153,0));
#2996=DIRECTION('',(-0.528500553436617,0.1416116843381544,0.8370384076469255));
#2997=FACE_SURFACE('',(#3002),#2998,.T.);
#2998=PLANE('',#2999);
#2999=AXIS2_PLACEMENT_3D('',#236,#3000,#3001);
#3000=DIRECTION('',(-0.25881970647242153,-0.9659256490752949,0));
#3001=DIRECTION('',(0.528500553436617,-0.1416116843381544,-0.8370384076469255));
#3002=FACE_BOUND('',#3003,.T.);
#3003=EDGE_LOOP('',(#3004,#3005,#3006));
#3004=ORIENTED_EDGE('',*,*,#3007,.T.);
#3005=ORIENTED_EDGE('',*,*,#3008,.T.);
#3006=ORIENTED_EDGE('',*,*,#3009,.T.);
#3007=EDGE_CURVE('',#237,#239,#3010,.F.);
#3008=EDGE_CURVE('',#239,#241,#3011,.T.);
#3009=EDGE_CURVE('',#241,#237,#3012,.T.);
#3010=LINE('',#236,#3013);
#3011=LINE('',#238,#3014);
#3012=LINE('',#240,#3015);
#3013=VECTOR('',#3016,1.0);
#3014=VECTOR('',#3017,1.0);
#3015=VECTOR('',#3018,1.0);
#3016=DIRECTION('',(0.528500553436617,-0.1416116843381544,-0.8370384076469255));
#3017=DIRECTION('',(0,0,1));
#3018=DIRECTION('',(-0.9659256490752949,0.25881970647242153,0));
#3019=FACE_SURFACE('',(#3024),#3020,.T.);
#3020=PLANE('',#3021);
#3021=AXIS2_PLACEMENT_3D('',#240,#3022,#3023);
#3022=DIRECTION('',(-0.42262027832170734,-0.9063068466867513,-0));
#3023=DIRECTION('',(0,0,-1));
#3024=FACE_BOUND('',#3025,.T.);
#3025=EDGE_LOOP('',(#3026,#3027,#3028));
#3026=ORIENTED_EDGE('',*,*,#3029,.T.);
#3027=ORIENTED_EDGE('',*,*,#3030,.T.);
#3028=ORIENTED_EDGE('',*,*,#3031,.T.);
#3029=EDGE_CURVE('',#241,#239,#3032,.F.);
#3030=EDGE_CURVE('',#239,#243,#3033,.T.);
#3031=EDGE_CURVE('',#243,#241,#3034,.T.);
#3032=LINE('',#240,#3035);
#3033=LINE('',#238,#3036);
#3034=LINE('',#242,#3037);
#3035=VECTOR('',#3038,1.0);
#3036=VECTOR('',#3039,1.0);
#3037=VECTOR('',#3040,1.0);
#3038=DIRECTION('',(0,0,-1));
#3039=DIRECTION('',(0.9063068466867513,-0.42262027832170734,0));
#3040=DIRECTION('',(-0.49588040420845886,0.23123417329020074,0.8370384589879087));
#3041=FACE_SURFACE('',(#3046),#3042,.T.);
#3042=PLANE('',#3043);
#3043=AXIS2_PLACEMENT_3D('',#240,#3044,#3045);
#3044=DIRECTION('',(-0.42262027832170734,-0.9063068466867513,0));
#3045=DIRECTION('',(0.49588040420845886,-0.23123417329020074,-0.8370384589879087));
#3046=FACE_BOUND('',#3047,.T.);
#3047=EDGE_LOOP('',(#3048,#3049,#3050));
#3048=ORIENTED_EDGE('',*,*,#3051,.T.);
#3049=ORIENTED_EDGE('',*,*,#3052,.T.);
#3050=ORIENTED_EDGE('',*,*,#3053,.T.);
#3051=EDGE_CURVE('',#241,#243,#3054,.F.);
#3052=EDGE_CURVE('',#243,#245,#3055,.T.);
#3053=EDGE_CURVE('',#245,#241,#3056,.T.);
#3054=LINE('',#240,#3057);
#3055=LINE('',#242,#3058);
#3056=LINE('',#244,#3059);
#3057=VECTOR('',#3060,1.0);
#3058=VECTOR('',#3061,1.0);
#3059=VECTOR('',#3062,1.0);
#3060=DIRECTION('',(0.49588040420845886,-0.23123417329020074,-0.8370384589879087));
#3061=DIRECTION('',(0,0,1));
#3062=DIRECTION('',(-0.9063068466867513,0.42262027832170734,0));
#3063=FACE_SURFACE('',(#3068),#3064,.T.);
#3064=PLANE('',#3065);
#3065=AXIS2_PLACEMENT_3D('',#244,#3066,#3067);
#3066=DIRECTION('',(-0.573577096930205,-0.8191515817460882,-0));
#3067=DIRECTION('',(0,0,-1));
#3068=FACE_BOUND('',#3069,.T.);
#3069=EDGE_LOOP('',(#3070,#3071,#3072));
#3070=ORIENTED_EDGE('',*,*,#3073,.T.);
#3071=ORIENTED_EDGE('',*,*,#3074,.T.);
#3072=ORIENTED_EDGE('',*,*,#3075,.T.);
#3073=EDGE_CURVE('',#245,#243,#3076,.F.);
#3074=EDGE_CURVE('',#243,#247,#3077,.T.);
#3075=EDGE_CURVE('',#247,#245,#3078,.T.);
#3076=LINE('',#244,#3079);
#3077=LINE('',#242,#3080);
#3078=LINE('',#246,#3081);
#3079=VECTOR('',#3082,1.0);
#3080=VECTOR('',#3083,1.0);
#3081=VECTOR('',#3084,1.0);
#3082=DIRECTION('',(0,0,-1));
#3083=DIRECTION('',(0.8191515817460882,-0.573577096930205,0));
#3084=DIRECTION('',(-0.44819497107052986,0.31383003597133613,0.8370376194827307));
#3085=FACE_SURFACE('',(#3090),#3086,.T.);
#3086=PLANE('',#3087);
#3087=AXIS2_PLACEMENT_3D('',#244,#3088,#3089);
#3088=DIRECTION('',(-0.573577096930205,-0.8191515817460882,0));
#3089=DIRECTION('',(0.44819497107052986,-0.31383003597133613,-0.8370376194827307));
#3090=FACE_BOUND('',#3091,.T.);
#3091=EDGE_LOOP('',(#3092,#3093,#3094));
#3092=ORIENTED_EDGE('',*,*,#3095,.T.);
#3093=ORIENTED_EDGE('',*,*,#3096,.T.);
#3094=ORIENTED_EDGE('',*,*,#3097,.T.);
#3095=EDGE_CURVE('',#245,#247,#3098,.F.);
#3096=EDGE_CURVE('',#247,#249,#3099,.T.);
#3097=EDGE_CURVE('',#249,#245,#3100,.T.);
#3098=LINE('',#244,#3101);
#3099=LINE('',#246,#3102);
#3100=LINE('',#248,#3103);
#3101=VECTOR('',#3104,1.0);
#3102=VECTOR('',#3105,1.0);
#3103=VECTOR('',#3106,1.0);
#3104=DIRECTION('',(0.44819497107052986,-0.31383003597133613,-0.8370376194827307));
#3105=DIRECTION('',(0,0,1));
#3106=DIRECTION('',(-0.8191515817460882,0.573577096930205,0));
#3107=FACE_SURFACE('',(#3112),#3108,.T.);
#3108=PLANE('',#3109);
#3109=AXIS2_PLACEMENT_3D('',#248,#3110,#3111);
#3110=DIRECTION('',(-0.7071067811865475,-0.7071067811865475,-0));
#3111=DIRECTION('',(0,0,-1));
#3112=FACE_BOUND('',#3113,.T.);
#3113=EDGE_LOOP('',(#3114,#3115,#3116));
#3114=ORIENTED_EDGE('',*,*,#3117,.T.);
#3115=ORIENTED_EDGE('',*,*,#3118,.T.);
#3116=ORIENTED_EDGE('',*,*,#3119,.T.);
#3117=EDGE_CURVE('',#249,#247,#3120,.F.);
#3118=EDGE_CURVE('',#247,#251,#3121,.T.);
#3119=EDGE_CURVE('',#251,#249,#3122,.T.);
#3120=LINE('',#248,#3123);
#3121=LINE('',#246,#3124);
#3122=LINE('',#250,#3125);
#3123=VECTOR('',#3126,1.0);
#3124=VECTOR('',#3127,1.0);
#3125=VECTOR('',#3128,1.0);
#3126=DIRECTION('',(0,0,-1));
#3127=DIRECTION('',(0.7071067811865475,-0.7071067811865475,0));
#3128=DIRECTION('',(-0.3868890064555603,0.3868890064555603,0.837038704820547));
#3129=FACE_SURFACE('',(#3134),#3130,.T.);
#3130=PLANE('',#3131);
#3131=AXIS2_PLACEMENT_3D('',#248,#3132,#3133);
#3132=DIRECTION('',(-0.7071067811865475,-0.7071067811865475,0));
#3133=DIRECTION('',(0.3868890064555603,-0.3868890064555603,-0.837038704820547));
#3134=FACE_BOUND('',#3135,.T.);
#3135=EDGE_LOOP('',(#3136,#3137,#3138));
#3136=ORIENTED_EDGE('',*,*,#3139,.T.);
#3137=ORIENTED_EDGE('',*,*,#3140,.T.);
#3138=ORIENTED_EDGE('',*,*,#3141,.T.);
#3139=EDGE_CURVE('',#249,#251,#3142,.F.);
#3140=EDGE_CURVE('',#251,#253,#3143,.T.);
#3141=EDGE_CURVE('',#253,#249,#3144,.T.);
#3142=LINE('',#248,#3145);
#3143=LINE('',#250,#3146);
#3144=LINE('',#252,#3147);
#3145=VECTOR('',#3148,1.0);
#3146=VECTOR('',#3149,1.0);
#3147=VECTOR('',#3150,1.0);
#3148=DIRECTION('',(0.3868890064555603,-0.3868890064555603,-0.837038704820547));
#3149=DIRECTION('',(0,0,1));
#3150=DIRECTION('',(-0.7071067811865475,0.7071067811865475,0));
#3151=FACE_SURFACE('',(#3156),#3152,.T.);
#3152=PLANE('',#3153);
#3153=AXIS2_PLACEMENT_3D('',#252,#3154,#3155);
#3154=DIRECTION('',(-0.8191502107745317,-0.5735790548721601,-0));
#3155=DIRECTION('',(0,0,-1));
#3156=FACE_BOUND('',#3157,.T.);
#3157=EDGE_LOOP('',(#3158,#3159,#3160));
#3158=ORIENTED_EDGE('',*,*,#3161,.T.);
#3159=ORIENTED_EDGE('',*,*,#3162,.T.);
#3160=ORIENTED_EDGE('',*,*,#3163,.T.);
#3161=EDGE_CURVE('',#253,#251,#3164,.F.);
#3162=EDGE_CURVE('',#251,#255,#3165,.T.);
#3163=EDGE_CURVE('',#255,#253,#3166,.T.);
#3164=LINE('',#252,#3167);
#3165=LINE('',#250,#3168);
#3166=LINE('',#254,#3169);
#3167=VECTOR('',#3170,1.0);
#3168=VECTOR('',#3171,1.0);
#3169=VECTOR('',#3172,1.0);
#3170=DIRECTION('',(0,0,-1));
#3171=DIRECTION('',(0.5735790548721601,-0.8191502107745317,0));
#3172=DIRECTION('',(-0.3138314752524378,0.44819474650798374,0.8370372000953855));
#3173=FACE_SURFACE('',(#3178),#3174,.T.);
#3174=PLANE('',#3175);
#3175=AXIS2_PLACEMENT_3D('',#252,#3176,#3177);
#3176=DIRECTION('',(-0.8191502107745317,-0.5735790548721601,0));
#3177=DIRECTION('',(0.3138314752524378,-0.44819474650798374,-0.8370372000953855));
#3178=FACE_BOUND('',#3179,.T.);
#3179=EDGE_LOOP('',(#3180,#3181,#3182));
#3180=ORIENTED_EDGE('',*,*,#3183,.T.);
#3181=ORIENTED_EDGE('',*,*,#3184,.T.);
#3182=ORIENTED_EDGE('',*,*,#3185,.T.);
#3183=EDGE_CURVE('',#253,#255,#3186,.F.);
#3184=EDGE_CURVE('',#255,#257,#3187,.T.);
#3185=EDGE_CURVE('',#257,#253,#3188,.T.);
#3186=LINE('',#252,#3189);
#3187=LINE('',#254,#3190);
#3188=LINE('',#256,#3191);
#3189=VECTOR('',#3192,1.0);
#3190=VECTOR('',#3193,1.0);
#3191=VECTOR('',#3194,1.0);
#3192=DIRECTION('',(0.3138314752524378,-0.44819474650798374,-0.8370372000953855));
#3193=DIRECTION('',(0,0,1));
#3194=DIRECTION('',(-0.5735790548721601,0.8191502107745317,0));
#3195=FACE_SURFACE('',(#3200),#3196,.T.);
#3196=PLANE('',#3197);
#3197=AXIS2_PLACEMENT_3D('',#256,#3198,#3199);
#3198=DIRECTION('',(-0.906307367848761,-0.4226191606908643,-0));
#3199=DIRECTION('',(0,0,-1));
#3200=FACE_BOUND('',#3201,.T.);
#3201=EDGE_LOOP('',(#3202,#3203,#3204));
#3202=ORIENTED_EDGE('',*,*,#3205,.T.);
#3203=ORIENTED_EDGE('',*,*,#3206,.T.);
#3204=ORIENTED_EDGE('',*,*,#3207,.T.);
#3205=EDGE_CURVE('',#257,#255,#3208,.F.);
#3206=EDGE_CURVE('',#255,#259,#3209,.T.);
#3207=EDGE_CURVE('',#259,#257,#3210,.T.);
#3208=LINE('',#256,#3211);
#3209=LINE('',#254,#3212);
#3210=LINE('',#258,#3213);
#3211=VECTOR('',#3214,1.0);
#3212=VECTOR('',#3215,1.0);
#3213=VECTOR('',#3216,1.0);
#3214=DIRECTION('',(0,0,-1));
#3215=DIRECTION('',(0.4226191606908643,-0.906307367848761,0));
#3216=DIRECTION('',(-0.2312339902254863,0.49588160815008886,0.837037796316798));
#3217=FACE_SURFACE('',(#3222),#3218,.T.);
#3218=PLANE('',#3219);
#3219=AXIS2_PLACEMENT_3D('',#256,#3220,#3221);
#3220=DIRECTION('',(-0.906307367848761,-0.4226191606908643,0));
#3221=DIRECTION('',(0.2312339902254863,-0.49588160815008886,-0.837037796316798));
#3222=FACE_BOUND('',#3223,.T.);
#3223=EDGE_LOOP('',(#3224,#3225,#3226));
#3224=ORIENTED_EDGE('',*,*,#3227,.T.);
#3225=ORIENTED_EDGE('',*,*,#3228,.T.);
#3226=ORIENTED_EDGE('',*,*,#3229,.T.);
#3227=EDGE_CURVE('',#257,#259,#3230,.F.);
#3228=EDGE_CURVE('',#259,#129,#3231,.T.);
#3229=EDGE_CURVE('',#129,#257,#3232,.T.);
#3230=LINE('',#256,#3233);
#3231=LINE('',#258,#3234);
#3232=LINE('',#128,#3235);
#3233=VECTOR('',#3236,1.0);
#3234=VECTOR('',#3237,1.0);
#3235=VECTOR('',#3238,1.0);
#3236=DIRECTION('',(0.2312339902254863,-0.49588160815008886,-0.837037796316798));
#3237=DIRECTION('',(0,0,1));
#3238=DIRECTION('',(-0.4226191606908643,0.906307367848761,0));
#3239=FACE_SURFACE('',(#3244),#3240,.T.);
#3240=PLANE('',#3241);
#3241=AXIS2_PLACEMENT_3D('',#128,#3242,#3243);
#3242=DIRECTION('',(-0.9659258445391972,-0.2588189769921029,-0));
#3243=DIRECTION('',(0,0,-1));
#3244=FACE_BOUND('',#3245,.T.);
#3245=EDGE_LOOP('',(#3246,#3247,#3248));
#3246=ORIENTED_EDGE('',*,*,#3249,.T.);
#3247=ORIENTED_EDGE('',*,*,#3250,.T.);
#3248=ORIENTED_EDGE('',*,*,#3251,.T.);
#3249=EDGE_CURVE('',#129,#259,#3252,.F.);
#3250=EDGE_CURVE('',#259,#125,#3253,.T.);
#3251=EDGE_CURVE('',#125,#129,#3254,.T.);
#3252=LINE('',#128,#3255);
#3253=LINE('',#258,#3256);
#3254=LINE('',#124,#3257);
#3255=VECTOR('',#3258,1.0);
#3256=VECTOR('',#3259,1.0);
#3257=VECTOR('',#3260,1.0);
#3258=DIRECTION('',(0,0,-1));
#3259=DIRECTION('',(0.2588189769921029,-0.9659258445391972,0));
#3260=DIRECTION('',(-0.14161156485130508,0.5285017040295611,0.8370377013840027));
#3261=FACE_SURFACE('',(#3266),#3262,.T.);
#3262=PLANE('',#3263);
#3263=AXIS2_PLACEMENT_3D('',#126,#3264,#3265);
#3264=DIRECTION('',(0,0,1));
#3265=DIRECTION('',(0.08715239913669738,-0.9961949906141457,0));
#3266=FACE_BOUND('',#3267,.T.);
#3267=EDGE_LOOP('',(#3268,#3269,#3270));
#3268=ORIENTED_EDGE('',*,*,#3271,.T.);
#3269=ORIENTED_EDGE('',*,*,#3272,.T.);
#3270=ORIENTED_EDGE('',*,*,#3273,.T.);
#3271=EDGE_CURVE('',#127,#123,#3274,.F.);
#3272=EDGE_CURVE('',#123,#261,#3275,.T.);
#3273=EDGE_CURVE('',#261,#127,#3276,.T.);
#3274=LINE('',#126,#3277);
#3275=LINE('',#122,#3278);
#3276=LINE('',#260,#3279);
#3277=VECTOR('',#3280,1.0);
#3278=VECTOR('',#3281,1.0);
#3279=VECTOR('',#3282,1.0);
#3280=DIRECTION('',(0.08715239913669738,-0.9961949906141457,0));
#3281=DIRECTION('',(0.25997347344787264,-0.9656157585206697,0));
#3282=DIRECTION('',(-0.24498142440044665,0.9695277725257426,0));
#3283=FACE_SURFACE('',(#3288),#3284,.T.);
#3284=PLANE('',#3285);
#3285=AXIS2_PLACEMENT_3D('',#260,#3286,#3287);
#3286=DIRECTION('',(0,0,1));
#3287=DIRECTION('',(-0.25997347344787264,0.9656157585206697,0));
#3288=FACE_BOUND('',#3289,.T.);
#3289=EDGE_LOOP('',(#3290,#3291,#3292));
#3290=ORIENTED_EDGE('',*,*,#3293,.T.);
#3291=ORIENTED_EDGE('',*,*,#3294,.T.);
#3292=ORIENTED_EDGE('',*,*,#3295,.T.);
#3293=EDGE_CURVE('',#261,#123,#3296,.F.);
#3294=EDGE_CURVE('',#123,#119,#3297,.T.);
#3295=EDGE_CURVE('',#119,#261,#3298,.T.);
#3296=LINE('',#260,#3299);
#3297=LINE('',#122,#3300);
#3298=LINE('',#118,#3301);
#3299=VECTOR('',#3302,1.0);
#3300=VECTOR('',#3303,1.0);
#3301=VECTOR('',#3304,1.0);
#3302=DIRECTION('',(-0.25997347344787264,0.9656157585206697,0));
#3303=DIRECTION('',(-0.08715239913669738,-0.9961949906141457,0));
#3304=DIRECTION('',(0.2951797747639112,-0.9554417305991646,0));
#3305=FACE_SURFACE('',(#3310),#3306,.T.);
#3306=PLANE('',#3307);
#3307=AXIS2_PLACEMENT_3D('',#260,#3308,#3309);
#3308=DIRECTION('',(0,0,1));
#3309=DIRECTION('',(-0.2951797747639112,0.9554417305991646,0));
#3310=FACE_BOUND('',#3311,.T.);
#3311=EDGE_LOOP('',(#3312,#3313,#3314));
#3312=ORIENTED_EDGE('',*,*,#3315,.T.);
#3313=ORIENTED_EDGE('',*,*,#3316,.T.);
#3314=ORIENTED_EDGE('',*,*,#3317,.T.);
#3315=EDGE_CURVE('',#261,#119,#3318,.F.);
#3316=EDGE_CURVE('',#119,#133,#3319,.T.);
#3317=EDGE_CURVE('',#133,#261,#3320,.T.);
#3318=LINE('',#260,#3321);
#3319=LINE('',#118,#3322);
#3320=LINE('',#132,#3323);
#3321=VECTOR('',#3324,1.0);
#3322=VECTOR('',#3325,1.0);
#3323=VECTOR('',#3326,1.0);
#3324=DIRECTION('',(-0.2951797747639112,0.9554417305991646,0));
#3325=DIRECTION('',(-0.2588189769921029,-0.9659258445391972,0));
#3326=DIRECTION('',(0.3542040821929315,-0.9351681496703483,0));
#3327=FACE_SURFACE('',(#3332),#3328,.T.);
#3328=PLANE('',#3329);
#3329=AXIS2_PLACEMENT_3D('',#132,#3330,#3331);
#3330=DIRECTION('',(0,0,1));
#3331=DIRECTION('',(-0.4226191606908643,-0.906307367848761,0));
#3332=FACE_BOUND('',#3333,.T.);
#3333=EDGE_LOOP('',(#3334,#3335,#3336));
#3334=ORIENTED_EDGE('',*,*,#3337,.T.);
#3335=ORIENTED_EDGE('',*,*,#3338,.T.);
#3336=ORIENTED_EDGE('',*,*,#3339,.T.);
#3337=EDGE_CURVE('',#133,#137,#3340,.F.);
#3338=EDGE_CURVE('',#137,#261,#3341,.T.);
#3339=EDGE_CURVE('',#261,#133,#3342,.T.);
#3340=LINE('',#132,#3343);
#3341=LINE('',#136,#3344);
#3342=LINE('',#260,#3345);
#3343=VECTOR('',#3346,1.0);
#3344=VECTOR('',#3347,1.0);
#3345=VECTOR('',#3348,1.0);
#3346=DIRECTION('',(-0.4226191606908643,-0.906307367848761,0));
#3347=DIRECTION('',(0.4378434435977014,-0.8990512326327719,0));
#3348=DIRECTION('',(-0.3542040821929315,0.9351681496703483,0));
#3349=FACE_SURFACE('',(#3354),#3350,.T.);
#3350=PLANE('',#3351);
#3351=AXIS2_PLACEMENT_3D('',#260,#3352,#3353);
#3352=DIRECTION('',(0,0,1));
#3353=DIRECTION('',(-0.4378434435977014,0.8990512326327719,0));
#3354=FACE_BOUND('',#3355,.T.);
#3355=EDGE_LOOP('',(#3356,#3357,#3358));
#3356=ORIENTED_EDGE('',*,*,#3359,.T.);
#3357=ORIENTED_EDGE('',*,*,#3360,.T.);
#3358=ORIENTED_EDGE('',*,*,#3361,.T.);
#3359=EDGE_CURVE('',#261,#137,#3362,.F.);
#3360=EDGE_CURVE('',#137,#141,#3363,.T.);
#3361=EDGE_CURVE('',#141,#261,#3364,.T.);
#3362=LINE('',#260,#3365);
#3363=LINE('',#136,#3366);
#3364=LINE('',#140,#3367);
#3365=VECTOR('',#3368,1.0);
#3366=VECTOR('',#3369,1.0);
#3367=VECTOR('',#3370,1.0);
#3368=DIRECTION('',(-0.4378434435977014,0.8990512326327719,0));
#3369=DIRECTION('',(-0.5735790548721601,-0.8191502107745317,0));
#3370=DIRECTION('',(0.5405160124677226,-0.8413337270465227,0));
#3371=FACE_SURFACE('',(#3376),#3372,.T.);
#3372=PLANE('',#3373);
#3373=AXIS2_PLACEMENT_3D('',#260,#3374,#3375);
#3374=DIRECTION('',(0,0,1));
#3375=DIRECTION('',(-0.5405160124677226,0.8413337270465227,0));
#3376=FACE_BOUND('',#3377,.T.);
#3377=EDGE_LOOP('',(#3378,#3379,#3380));
#3378=ORIENTED_EDGE('',*,*,#3381,.T.);
#3379=ORIENTED_EDGE('',*,*,#3382,.T.);
#3380=ORIENTED_EDGE('',*,*,#3383,.T.);
#3381=EDGE_CURVE('',#261,#141,#3384,.F.);
#3382=EDGE_CURVE('',#141,#145,#3385,.T.);
#3383=EDGE_CURVE('',#145,#261,#3386,.T.);
#3384=LINE('',#260,#3387);
#3385=LINE('',#140,#3388);
#3386=LINE('',#144,#3389);
#3387=VECTOR('',#3390,1.0);
#3388=VECTOR('',#3391,1.0);
#3389=VECTOR('',#3392,1.0);
#3390=DIRECTION('',(-0.5405160124677226,0.8413337270465227,0));
#3391=DIRECTION('',(-0.7071053222251811,-0.7071082401449037,0));
#3392=DIRECTION('',(0.6484173361768362,-0.7612850702235896,0));
#3393=FACE_SURFACE('',(#3398),#3394,.T.);
#3394=PLANE('',#3395);
#3395=AXIS2_PLACEMENT_3D('',#144,#3396,#3397);
#3396=DIRECTION('',(0,0,1));
#3397=DIRECTION('',(-0.819152952717554,-0.5735751389784192,0));
#3398=FACE_BOUND('',#3399,.T.);
#3399=EDGE_LOOP('',(#3400,#3401,#3402));
#3400=ORIENTED_EDGE('',*,*,#3403,.T.);
#3401=ORIENTED_EDGE('',*,*,#3404,.T.);
#3402=ORIENTED_EDGE('',*,*,#3405,.T.);
#3403=EDGE_CURVE('',#145,#149,#3406,.F.);
#3404=EDGE_CURVE('',#149,#261,#3407,.T.);
#3405=EDGE_CURVE('',#261,#145,#3408,.T.);
#3406=LINE('',#144,#3409);
#3407=LINE('',#148,#3410);
#3408=LINE('',#260,#3411);
#3409=VECTOR('',#3412,1.0);
#3410=VECTOR('',#3413,1.0);
#3411=VECTOR('',#3414,1.0);
#3412=DIRECTION('',(-0.819152952717554,-0.5735751389784192,0));
#3413=DIRECTION('',(0.7443239279508559,-0.6678187555615738,0));
#3414=DIRECTION('',(-0.6484173361768362,0.7612850702235896,0));
#3415=FACE_SURFACE('',(#3420),#3416,.T.);
#3416=PLANE('',#3417);
#3417=AXIS2_PLACEMENT_3D('',#260,#3418,#3419);
#3418=DIRECTION('',(0,0,1));
#3419=DIRECTION('',(-0.7443239279508559,0.6678187555615738,0));
#3420=FACE_BOUND('',#3421,.T.);
#3421=EDGE_LOOP('',(#3422,#3423,#3424));
#3422=ORIENTED_EDGE('',*,*,#3425,.T.);
#3423=ORIENTED_EDGE('',*,*,#3426,.T.);
#3424=ORIENTED_EDGE('',*,*,#3427,.T.);
#3425=EDGE_CURVE('',#261,#149,#3428,.F.);
#3426=EDGE_CURVE('',#149,#153,#3429,.T.);
#3427=EDGE_CURVE('',#153,#261,#3430,.T.);
#3428=LINE('',#260,#3431);
#3429=LINE('',#148,#3432);
#3430=LINE('',#152,#3433);
#3431=VECTOR('',#3434,1.0);
#3432=VECTOR('',#3435,1.0);
#3433=VECTOR('',#3436,1.0);
#3434=DIRECTION('',(-0.7443239279508559,0.6678187555615738,0));
#3435=DIRECTION('',(-0.9063068466867513,-0.42262027832170734,0));
#3436=DIRECTION('',(0.817045591737802,-0.5765730665074679,0));
#3437=FACE_SURFACE('',(#3442),#3438,.T.);
#3438=PLANE('',#3439);
#3439=AXIS2_PLACEMENT_3D('',#260,#3440,#3441);
#3440=DIRECTION('',(0,0,1));
#3441=DIRECTION('',(-0.817045591737802,0.5765730665074679,0));
#3442=FACE_BOUND('',#3443,.T.);
#3443=EDGE_LOOP('',(#3444,#3445,#3446));
#3444=ORIENTED_EDGE('',*,*,#3447,.T.);
#3445=ORIENTED_EDGE('',*,*,#3448,.T.);
#3446=ORIENTED_EDGE('',*,*,#3449,.T.);
#3447=EDGE_CURVE('',#261,#153,#3450,.F.);
#3448=EDGE_CURVE('',#153,#157,#3451,.T.);
#3449=EDGE_CURVE('',#157,#261,#3452,.T.);
#3450=LINE('',#260,#3453);
#3451=LINE('',#152,#3454);
#3452=LINE('',#156,#3455);
#3453=VECTOR('',#3456,1.0);
#3454=VECTOR('',#3457,1.0);
#3455=VECTOR('',#3458,1.0);
#3456=DIRECTION('',(-0.817045591737802,0.5765730665074679,0));
#3457=DIRECTION('',(-0.9659256490752949,-0.25881970647242153,0));
#3458=DIRECTION('',(0.8654447524126309,-0.5010043717588101,0));
#3459=FACE_SURFACE('',(#3464),#3460,.T.);
#3460=PLANE('',#3461);
#3461=AXIS2_PLACEMENT_3D('',#156,#3462,#3463);
#3462=DIRECTION('',(0,0,1));
#3463=DIRECTION('',(-0.9961947816028938,-0.08715478820559809,0));
#3464=FACE_BOUND('',#3465,.T.);
#3465=EDGE_LOOP('',(#3466,#3467,#3468));
#3466=ORIENTED_EDGE('',*,*,#3469,.T.);
#3467=ORIENTED_EDGE('',*,*,#3470,.T.);
#3468=ORIENTED_EDGE('',*,*,#3471,.T.);
#3469=EDGE_CURVE('',#157,#161,#3472,.F.);
#3470=EDGE_CURVE('',#161,#261,#3473,.T.);
#3471=EDGE_CURVE('',#261,#157,#3474,.T.);
#3472=LINE('',#156,#3475);
#3473=LINE('',#160,#3476);
#3474=LINE('',#260,#3477);
#3475=VECTOR('',#3478,1.0);
#3476=VECTOR('',#3479,1.0);
#3477=VECTOR('',#3480,1.0);
#3478=DIRECTION('',(-0.9961947816028938,-0.08715478820559809,0));
#3479=DIRECTION('',(0.8944271909999159,-0.4472135954999579,0));
#3480=DIRECTION('',(-0.8654447524126309,0.5010043717588101,0));
#3481=FACE_SURFACE('',(#3486),#3482,.T.);
#3482=PLANE('',#3483);
#3483=AXIS2_PLACEMENT_3D('',#260,#3484,#3485);
#3484=DIRECTION('',(0,0,1));
#3485=DIRECTION('',(-0.8944271909999159,0.4472135954999579,0));
#3486=FACE_BOUND('',#3487,.T.);
#3487=EDGE_LOOP('',(#3488,#3489,#3490));
#3488=ORIENTED_EDGE('',*,*,#3491,.T.);
#3489=ORIENTED_EDGE('',*,*,#3492,.T.);
#3490=ORIENTED_EDGE('',*,*,#3493,.T.);
#3491=EDGE_CURVE('',#261,#161,#3494,.F.);
#3492=EDGE_CURVE('',#161,#165,#3495,.T.);
#3493=EDGE_CURVE('',#165,#261,#3496,.T.);
#3494=LINE('',#260,#3497);
#3495=LINE('',#160,#3498);
#3496=LINE('',#164,#3499);
#3497=VECTOR('',#3500,1.0);
#3498=VECTOR('',#3501,1.0);
#3499=VECTOR('',#3502,1.0);
#3500=DIRECTION('',(-0.8944271909999159,0.4472135954999579,0));
#3501=DIRECTION('',(-0.9961946929443409,0.0871558015827422,0));
#3502=DIRECTION('',(0.9097536545921279,-0.4151485131326707,0));
#3503=FACE_SURFACE('',(#3508),#3504,.T.);
#3504=PLANE('',#3505);
#3505=AXIS2_PLACEMENT_3D('',#260,#3506,#3507);
#3506=DIRECTION('',(0,0,1));
#3507=DIRECTION('',(-0.9097536545921279,0.4151485131326707,0));
#3508=FACE_BOUND('',#3509,.T.);
#3509=EDGE_LOOP('',(#3510,#3511,#3512));
#3510=ORIENTED_EDGE('',*,*,#3513,.T.);
#3511=ORIENTED_EDGE('',*,*,#3514,.T.);
#3512=ORIENTED_EDGE('',*,*,#3515,.T.);
#3513=EDGE_CURVE('',#261,#165,#3516,.F.);
#3514=EDGE_CURVE('',#165,#111,#3517,.T.);
#3515=EDGE_CURVE('',#111,#261,#3518,.T.);
#3516=LINE('',#260,#3519);
#3517=LINE('',#164,#3520);
#3518=LINE('',#110,#3521);
#3519=VECTOR('',#3522,1.0);
#3520=VECTOR('',#3523,1.0);
#3521=VECTOR('',#3524,1.0);
#3522=DIRECTION('',(-0.9097536545921279,0.4151485131326707,0));
#3523=DIRECTION('',(-0.9478616858772946,-0.31868201148770975,0));
#3524=DIRECTION('',(1,0,0));
#3525=FACE_SURFACE('',(#3530),#3526,.T.);
#3526=PLANE('',#3527);
#3527=AXIS2_PLACEMENT_3D('',#110,#3528,#3529);
#3528=DIRECTION('',(0,0,1));
#3529=DIRECTION('',(0.9478616858772946,0.31868201148770975,0));
#3530=FACE_BOUND('',#3531,.T.);
#3531=EDGE_LOOP('',(#3532,#3533,#3534));
#3532=ORIENTED_EDGE('',*,*,#3535,.T.);
#3533=ORIENTED_EDGE('',*,*,#3536,.T.);
#3534=ORIENTED_EDGE('',*,*,#3537,.T.);
#3535=EDGE_CURVE('',#111,#165,#3538,.F.);
#3536=EDGE_CURVE('',#165,#169,#3539,.T.);
#3537=EDGE_CURVE('',#169,#111,#3540,.T.);
#3538=LINE('',#110,#3541);
#3539=LINE('',#164,#3542);
#3540=LINE('',#168,#3543);
#3541=VECTOR('',#3544,1.0);
#3542=VECTOR('',#3545,1.0);
#3543=VECTOR('',#3546,1.0);
#3544=DIRECTION('',(0.9478616858772946,0.31868201148770975,0));
#3545=DIRECTION('',(-0.965926430920988,0.25881678857493334,0));
#3546=DIRECTION('',(-0.9330247003589996,-0.35981232402462116,0));
#3547=FACE_SURFACE('',(#3552),#3548,.T.);
#3548=PLANE('',#3549);
#3549=AXIS2_PLACEMENT_3D('',#110,#3550,#3551);
#3550=DIRECTION('',(0,0,1));
#3551=DIRECTION('',(0.9330247003589996,0.35981232402462116,0));
#3552=FACE_BOUND('',#3553,.T.);
#3553=EDGE_LOOP('',(#3554,#3555,#3556));
#3554=ORIENTED_EDGE('',*,*,#3557,.T.);
#3555=ORIENTED_EDGE('',*,*,#3558,.T.);
#3556=ORIENTED_EDGE('',*,*,#3559,.T.);
#3557=EDGE_CURVE('',#111,#169,#3560,.F.);
#3558=EDGE_CURVE('',#169,#173,#3561,.T.);
#3559=EDGE_CURVE('',#173,#111,#3562,.T.);
#3560=LINE('',#110,#3563);
#3561=LINE('',#168,#3564);
#3562=LINE('',#172,#3565);
#3563=VECTOR('',#3566,1.0);
#3564=VECTOR('',#3567,1.0);
#3565=VECTOR('',#3568,1.0);
#3566=DIRECTION('',(0.9330247003589996,0.35981232402462116,0));
#3567=DIRECTION('',(-0.9063068466867513,0.42262027832170734,0));
#3568=DIRECTION('',(-0.9097030633842381,-0.41525936048370166,0));
#3569=FACE_SURFACE('',(#3574),#3570,.T.);
#3570=PLANE('',#3571);
#3571=AXIS2_PLACEMENT_3D('',#172,#3572,#3573);
#3572=DIRECTION('',(0,0,1));
#3573=DIRECTION('',(-0.819152952717554,0.5735751389784192,0));
#3574=FACE_BOUND('',#3575,.T.);
#3575=EDGE_LOOP('',(#3576,#3577,#3578));
#3576=ORIENTED_EDGE('',*,*,#3579,.T.);
#3577=ORIENTED_EDGE('',*,*,#3580,.T.);
#3578=ORIENTED_EDGE('',*,*,#3581,.T.);
#3579=EDGE_CURVE('',#173,#177,#3582,.F.);
#3580=EDGE_CURVE('',#177,#111,#3583,.T.);
#3581=EDGE_CURVE('',#111,#173,#3584,.T.);
#3582=LINE('',#172,#3585);
#3583=LINE('',#176,#3586);
#3584=LINE('',#110,#3587);
#3585=VECTOR('',#3588,1.0);
#3586=VECTOR('',#3589,1.0);
#3587=VECTOR('',#3590,1.0);
#3588=DIRECTION('',(-0.819152952717554,0.5735751389784192,0));
#3589=DIRECTION('',(-0.8760428202790923,-0.4822333221973094,0));
#3590=DIRECTION('',(0.9097030633842381,0.41525936048370166,0));
#3591=FACE_SURFACE('',(#3596),#3592,.T.);
#3592=PLANE('',#3593);
#3593=AXIS2_PLACEMENT_3D('',#110,#3594,#3595);
#3594=DIRECTION('',(0,0,1));
#3595=DIRECTION('',(0.8760428202790923,0.4822333221973094,0));
#3596=FACE_BOUND('',#3597,.T.);
#3597=EDGE_LOOP('',(#3598,#3599,#3600));
#3598=ORIENTED_EDGE('',*,*,#3601,.T.);
#3599=ORIENTED_EDGE('',*,*,#3602,.T.);
#3600=ORIENTED_EDGE('',*,*,#3603,.T.);
#3601=EDGE_CURVE('',#111,#177,#3604,.F.);
#3602=EDGE_CURVE('',#177,#181,#3605,.T.);
#3603=EDGE_CURVE('',#181,#111,#3606,.T.);
#3604=LINE('',#110,#3607);
#3605=LINE('',#176,#3608);
#3606=LINE('',#180,#3609);
#3607=VECTOR('',#3610,1.0);
#3608=VECTOR('',#3611,1.0);
#3609=VECTOR('',#3612,1.0);
#3610=DIRECTION('',(0.8760428202790923,0.4822333221973094,0));
#3611=DIRECTION('',(-0.7071053222251811,0.7071082401449037,0));
#3612=DIRECTION('',(-0.8317584428194209,-0.5551377241717698,0));
#3613=FACE_SURFACE('',(#3618),#3614,.T.);
#3614=PLANE('',#3615);
#3615=AXIS2_PLACEMENT_3D('',#110,#3616,#3617);
#3616=DIRECTION('',(0,0,1));
#3617=DIRECTION('',(0.8317584428194209,0.5551377241717698,0));
#3618=FACE_BOUND('',#3619,.T.);
#3619=EDGE_LOOP('',(#3620,#3621,#3622));
#3620=ORIENTED_EDGE('',*,*,#3623,.T.);
#3621=ORIENTED_EDGE('',*,*,#3624,.T.);
#3622=ORIENTED_EDGE('',*,*,#3625,.T.);
#3623=EDGE_CURVE('',#111,#181,#3626,.F.);
#3624=EDGE_CURVE('',#181,#185,#3627,.T.);
#3625=EDGE_CURVE('',#185,#111,#3628,.T.);
#3626=LINE('',#110,#3629);
#3627=LINE('',#180,#3630);
#3628=LINE('',#184,#3631);
#3629=VECTOR('',#3632,1.0);
#3630=VECTOR('',#3633,1.0);
#3631=VECTOR('',#3634,1.0);
#3632=DIRECTION('',(0.8317584428194209,0.5551377241717698,0));
#3633=DIRECTION('',(-0.5735790548721601,0.8191502107745317,0));
#3634=DIRECTION('',(-0.7793413367783248,-0.6265996176096612,0));
#3635=FACE_SURFACE('',(#3640),#3636,.T.);
#3636=PLANE('',#3637);
#3637=AXIS2_PLACEMENT_3D('',#184,#3638,#3639);
#3638=DIRECTION('',(0,0,1));
#3639=DIRECTION('',(-0.42260957359904344,0.9063118383329408,0));
#3640=FACE_BOUND('',#3641,.T.);
#3641=EDGE_LOOP('',(#3642,#3643,#3644));
#3642=ORIENTED_EDGE('',*,*,#3645,.T.);
#3643=ORIENTED_EDGE('',*,*,#3646,.T.);
#3644=ORIENTED_EDGE('',*,*,#3647,.T.);
#3645=EDGE_CURVE('',#185,#189,#3648,.F.);
#3646=EDGE_CURVE('',#189,#111,#3649,.T.);
#3647=EDGE_CURVE('',#111,#185,#3650,.T.);
#3648=LINE('',#184,#3651);
#3649=LINE('',#188,#3652);
#3650=LINE('',#110,#3653);
#3651=VECTOR('',#3654,1.0);
#3652=VECTOR('',#3655,1.0);
#3653=VECTOR('',#3656,1.0);
#3654=DIRECTION('',(-0.42260957359904344,0.9063118383329408,0));
#3655=DIRECTION('',(-0.7240035081541676,-0.6897962889001782,0));
#3656=DIRECTION('',(0.7793413367783248,0.6265996176096612,0));
#3657=FACE_SURFACE('',(#3662),#3658,.T.);
#3658=PLANE('',#3659);
#3659=AXIS2_PLACEMENT_3D('',#110,#3660,#3661);
#3660=DIRECTION('',(0,0,1));
#3661=DIRECTION('',(0.7240035081541676,0.6897962889001782,0));
#3662=FACE_BOUND('',#3663,.T.);
#3663=EDGE_LOOP('',(#3664,#3665,#3666));
#3664=ORIENTED_EDGE('',*,*,#3667,.T.);
#3665=ORIENTED_EDGE('',*,*,#3668,.T.);
#3666=ORIENTED_EDGE('',*,*,#3669,.T.);
#3667=EDGE_CURVE('',#111,#189,#3670,.F.);
#3668=EDGE_CURVE('',#189,#193,#3671,.T.);
#3669=EDGE_CURVE('',#193,#111,#3672,.T.);
#3670=LINE('',#110,#3673);
#3671=LINE('',#188,#3674);
#3672=LINE('',#192,#3675);
#3673=VECTOR('',#3676,1.0);
#3674=VECTOR('',#3677,1.0);
#3675=VECTOR('',#3678,1.0);
#3676=DIRECTION('',(0.7240035081541676,0.6897962889001782,0));
#3677=DIRECTION('',(-0.2588189769921029,0.9659258445391972,0));
#3678=DIRECTION('',(-0.6719700435973011,-0.7405783284081713,0));
#3679=FACE_SURFACE('',(#3684),#3680,.T.);
#3680=PLANE('',#3681);
#3681=AXIS2_PLACEMENT_3D('',#110,#3682,#3683);
#3682=DIRECTION('',(0,0,1));
#3683=DIRECTION('',(0.6719700435973011,0.7405783284081713,0));
#3684=FACE_BOUND('',#3685,.T.);
#3685=EDGE_LOOP('',(#3686,#3687,#3688));
#3686=ORIENTED_EDGE('',*,*,#3689,.T.);
#3687=ORIENTED_EDGE('',*,*,#3690,.T.);
#3688=ORIENTED_EDGE('',*,*,#3691,.T.);
#3689=EDGE_CURVE('',#111,#193,#3692,.F.);
#3690=EDGE_CURVE('',#193,#197,#3693,.T.);
#3691=EDGE_CURVE('',#197,#111,#3694,.T.);
#3692=LINE('',#110,#3695);
#3693=LINE('',#192,#3696);
#3694=LINE('',#196,#3697);
#3695=VECTOR('',#3698,1.0);
#3696=VECTOR('',#3699,1.0);
#3697=VECTOR('',#3700,1.0);
#3698=DIRECTION('',(0.6719700435973011,0.7405783284081713,0));
#3699=DIRECTION('',(-0.08716398214159485,0.9961939772038475,0));
#3700=DIRECTION('',(-0.6283371070876212,-0.7779411802037216,0));
#3701=FACE_SURFACE('',(#3706),#3702,.T.);
#3702=PLANE('',#3703);
#3703=AXIS2_PLACEMENT_3D('',#110,#3704,#3705);
#3704=DIRECTION('',(0,0,1));
#3705=DIRECTION('',(0.6283371070876212,0.7779411802037216,0));
#3706=FACE_BOUND('',#3707,.T.);
#3707=EDGE_LOOP('',(#3708,#3709,#3710));
#3708=ORIENTED_EDGE('',*,*,#3711,.T.);
#3709=ORIENTED_EDGE('',*,*,#3712,.T.);
#3710=ORIENTED_EDGE('',*,*,#3713,.T.);
#3711=EDGE_CURVE('',#111,#197,#3714,.F.);
#3712=EDGE_CURVE('',#197,#75,#3715,.T.);
#3713=EDGE_CURVE('',#75,#111,#3716,.T.);
#3714=LINE('',#110,#3717);
#3715=LINE('',#196,#3718);
#3716=LINE('',#74,#3719);
#3717=VECTOR('',#3720,1.0);
#3718=VECTOR('',#3721,1.0);
#3719=VECTOR('',#3722,1.0);
#3720=DIRECTION('',(0.6283371070876212,0.7779411802037216,0));
#3721=DIRECTION('',(-1,0,0));
#3722=DIRECTION('',(0,-1,0));
#3723=FACE_SURFACE('',(#3728),#3724,.T.);
#3724=PLANE('',#3725);
#3725=AXIS2_PLACEMENT_3D('',#74,#3726,#3727);
#3726=DIRECTION('',(0,0,1));
#3727=DIRECTION('',(1,0,0));
#3728=FACE_BOUND('',#3729,.T.);
#3729=EDGE_LOOP('',(#3730,#3731,#3732));
#3730=ORIENTED_EDGE('',*,*,#3733,.T.);
#3731=ORIENTED_EDGE('',*,*,#3734,.T.);
#3732=ORIENTED_EDGE('',*,*,#3735,.T.);
#3733=EDGE_CURVE('',#75,#197,#3736,.F.);
#3734=EDGE_CURVE('',#197,#201,#3737,.T.);
#3735=EDGE_CURVE('',#201,#75,#3738,.T.);
#3736=LINE('',#74,#3739);
#3737=LINE('',#196,#3740);
#3738=LINE('',#200,#3741);
#3739=VECTOR('',#3742,1.0);
#3740=VECTOR('',#3743,1.0);
#3741=VECTOR('',#3744,1.0);
#3742=DIRECTION('',(1,0,0));
#3743=DIRECTION('',(0.08716398214159485,0.9961939772038475,0));
#3744=DIRECTION('',(-0.9925559779363291,-0.12178928796432498,0));
#3745=FACE_SURFACE('',(#3750),#3746,.T.);
#3746=PLANE('',#3747);
#3747=AXIS2_PLACEMENT_3D('',#74,#3748,#3749);
#3748=DIRECTION('',(0,0,1));
#3749=DIRECTION('',(0.9925559779363291,0.12178928796432498,0));
#3750=FACE_BOUND('',#3751,.T.);
#3751=EDGE_LOOP('',(#3752,#3753,#3754));
#3752=ORIENTED_EDGE('',*,*,#3755,.T.);
#3753=ORIENTED_EDGE('',*,*,#3756,.T.);
#3754=ORIENTED_EDGE('',*,*,#3757,.T.);
#3755=EDGE_CURVE('',#75,#201,#3758,.F.);
#3756=EDGE_CURVE('',#201,#205,#3759,.T.);
#3757=EDGE_CURVE('',#205,#75,#3760,.T.);
#3758=LINE('',#74,#3761);
#3759=LINE('',#200,#3762);
#3760=LINE('',#204,#3763);
#3761=VECTOR('',#3764,1.0);
#3762=VECTOR('',#3765,1.0);
#3763=VECTOR('',#3766,1.0);
#3764=DIRECTION('',(0.9925559779363291,0.12178928796432498,0));
#3765=DIRECTION('',(0.2588189769921029,0.9659258445391972,0));
#3766=DIRECTION('',(-0.9736518090267148,-0.22803980963640041,0));
#3767=FACE_SURFACE('',(#3772),#3768,.T.);
#3768=PLANE('',#3769);
#3769=AXIS2_PLACEMENT_3D('',#74,#3770,#3771);
#3770=DIRECTION('',(0,0,1));
#3771=DIRECTION('',(0.9736518090267148,0.22803980963640041,0));
#3772=FACE_BOUND('',#3773,.T.);
#3773=EDGE_LOOP('',(#3774,#3775,#3776));
#3774=ORIENTED_EDGE('',*,*,#3777,.T.);
#3775=ORIENTED_EDGE('',*,*,#3778,.T.);
#3776=ORIENTED_EDGE('',*,*,#3779,.T.);
#3777=EDGE_CURVE('',#75,#205,#3780,.F.);
#3778=EDGE_CURVE('',#205,#57,#3781,.T.);
#3779=EDGE_CURVE('',#57,#75,#3782,.T.);
#3780=LINE('',#74,#3783);
#3781=LINE('',#204,#3784);
#3782=LINE('',#56,#3785);
#3783=VECTOR('',#3786,1.0);
#3784=VECTOR('',#3787,1.0);
#3785=VECTOR('',#3788,1.0);
#3786=DIRECTION('',(0.9736518090267148,0.22803980963640041,0));
#3787=DIRECTION('',(-0.10430024930755058,0.9945458551491644,0));
#3788=DIRECTION('',(0,-1,0));
#3789=FACE_SURFACE('',(#3794),#3790,.T.);
#3790=PLANE('',#3791);
#3791=AXIS2_PLACEMENT_3D('',#56,#3792,#3793);
#3792=DIRECTION('',(0,0,1));
#3793=DIRECTION('',(0.10430024930755058,-0.9945458551491644,0));
#3794=FACE_BOUND('',#3795,.T.);
#3795=EDGE_LOOP('',(#3796,#3797,#3798));
#3796=ORIENTED_EDGE('',*,*,#3799,.T.);
#3797=ORIENTED_EDGE('',*,*,#3800,.T.);
#3798=ORIENTED_EDGE('',*,*,#3801,.T.);
#3799=EDGE_CURVE('',#57,#205,#3802,.F.);
#3800=EDGE_CURVE('',#205,#209,#3803,.T.);
#3801=EDGE_CURVE('',#209,#57,#3804,.T.);
#3802=LINE('',#56,#3805);
#3803=LINE('',#204,#3806);
#3804=LINE('',#208,#3807);
#3805=VECTOR('',#3808,1.0);
#3806=VECTOR('',#3809,1.0);
#3807=VECTOR('',#3810,1.0);
#3808=DIRECTION('',(0.10430024930755058,-0.9945458551491644,0));
#3809=DIRECTION('',(0.42260957359904344,0.9063118383329408,0));
#3810=DIRECTION('',(-0.11074134108228034,0.9938492618980496,0));
#3811=FACE_SURFACE('',(#3816),#3812,.T.);
#3812=PLANE('',#3813);
#3813=AXIS2_PLACEMENT_3D('',#56,#3814,#3815);
#3814=DIRECTION('',(0,0,1));
#3815=DIRECTION('',(0.11074134108228034,-0.9938492618980496,0));
#3816=FACE_BOUND('',#3817,.T.);
#3817=EDGE_LOOP('',(#3818,#3819,#3820));
#3818=ORIENTED_EDGE('',*,*,#3821,.T.);
#3819=ORIENTED_EDGE('',*,*,#3822,.T.);
#3820=ORIENTED_EDGE('',*,*,#3823,.T.);
#3821=EDGE_CURVE('',#57,#209,#3824,.F.);
#3822=EDGE_CURVE('',#209,#213,#3825,.T.);
#3823=EDGE_CURVE('',#213,#57,#3826,.T.);
#3824=LINE('',#56,#3827);
#3825=LINE('',#208,#3828);
#3826=LINE('',#212,#3829);
#3827=VECTOR('',#3830,1.0);
#3828=VECTOR('',#3831,1.0);
#3829=VECTOR('',#3832,1.0);
#3830=DIRECTION('',(0.11074134108228034,-0.9938492618980496,0));
#3831=DIRECTION('',(0.5735790548721601,0.8191502107745317,0));
#3832=DIRECTION('',(-0.11907987227930138,0.992884678106146,0));
#3833=FACE_SURFACE('',(#3838),#3834,.T.);
#3834=PLANE('',#3835);
#3835=AXIS2_PLACEMENT_3D('',#212,#3836,#3837);
#3836=DIRECTION('',(0,-0,1));
#3837=DIRECTION('',(0.7071067811865475,0.7071067811865475,0));
#3838=FACE_BOUND('',#3839,.T.);
#3839=EDGE_LOOP('',(#3840,#3841,#3842));
#3840=ORIENTED_EDGE('',*,*,#3843,.T.);
#3841=ORIENTED_EDGE('',*,*,#3844,.T.);
#3842=ORIENTED_EDGE('',*,*,#3845,.T.);
#3843=EDGE_CURVE('',#213,#217,#3846,.F.);
#3844=EDGE_CURVE('',#217,#57,#3847,.T.);
#3845=EDGE_CURVE('',#57,#213,#3848,.T.);
#3846=LINE('',#212,#3849);
#3847=LINE('',#216,#3850);
#3848=LINE('',#56,#3851);
#3849=VECTOR('',#3852,1.0);
#3850=VECTOR('',#3853,1.0);
#3851=VECTOR('',#3854,1.0);
#3852=DIRECTION('',(0.7071067811865475,0.7071067811865475,0));
#3853=DIRECTION('',(-0.12906917974918464,0.9916355917568069,0));
#3854=DIRECTION('',(0.11907987227930138,-0.992884678106146,0));
#3855=FACE_SURFACE('',(#3860),#3856,.T.);
#3856=PLANE('',#3857);
#3857=AXIS2_PLACEMENT_3D('',#56,#3858,#3859);
#3858=DIRECTION('',(0,0,1));
#3859=DIRECTION('',(0.12906917974918464,-0.9916355917568069,0));
#3860=FACE_BOUND('',#3861,.T.);
#3861=EDGE_LOOP('',(#3862,#3863,#3864));
#3862=ORIENTED_EDGE('',*,*,#3865,.T.);
#3863=ORIENTED_EDGE('',*,*,#3866,.T.);
#3864=ORIENTED_EDGE('',*,*,#3867,.T.);
#3865=EDGE_CURVE('',#57,#217,#3868,.F.);
#3866=EDGE_CURVE('',#217,#221,#3869,.T.);
#3867=EDGE_CURVE('',#221,#57,#3870,.T.);
#3868=LINE('',#56,#3871);
#3869=LINE('',#216,#3872);
#3870=LINE('',#220,#3873);
#3871=VECTOR('',#3874,1.0);
#3872=VECTOR('',#3875,1.0);
#3873=VECTOR('',#3876,1.0);
#3874=DIRECTION('',(0.12906917974918464,-0.9916355917568069,0));
#3875=DIRECTION('',(0.8191515817460882,0.573577096930205,0));
#3876=DIRECTION('',(-0.14038026287003427,0.9900976627568313,0));
#3877=FACE_SURFACE('',(#3882),#3878,.T.);
#3878=PLANE('',#3879);
#3879=AXIS2_PLACEMENT_3D('',#56,#3880,#3881);
#3880=DIRECTION('',(0,0,1));
#3881=DIRECTION('',(0.14038026287003427,-0.9900976627568313,0));
#3882=FACE_BOUND('',#3883,.T.);
#3883=EDGE_LOOP('',(#3884,#3885,#3886));
#3884=ORIENTED_EDGE('',*,*,#3887,.T.);
#3885=ORIENTED_EDGE('',*,*,#3888,.T.);
#3886=ORIENTED_EDGE('',*,*,#3889,.T.);
#3887=EDGE_CURVE('',#57,#221,#3890,.F.);
#3888=EDGE_CURVE('',#221,#225,#3891,.T.);
#3889=EDGE_CURVE('',#225,#57,#3892,.T.);
#3890=LINE('',#56,#3893);
#3891=LINE('',#220,#3894);
#3892=LINE('',#224,#3895);
#3893=VECTOR('',#3896,1.0);
#3894=VECTOR('',#3897,1.0);
#3895=VECTOR('',#3898,1.0);
#3896=DIRECTION('',(0.14038026287003427,-0.9900976627568313,0));
#3897=DIRECTION('',(0.9063068466867513,0.42262027832170734,0));
#3898=DIRECTION('',(-0.15261320054796404,0.9882859965710872,0));
#3899=FACE_SURFACE('',(#3904),#3900,.T.);
#3900=PLANE('',#3901);
#3901=AXIS2_PLACEMENT_3D('',#224,#3902,#3903);
#3902=DIRECTION('',(0,-0,1));
#3903=DIRECTION('',(0.965926430920988,0.25881678857493334,0));
#3904=FACE_BOUND('',#3905,.T.);
#3905=EDGE_LOOP('',(#3906,#3907,#3908));
#3906=ORIENTED_EDGE('',*,*,#3909,.T.);
#3907=ORIENTED_EDGE('',*,*,#3910,.T.);
#3908=ORIENTED_EDGE('',*,*,#3911,.T.);
#3909=EDGE_CURVE('',#225,#229,#3912,.F.);
#3910=EDGE_CURVE('',#229,#57,#3913,.T.);
#3911=EDGE_CURVE('',#57,#225,#3914,.T.);
#3912=LINE('',#224,#3915);
#3913=LINE('',#228,#3916);
#3914=LINE('',#56,#3917);
#3915=VECTOR('',#3918,1.0);
#3916=VECTOR('',#3919,1.0);
#3917=VECTOR('',#3920,1.0);
#3918=DIRECTION('',(0.965926430920988,0.25881678857493334,0));
#3919=DIRECTION('',(-0.1653171719781852,0.9862404537683166,0));
#3920=DIRECTION('',(0.15261320054796404,-0.9882859965710872,0));
#3921=FACE_SURFACE('',(#3926),#3922,.T.);
#3922=PLANE('',#3923);
#3923=AXIS2_PLACEMENT_3D('',#56,#3924,#3925);
#3924=DIRECTION('',(-0,0,1));
#3925=DIRECTION('',(0.1653171719781852,-0.9862404537683166,0));
#3926=FACE_BOUND('',#3927,.T.);
#3927=EDGE_LOOP('',(#3928,#3929,#3930));
#3928=ORIENTED_EDGE('',*,*,#3931,.T.);
#3929=ORIENTED_EDGE('',*,*,#3932,.T.);
#3930=ORIENTED_EDGE('',*,*,#3933,.T.);
#3931=EDGE_CURVE('',#57,#229,#3934,.F.);
#3932=EDGE_CURVE('',#229,#263,#3935,.T.);
#3933=EDGE_CURVE('',#263,#57,#3936,.T.);
#3934=LINE('',#56,#3937);
#3935=LINE('',#228,#3938);
#3936=LINE('',#262,#3939);
#3937=VECTOR('',#3940,1.0);
#3938=VECTOR('',#3941,1.0);
#3939=VECTOR('',#3942,1.0);
#3940=DIRECTION('',(0.1653171719781852,-0.9862404537683166,0));
#3941=DIRECTION('',(0.10765279581181944,0.9941885513090053,0));
#3942=DIRECTION('',(-0.9005516363645786,-0.43474906583117584,0));
#3943=FACE_SURFACE('',(#3948),#3944,.T.);
#3944=PLANE('',#3945);
#3945=AXIS2_PLACEMENT_3D('',#56,#3946,#3947);
#3946=DIRECTION('',(0,0,1));
#3947=DIRECTION('',(0.9005516363645786,0.43474906583117584,0));
#3948=FACE_BOUND('',#3949,.T.);
#3949=EDGE_LOOP('',(#3950,#3951,#3952));
#3950=ORIENTED_EDGE('',*,*,#3953,.T.);
#3951=ORIENTED_EDGE('',*,*,#3954,.T.);
#3952=ORIENTED_EDGE('',*,*,#3955,.T.);
#3953=EDGE_CURVE('',#57,#263,#3956,.F.);
#3954=EDGE_CURVE('',#263,#113,#3957,.T.);
#3955=EDGE_CURVE('',#113,#57,#3958,.T.);
#3956=LINE('',#56,#3959);
#3957=LINE('',#262,#3960);
#3958=LINE('',#112,#3961);
#3959=VECTOR('',#3962,1.0);
#3960=VECTOR('',#3963,1.0);
#3961=VECTOR('',#3964,1.0);
#3962=DIRECTION('',(0.9005516363645786,0.43474906583117584,0));
#3963=DIRECTION('',(-1,0,0));
#3964=DIRECTION('',(0,-1,0));
#3965=FACE_SURFACE('',(#3970),#3966,.T.);
#3966=PLANE('',#3967);
#3967=AXIS2_PLACEMENT_3D('',#228,#3968,#3969);
#3968=DIRECTION('',(0,0,1));
#3969=DIRECTION('',(0.9961946929443409,0.0871558015827422,0));
#3970=FACE_BOUND('',#3971,.T.);
#3971=EDGE_LOOP('',(#3972,#3973,#3974));
#3972=ORIENTED_EDGE('',*,*,#3975,.T.);
#3973=ORIENTED_EDGE('',*,*,#3976,.T.);
#3974=ORIENTED_EDGE('',*,*,#3977,.T.);
#3975=EDGE_CURVE('',#229,#233,#3978,.F.);
#3976=EDGE_CURVE('',#233,#263,#3979,.T.);
#3977=EDGE_CURVE('',#263,#229,#3980,.T.);
#3978=LINE('',#228,#3981);
#3979=LINE('',#232,#3982);
#3980=LINE('',#262,#3983);
#3981=VECTOR('',#3984,1.0);
#3982=VECTOR('',#3985,1.0);
#3983=VECTOR('',#3986,1.0);
#3984=DIRECTION('',(0.9961946929443409,0.0871558015827422,0));
#3985=DIRECTION('',(0.09646432483670198,0.9953364426332431,0));
#3986=DIRECTION('',(-0.10765279581181944,-0.9941885513090053,0));
#3987=FACE_SURFACE('',(#3992),#3988,.T.);
#3988=PLANE('',#3989);
#3989=AXIS2_PLACEMENT_3D('',#262,#3990,#3991);
#3990=DIRECTION('',(0,0,1));
#3991=DIRECTION('',(-0.09646432483670198,-0.9953364426332431,0));
#3992=FACE_BOUND('',#3993,.T.);
#3993=EDGE_LOOP('',(#3994,#3995,#3996));
#3994=ORIENTED_EDGE('',*,*,#3997,.T.);
#3995=ORIENTED_EDGE('',*,*,#3998,.T.);
#3996=ORIENTED_EDGE('',*,*,#3999,.T.);
#3997=EDGE_CURVE('',#263,#233,#4000,.F.);
#3998=EDGE_CURVE('',#233,#237,#4001,.T.);
#3999=EDGE_CURVE('',#237,#263,#4002,.T.);
#4000=LINE('',#262,#4003);
#4001=LINE('',#232,#4004);
#4002=LINE('',#236,#4005);
#4003=VECTOR('',#4006,1.0);
#4004=VECTOR('',#4007,1.0);
#4005=VECTOR('',#4008,1.0);
#4006=DIRECTION('',(-0.09646432483670198,-0.9953364426332431,0));
#4007=DIRECTION('',(0.9961947816028938,-0.08715478820559809,0));
#4008=DIRECTION('',(0.08504675431419949,0.9963769615866377,0));
#4009=FACE_SURFACE('',(#4014),#4010,.T.);
#4010=PLANE('',#4011);
#4011=AXIS2_PLACEMENT_3D('',#262,#4012,#4013);
#4012=DIRECTION('',(0,0,1));
#4013=DIRECTION('',(-0.08504675431419949,-0.9963769615866377,0));
#4014=FACE_BOUND('',#4015,.T.);
#4015=EDGE_LOOP('',(#4016,#4017,#4018));
#4016=ORIENTED_EDGE('',*,*,#4019,.T.);
#4017=ORIENTED_EDGE('',*,*,#4020,.T.);
#4018=ORIENTED_EDGE('',*,*,#4021,.T.);
#4019=EDGE_CURVE('',#263,#237,#4022,.F.);
#4020=EDGE_CURVE('',#237,#241,#4023,.T.);
#4021=EDGE_CURVE('',#241,#263,#4024,.T.);
#4022=LINE('',#262,#4025);
#4023=LINE('',#236,#4026);
#4024=LINE('',#240,#4027);
#4025=VECTOR('',#4028,1.0);
#4026=VECTOR('',#4029,1.0);
#4027=VECTOR('',#4030,1.0);
#4028=DIRECTION('',(-0.08504675431419949,-0.9963769615866377,0));
#4029=DIRECTION('',(0.9659256490752949,-0.25881970647242153,0));
#4030=DIRECTION('',(0.07381888320846101,0.9972716643331724,0));
#4031=FACE_SURFACE('',(#4036),#4032,.T.);
#4032=PLANE('',#4033);
#4033=AXIS2_PLACEMENT_3D('',#240,#4034,#4035);
#4034=DIRECTION('',(-0,0,1));
#4035=DIRECTION('',(0.9063068466867513,-0.42262027832170734,0));
#4036=FACE_BOUND('',#4037,.T.);
#4037=EDGE_LOOP('',(#4038,#4039,#4040));
#4038=ORIENTED_EDGE('',*,*,#4041,.T.);
#4039=ORIENTED_EDGE('',*,*,#4042,.T.);
#4040=ORIENTED_EDGE('',*,*,#4043,.T.);
#4041=EDGE_CURVE('',#241,#245,#4044,.F.);
#4042=EDGE_CURVE('',#245,#263,#4045,.T.);
#4043=EDGE_CURVE('',#263,#241,#4046,.T.);
#4044=LINE('',#240,#4047);
#4045=LINE('',#244,#4048);
#4046=LINE('',#262,#4049);
#4047=VECTOR('',#4050,1.0);
#4048=VECTOR('',#4051,1.0);
#4049=VECTOR('',#4052,1.0);
#4050=DIRECTION('',(0.9063068466867513,-0.42262027832170734,0));
#4051=DIRECTION('',(0.06318958263958391,0.9980015414045387,0));
#4052=DIRECTION('',(-0.07381888320846101,-0.9972716643331724,0));
#4053=FACE_SURFACE('',(#4058),#4054,.T.);
#4054=PLANE('',#4055);
#4055=AXIS2_PLACEMENT_3D('',#262,#4056,#4057);
#4056=DIRECTION('',(0,0,1));
#4057=DIRECTION('',(-0.06318958263958391,-0.9980015414045387,0));
#4058=FACE_BOUND('',#4059,.T.);
#4059=EDGE_LOOP('',(#4060,#4061,#4062));
#4060=ORIENTED_EDGE('',*,*,#4063,.T.);
#4061=ORIENTED_EDGE('',*,*,#4064,.T.);
#4062=ORIENTED_EDGE('',*,*,#4065,.T.);
#4063=EDGE_CURVE('',#263,#245,#4066,.F.);
#4064=EDGE_CURVE('',#245,#249,#4067,.T.);
#4065=EDGE_CURVE('',#249,#263,#4068,.T.);
#4066=LINE('',#262,#4069);
#4067=LINE('',#244,#4070);
#4068=LINE('',#248,#4071);
#4069=VECTOR('',#4072,1.0);
#4070=VECTOR('',#4073,1.0);
#4071=VECTOR('',#4074,1.0);
#4072=DIRECTION('',(-0.06318958263958391,-0.9980015414045387,0));
#4073=DIRECTION('',(0.8191515817460882,-0.573577096930205,0));
#4074=DIRECTION('',(0.053535629064140916,0.9985659399462344,0));
#4075=FACE_SURFACE('',(#4080),#4076,.T.);
#4076=PLANE('',#4077);
#4077=AXIS2_PLACEMENT_3D('',#262,#4078,#4079);
#4078=DIRECTION('',(0,0,1));
#4079=DIRECTION('',(-0.053535629064140916,-0.9985659399462344,0));
#4080=FACE_BOUND('',#4081,.T.);
#4081=EDGE_LOOP('',(#4082,#4083,#4084));
#4082=ORIENTED_EDGE('',*,*,#4085,.T.);
#4083=ORIENTED_EDGE('',*,*,#4086,.T.);
#4084=ORIENTED_EDGE('',*,*,#4087,.T.);
#4085=EDGE_CURVE('',#263,#249,#4088,.F.);
#4086=EDGE_CURVE('',#249,#253,#4089,.T.);
#4087=EDGE_CURVE('',#253,#263,#4090,.T.);
#4088=LINE('',#262,#4091);
#4089=LINE('',#248,#4092);
#4090=LINE('',#252,#4093);
#4091=VECTOR('',#4094,1.0);
#4092=VECTOR('',#4095,1.0);
#4093=VECTOR('',#4096,1.0);
#4094=DIRECTION('',(-0.053535629064140916,-0.9985659399462344,0));
#4095=DIRECTION('',(0.7071067811865475,-0.7071067811865475,0));
#4096=DIRECTION('',(0.04518285229074853,0.9989787334367396,0));
#4097=FACE_SURFACE('',(#4102),#4098,.T.);
#4098=PLANE('',#4099);
#4099=AXIS2_PLACEMENT_3D('',#252,#4100,#4101);
#4100=DIRECTION('',(-0,0,1));
#4101=DIRECTION('',(0.5735790548721601,-0.8191502107745317,0));
#4102=FACE_BOUND('',#4103,.T.);
#4103=EDGE_LOOP('',(#4104,#4105,#4106));
#4104=ORIENTED_EDGE('',*,*,#4107,.T.);
#4105=ORIENTED_EDGE('',*,*,#4108,.T.);
#4106=ORIENTED_EDGE('',*,*,#4109,.T.);
#4107=EDGE_CURVE('',#253,#257,#4110,.F.);
#4108=EDGE_CURVE('',#257,#263,#4111,.T.);
#4109=EDGE_CURVE('',#263,#253,#4112,.T.);
#4110=LINE('',#252,#4113);
#4111=LINE('',#256,#4114);
#4112=LINE('',#262,#4115);
#4113=VECTOR('',#4116,1.0);
#4114=VECTOR('',#4117,1.0);
#4115=VECTOR('',#4118,1.0);
#4116=DIRECTION('',(0.5735790548721601,-0.8191502107745317,0));
#4117=DIRECTION('',(0.03839219906043977,0.9992627477552155,0));
#4118=DIRECTION('',(-0.04518285229074853,-0.9989787334367396,0));
#4119=FACE_SURFACE('',(#4124),#4120,.T.);
#4120=PLANE('',#4121);
#4121=AXIS2_PLACEMENT_3D('',#262,#4122,#4123);
#4122=DIRECTION('',(0,0,1));
#4123=DIRECTION('',(-0.03839219906043977,-0.9992627477552155,0));
#4124=FACE_BOUND('',#4125,.T.);
#4125=EDGE_LOOP('',(#4126,#4127,#4128));
#4126=ORIENTED_EDGE('',*,*,#4129,.T.);
#4127=ORIENTED_EDGE('',*,*,#4130,.T.);
#4128=ORIENTED_EDGE('',*,*,#4131,.T.);
#4129=EDGE_CURVE('',#263,#257,#4132,.F.);
#4130=EDGE_CURVE('',#257,#129,#4133,.T.);
#4131=EDGE_CURVE('',#129,#263,#4134,.T.);
#4132=LINE('',#262,#4135);
#4133=LINE('',#256,#4136);
#4134=LINE('',#128,#4137);
#4135=VECTOR('',#4138,1.0);
#4136=VECTOR('',#4139,1.0);
#4137=VECTOR('',#4140,1.0);
#4138=DIRECTION('',(-0.03839219906043977,-0.9992627477552155,0));
#4139=DIRECTION('',(0.4226191606908643,-0.906307367848761,0));
#4140=DIRECTION('',(0.03335253264835632,0.9994436495200419,0));
#4141=FACE_SURFACE('',(#4146),#4142,.T.);
#4142=PLANE('',#4143);
#4143=AXIS2_PLACEMENT_3D('',#262,#4144,#4145);
#4144=DIRECTION('',(0,0,1));
#4145=DIRECTION('',(-0.03335253264835632,-0.9994436495200419,0));
#4146=FACE_BOUND('',#4147,.T.);
#4147=EDGE_LOOP('',(#4148,#4149,#4150));
#4148=ORIENTED_EDGE('',*,*,#4151,.T.);
#4149=ORIENTED_EDGE('',*,*,#4152,.T.);
#4150=ORIENTED_EDGE('',*,*,#4153,.T.);
#4151=EDGE_CURVE('',#263,#129,#4154,.F.);
#4152=EDGE_CURVE('',#129,#127,#4155,.T.);
#4153=EDGE_CURVE('',#127,#263,#4156,.T.);
#4154=LINE('',#262,#4157);
#4155=LINE('',#128,#4158);
#4156=LINE('',#126,#4159);
#4157=VECTOR('',#4160,1.0);
#4158=VECTOR('',#4161,1.0);
#4159=VECTOR('',#4162,1.0);
#4160=DIRECTION('',(-0.03335253264835632,-0.9994436495200419,0));
#4161=DIRECTION('',(0.2588189769921029,-0.9659258445391972,0));
#4162=DIRECTION('',(0.03017846751792217,0.9995445263209988,0));
#4163=FACE_SURFACE('',(#4168),#4164,.T.);
#4164=PLANE('',#4165);
#4165=AXIS2_PLACEMENT_3D('',#262,#4166,#4167);
#4166=DIRECTION('',(0,0,1));
#4167=DIRECTION('',(-0.03017846751792217,-0.9995445263209988,0));
#4168=FACE_BOUND('',#4169,.T.);
#4169=EDGE_LOOP('',(#4170,#4171,#4172));
#4170=ORIENTED_EDGE('',*,*,#4173,.T.);
#4171=ORIENTED_EDGE('',*,*,#4174,.T.);
#4172=ORIENTED_EDGE('',*,*,#4175,.T.);
#4173=EDGE_CURVE('',#263,#127,#4176,.F.);
#4174=EDGE_CURVE('',#127,#261,#4177,.T.);
#4175=EDGE_CURVE('',#261,#263,#4178,.T.);
#4176=LINE('',#262,#4179);
#4177=LINE('',#126,#4180);
#4178=LINE('',#260,#4181);
#4179=VECTOR('',#4182,1.0);
#4180=VECTOR('',#4183,1.0);
#4181=VECTOR('',#4184,1.0);
#4182=DIRECTION('',(-0.03017846751792217,-0.9995445263209988,0));
#4183=DIRECTION('',(0.24498142440044665,-0.9695277725257426,0));
#4184=DIRECTION('',(0,1,0));
#4185=FACE_SURFACE('',(#4190),#4186,.T.);
#4186=PLANE('',#4187);
#4187=AXIS2_PLACEMENT_3D('',#116,#4188,#4189);
#4188=DIRECTION('',(0,0,-1));
#4189=DIRECTION('',(0.08715239913669738,0.9961949906141457,0));
#4190=FACE_BOUND('',#4191,.T.);
#4191=EDGE_LOOP('',(#4192,#4193,#4194));
#4192=ORIENTED_EDGE('',*,*,#4195,.T.);
#4193=ORIENTED_EDGE('',*,*,#4196,.T.);
#4194=ORIENTED_EDGE('',*,*,#4197,.T.);
#4195=EDGE_CURVE('',#117,#121,#4198,.F.);
#4196=EDGE_CURVE('',#121,#265,#4199,.T.);
#4197=EDGE_CURVE('',#265,#117,#4200,.T.);
#4198=LINE('',#116,#4201);
#4199=LINE('',#120,#4202);
#4200=LINE('',#264,#4203);
#4201=VECTOR('',#4204,1.0);
#4202=VECTOR('',#4205,1.0);
#4203=VECTOR('',#4206,1.0);
#4204=DIRECTION('',(0.08715239913669738,0.9961949906141457,0));
#4205=DIRECTION('',(0.25997347344787264,-0.9656157585206697,0));
#4206=DIRECTION('',(-0.2951797747639112,0.9554417305991646,0));
#4207=FACE_SURFACE('',(#4212),#4208,.T.);
#4208=PLANE('',#4209);
#4209=AXIS2_PLACEMENT_3D('',#264,#4210,#4211);
#4210=DIRECTION('',(0,0,-1));
#4211=DIRECTION('',(-0.25997347344787264,0.9656157585206697,0));
#4212=FACE_BOUND('',#4213,.T.);
#4213=EDGE_LOOP('',(#4214,#4215,#4216));
#4214=ORIENTED_EDGE('',*,*,#4217,.T.);
#4215=ORIENTED_EDGE('',*,*,#4218,.T.);
#4216=ORIENTED_EDGE('',*,*,#4219,.T.);
#4217=EDGE_CURVE('',#265,#121,#4220,.F.);
#4218=EDGE_CURVE('',#121,#125,#4221,.T.);
#4219=EDGE_CURVE('',#125,#265,#4222,.T.);
#4220=LINE('',#264,#4223);
#4221=LINE('',#120,#4224);
#4222=LINE('',#124,#4225);
#4223=VECTOR('',#4226,1.0);
#4224=VECTOR('',#4227,1.0);
#4225=VECTOR('',#4228,1.0);
#4226=DIRECTION('',(-0.25997347344787264,0.9656157585206697,0));
#4227=DIRECTION('',(-0.08715239913669738,0.9961949906141457,0));
#4228=DIRECTION('',(0.24498142440044665,-0.9695277725257426,0));
#4229=FACE_SURFACE('',(#4234),#4230,.T.);
#4230=PLANE('',#4231);
#4231=AXIS2_PLACEMENT_3D('',#264,#4232,#4233);
#4232=DIRECTION('',(0,0,-1));
#4233=DIRECTION('',(-0.24498142440044665,0.9695277725257426,0));
#4234=FACE_BOUND('',#4235,.T.);
#4235=EDGE_LOOP('',(#4236,#4237,#4238));
#4236=ORIENTED_EDGE('',*,*,#4239,.T.);
#4237=ORIENTED_EDGE('',*,*,#4240,.T.);
#4238=ORIENTED_EDGE('',*,*,#4241,.T.);
#4239=EDGE_CURVE('',#265,#125,#4242,.F.);
#4240=EDGE_CURVE('',#125,#267,#4243,.T.);
#4241=EDGE_CURVE('',#267,#265,#4244,.T.);
#4242=LINE('',#264,#4245);
#4243=LINE('',#124,#4246);
#4244=LINE('',#266,#4247);
#4245=VECTOR('',#4248,1.0);
#4246=VECTOR('',#4249,1.0);
#4247=VECTOR('',#4250,1.0);
#4248=DIRECTION('',(-0.24498142440044665,0.9695277725257426,0));
#4249=DIRECTION('',(0.03017846751792217,0.9995445263209988,0));
#4250=DIRECTION('',(0,-1,0));
#4251=FACE_SURFACE('',(#4256),#4252,.T.);
#4252=PLANE('',#4253);
#4253=AXIS2_PLACEMENT_3D('',#266,#4254,#4255);
#4254=DIRECTION('',(0,0,-1));
#4255=DIRECTION('',(-0.03017846751792217,-0.9995445263209988,0));
#4256=FACE_BOUND('',#4257,.T.);
#4257=EDGE_LOOP('',(#4258,#4259,#4260));
#4258=ORIENTED_EDGE('',*,*,#4261,.T.);
#4259=ORIENTED_EDGE('',*,*,#4262,.T.);
#4260=ORIENTED_EDGE('',*,*,#4263,.T.);
#4261=EDGE_CURVE('',#267,#125,#4264,.F.);
#4262=EDGE_CURVE('',#125,#259,#4265,.T.);
#4263=EDGE_CURVE('',#259,#267,#4266,.T.);
#4264=LINE('',#266,#4267);
#4265=LINE('',#124,#4268);
#4266=LINE('',#258,#4269);
#4267=VECTOR('',#4270,1.0);
#4268=VECTOR('',#4271,1.0);
#4269=VECTOR('',#4272,1.0);
#4270=DIRECTION('',(-0.03017846751792217,-0.9995445263209988,0));
#4271=DIRECTION('',(-0.2588189769921029,0.9659258445391972,0));
#4272=DIRECTION('',(0.03335253264835632,0.9994436495200419,0));
#4273=FACE_SURFACE('',(#4278),#4274,.T.);
#4274=PLANE('',#4275);
#4275=AXIS2_PLACEMENT_3D('',#266,#4276,#4277);
#4276=DIRECTION('',(0,0,-1));
#4277=DIRECTION('',(-0.03335253264835632,-0.9994436495200419,0));
#4278=FACE_BOUND('',#4279,.T.);
#4279=EDGE_LOOP('',(#4280,#4281,#4282));
#4280=ORIENTED_EDGE('',*,*,#4283,.T.);
#4281=ORIENTED_EDGE('',*,*,#4284,.T.);
#4282=ORIENTED_EDGE('',*,*,#4285,.T.);
#4283=EDGE_CURVE('',#267,#259,#4286,.F.);
#4284=EDGE_CURVE('',#259,#255,#4287,.T.);
#4285=EDGE_CURVE('',#255,#267,#4288,.T.);
#4286=LINE('',#266,#4289);
#4287=LINE('',#258,#4290);
#4288=LINE('',#254,#4291);
#4289=VECTOR('',#4292,1.0);
#4290=VECTOR('',#4293,1.0);
#4291=VECTOR('',#4294,1.0);
#4292=DIRECTION('',(-0.03335253264835632,-0.9994436495200419,0));
#4293=DIRECTION('',(-0.4226191606908643,0.906307367848761,0));
#4294=DIRECTION('',(0.03839219906043977,0.9992627477552155,0));
#4295=FACE_SURFACE('',(#4300),#4296,.T.);
#4296=PLANE('',#4297);
#4297=AXIS2_PLACEMENT_3D('',#254,#4298,#4299);
#4298=DIRECTION('',(0,0,-1));
#4299=DIRECTION('',(-0.5735790548721601,0.8191502107745317,0));
#4300=FACE_BOUND('',#4301,.T.);
#4301=EDGE_LOOP('',(#4302,#4303,#4304));
#4302=ORIENTED_EDGE('',*,*,#4305,.T.);
#4303=ORIENTED_EDGE('',*,*,#4306,.T.);
#4304=ORIENTED_EDGE('',*,*,#4307,.T.);
#4305=EDGE_CURVE('',#255,#251,#4308,.F.);
#4306=EDGE_CURVE('',#251,#267,#4309,.T.);
#4307=EDGE_CURVE('',#267,#255,#4310,.T.);
#4308=LINE('',#254,#4311);
#4309=LINE('',#250,#4312);
#4310=LINE('',#266,#4313);
#4311=VECTOR('',#4314,1.0);
#4312=VECTOR('',#4315,1.0);
#4313=VECTOR('',#4316,1.0);
#4314=DIRECTION('',(-0.5735790548721601,0.8191502107745317,0));
#4315=DIRECTION('',(0.04518285229074853,0.9989787334367396,0));
#4316=DIRECTION('',(-0.03839219906043977,-0.9992627477552155,0));
#4317=FACE_SURFACE('',(#4322),#4318,.T.);
#4318=PLANE('',#4319);
#4319=AXIS2_PLACEMENT_3D('',#266,#4320,#4321);
#4320=DIRECTION('',(0,0,-1));
#4321=DIRECTION('',(-0.04518285229074853,-0.9989787334367396,0));
#4322=FACE_BOUND('',#4323,.T.);
#4323=EDGE_LOOP('',(#4324,#4325,#4326));
#4324=ORIENTED_EDGE('',*,*,#4327,.T.);
#4325=ORIENTED_EDGE('',*,*,#4328,.T.);
#4326=ORIENTED_EDGE('',*,*,#4329,.T.);
#4327=EDGE_CURVE('',#267,#251,#4330,.F.);
#4328=EDGE_CURVE('',#251,#247,#4331,.T.);
#4329=EDGE_CURVE('',#247,#267,#4332,.T.);
#4330=LINE('',#266,#4333);
#4331=LINE('',#250,#4334);
#4332=LINE('',#246,#4335);
#4333=VECTOR('',#4336,1.0);
#4334=VECTOR('',#4337,1.0);
#4335=VECTOR('',#4338,1.0);
#4336=DIRECTION('',(-0.04518285229074853,-0.9989787334367396,0));
#4337=DIRECTION('',(-0.7071067811865475,0.7071067811865475,0));
#4338=DIRECTION('',(0.053535629064140916,0.9985659399462344,0));
#4339=FACE_SURFACE('',(#4344),#4340,.T.);
#4340=PLANE('',#4341);
#4341=AXIS2_PLACEMENT_3D('',#266,#4342,#4343);
#4342=DIRECTION('',(0,0,-1));
#4343=DIRECTION('',(-0.053535629064140916,-0.9985659399462344,0));
#4344=FACE_BOUND('',#4345,.T.);
#4345=EDGE_LOOP('',(#4346,#4347,#4348));
#4346=ORIENTED_EDGE('',*,*,#4349,.T.);
#4347=ORIENTED_EDGE('',*,*,#4350,.T.);
#4348=ORIENTED_EDGE('',*,*,#4351,.T.);
#4349=EDGE_CURVE('',#267,#247,#4352,.F.);
#4350=EDGE_CURVE('',#247,#243,#4353,.T.);
#4351=EDGE_CURVE('',#243,#267,#4354,.T.);
#4352=LINE('',#266,#4355);
#4353=LINE('',#246,#4356);
#4354=LINE('',#242,#4357);
#4355=VECTOR('',#4358,1.0);
#4356=VECTOR('',#4359,1.0);
#4357=VECTOR('',#4360,1.0);
#4358=DIRECTION('',(-0.053535629064140916,-0.9985659399462344,0));
#4359=DIRECTION('',(-0.8191515817460882,0.573577096930205,0));
#4360=DIRECTION('',(0.06318958263958391,0.9980015414045387,0));
#4361=FACE_SURFACE('',(#4366),#4362,.T.);
#4362=PLANE('',#4363);
#4363=AXIS2_PLACEMENT_3D('',#242,#4364,#4365);
#4364=DIRECTION('',(0,0,-1));
#4365=DIRECTION('',(-0.9063068466867513,0.42262027832170734,0));
#4366=FACE_BOUND('',#4367,.T.);
#4367=EDGE_LOOP('',(#4368,#4369,#4370));
#4368=ORIENTED_EDGE('',*,*,#4371,.T.);
#4369=ORIENTED_EDGE('',*,*,#4372,.T.);
#4370=ORIENTED_EDGE('',*,*,#4373,.T.);
#4371=EDGE_CURVE('',#243,#239,#4374,.F.);
#4372=EDGE_CURVE('',#239,#267,#4375,.T.);
#4373=EDGE_CURVE('',#267,#243,#4376,.T.);
#4374=LINE('',#242,#4377);
#4375=LINE('',#238,#4378);
#4376=LINE('',#266,#4379);
#4377=VECTOR('',#4380,1.0);
#4378=VECTOR('',#4381,1.0);
#4379=VECTOR('',#4382,1.0);
#4380=DIRECTION('',(-0.9063068466867513,0.42262027832170734,0));
#4381=DIRECTION('',(0.07381888320846101,0.9972716643331724,0));
#4382=DIRECTION('',(-0.06318958263958391,-0.9980015414045387,0));
#4383=FACE_SURFACE('',(#4388),#4384,.T.);
#4384=PLANE('',#4385);
#4385=AXIS2_PLACEMENT_3D('',#266,#4386,#4387);
#4386=DIRECTION('',(0,0,-1));
#4387=DIRECTION('',(-0.07381888320846101,-0.9972716643331724,0));
#4388=FACE_BOUND('',#4389,.T.);
#4389=EDGE_LOOP('',(#4390,#4391,#4392));
#4390=ORIENTED_EDGE('',*,*,#4393,.T.);
#4391=ORIENTED_EDGE('',*,*,#4394,.T.);
#4392=ORIENTED_EDGE('',*,*,#4395,.T.);
#4393=EDGE_CURVE('',#267,#239,#4396,.F.);
#4394=EDGE_CURVE('',#239,#235,#4397,.T.);
#4395=EDGE_CURVE('',#235,#267,#4398,.T.);
#4396=LINE('',#266,#4399);
#4397=LINE('',#238,#4400);
#4398=LINE('',#234,#4401);
#4399=VECTOR('',#4402,1.0);
#4400=VECTOR('',#4403,1.0);
#4401=VECTOR('',#4404,1.0);
#4402=DIRECTION('',(-0.07381888320846101,-0.9972716643331724,0));
#4403=DIRECTION('',(-0.9659256490752949,0.25881970647242153,0));
#4404=DIRECTION('',(0.08504675431419949,0.9963769615866377,0));
#4405=FACE_SURFACE('',(#4410),#4406,.T.);
#4406=PLANE('',#4407);
#4407=AXIS2_PLACEMENT_3D('',#266,#4408,#4409);
#4408=DIRECTION('',(0,0,-1));
#4409=DIRECTION('',(-0.08504675431419949,-0.9963769615866377,0));
#4410=FACE_BOUND('',#4411,.T.);
#4411=EDGE_LOOP('',(#4412,#4413,#4414));
#4412=ORIENTED_EDGE('',*,*,#4415,.T.);
#4413=ORIENTED_EDGE('',*,*,#4416,.T.);
#4414=ORIENTED_EDGE('',*,*,#4417,.T.);
#4415=EDGE_CURVE('',#267,#235,#4418,.F.);
#4416=EDGE_CURVE('',#235,#231,#4419,.T.);
#4417=EDGE_CURVE('',#231,#267,#4420,.T.);
#4418=LINE('',#266,#4421);
#4419=LINE('',#234,#4422);
#4420=LINE('',#230,#4423);
#4421=VECTOR('',#4424,1.0);
#4422=VECTOR('',#4425,1.0);
#4423=VECTOR('',#4426,1.0);
#4424=DIRECTION('',(-0.08504675431419949,-0.9963769615866377,0));
#4425=DIRECTION('',(-0.9961947816028938,0.08715478820559809,0));
#4426=DIRECTION('',(0.09646432483670198,0.9953364426332431,0));
#4427=FACE_SURFACE('',(#4432),#4428,.T.);
#4428=PLANE('',#4429);
#4429=AXIS2_PLACEMENT_3D('',#230,#4430,#4431);
#4430=DIRECTION('',(-0,0,-1));
#4431=DIRECTION('',(-0.9961946929443409,-0.0871558015827422,0));
#4432=FACE_BOUND('',#4433,.T.);
#4433=EDGE_LOOP('',(#4434,#4435,#4436));
#4434=ORIENTED_EDGE('',*,*,#4437,.T.);
#4435=ORIENTED_EDGE('',*,*,#4438,.T.);
#4436=ORIENTED_EDGE('',*,*,#4439,.T.);
#4437=EDGE_CURVE('',#231,#227,#4440,.F.);
#4438=EDGE_CURVE('',#227,#267,#4441,.T.);
#4439=EDGE_CURVE('',#267,#231,#4442,.T.);
#4440=LINE('',#230,#4443);
#4441=LINE('',#226,#4444);
#4442=LINE('',#266,#4445);
#4443=VECTOR('',#4446,1.0);
#4444=VECTOR('',#4447,1.0);
#4445=VECTOR('',#4448,1.0);
#4446=DIRECTION('',(-0.9961946929443409,-0.0871558015827422,0));
#4447=DIRECTION('',(0.10765279581181944,0.9941885513090053,0));
#4448=DIRECTION('',(-0.09646432483670198,-0.9953364426332431,0));
#4449=FACE_SURFACE('',(#4454),#4450,.T.);
#4450=PLANE('',#4451);
#4451=AXIS2_PLACEMENT_3D('',#266,#4452,#4453);
#4452=DIRECTION('',(0,0,-1));
#4453=DIRECTION('',(-0.10765279581181944,-0.9941885513090053,0));
#4454=FACE_BOUND('',#4455,.T.);
#4455=EDGE_LOOP('',(#4456,#4457,#4458));
#4456=ORIENTED_EDGE('',*,*,#4459,.T.);
#4457=ORIENTED_EDGE('',*,*,#4460,.T.);
#4458=ORIENTED_EDGE('',*,*,#4461,.T.);
#4459=EDGE_CURVE('',#267,#227,#4462,.F.);
#4460=EDGE_CURVE('',#227,#61,#4463,.T.);
#4461=EDGE_CURVE('',#61,#267,#4464,.T.);
#4462=LINE('',#266,#4465);
#4463=LINE('',#226,#4466);
#4464=LINE('',#60,#4467);
#4465=VECTOR('',#4468,1.0);
#4466=VECTOR('',#4469,1.0);
#4467=VECTOR('',#4470,1.0);
#4468=DIRECTION('',(-0.10765279581181944,-0.9941885513090053,0));
#4469=DIRECTION('',(-0.1653171719781852,0.9862404537683166,0));
#4470=DIRECTION('',(0.9005516363645786,0.43474906583117584,0));
#4471=FACE_SURFACE('',(#4476),#4472,.T.);
#4472=PLANE('',#4473);
#4473=AXIS2_PLACEMENT_3D('',#266,#4474,#4475);
#4474=DIRECTION('',(-0,0,-1));
#4475=DIRECTION('',(-0.9005516363645786,-0.43474906583117584,0));
#4476=FACE_BOUND('',#4477,.T.);
#4477=EDGE_LOOP('',(#4478,#4479,#4480));
#4478=ORIENTED_EDGE('',*,*,#4481,.T.);
#4479=ORIENTED_EDGE('',*,*,#4482,.T.);
#4480=ORIENTED_EDGE('',*,*,#4483,.T.);
#4481=EDGE_CURVE('',#267,#61,#4484,.F.);
#4482=EDGE_CURVE('',#61,#115,#4485,.T.);
#4483=EDGE_CURVE('',#115,#267,#4486,.T.);
#4484=LINE('',#266,#4487);
#4485=LINE('',#60,#4488);
#4486=LINE('',#114,#4489);
#4487=VECTOR('',#4490,1.0);
#4488=VECTOR('',#4491,1.0);
#4489=VECTOR('',#4492,1.0);
#4490=DIRECTION('',(-0.9005516363645786,-0.43474906583117584,0));
#4491=DIRECTION('',(0,1,0));
#4492=DIRECTION('',(1,0,0));
#4493=FACE_SURFACE('',(#4498),#4494,.T.);
#4494=PLANE('',#4495);
#4495=AXIS2_PLACEMENT_3D('',#226,#4496,#4497);
#4496=DIRECTION('',(-0,0,-1));
#4497=DIRECTION('',(-0.965926430920988,-0.25881678857493334,0));
#4498=FACE_BOUND('',#4499,.T.);
#4499=EDGE_LOOP('',(#4500,#4501,#4502));
#4500=ORIENTED_EDGE('',*,*,#4503,.T.);
#4501=ORIENTED_EDGE('',*,*,#4504,.T.);
#4502=ORIENTED_EDGE('',*,*,#4505,.T.);
#4503=EDGE_CURVE('',#227,#223,#4506,.F.);
#4504=EDGE_CURVE('',#223,#61,#4507,.T.);
#4505=EDGE_CURVE('',#61,#227,#4508,.T.);
#4506=LINE('',#226,#4509);
#4507=LINE('',#222,#4510);
#4508=LINE('',#60,#4511);
#4509=VECTOR('',#4512,1.0);
#4510=VECTOR('',#4513,1.0);
#4511=VECTOR('',#4514,1.0);
#4512=DIRECTION('',(-0.965926430920988,-0.25881678857493334,0));
#4513=DIRECTION('',(-0.15261320054796404,0.9882859965710872,0));
#4514=DIRECTION('',(0.1653171719781852,-0.9862404537683166,0));
#4515=FACE_SURFACE('',(#4520),#4516,.T.);
#4516=PLANE('',#4517);
#4517=AXIS2_PLACEMENT_3D('',#60,#4518,#4519);
#4518=DIRECTION('',(0,0,-1));
#4519=DIRECTION('',(0.15261320054796404,-0.9882859965710872,0));
#4520=FACE_BOUND('',#4521,.T.);
#4521=EDGE_LOOP('',(#4522,#4523,#4524));
#4522=ORIENTED_EDGE('',*,*,#4525,.T.);
#4523=ORIENTED_EDGE('',*,*,#4526,.T.);
#4524=ORIENTED_EDGE('',*,*,#4527,.T.);
#4525=EDGE_CURVE('',#61,#223,#4528,.F.);
#4526=EDGE_CURVE('',#223,#219,#4529,.T.);
#4527=EDGE_CURVE('',#219,#61,#4530,.T.);
#4528=LINE('',#60,#4531);
#4529=LINE('',#222,#4532);
#4530=LINE('',#218,#4533);
#4531=VECTOR('',#4534,1.0);
#4532=VECTOR('',#4535,1.0);
#4533=VECTOR('',#4536,1.0);
#4534=DIRECTION('',(0.15261320054796404,-0.9882859965710872,0));
#4535=DIRECTION('',(-0.9063068466867513,-0.42262027832170734,0));
#4536=DIRECTION('',(-0.14038026287003427,0.9900976627568313,0));
#4537=FACE_SURFACE('',(#4542),#4538,.T.);
#4538=PLANE('',#4539);
#4539=AXIS2_PLACEMENT_3D('',#60,#4540,#4541);
#4540=DIRECTION('',(0,0,-1));
#4541=DIRECTION('',(0.14038026287003427,-0.9900976627568313,0));
#4542=FACE_BOUND('',#4543,.T.);
#4543=EDGE_LOOP('',(#4544,#4545,#4546));
#4544=ORIENTED_EDGE('',*,*,#4547,.T.);
#4545=ORIENTED_EDGE('',*,*,#4548,.T.);
#4546=ORIENTED_EDGE('',*,*,#4549,.T.);
#4547=EDGE_CURVE('',#61,#219,#4550,.F.);
#4548=EDGE_CURVE('',#219,#215,#4551,.T.);
#4549=EDGE_CURVE('',#215,#61,#4552,.T.);
#4550=LINE('',#60,#4553);
#4551=LINE('',#218,#4554);
#4552=LINE('',#214,#4555);
#4553=VECTOR('',#4556,1.0);
#4554=VECTOR('',#4557,1.0);
#4555=VECTOR('',#4558,1.0);
#4556=DIRECTION('',(0.14038026287003427,-0.9900976627568313,0));
#4557=DIRECTION('',(-0.8191515817460882,-0.573577096930205,0));
#4558=DIRECTION('',(-0.12906917974918464,0.9916355917568069,0));
#4559=FACE_SURFACE('',(#4564),#4560,.T.);
#4560=PLANE('',#4561);
#4561=AXIS2_PLACEMENT_3D('',#214,#4562,#4563);
#4562=DIRECTION('',(-0,0,-1));
#4563=DIRECTION('',(-0.7071067811865475,-0.7071067811865475,0));
#4564=FACE_BOUND('',#4565,.T.);
#4565=EDGE_LOOP('',(#4566,#4567,#4568));
#4566=ORIENTED_EDGE('',*,*,#4569,.T.);
#4567=ORIENTED_EDGE('',*,*,#4570,.T.);
#4568=ORIENTED_EDGE('',*,*,#4571,.T.);
#4569=EDGE_CURVE('',#215,#211,#4572,.F.);
#4570=EDGE_CURVE('',#211,#61,#4573,.T.);
#4571=EDGE_CURVE('',#61,#215,#4574,.T.);
#4572=LINE('',#214,#4575);
#4573=LINE('',#210,#4576);
#4574=LINE('',#60,#4577);
#4575=VECTOR('',#4578,1.0);
#4576=VECTOR('',#4579,1.0);
#4577=VECTOR('',#4580,1.0);
#4578=DIRECTION('',(-0.7071067811865475,-0.7071067811865475,0));
#4579=DIRECTION('',(-0.11907987227930138,0.992884678106146,0));
#4580=DIRECTION('',(0.12906917974918464,-0.9916355917568069,0));
#4581=FACE_SURFACE('',(#4586),#4582,.T.);
#4582=PLANE('',#4583);
#4583=AXIS2_PLACEMENT_3D('',#60,#4584,#4585);
#4584=DIRECTION('',(0,0,-1));
#4585=DIRECTION('',(0.11907987227930138,-0.992884678106146,0));
#4586=FACE_BOUND('',#4587,.T.);
#4587=EDGE_LOOP('',(#4588,#4589,#4590));
#4588=ORIENTED_EDGE('',*,*,#4591,.T.);
#4589=ORIENTED_EDGE('',*,*,#4592,.T.);
#4590=ORIENTED_EDGE('',*,*,#4593,.T.);
#4591=EDGE_CURVE('',#61,#211,#4594,.F.);
#4592=EDGE_CURVE('',#211,#207,#4595,.T.);
#4593=EDGE_CURVE('',#207,#61,#4596,.T.);
#4594=LINE('',#60,#4597);
#4595=LINE('',#210,#4598);
#4596=LINE('',#206,#4599);
#4597=VECTOR('',#4600,1.0);
#4598=VECTOR('',#4601,1.0);
#4599=VECTOR('',#4602,1.0);
#4600=DIRECTION('',(0.11907987227930138,-0.992884678106146,0));
#4601=DIRECTION('',(-0.5735790548721601,-0.8191502107745317,0));
#4602=DIRECTION('',(-0.11074134108228034,0.9938492618980496,0));
#4603=FACE_SURFACE('',(#4608),#4604,.T.);
#4604=PLANE('',#4605);
#4605=AXIS2_PLACEMENT_3D('',#60,#4606,#4607);
#4606=DIRECTION('',(0,0,-1));
#4607=DIRECTION('',(0.11074134108228034,-0.9938492618980496,0));
#4608=FACE_BOUND('',#4609,.T.);
#4609=EDGE_LOOP('',(#4610,#4611,#4612));
#4610=ORIENTED_EDGE('',*,*,#4613,.T.);
#4611=ORIENTED_EDGE('',*,*,#4614,.T.);
#4612=ORIENTED_EDGE('',*,*,#4615,.T.);
#4613=EDGE_CURVE('',#61,#207,#4616,.F.);
#4614=EDGE_CURVE('',#207,#203,#4617,.T.);
#4615=EDGE_CURVE('',#203,#61,#4618,.T.);
#4616=LINE('',#60,#4619);
#4617=LINE('',#206,#4620);
#4618=LINE('',#202,#4621);
#4619=VECTOR('',#4622,1.0);
#4620=VECTOR('',#4623,1.0);
#4621=VECTOR('',#4624,1.0);
#4622=DIRECTION('',(0.11074134108228034,-0.9938492618980496,0));
#4623=DIRECTION('',(-0.42260957359904344,-0.9063118383329408,0));
#4624=DIRECTION('',(-0.10430024930755058,0.9945458551491644,0));
#4625=FACE_SURFACE('',(#4630),#4626,.T.);
#4626=PLANE('',#4627);
#4627=AXIS2_PLACEMENT_3D('',#60,#4628,#4629);
#4628=DIRECTION('',(0,0,-1));
#4629=DIRECTION('',(0.10430024930755058,-0.9945458551491644,0));
#4630=FACE_BOUND('',#4631,.T.);
#4631=EDGE_LOOP('',(#4632,#4633,#4634));
#4632=ORIENTED_EDGE('',*,*,#4635,.T.);
#4633=ORIENTED_EDGE('',*,*,#4636,.T.);
#4634=ORIENTED_EDGE('',*,*,#4637,.T.);
#4635=EDGE_CURVE('',#61,#203,#4638,.F.);
#4636=EDGE_CURVE('',#203,#79,#4639,.T.);
#4637=EDGE_CURVE('',#79,#61,#4640,.T.);
#4638=LINE('',#60,#4641);
#4639=LINE('',#202,#4642);
#4640=LINE('',#78,#4643);
#4641=VECTOR('',#4644,1.0);
#4642=VECTOR('',#4645,1.0);
#4643=VECTOR('',#4646,1.0);
#4644=DIRECTION('',(0.10430024930755058,-0.9945458551491644,0));
#4645=DIRECTION('',(-0.9736518090267148,-0.22803980963640041,0));
#4646=DIRECTION('',(0,1,0));
#4647=FACE_SURFACE('',(#4652),#4648,.T.);
#4648=PLANE('',#4649);
#4649=AXIS2_PLACEMENT_3D('',#78,#4650,#4651);
#4650=DIRECTION('',(0,0,-1));
#4651=DIRECTION('',(0.9736518090267148,0.22803980963640041,0));
#4652=FACE_BOUND('',#4653,.T.);
#4653=EDGE_LOOP('',(#4654,#4655,#4656));
#4654=ORIENTED_EDGE('',*,*,#4657,.T.);
#4655=ORIENTED_EDGE('',*,*,#4658,.T.);
#4656=ORIENTED_EDGE('',*,*,#4659,.T.);
#4657=EDGE_CURVE('',#79,#203,#4660,.F.);
#4658=EDGE_CURVE('',#203,#199,#4661,.T.);
#4659=EDGE_CURVE('',#199,#79,#4662,.T.);
#4660=LINE('',#78,#4663);
#4661=LINE('',#202,#4664);
#4662=LINE('',#198,#4665);
#4663=VECTOR('',#4666,1.0);
#4664=VECTOR('',#4667,1.0);
#4665=VECTOR('',#4668,1.0);
#4666=DIRECTION('',(0.9736518090267148,0.22803980963640041,0));
#4667=DIRECTION('',(-0.2588189769921029,-0.9659258445391972,0));
#4668=DIRECTION('',(-0.9925559779363291,-0.12178928796432498,0));
#4669=FACE_SURFACE('',(#4674),#4670,.T.);
#4670=PLANE('',#4671);
#4671=AXIS2_PLACEMENT_3D('',#78,#4672,#4673);
#4672=DIRECTION('',(0,0,-1));
#4673=DIRECTION('',(0.9925559779363291,0.12178928796432498,0));
#4674=FACE_BOUND('',#4675,.T.);
#4675=EDGE_LOOP('',(#4676,#4677,#4678));
#4676=ORIENTED_EDGE('',*,*,#4679,.T.);
#4677=ORIENTED_EDGE('',*,*,#4680,.T.);
#4678=ORIENTED_EDGE('',*,*,#4681,.T.);
#4679=EDGE_CURVE('',#79,#199,#4682,.F.);
#4680=EDGE_CURVE('',#199,#195,#4683,.T.);
#4681=EDGE_CURVE('',#195,#79,#4684,.T.);
#4682=LINE('',#78,#4685);
#4683=LINE('',#198,#4686);
#4684=LINE('',#194,#4687);
#4685=VECTOR('',#4688,1.0);
#4686=VECTOR('',#4689,1.0);
#4687=VECTOR('',#4690,1.0);
#4688=DIRECTION('',(0.9925559779363291,0.12178928796432498,0));
#4689=DIRECTION('',(-0.08716398214159485,-0.9961939772038475,0));
#4690=DIRECTION('',(-1,0,0));
#4691=FACE_SURFACE('',(#4696),#4692,.T.);
#4692=PLANE('',#4693);
#4693=AXIS2_PLACEMENT_3D('',#78,#4694,#4695);
#4694=DIRECTION('',(0,0,-1));
#4695=DIRECTION('',(1,0,0));
#4696=FACE_BOUND('',#4697,.T.);
#4697=EDGE_LOOP('',(#4698,#4699,#4700));
#4698=ORIENTED_EDGE('',*,*,#4701,.T.);
#4699=ORIENTED_EDGE('',*,*,#4702,.T.);
#4700=ORIENTED_EDGE('',*,*,#4703,.T.);
#4701=EDGE_CURVE('',#79,#195,#4704,.F.);
#4702=EDGE_CURVE('',#195,#109,#4705,.T.);
#4703=EDGE_CURVE('',#109,#79,#4706,.T.);
#4704=LINE('',#78,#4707);
#4705=LINE('',#194,#4708);
#4706=LINE('',#108,#4709);
#4707=VECTOR('',#4710,1.0);
#4708=VECTOR('',#4711,1.0);
#4709=VECTOR('',#4712,1.0);
#4710=DIRECTION('',(1,0,0));
#4711=DIRECTION('',(-0.6283371070876212,-0.7779411802037216,0));
#4712=DIRECTION('',(0,1,0));
#4713=FACE_SURFACE('',(#4718),#4714,.T.);
#4714=PLANE('',#4715);
#4715=AXIS2_PLACEMENT_3D('',#108,#4716,#4717);
#4716=DIRECTION('',(0,0,-1));
#4717=DIRECTION('',(0.6283371070876212,0.7779411802037216,0));
#4718=FACE_BOUND('',#4719,.T.);
#4719=EDGE_LOOP('',(#4720,#4721,#4722));
#4720=ORIENTED_EDGE('',*,*,#4723,.T.);
#4721=ORIENTED_EDGE('',*,*,#4724,.T.);
#4722=ORIENTED_EDGE('',*,*,#4725,.T.);
#4723=EDGE_CURVE('',#109,#195,#4726,.F.);
#4724=EDGE_CURVE('',#195,#191,#4727,.T.);
#4725=EDGE_CURVE('',#191,#109,#4728,.T.);
#4726=LINE('',#108,#4729);
#4727=LINE('',#194,#4730);
#4728=LINE('',#190,#4731);
#4729=VECTOR('',#4732,1.0);
#4730=VECTOR('',#4733,1.0);
#4731=VECTOR('',#4734,1.0);
#4732=DIRECTION('',(0.6283371070876212,0.7779411802037216,0));
#4733=DIRECTION('',(0.08716398214159485,-0.9961939772038475,0));
#4734=DIRECTION('',(-0.6719700435973011,-0.7405783284081713,0));
#4735=FACE_SURFACE('',(#4740),#4736,.T.);
#4736=PLANE('',#4737);
#4737=AXIS2_PLACEMENT_3D('',#108,#4738,#4739);
#4738=DIRECTION('',(0,0,-1));
#4739=DIRECTION('',(0.6719700435973011,0.7405783284081713,0));
#4740=FACE_BOUND('',#4741,.T.);
#4741=EDGE_LOOP('',(#4742,#4743,#4744));
#4742=ORIENTED_EDGE('',*,*,#4745,.T.);
#4743=ORIENTED_EDGE('',*,*,#4746,.T.);
#4744=ORIENTED_EDGE('',*,*,#4747,.T.);
#4745=EDGE_CURVE('',#109,#191,#4748,.F.);
#4746=EDGE_CURVE('',#191,#187,#4749,.T.);
#4747=EDGE_CURVE('',#187,#109,#4750,.T.);
#4748=LINE('',#108,#4751);
#4749=LINE('',#190,#4752);
#4750=LINE('',#186,#4753);
#4751=VECTOR('',#4754,1.0);
#4752=VECTOR('',#4755,1.0);
#4753=VECTOR('',#4756,1.0);
#4754=DIRECTION('',(0.6719700435973011,0.7405783284081713,0));
#4755=DIRECTION('',(0.2588189769921029,-0.9659258445391972,0));
#4756=DIRECTION('',(-0.7240035081541676,-0.6897962889001782,0));
#4757=FACE_SURFACE('',(#4762),#4758,.T.);
#4758=PLANE('',#4759);
#4759=AXIS2_PLACEMENT_3D('',#186,#4760,#4761);
#4760=DIRECTION('',(0,-0,-1));
#4761=DIRECTION('',(0.42260957359904344,-0.9063118383329408,0));
#4762=FACE_BOUND('',#4763,.T.);
#4763=EDGE_LOOP('',(#4764,#4765,#4766));
#4764=ORIENTED_EDGE('',*,*,#4767,.T.);
#4765=ORIENTED_EDGE('',*,*,#4768,.T.);
#4766=ORIENTED_EDGE('',*,*,#4769,.T.);
#4767=EDGE_CURVE('',#187,#183,#4770,.F.);
#4768=EDGE_CURVE('',#183,#109,#4771,.T.);
#4769=EDGE_CURVE('',#109,#187,#4772,.T.);
#4770=LINE('',#186,#4773);
#4771=LINE('',#182,#4774);
#4772=LINE('',#108,#4775);
#4773=VECTOR('',#4776,1.0);
#4774=VECTOR('',#4777,1.0);
#4775=VECTOR('',#4778,1.0);
#4776=DIRECTION('',(0.42260957359904344,-0.9063118383329408,0));
#4777=DIRECTION('',(-0.7793413367783248,-0.6265996176096612,0));
#4778=DIRECTION('',(0.7240035081541676,0.6897962889001782,0));
#4779=FACE_SURFACE('',(#4784),#4780,.T.);
#4780=PLANE('',#4781);
#4781=AXIS2_PLACEMENT_3D('',#108,#4782,#4783);
#4782=DIRECTION('',(0,0,-1));
#4783=DIRECTION('',(0.7793413367783248,0.6265996176096612,0));
#4784=FACE_BOUND('',#4785,.T.);
#4785=EDGE_LOOP('',(#4786,#4787,#4788));
#4786=ORIENTED_EDGE('',*,*,#4789,.T.);
#4787=ORIENTED_EDGE('',*,*,#4790,.T.);
#4788=ORIENTED_EDGE('',*,*,#4791,.T.);
#4789=EDGE_CURVE('',#109,#183,#4792,.F.);
#4790=EDGE_CURVE('',#183,#179,#4793,.T.);
#4791=EDGE_CURVE('',#179,#109,#4794,.T.);
#4792=LINE('',#108,#4795);
#4793=LINE('',#182,#4796);
#4794=LINE('',#178,#4797);
#4795=VECTOR('',#4798,1.0);
#4796=VECTOR('',#4799,1.0);
#4797=VECTOR('',#4800,1.0);
#4798=DIRECTION('',(0.7793413367783248,0.6265996176096612,0));
#4799=DIRECTION('',(0.5735790548721601,-0.8191502107745317,0));
#4800=DIRECTION('',(-0.8317584428194209,-0.5551377241717698,0));
#4801=FACE_SURFACE('',(#4806),#4802,.T.);
#4802=PLANE('',#4803);
#4803=AXIS2_PLACEMENT_3D('',#108,#4804,#4805);
#4804=DIRECTION('',(0,0,-1));
#4805=DIRECTION('',(0.8317584428194209,0.5551377241717698,0));
#4806=FACE_BOUND('',#4807,.T.);
#4807=EDGE_LOOP('',(#4808,#4809,#4810));
#4808=ORIENTED_EDGE('',*,*,#4811,.T.);
#4809=ORIENTED_EDGE('',*,*,#4812,.T.);
#4810=ORIENTED_EDGE('',*,*,#4813,.T.);
#4811=EDGE_CURVE('',#109,#179,#4814,.F.);
#4812=EDGE_CURVE('',#179,#175,#4815,.T.);
#4813=EDGE_CURVE('',#175,#109,#4816,.T.);
#4814=LINE('',#108,#4817);
#4815=LINE('',#178,#4818);
#4816=LINE('',#174,#4819);
#4817=VECTOR('',#4820,1.0);
#4818=VECTOR('',#4821,1.0);
#4819=VECTOR('',#4822,1.0);
#4820=DIRECTION('',(0.8317584428194209,0.5551377241717698,0));
#4821=DIRECTION('',(0.7071053222251811,-0.7071082401449037,0));
#4822=DIRECTION('',(-0.8760428202790923,-0.4822333221973094,0));
#4823=FACE_SURFACE('',(#4828),#4824,.T.);
#4824=PLANE('',#4825);
#4825=AXIS2_PLACEMENT_3D('',#174,#4826,#4827);
#4826=DIRECTION('',(0,-0,-1));
#4827=DIRECTION('',(0.819152952717554,-0.5735751389784192,0));
#4828=FACE_BOUND('',#4829,.T.);
#4829=EDGE_LOOP('',(#4830,#4831,#4832));
#4830=ORIENTED_EDGE('',*,*,#4833,.T.);
#4831=ORIENTED_EDGE('',*,*,#4834,.T.);
#4832=ORIENTED_EDGE('',*,*,#4835,.T.);
#4833=EDGE_CURVE('',#175,#171,#4836,.F.);
#4834=EDGE_CURVE('',#171,#109,#4837,.T.);
#4835=EDGE_CURVE('',#109,#175,#4838,.T.);
#4836=LINE('',#174,#4839);
#4837=LINE('',#170,#4840);
#4838=LINE('',#108,#4841);
#4839=VECTOR('',#4842,1.0);
#4840=VECTOR('',#4843,1.0);
#4841=VECTOR('',#4844,1.0);
#4842=DIRECTION('',(0.819152952717554,-0.5735751389784192,0));
#4843=DIRECTION('',(-0.9097030633842381,-0.41525936048370166,0));
#4844=DIRECTION('',(0.8760428202790923,0.4822333221973094,0));
#4845=FACE_SURFACE('',(#4850),#4846,.T.);
#4846=PLANE('',#4847);
#4847=AXIS2_PLACEMENT_3D('',#108,#4848,#4849);
#4848=DIRECTION('',(0,0,-1));
#4849=DIRECTION('',(0.9097030633842381,0.41525936048370166,0));
#4850=FACE_BOUND('',#4851,.T.);
#4851=EDGE_LOOP('',(#4852,#4853,#4854));
#4852=ORIENTED_EDGE('',*,*,#4855,.T.);
#4853=ORIENTED_EDGE('',*,*,#4856,.T.);
#4854=ORIENTED_EDGE('',*,*,#4857,.T.);
#4855=EDGE_CURVE('',#109,#171,#4858,.F.);
#4856=EDGE_CURVE('',#171,#167,#4859,.T.);
#4857=EDGE_CURVE('',#167,#109,#4860,.T.);
#4858=LINE('',#108,#4861);
#4859=LINE('',#170,#4862);
#4860=LINE('',#166,#4863);
#4861=VECTOR('',#4864,1.0);
#4862=VECTOR('',#4865,1.0);
#4863=VECTOR('',#4866,1.0);
#4864=DIRECTION('',(0.9097030633842381,0.41525936048370166,0));
#4865=DIRECTION('',(0.9063068466867513,-0.42262027832170734,0));
#4866=DIRECTION('',(-0.9330247003589996,-0.35981232402462116,0));
#4867=FACE_SURFACE('',(#4872),#4868,.T.);
#4868=PLANE('',#4869);
#4869=AXIS2_PLACEMENT_3D('',#108,#4870,#4871);
#4870=DIRECTION('',(0,0,-1));
#4871=DIRECTION('',(0.9330247003589996,0.35981232402462116,0));
#4872=FACE_BOUND('',#4873,.T.);
#4873=EDGE_LOOP('',(#4874,#4875,#4876));
#4874=ORIENTED_EDGE('',*,*,#4877,.T.);
#4875=ORIENTED_EDGE('',*,*,#4878,.T.);
#4876=ORIENTED_EDGE('',*,*,#4879,.T.);
#4877=EDGE_CURVE('',#109,#167,#4880,.F.);
#4878=EDGE_CURVE('',#167,#163,#4881,.T.);
#4879=EDGE_CURVE('',#163,#109,#4882,.T.);
#4880=LINE('',#108,#4883);
#4881=LINE('',#166,#4884);
#4882=LINE('',#162,#4885);
#4883=VECTOR('',#4886,1.0);
#4884=VECTOR('',#4887,1.0);
#4885=VECTOR('',#4888,1.0);
#4886=DIRECTION('',(0.9330247003589996,0.35981232402462116,0));
#4887=DIRECTION('',(0.965926430920988,-0.25881678857493334,0));
#4888=DIRECTION('',(-0.9478616858772946,-0.31868201148770975,0));
#4889=FACE_SURFACE('',(#4894),#4890,.T.);
#4890=PLANE('',#4891);
#4891=AXIS2_PLACEMENT_3D('',#108,#4892,#4893);
#4892=DIRECTION('',(0,0,-1));
#4893=DIRECTION('',(0.9478616858772946,0.31868201148770975,0));
#4894=FACE_BOUND('',#4895,.T.);
#4895=EDGE_LOOP('',(#4896,#4897,#4898));
#4896=ORIENTED_EDGE('',*,*,#4899,.T.);
#4897=ORIENTED_EDGE('',*,*,#4900,.T.);
#4898=ORIENTED_EDGE('',*,*,#4901,.T.);
#4899=EDGE_CURVE('',#109,#163,#4902,.F.);
#4900=EDGE_CURVE('',#163,#265,#4903,.T.);
#4901=EDGE_CURVE('',#265,#109,#4904,.T.);
#4902=LINE('',#108,#4905);
#4903=LINE('',#162,#4906);
#4904=LINE('',#264,#4907);
#4905=VECTOR('',#4908,1.0);
#4906=VECTOR('',#4909,1.0);
#4907=VECTOR('',#4910,1.0);
#4908=DIRECTION('',(0.9478616858772946,0.31868201148770975,0));
#4909=DIRECTION('',(0.9097536545921279,-0.4151485131326707,0));
#4910=DIRECTION('',(-1,0,0));
#4911=FACE_SURFACE('',(#4916),#4912,.T.);
#4912=PLANE('',#4913);
#4913=AXIS2_PLACEMENT_3D('',#264,#4914,#4915);
#4914=DIRECTION('',(0,0,-1));
#4915=DIRECTION('',(-0.9097536545921279,0.4151485131326707,0));
#4916=FACE_BOUND('',#4917,.T.);
#4917=EDGE_LOOP('',(#4918,#4919,#4920));
#4918=ORIENTED_EDGE('',*,*,#4921,.T.);
#4919=ORIENTED_EDGE('',*,*,#4922,.T.);
#4920=ORIENTED_EDGE('',*,*,#4923,.T.);
#4921=EDGE_CURVE('',#265,#163,#4924,.F.);
#4922=EDGE_CURVE('',#163,#159,#4925,.T.);
#4923=EDGE_CURVE('',#159,#265,#4926,.T.);
#4924=LINE('',#264,#4927);
#4925=LINE('',#162,#4928);
#4926=LINE('',#158,#4929);
#4927=VECTOR('',#4930,1.0);
#4928=VECTOR('',#4931,1.0);
#4929=VECTOR('',#4932,1.0);
#4930=DIRECTION('',(-0.9097536545921279,0.4151485131326707,0));
#4931=DIRECTION('',(0.9961946929443409,-0.0871558015827422,0));
#4932=DIRECTION('',(0.8944271909999159,-0.4472135954999579,0));
#4933=FACE_SURFACE('',(#4938),#4934,.T.);
#4934=PLANE('',#4935);
#4935=AXIS2_PLACEMENT_3D('',#264,#4936,#4937);
#4936=DIRECTION('',(0,0,-1));
#4937=DIRECTION('',(-0.8944271909999159,0.4472135954999579,0));
#4938=FACE_BOUND('',#4939,.T.);
#4939=EDGE_LOOP('',(#4940,#4941,#4942));
#4940=ORIENTED_EDGE('',*,*,#4943,.T.);
#4941=ORIENTED_EDGE('',*,*,#4944,.T.);
#4942=ORIENTED_EDGE('',*,*,#4945,.T.);
#4943=EDGE_CURVE('',#265,#159,#4946,.F.);
#4944=EDGE_CURVE('',#159,#155,#4947,.T.);
#4945=EDGE_CURVE('',#155,#265,#4948,.T.);
#4946=LINE('',#264,#4949);
#4947=LINE('',#158,#4950);
#4948=LINE('',#154,#4951);
#4949=VECTOR('',#4952,1.0);
#4950=VECTOR('',#4953,1.0);
#4951=VECTOR('',#4954,1.0);
#4952=DIRECTION('',(-0.8944271909999159,0.4472135954999579,0));
#4953=DIRECTION('',(0.9961947816028938,0.08715478820559809,0));
#4954=DIRECTION('',(0.8654447524126309,-0.5010043717588101,0));
#4955=FACE_SURFACE('',(#4960),#4956,.T.);
#4956=PLANE('',#4957);
#4957=AXIS2_PLACEMENT_3D('',#154,#4958,#4959);
#4958=DIRECTION('',(0,0,-1));
#4959=DIRECTION('',(0.9659256490752949,0.25881970647242153,0));
#4960=FACE_BOUND('',#4961,.T.);
#4961=EDGE_LOOP('',(#4962,#4963,#4964));
#4962=ORIENTED_EDGE('',*,*,#4965,.T.);
#4963=ORIENTED_EDGE('',*,*,#4966,.T.);
#4964=ORIENTED_EDGE('',*,*,#4967,.T.);
#4965=EDGE_CURVE('',#155,#151,#4968,.F.);
#4966=EDGE_CURVE('',#151,#265,#4969,.T.);
#4967=EDGE_CURVE('',#265,#155,#4970,.T.);
#4968=LINE('',#154,#4971);
#4969=LINE('',#150,#4972);
#4970=LINE('',#264,#4973);
#4971=VECTOR('',#4974,1.0);
#4972=VECTOR('',#4975,1.0);
#4973=VECTOR('',#4976,1.0);
#4974=DIRECTION('',(0.9659256490752949,0.25881970647242153,0));
#4975=DIRECTION('',(0.817045591737802,-0.5765730665074679,0));
#4976=DIRECTION('',(-0.8654447524126309,0.5010043717588101,0));
#4977=FACE_SURFACE('',(#4982),#4978,.T.);
#4978=PLANE('',#4979);
#4979=AXIS2_PLACEMENT_3D('',#264,#4980,#4981);
#4980=DIRECTION('',(0,0,-1));
#4981=DIRECTION('',(-0.817045591737802,0.5765730665074679,0));
#4982=FACE_BOUND('',#4983,.T.);
#4983=EDGE_LOOP('',(#4984,#4985,#4986));
#4984=ORIENTED_EDGE('',*,*,#4987,.T.);
#4985=ORIENTED_EDGE('',*,*,#4988,.T.);
#4986=ORIENTED_EDGE('',*,*,#4989,.T.);
#4987=EDGE_CURVE('',#265,#151,#4990,.F.);
#4988=EDGE_CURVE('',#151,#147,#4991,.T.);
#4989=EDGE_CURVE('',#147,#265,#4992,.T.);
#4990=LINE('',#264,#4993);
#4991=LINE('',#150,#4994);
#4992=LINE('',#146,#4995);
#4993=VECTOR('',#4996,1.0);
#4994=VECTOR('',#4997,1.0);
#4995=VECTOR('',#4998,1.0);
#4996=DIRECTION('',(-0.817045591737802,0.5765730665074679,0));
#4997=DIRECTION('',(0.9063068466867513,0.42262027832170734,0));
#4998=DIRECTION('',(0.7443239279508559,-0.6678187555615738,0));
#4999=FACE_SURFACE('',(#5004),#5000,.T.);
#5000=PLANE('',#5001);
#5001=AXIS2_PLACEMENT_3D('',#264,#5002,#5003);
#5002=DIRECTION('',(0,0,-1));
#5003=DIRECTION('',(-0.7443239279508559,0.6678187555615738,0));
#5004=FACE_BOUND('',#5005,.T.);
#5005=EDGE_LOOP('',(#5006,#5007,#5008));
#5006=ORIENTED_EDGE('',*,*,#5009,.T.);
#5007=ORIENTED_EDGE('',*,*,#5010,.T.);
#5008=ORIENTED_EDGE('',*,*,#5011,.T.);
#5009=EDGE_CURVE('',#265,#147,#5012,.F.);
#5010=EDGE_CURVE('',#147,#143,#5013,.T.);
#5011=EDGE_CURVE('',#143,#265,#5014,.T.);
#5012=LINE('',#264,#5015);
#5013=LINE('',#146,#5016);
#5014=LINE('',#142,#5017);
#5015=VECTOR('',#5018,1.0);
#5016=VECTOR('',#5019,1.0);
#5017=VECTOR('',#5020,1.0);
#5018=DIRECTION('',(-0.7443239279508559,0.6678187555615738,0));
#5019=DIRECTION('',(0.819152952717554,0.5735751389784192,0));
#5020=DIRECTION('',(0.6484173361768362,-0.7612850702235896,0));
#5021=FACE_SURFACE('',(#5026),#5022,.T.);
#5022=PLANE('',#5023);
#5023=AXIS2_PLACEMENT_3D('',#142,#5024,#5025);
#5024=DIRECTION('',(0,0,-1));
#5025=DIRECTION('',(0.7071053222251811,0.7071082401449037,0));
#5026=FACE_BOUND('',#5027,.T.);
#5027=EDGE_LOOP('',(#5028,#5029,#5030));
#5028=ORIENTED_EDGE('',*,*,#5031,.T.);
#5029=ORIENTED_EDGE('',*,*,#5032,.T.);
#5030=ORIENTED_EDGE('',*,*,#5033,.T.);
#5031=EDGE_CURVE('',#143,#139,#5034,.F.);
#5032=EDGE_CURVE('',#139,#265,#5035,.T.);
#5033=EDGE_CURVE('',#265,#143,#5036,.T.);
#5034=LINE('',#142,#5037);
#5035=LINE('',#138,#5038);
#5036=LINE('',#264,#5039);
#5037=VECTOR('',#5040,1.0);
#5038=VECTOR('',#5041,1.0);
#5039=VECTOR('',#5042,1.0);
#5040=DIRECTION('',(0.7071053222251811,0.7071082401449037,0));
#5041=DIRECTION('',(0.5405160124677226,-0.8413337270465227,0));
#5042=DIRECTION('',(-0.6484173361768362,0.7612850702235896,0));
#5043=FACE_SURFACE('',(#5048),#5044,.T.);
#5044=PLANE('',#5045);
#5045=AXIS2_PLACEMENT_3D('',#264,#5046,#5047);
#5046=DIRECTION('',(0,0,-1));
#5047=DIRECTION('',(-0.5405160124677226,0.8413337270465227,0));
#5048=FACE_BOUND('',#5049,.T.);
#5049=EDGE_LOOP('',(#5050,#5051,#5052));
#5050=ORIENTED_EDGE('',*,*,#5053,.T.);
#5051=ORIENTED_EDGE('',*,*,#5054,.T.);
#5052=ORIENTED_EDGE('',*,*,#5055,.T.);
#5053=EDGE_CURVE('',#265,#139,#5056,.F.);
#5054=EDGE_CURVE('',#139,#135,#5057,.T.);
#5055=EDGE_CURVE('',#135,#265,#5058,.T.);
#5056=LINE('',#264,#5059);
#5057=LINE('',#138,#5060);
#5058=LINE('',#134,#5061);
#5059=VECTOR('',#5062,1.0);
#5060=VECTOR('',#5063,1.0);
#5061=VECTOR('',#5064,1.0);
#5062=DIRECTION('',(-0.5405160124677226,0.8413337270465227,0));
#5063=DIRECTION('',(0.5735790548721601,0.8191502107745317,0));
#5064=DIRECTION('',(0.4378434435977014,-0.8990512326327719,0));
#5065=FACE_SURFACE('',(#5070),#5066,.T.);
#5066=PLANE('',#5067);
#5067=AXIS2_PLACEMENT_3D('',#264,#5068,#5069);
#5068=DIRECTION('',(0,0,-1));
#5069=DIRECTION('',(-0.4378434435977014,0.8990512326327719,0));
#5070=FACE_BOUND('',#5071,.T.);
#5071=EDGE_LOOP('',(#5072,#5073,#5074));
#5072=ORIENTED_EDGE('',*,*,#5075,.T.);
#5073=ORIENTED_EDGE('',*,*,#5076,.T.);
#5074=ORIENTED_EDGE('',*,*,#5077,.T.);
#5075=EDGE_CURVE('',#265,#135,#5078,.F.);
#5076=EDGE_CURVE('',#135,#131,#5079,.T.);
#5077=EDGE_CURVE('',#131,#265,#5080,.T.);
#5078=LINE('',#264,#5081);
#5079=LINE('',#134,#5082);
#5080=LINE('',#130,#5083);
#5081=VECTOR('',#5084,1.0);
#5082=VECTOR('',#5085,1.0);
#5083=VECTOR('',#5086,1.0);
#5084=DIRECTION('',(-0.4378434435977014,0.8990512326327719,0));
#5085=DIRECTION('',(0.4226191606908643,0.906307367848761,0));
#5086=DIRECTION('',(0.3542040821929315,-0.9351681496703483,0));
#5087=FACE_SURFACE('',(#5092),#5088,.T.);
#5088=PLANE('',#5089);
#5089=AXIS2_PLACEMENT_3D('',#130,#5090,#5091);
#5090=DIRECTION('',(0,0,-1));
#5091=DIRECTION('',(0.2588189769921029,0.9659258445391972,0));
#5092=FACE_BOUND('',#5093,.T.);
#5093=EDGE_LOOP('',(#5094,#5095,#5096));
#5094=ORIENTED_EDGE('',*,*,#5097,.T.);
#5095=ORIENTED_EDGE('',*,*,#5098,.T.);
#5096=ORIENTED_EDGE('',*,*,#5099,.T.);
#5097=EDGE_CURVE('',#131,#117,#5100,.F.);
#5098=EDGE_CURVE('',#117,#265,#5101,.T.);
#5099=EDGE_CURVE('',#265,#131,#5102,.T.);
#5100=LINE('',#130,#5103);
#5101=LINE('',#116,#5104);
#5102=LINE('',#264,#5105);
#5103=VECTOR('',#5106,1.0);
#5104=VECTOR('',#5107,1.0);
#5105=VECTOR('',#5108,1.0);
#5106=DIRECTION('',(0.2588189769921029,0.9659258445391972,0));
#5107=DIRECTION('',(0.2951797747639112,-0.9554417305991646,0));
#5108=DIRECTION('',(-0.3542040821929315,0.9351681496703483,0));
#5109=FACE_SURFACE('',(#5114),#5110,.T.);
#5110=PLANE('',#5111);
#5111=AXIS2_PLACEMENT_3D('',#76,#5112,#5113);
#5112=DIRECTION('',(0,0,-1));
#5113=DIRECTION('',(0,1,0));
#5114=FACE_BOUND('',#5115,.T.);
#5115=EDGE_LOOP('',(#5116,#5117,#5118));
#5116=ORIENTED_EDGE('',*,*,#5119,.T.);
#5117=ORIENTED_EDGE('',*,*,#5120,.T.);
#5118=ORIENTED_EDGE('',*,*,#5121,.T.);
#5119=EDGE_CURVE('',#77,#59,#5122,.F.);
#5120=EDGE_CURVE('',#59,#79,#5123,.T.);
#5121=EDGE_CURVE('',#79,#77,#5124,.T.);
#5122=LINE('',#76,#5125);
#5123=LINE('',#58,#5126);
#5124=LINE('',#78,#5127);
#5125=VECTOR('',#5128,1.0);
#5126=VECTOR('',#5129,1.0);
#5127=VECTOR('',#5130,1.0);
#5128=DIRECTION('',(0,1,0));
#5129=DIRECTION('',(0.02802636964906545,-0.999607184150001,0));
#5130=DIRECTION('',(-1,0,0));
#5131=FACE_SURFACE('',(#5136),#5132,.T.);
#5132=PLANE('',#5133);
#5133=AXIS2_PLACEMENT_3D('',#78,#5134,#5135);
#5134=DIRECTION('',(0,0,-1));
#5135=DIRECTION('',(-0.02802636964906545,0.999607184150001,0));
#5136=FACE_BOUND('',#5137,.T.);
#5137=EDGE_LOOP('',(#5138,#5139,#5140));
#5138=ORIENTED_EDGE('',*,*,#5141,.T.);
#5139=ORIENTED_EDGE('',*,*,#5142,.T.);
#5140=ORIENTED_EDGE('',*,*,#5143,.T.);
#5141=EDGE_CURVE('',#79,#59,#5144,.F.);
#5142=EDGE_CURVE('',#59,#61,#5145,.T.);
#5143=EDGE_CURVE('',#61,#79,#5146,.T.);
#5144=LINE('',#78,#5147);
#5145=LINE('',#58,#5148);
#5146=LINE('',#60,#5149);
#5147=VECTOR('',#5150,1.0);
#5148=VECTOR('',#5151,1.0);
#5149=VECTOR('',#5152,1.0);
#5150=DIRECTION('',(-0.02802636964906545,0.999607184150001,0));
#5151=DIRECTION('',(1,0,0));
#5152=DIRECTION('',(0,-1,0));
#5153=FACE_SURFACE('',(#5158),#5154,.T.);
#5154=PLANE('',#5155);
#5155=AXIS2_PLACEMENT_3D('',#266,#5156,#5157);
#5156=DIRECTION('',(0,1,-0));
#5157=DIRECTION('',(-1,0,0));
#5158=FACE_BOUND('',#5159,.T.);
#5159=EDGE_LOOP('',(#5160,#5161,#5162));
#5160=ORIENTED_EDGE('',*,*,#5163,.T.);
#5161=ORIENTED_EDGE('',*,*,#5164,.T.);
#5162=ORIENTED_EDGE('',*,*,#5165,.T.);
#5163=EDGE_CURVE('',#267,#115,#5166,.F.);
#5164=EDGE_CURVE('',#115,#263,#5167,.T.);
#5165=EDGE_CURVE('',#263,#267,#5168,.T.);
#5166=LINE('',#266,#5169);
#5167=LINE('',#114,#5170);
#5168=LINE('',#262,#5171);
#5169=VECTOR('',#5172,1.0);
#5170=VECTOR('',#5173,1.0);
#5171=VECTOR('',#5174,1.0);
#5172=DIRECTION('',(-1,0,0));
#5173=DIRECTION('',(0.997630328422983,0,0.06880209161537815));
#5174=DIRECTION('',(0,0,-1));
#5175=FACE_SURFACE('',(#5180),#5176,.T.);
#5176=PLANE('',#5177);
#5177=AXIS2_PLACEMENT_3D('',#262,#5178,#5179);
#5178=DIRECTION('',(0,1,0));
#5179=DIRECTION('',(-0.997630328422983,0,-0.06880209161537815));
#5180=FACE_BOUND('',#5181,.T.);
#5181=EDGE_LOOP('',(#5182,#5183,#5184));
#5182=ORIENTED_EDGE('',*,*,#5185,.T.);
#5183=ORIENTED_EDGE('',*,*,#5186,.T.);
#5184=ORIENTED_EDGE('',*,*,#5187,.T.);
#5185=EDGE_CURVE('',#263,#115,#5188,.F.);
#5186=EDGE_CURVE('',#115,#113,#5189,.T.);
#5187=EDGE_CURVE('',#113,#263,#5190,.T.);
#5188=LINE('',#262,#5191);
#5189=LINE('',#114,#5192);
#5190=LINE('',#112,#5193);
#5191=VECTOR('',#5194,1.0);
#5192=VECTOR('',#5195,1.0);
#5193=VECTOR('',#5196,1.0);
#5194=DIRECTION('',(-0.997630328422983,0,-0.06880209161537815));
#5195=DIRECTION('',(0,0,1));
#5196=DIRECTION('',(1,0,0));
#5197=FACE_SURFACE('',(#5202),#5198,.T.);
#5198=PLANE('',#5199);
#5199=AXIS2_PLACEMENT_3D('',#264,#5200,#5201);
#5200=DIRECTION('',(1,0,0));
#5201=DIRECTION('',(0,1,0));
#5202=FACE_BOUND('',#5203,.T.);
#5203=EDGE_LOOP('',(#5204,#5205,#5206));
#5204=ORIENTED_EDGE('',*,*,#5207,.T.);
#5205=ORIENTED_EDGE('',*,*,#5208,.T.);
#5206=ORIENTED_EDGE('',*,*,#5209,.T.);
#5207=EDGE_CURVE('',#265,#267,#5210,.F.);
#5208=EDGE_CURVE('',#267,#261,#5211,.T.);
#5209=EDGE_CURVE('',#261,#265,#5212,.T.);
#5210=LINE('',#264,#5213);
#5211=LINE('',#266,#5214);
#5212=LINE('',#260,#5215);
#5213=VECTOR('',#5216,1.0);
#5214=VECTOR('',#5217,1.0);
#5215=VECTOR('',#5218,1.0);
#5216=DIRECTION('',(0,1,0));
#5217=DIRECTION('',(0,-0.9998886352243331,0.01492371097349751));
#5218=DIRECTION('',(0,0,-1));
#5219=FACE_SURFACE('',(#5224),#5220,.T.);
#5220=PLANE('',#5221);
#5221=AXIS2_PLACEMENT_3D('',#260,#5222,#5223);
#5222=DIRECTION('',(1,-0,0));
#5223=DIRECTION('',(0,0.9998886352243331,-0.01492371097349751));
#5224=FACE_BOUND('',#5225,.T.);
#5225=EDGE_LOOP('',(#5226,#5227,#5228));
#5226=ORIENTED_EDGE('',*,*,#5229,.T.);
#5227=ORIENTED_EDGE('',*,*,#5230,.T.);
#5228=ORIENTED_EDGE('',*,*,#5231,.T.);
#5229=EDGE_CURVE('',#261,#267,#5232,.F.);
#5230=EDGE_CURVE('',#267,#263,#5233,.T.);
#5231=EDGE_CURVE('',#263,#261,#5234,.T.);
#5232=LINE('',#260,#5235);
#5233=LINE('',#266,#5236);
#5234=LINE('',#262,#5237);
#5235=VECTOR('',#5238,1.0);
#5236=VECTOR('',#5239,1.0);
#5237=VECTOR('',#5240,1.0);
#5238=DIRECTION('',(0,0.9998886352243331,-0.01492371097349751));
#5239=DIRECTION('',(0,0,1));
#5240=DIRECTION('',(0,-1,0));
#5241=FACE_SURFACE('',(#5246),#5242,.T.);
#5242=PLANE('',#5243);
#5243=AXIS2_PLACEMENT_3D('',#108,#5244,#5245);
#5244=DIRECTION('',(0,-1,0));
#5245=DIRECTION('',(1,0,0));
#5246=FACE_BOUND('',#5247,.T.);
#5247=EDGE_LOOP('',(#5248,#5249,#5250));
#5248=ORIENTED_EDGE('',*,*,#5251,.T.);
#5249=ORIENTED_EDGE('',*,*,#5252,.T.);
#5250=ORIENTED_EDGE('',*,*,#5253,.T.);
#5251=EDGE_CURVE('',#109,#265,#5254,.F.);
#5252=EDGE_CURVE('',#265,#111,#5255,.T.);
#5253=EDGE_CURVE('',#111,#109,#5256,.T.);
#5254=LINE('',#108,#5257);
#5255=LINE('',#264,#5258);
#5256=LINE('',#110,#5259);
#5257=VECTOR('',#5260,1.0);
#5258=VECTOR('',#5261,1.0);
#5259=VECTOR('',#5262,1.0);
#5260=DIRECTION('',(1,0,0));
#5261=DIRECTION('',(-0.997630328422983,0,0.06880209161537815));
#5262=DIRECTION('',(0,0,-1));
#5263=FACE_SURFACE('',(#5268),#5264,.T.);
#5264=PLANE('',#5265);
#5265=AXIS2_PLACEMENT_3D('',#110,#5266,#5267);
#5266=DIRECTION('',(0,-1,0));
#5267=DIRECTION('',(0.997630328422983,0,-0.06880209161537815));
#5268=FACE_BOUND('',#5269,.T.);
#5269=EDGE_LOOP('',(#5270,#5271,#5272));
#5270=ORIENTED_EDGE('',*,*,#5273,.T.);
#5271=ORIENTED_EDGE('',*,*,#5274,.T.);
#5272=ORIENTED_EDGE('',*,*,#5275,.T.);
#5273=EDGE_CURVE('',#111,#265,#5276,.F.);
#5274=EDGE_CURVE('',#265,#261,#5277,.T.);
#5275=EDGE_CURVE('',#261,#111,#5278,.T.);
#5276=LINE('',#110,#5279);
#5277=LINE('',#264,#5280);
#5278=LINE('',#260,#5281);
#5279=VECTOR('',#5282,1.0);
#5280=VECTOR('',#5283,1.0);
#5281=VECTOR('',#5284,1.0);
#5282=DIRECTION('',(0.997630328422983,0,-0.06880209161537815));
#5283=DIRECTION('',(0,0,1));
#5284=DIRECTION('',(-1,0,0));
ENDSEC;
END-ISO-10303-21;
