ISO-10303-21;
HEADER;
FILE_DESCRIPTION((''),'2;1');
FILE_NAME('layer 2', '2026-10-08T14:14:06', (''), (''), 'ImageToStl.com STEP Converter','', '');
FILE_SCHEMA(('AUTOMOTIVE_DESIGN_CC2'));
ENDSEC;
DATA;
#1=PRODUCT_DEFINITION_CONTEXT('',#4,'design');
#2=APPLICATION_PROTOCOL_DEFINITION('INTERNATIONAL STANDARD','automotive_design',1994,#4);
#3=(GEOMETRIC_REPRESENTATION_CONTEXT(3)GLOBAL_UNCERTAINTY_ASSIGNED_CONTEXT((#5))GLOBAL_UNIT_ASSIGNED_CONTEXT((#6,#7,#8))REPRESENTATION_CONTEXT('NONE','WORKSPACE'));
#4=APPLICATION_CONTEXT(' ');
#5=UNCERTAINTY_MEASURE_WITH_UNIT(LENGTH_MEASURE(1.0E-006),#6,'','');
#6=(CONVERSION_BASED_UNIT('METRE',#10)LENGTH_UNIT()NAMED_UNIT(#11));
#7=(NAMED_UNIT(#12)PLANE_ANGLE_UNIT()SI_UNIT($,.RADIAN.));
#8=(NAMED_UNIT(#12)SOLID_ANGLE_UNIT()SI_UNIT($,.STERADIAN.));
#9=AXIS2_PLACEMENT_3D('',#14,#15,#16);
#10=LENGTH_MEASURE_WITH_UNIT(LENGTH_MEASURE(1.0),#17);
#11=DIMENSIONAL_EXPONENTS(1.0,0.0,0.0,0.0,0.0,0.0,0.0);
#12=DIMENSIONAL_EXPONENTS(0.0,0.0,0.0,0.0,0.0,0.0,0.0);
#13=PRODUCT_CONTEXT('',#4,'mechanical');
#14=CARTESIAN_POINT('',(0.0,0.0,0.0));
#15=DIRECTION('',(0.0,0.0,1.0));
#16=DIRECTION('',(1.0,0.0,0.0));
#17=(NAMED_UNIT(#11)LENGTH_UNIT()SI_UNIT(.MILLI.,.METRE.));
#18=PRESENTATION_STYLE_ASSIGNMENT((#19));
#19=SURFACE_STYLE_USAGE(.BOTH.,#20);
#20=SURFACE_SIDE_STYLE('',(#21));
#21=SURFACE_STYLE_FILL_AREA(#22);
#22=FILL_AREA_STYLE('',(#23));
#23=FILL_AREA_STYLE_COLOUR('',#24);
#24=COLOUR_RGB('',0.62745,0.62745,0.62745);
#25=PRESENTATION_STYLE_ASSIGNMENT((#26));
#26=SURFACE_STYLE_USAGE(.BOTH.,#27);
#27=SURFACE_SIDE_STYLE('',(#28));
#28=SURFACE_STYLE_FILL_AREA(#29);
#29=FILL_AREA_STYLE('',(#30));
#30=FILL_AREA_STYLE_COLOUR('',#31);
#31=COLOUR_RGB('',0.59608,0.59608,0.59608);
#32=SHAPE_DEFINITION_REPRESENTATION(#33,#34);
#33=PRODUCT_DEFINITION_SHAPE('productshape0','',#37);
#34=MANIFOLD_SURFACE_SHAPE_REPRESENTATION('',(#35,#9),#3);
#35=SHELL_BASED_SURFACE_MODEL('shell0',(#39));
#36=PRODUCT('product0','','',(#13));
#37=PRODUCT_DEFINITION('mesh0','',#38,#2);
#38=PRODUCT_DEFINITION_FORMATION_WITH_SPECIFIED_SOURCE('prodsource0','',#36,.NOT_KNOWN.);
#39=CLOSED_SHELL('',(#825,#847,#869,#891,#913,#935,#957,#979,#1001,#1023,#1045,#1067,#1089,#1111,#1133,#1155,#1177,#1199,#1221,#1243,#1265,#1287,#1309,#1331,#1353,#1375,#1397,#1419,#1441,#1463,#1485,#1507,#1529,#1551,#1573,#1595,#1617,#1639,#1661,#1683,#1705,#1727,#1749,#1771,#1793,#1815,#1837,#1859,#1881,#1903,#1925,#1947,#1969,#1991,#2013,#2035,#2057,#2079,#2101,#2123,#2145,#2167,#2189,#2211,#2233,#2255,#2277,#2299,#2321,#2343,#2365,#2387,#2409,#2431,#2453,#2475,#2497,#2519,#2541,#2563,#2585,#2607,#2629,#2651,#2673,#2695,#2717,#2739,#2761,#2783,#2805,#2827,#2849,#2871,#2893,#2915,#2937,#2959,#2981,#3003,#3025,#3047,#3069,#3091,#3113,#3135,#3157,#3179,#3201,#3223,#3245,#3267,#3289,#3311,#3333,#3355,#3377,#3399,#3421,#3443,#3465,#3487,#3509,#3531,#3553,#3575,#3597,#3619,#3641,#3663,#3685,#3707,#3729,#3751,#3773,#3795,#3817,#3839,#3861,#3883,#3905,#3927,#3949,#3971,#3993,#4015,#4037,#4059,#4081,#4103,#4125,#4147,#4169,#4191,#4213,#4235,#4257,#4279,#4301,#4323,#4345,#4367,#4389,#4411,#4433,#4455,#4477,#4499,#4521,#4543,#4565,#4587,#4609,#4631,#4653,#4675,#4697,#4719,#4741,#4763,#4785,#4807,#4829,#4851,#4873,#4895,#4917,#4939,#4961,#4983,#5005,#5027,#5049,#5071,#5093,#5115,#5137,#5159,#5181,#5203,#5225,#5247,#5269,#5291,#5313,#5335,#5357,#5379,#5401,#5423,#5445,#5467,#5489,#5511,#5533,#5555,#5577,#5599,#5621,#5643,#5665,#5687,#5709,#5731,#5753,#5775,#5797,#5819,#5841,#5863,#5885,#5907,#5929,#5951,#5973,#5995,#6017,#6039,#6061,#6083,#6105,#6127,#6149,#6171,#6193,#6215,#6237,#6259,#6281,#6303,#6325,#6347,#6369,#6391,#6413,#6435,#6457,#6479,#6501,#6523,#6545,#6567,#6589,#6611,#6633,#6655,#6677,#6699,#6721,#6743,#6765,#6787,#6809,#6831,#6853,#6875,#6897,#6919,#6941,#6963,#6985,#7007,#7029,#7051,#7073,#7095,#7117,#7139,#7161,#7183,#7205,#7227,#7249,#7271,#7293,#7315,#7337,#7359,#7381,#7403,#7425,#7447,#7469,#7491,#7513,#7535,#7557,#7579,#7601,#7623,#7645,#7667,#7689,#7711,#7733,#7755,#7777,#7799,#7821,#7843,#7865,#7887,#7909,#7931,#7953,#7975,#7997,#8019,#8041,#8063,#8085,#8107,#8129,#8151,#8173,#8195,#8217,#8239,#8261,#8283,#8305,#8327,#8349,#8371,#8393,#8415,#8437,#8459,#8481,#8503,#8525,#8547,#8569,#8591,#8613,#8635,#8657,#8679,#8701,#8723,#8745,#8767,#8789,#8811,#8833,#8855,#8877,#8899,#8921,#8943,#8965,#8987,#9009,#9031,#9053,#9075,#9097,#9119,#9141,#9163,#9185,#9207,#9229,#9251,#9273,#9295,#9317,#9339,#9361,#9383,#9405,#9427,#9449,#9471,#9493,#9515,#9537,#9559,#9581,#9603,#9625,#9647,#9669,#9691,#9713,#9735,#9757,#9779,#9801,#9823,#9845,#9867,#9889,#9911,#9933,#9955,#9977,#9999,#10021,#10043,#10065,#10087,#10109,#10131,#10153,#10175,#10197,#10219,#10241,#10263,#10285,#10307,#10329,#10351,#10373,#10395,#10417,#10439,#10461,#10483,#10505,#10527,#10549,#10571,#10593,#10615,#10637,#10659,#10681,#10703,#10725,#10747,#10769,#10791,#10813,#10835,#10857,#10879,#10901,#10923,#10945,#10967,#10989,#11011,#11033,#11055,#11077,#11099,#11121,#11143,#11165,#11187,#11209,#11231,#11253,#11275,#11297,#11319,#11341,#11363,#11385,#11407,#11429,#11451,#11473,#11495,#11517,#11539,#11561,#11583,#11605,#11627,#11649,#11671,#11693,#11715,#11737,#11759,#11781,#11803,#11825,#11847,#11869,#11891,#11913,#11935,#11957,#11979,#12001,#12023,#12045,#12067,#12089,#12111,#12133,#12155,#12177,#12199,#12221,#12243,#12265,#12287,#12309,#12331,#12353,#12375,#12397,#12419,#12441,#12463,#12485,#12507,#12529,#12551,#12573,#12595,#12617,#12639,#12661,#12683,#12705,#12727,#12749,#12771,#12793,#12815,#12837,#12859,#12881,#12903,#12925,#12947,#12969,#12991,#13013,#13035,#13057,#13079,#13101,#13123,#13145,#13167,#13189,#13211,#13233,#13255,#13277,#13299,#13321,#13343,#13365,#13387,#13409,#13431,#13453,#13475,#13497,#13519,#13541,#13563,#13585,#13607,#13629,#13651,#13673,#13695,#13717,#13739,#13761,#13783,#13805,#13827,#13849,#13871,#13893,#13915,#13937,#13959,#13981,#14003,#14025,#14047,#14069,#14091,#14113,#14135,#14157,#14179,#14201,#14223,#14245,#14267,#14289,#14311,#14333,#14355,#14377,#14399,#14421,#14443,#14465,#14487,#14509,#14531,#14553,#14575,#14597,#14619,#14641,#14663,#14685,#14707,#14729,#14751,#14773,#14795,#14817,#14839,#14861,#14883,#14905,#14927,#14949,#14971,#14993,#15015,#15037,#15059,#15081,#15103,#15125,#15147,#15169,#15191,#15213,#15235,#15257,#15279,#15301,#15323,#15345,#15367,#15389,#15411,#15433,#15455,#15477,#15499,#15521,#15543,#15565,#15587,#15609,#15631,#15653,#15675,#15697,#15719,#15741,#15763,#15785,#15807,#15829,#15851,#15873,#15895,#15917,#15939,#15961,#15983,#16005,#16027,#16049,#16071,#16093,#16115,#16137,#16159,#16181,#16203,#16225,#16247,#16269,#16291,#16313,#16335,#16357,#16379,#16401,#16423,#16445,#16467,#16489,#16511,#16533,#16555,#16577,#16599,#16621,#16643,#16665,#16687,#16709,#16731,#16753,#16775,#16797,#16819,#16841,#16863,#16885,#16907,#16929,#16951,#16973,#16995,#17017,#17039,#17061,#17083,#17105,#17127,#17149,#17171,#17193,#17215,#17237,#17259,#17281,#17303,#17325,#17347,#17369,#17391,#17413,#17435,#17457,#17479,#17501,#17523,#17545,#17567,#17589,#17611,#17633,#17655,#17677,#17699,#17721,#17743,#17765,#17787,#17809,#17831,#17853,#17875,#17897,#17919,#17941,#17963,#17985,#18007,#18029,#18051,#18073,#18095,#18117,#18139,#18161,#18183,#18205,#18227,#18249,#18271,#18293,#18315,#18337,#18359,#18381,#18403,#18425,#18447,#18469,#18491,#18513,#18535,#18557,#18579));
#40=CARTESIAN_POINT('',(45,72.3383560180664,62));
#41=VERTEX_POINT('',#40);
#42=CARTESIAN_POINT('',(45,70,62));
#43=VERTEX_POINT('',#42);
#44=CARTESIAN_POINT('',(45,72.3383560180664,204.98500061035156));
#45=VERTEX_POINT('',#44);
#46=CARTESIAN_POINT('',(45,70,204.98500061035156));
#47=VERTEX_POINT('',#46);
#48=CARTESIAN_POINT('',(55,60.33835220336914,62));
#49=VERTEX_POINT('',#48);
#50=CARTESIAN_POINT('',(57,60.33835220336914,62));
#51=VERTEX_POINT('',#50);
#52=CARTESIAN_POINT('',(55,60.33835220336914,204.98500061035156));
#53=VERTEX_POINT('',#52);
#54=CARTESIAN_POINT('',(57,60.33835220336914,204.98500061035156));
#55=VERTEX_POINT('',#54);
#56=CARTESIAN_POINT('',(55,70,204.98500061035156));
#57=VERTEX_POINT('',#56);
#58=CARTESIAN_POINT('',(57,72.3383560180664,204.98500061035156));
#59=VERTEX_POINT('',#58);
#60=CARTESIAN_POINT('',(-45.116153717041016,72.3383560180664,62));
#61=VERTEX_POINT('',#60);
#62=CARTESIAN_POINT('',(-45.116153717041016,70,62));
#63=VERTEX_POINT('',#62);
#64=CARTESIAN_POINT('',(57,-40,62));
#65=VERTEX_POINT('',#64);
#66=CARTESIAN_POINT('',(55,-40,62));
#67=VERTEX_POINT('',#66);
#68=CARTESIAN_POINT('',(-57.116153717041016,60.33835220336914,62));
#69=VERTEX_POINT('',#68);
#70=CARTESIAN_POINT('',(-55,60.33835220336914,62));
#71=VERTEX_POINT('',#70);
#72=CARTESIAN_POINT('',(-57.116153717041016,60.33835220336914,204.98500061035156));
#73=VERTEX_POINT('',#72);
#74=CARTESIAN_POINT('',(-55,60.33835220336914,204.98500061035156));
#75=VERTEX_POINT('',#74);
#76=CARTESIAN_POINT('',(-45.116153717041016,70,204.98500061035156));
#77=VERTEX_POINT('',#76);
#78=CARTESIAN_POINT('',(-45.116153717041016,72.3383560180664,204.98500061035156));
#79=VERTEX_POINT('',#78);
#80=CARTESIAN_POINT('',(-55,70,204.98500061035156));
#81=VERTEX_POINT('',#80);
#82=CARTESIAN_POINT('',(-57.116153717041016,72.3383560180664,204.98500061035156));
#83=VERTEX_POINT('',#82);
#84=CARTESIAN_POINT('',(-55,-40,62));
#85=VERTEX_POINT('',#84);
#86=CARTESIAN_POINT('',(-57.116153717041016,-40,62));
#87=VERTEX_POINT('',#86);
#88=CARTESIAN_POINT('',(-55.116153717041016,-40,222));
#89=VERTEX_POINT('',#88);
#90=CARTESIAN_POINT('',(-55.116153717041016,-40,204.98590087890625));
#91=VERTEX_POINT('',#90);
#92=CARTESIAN_POINT('',(-55.116153717041016,70.33799743652344,222));
#93=VERTEX_POINT('',#92);
#94=CARTESIAN_POINT('',(-55.116153717041016,70.33799743652344,204.98590087890625));
#95=VERTEX_POINT('',#94);
#96=CARTESIAN_POINT('',(54.883846282958984,70.33799743652344,204.98590087890625));
#97=VERTEX_POINT('',#96);
#98=CARTESIAN_POINT('',(54.883846282958984,70.33799743652344,222));
#99=VERTEX_POINT('',#98);
#100=CARTESIAN_POINT('',(54.883846282958984,-40,204.98590087890625));
#101=VERTEX_POINT('',#100);
#102=CARTESIAN_POINT('',(54.883846282958984,-40,222));
#103=VERTEX_POINT('',#102);
#104=CARTESIAN_POINT('',(56.883846282958984,-40,204.98590087890625));
#105=VERTEX_POINT('',#104);
#106=CARTESIAN_POINT('',(56.883846282958984,72.33799743652344,204.98590087890625));
#107=VERTEX_POINT('',#106);
#108=CARTESIAN_POINT('',(-57.116153717041016,72.33799743652344,204.98590087890625));
#109=VERTEX_POINT('',#108);
#110=CARTESIAN_POINT('',(-57.116153717041016,-40,204.98590087890625));
#111=VERTEX_POINT('',#110);
#112=CARTESIAN_POINT('',(56.883846282958984,-40,222));
#113=VERTEX_POINT('',#112);
#114=CARTESIAN_POINT('',(56.883846282958984,72.33799743652344,222));
#115=VERTEX_POINT('',#114);
#116=CARTESIAN_POINT('',(-57.116153717041016,-40,222));
#117=VERTEX_POINT('',#116);
#118=CARTESIAN_POINT('',(-57.116153717041016,72.33799743652344,222));
#119=VERTEX_POINT('',#118);
#120=CARTESIAN_POINT('',(-52.68804168701172,-61.668907165527344,220));
#121=VERTEX_POINT('',#120);
#122=CARTESIAN_POINT('',(-52.68804168701172,-61.668907165527344,222));
#123=VERTEX_POINT('',#122);
#124=CARTESIAN_POINT('',(-52.5,-60,220));
#125=VERTEX_POINT('',#124);
#126=CARTESIAN_POINT('',(-52.5,-60,222));
#127=VERTEX_POINT('',#126);
#128=CARTESIAN_POINT('',(-52.68804168701172,-58.331092834472656,220));
#129=VERTEX_POINT('',#128);
#130=CARTESIAN_POINT('',(-52.68804168701172,-58.331092834472656,222));
#131=VERTEX_POINT('',#130);
#132=CARTESIAN_POINT('',(-53.242733001708984,-56.745872497558594,220));
#133=VERTEX_POINT('',#132);
#134=CARTESIAN_POINT('',(-53.242733001708984,-56.745872497558594,222));
#135=VERTEX_POINT('',#134);
#136=CARTESIAN_POINT('',(-54.13626480102539,-55.32382583618164,220));
#137=VERTEX_POINT('',#136);
#138=CARTESIAN_POINT('',(-54.13626480102539,-55.32382583618164,222));
#139=VERTEX_POINT('',#138);
#140=CARTESIAN_POINT('',(-55.32382583618164,-54.13626480102539,220));
#141=VERTEX_POINT('',#140);
#142=CARTESIAN_POINT('',(-55.32382583618164,-54.13626480102539,222));
#143=VERTEX_POINT('',#142);
#144=CARTESIAN_POINT('',(-56.745872497558594,-53.242733001708984,220));
#145=VERTEX_POINT('',#144);
#146=CARTESIAN_POINT('',(-56.745872497558594,-53.242733001708984,222));
#147=VERTEX_POINT('',#146);
#148=CARTESIAN_POINT('',(-58.331092834472656,-52.68804168701172,220));
#149=VERTEX_POINT('',#148);
#150=CARTESIAN_POINT('',(-58.331092834472656,-52.68804168701172,222));
#151=VERTEX_POINT('',#150);
#152=CARTESIAN_POINT('',(-60,-52.5,220));
#153=VERTEX_POINT('',#152);
#154=CARTESIAN_POINT('',(-60,-52.5,222));
#155=VERTEX_POINT('',#154);
#156=CARTESIAN_POINT('',(-61.668907165527344,-52.68804168701172,220));
#157=VERTEX_POINT('',#156);
#158=CARTESIAN_POINT('',(-61.668907165527344,-52.68804168701172,222));
#159=VERTEX_POINT('',#158);
#160=CARTESIAN_POINT('',(-63.254127502441406,-53.242733001708984,220));
#161=VERTEX_POINT('',#160);
#162=CARTESIAN_POINT('',(-63.254127502441406,-53.242733001708984,222));
#163=VERTEX_POINT('',#162);
#164=CARTESIAN_POINT('',(-64.6761703491211,-54.13626480102539,220));
#165=VERTEX_POINT('',#164);
#166=CARTESIAN_POINT('',(-64.6761703491211,-54.13626480102539,222));
#167=VERTEX_POINT('',#166);
#168=CARTESIAN_POINT('',(-65.86373901367188,-55.32382583618164,220));
#169=VERTEX_POINT('',#168);
#170=CARTESIAN_POINT('',(-65.86373901367188,-55.32382583618164,222));
#171=VERTEX_POINT('',#170);
#172=CARTESIAN_POINT('',(-66.75726318359375,-56.745872497558594,220));
#173=VERTEX_POINT('',#172);
#174=CARTESIAN_POINT('',(-66.75726318359375,-56.745872497558594,222));
#175=VERTEX_POINT('',#174);
#176=CARTESIAN_POINT('',(-67.31195831298828,-58.331092834472656,220));
#177=VERTEX_POINT('',#176);
#178=CARTESIAN_POINT('',(-67.31195831298828,-58.331092834472656,222));
#179=VERTEX_POINT('',#178);
#180=CARTESIAN_POINT('',(-67.5,-60,220));
#181=VERTEX_POINT('',#180);
#182=CARTESIAN_POINT('',(-67.5,-60,222));
#183=VERTEX_POINT('',#182);
#184=CARTESIAN_POINT('',(-67.31195831298828,-61.668907165527344,220));
#185=VERTEX_POINT('',#184);
#186=CARTESIAN_POINT('',(-67.31195831298828,-61.668907165527344,222));
#187=VERTEX_POINT('',#186);
#188=CARTESIAN_POINT('',(-66.75726318359375,-63.254127502441406,220));
#189=VERTEX_POINT('',#188);
#190=CARTESIAN_POINT('',(-66.75726318359375,-63.254127502441406,222));
#191=VERTEX_POINT('',#190);
#192=CARTESIAN_POINT('',(-65.86373901367188,-64.6761703491211,220));
#193=VERTEX_POINT('',#192);
#194=CARTESIAN_POINT('',(-65.86373901367188,-64.6761703491211,222));
#195=VERTEX_POINT('',#194);
#196=CARTESIAN_POINT('',(-64.6761703491211,-65.86373901367188,220));
#197=VERTEX_POINT('',#196);
#198=CARTESIAN_POINT('',(-64.6761703491211,-65.86373901367188,222));
#199=VERTEX_POINT('',#198);
#200=CARTESIAN_POINT('',(-63.254127502441406,-66.75726318359375,220));
#201=VERTEX_POINT('',#200);
#202=CARTESIAN_POINT('',(-63.254127502441406,-66.75726318359375,222));
#203=VERTEX_POINT('',#202);
#204=CARTESIAN_POINT('',(-61.668907165527344,-67.31195831298828,220));
#205=VERTEX_POINT('',#204);
#206=CARTESIAN_POINT('',(-61.668907165527344,-67.31195831298828,222));
#207=VERTEX_POINT('',#206);
#208=CARTESIAN_POINT('',(-60,-67.5,220));
#209=VERTEX_POINT('',#208);
#210=CARTESIAN_POINT('',(-60,-67.5,222));
#211=VERTEX_POINT('',#210);
#212=CARTESIAN_POINT('',(-58.331092834472656,-67.31195831298828,220));
#213=VERTEX_POINT('',#212);
#214=CARTESIAN_POINT('',(-58.331092834472656,-67.31195831298828,222));
#215=VERTEX_POINT('',#214);
#216=CARTESIAN_POINT('',(-56.745872497558594,-66.75726318359375,220));
#217=VERTEX_POINT('',#216);
#218=CARTESIAN_POINT('',(-56.745872497558594,-66.75726318359375,222));
#219=VERTEX_POINT('',#218);
#220=CARTESIAN_POINT('',(-55.32382583618164,-65.86373901367188,220));
#221=VERTEX_POINT('',#220);
#222=CARTESIAN_POINT('',(-55.32382583618164,-65.86373901367188,222));
#223=VERTEX_POINT('',#222);
#224=CARTESIAN_POINT('',(-54.13626480102539,-64.6761703491211,220));
#225=VERTEX_POINT('',#224);
#226=CARTESIAN_POINT('',(-54.13626480102539,-64.6761703491211,222));
#227=VERTEX_POINT('',#226);
#228=CARTESIAN_POINT('',(-53.242733001708984,-63.254127502441406,220));
#229=VERTEX_POINT('',#228);
#230=CARTESIAN_POINT('',(-53.242733001708984,-63.254127502441406,222));
#231=VERTEX_POINT('',#230);
#232=CARTESIAN_POINT('',(62.89777755737305,-60.776458740234375,50));
#233=VERTEX_POINT('',#232);
#234=CARTESIAN_POINT('',(62.89777755737305,-60.776458740234375,52));
#235=VERTEX_POINT('',#234);
#236=CARTESIAN_POINT('',(63,-60,50));
#237=VERTEX_POINT('',#236);
#238=CARTESIAN_POINT('',(63,-60,52));
#239=VERTEX_POINT('',#238);
#240=CARTESIAN_POINT('',(62.89777755737305,-59.22354507446289,50));
#241=VERTEX_POINT('',#240);
#242=CARTESIAN_POINT('',(62.89777755737305,-59.22354507446289,52));
#243=VERTEX_POINT('',#242);
#244=CARTESIAN_POINT('',(62.59807586669922,-58.5,50));
#245=VERTEX_POINT('',#244);
#246=CARTESIAN_POINT('',(62.59807586669922,-58.5,52));
#247=VERTEX_POINT('',#246);
#248=CARTESIAN_POINT('',(62.12132263183594,-57.87868118286133,50));
#249=VERTEX_POINT('',#248);
#250=CARTESIAN_POINT('',(62.12132263183594,-57.87868118286133,52));
#251=VERTEX_POINT('',#250);
#252=CARTESIAN_POINT('',(61.5,-57.40192413330078,50));
#253=VERTEX_POINT('',#252);
#254=CARTESIAN_POINT('',(61.5,-57.40192413330078,52));
#255=VERTEX_POINT('',#254);
#256=CARTESIAN_POINT('',(60.776458740234375,-57.10222244262695,50));
#257=VERTEX_POINT('',#256);
#258=CARTESIAN_POINT('',(60.776458740234375,-57.10222244262695,52));
#259=VERTEX_POINT('',#258);
#260=CARTESIAN_POINT('',(60,-57,50));
#261=VERTEX_POINT('',#260);
#262=CARTESIAN_POINT('',(60,-57,52));
#263=VERTEX_POINT('',#262);
#264=CARTESIAN_POINT('',(59.22354507446289,-57.10222244262695,50));
#265=VERTEX_POINT('',#264);
#266=CARTESIAN_POINT('',(59.22354507446289,-57.10222244262695,52));
#267=VERTEX_POINT('',#266);
#268=CARTESIAN_POINT('',(58.5,-57.40192413330078,50));
#269=VERTEX_POINT('',#268);
#270=CARTESIAN_POINT('',(58.5,-57.40192413330078,52));
#271=VERTEX_POINT('',#270);
#272=CARTESIAN_POINT('',(57.87868118286133,-57.87868118286133,50));
#273=VERTEX_POINT('',#272);
#274=CARTESIAN_POINT('',(57.87868118286133,-57.87868118286133,52));
#275=VERTEX_POINT('',#274);
#276=CARTESIAN_POINT('',(57.40192413330078,-58.5,50));
#277=VERTEX_POINT('',#276);
#278=CARTESIAN_POINT('',(57.40192413330078,-58.5,52));
#279=VERTEX_POINT('',#278);
#280=CARTESIAN_POINT('',(57.10222244262695,-59.22354507446289,50));
#281=VERTEX_POINT('',#280);
#282=CARTESIAN_POINT('',(57.10222244262695,-59.22354507446289,52));
#283=VERTEX_POINT('',#282);
#284=CARTESIAN_POINT('',(57,-60,50));
#285=VERTEX_POINT('',#284);
#286=CARTESIAN_POINT('',(57,-60,52));
#287=VERTEX_POINT('',#286);
#288=CARTESIAN_POINT('',(57.10222244262695,-60.776458740234375,50));
#289=VERTEX_POINT('',#288);
#290=CARTESIAN_POINT('',(57.10222244262695,-60.776458740234375,52));
#291=VERTEX_POINT('',#290);
#292=CARTESIAN_POINT('',(57.40192413330078,-61.5,50));
#293=VERTEX_POINT('',#292);
#294=CARTESIAN_POINT('',(57.40192413330078,-61.5,52));
#295=VERTEX_POINT('',#294);
#296=CARTESIAN_POINT('',(57.87868118286133,-62.12132263183594,50));
#297=VERTEX_POINT('',#296);
#298=CARTESIAN_POINT('',(57.87868118286133,-62.12132263183594,52));
#299=VERTEX_POINT('',#298);
#300=CARTESIAN_POINT('',(58.5,-62.59807586669922,50));
#301=VERTEX_POINT('',#300);
#302=CARTESIAN_POINT('',(58.5,-62.59807586669922,52));
#303=VERTEX_POINT('',#302);
#304=CARTESIAN_POINT('',(59.22354507446289,-62.89777755737305,50));
#305=VERTEX_POINT('',#304);
#306=CARTESIAN_POINT('',(59.22354507446289,-62.89777755737305,52));
#307=VERTEX_POINT('',#306);
#308=CARTESIAN_POINT('',(60,-63,50));
#309=VERTEX_POINT('',#308);
#310=CARTESIAN_POINT('',(60,-63,52));
#311=VERTEX_POINT('',#310);
#312=CARTESIAN_POINT('',(60.776458740234375,-62.89777755737305,50));
#313=VERTEX_POINT('',#312);
#314=CARTESIAN_POINT('',(60.776458740234375,-62.89777755737305,52));
#315=VERTEX_POINT('',#314);
#316=CARTESIAN_POINT('',(61.5,-62.59807586669922,50));
#317=VERTEX_POINT('',#316);
#318=CARTESIAN_POINT('',(61.5,-62.59807586669922,52));
#319=VERTEX_POINT('',#318);
#320=CARTESIAN_POINT('',(62.12132263183594,-62.12132263183594,50));
#321=VERTEX_POINT('',#320);
#322=CARTESIAN_POINT('',(62.12132263183594,-62.12132263183594,52));
#323=VERTEX_POINT('',#322);
#324=CARTESIAN_POINT('',(62.59807586669922,-61.5,50));
#325=VERTEX_POINT('',#324);
#326=CARTESIAN_POINT('',(62.59807586669922,-61.5,52));
#327=VERTEX_POINT('',#326);
#328=CARTESIAN_POINT('',(38,-70,76));
#329=VERTEX_POINT('',#328);
#330=CARTESIAN_POINT('',(38,-70,52));
#331=VERTEX_POINT('',#330);
#332=CARTESIAN_POINT('',(38,-72,76));
#333=VERTEX_POINT('',#332);
#334=CARTESIAN_POINT('',(38,-72,52));
#335=VERTEX_POINT('',#334);
#336=CARTESIAN_POINT('',(-38,-70,52));
#337=VERTEX_POINT('',#336);
#338=CARTESIAN_POINT('',(-38,-70,76));
#339=VERTEX_POINT('',#338);
#340=CARTESIAN_POINT('',(-38,-72,52));
#341=VERTEX_POINT('',#340);
#342=CARTESIAN_POINT('',(-38,-72,76));
#343=VERTEX_POINT('',#342);
#344=CARTESIAN_POINT('',(73,-75,52));
#345=VERTEX_POINT('',#344);
#346=CARTESIAN_POINT('',(73,-42,52));
#347=VERTEX_POINT('',#346);
#348=CARTESIAN_POINT('',(-73,-42,52));
#349=VERTEX_POINT('',#348);
#350=CARTESIAN_POINT('',(40,-70,52));
#351=VERTEX_POINT('',#350);
#352=CARTESIAN_POINT('',(40,-72,52));
#353=VERTEX_POINT('',#352);
#354=CARTESIAN_POINT('',(-40,-70,52));
#355=VERTEX_POINT('',#354);
#356=CARTESIAN_POINT('',(-73,-75,52));
#357=VERTEX_POINT('',#356);
#358=CARTESIAN_POINT('',(-40,-72,52));
#359=VERTEX_POINT('',#358);
#360=CARTESIAN_POINT('',(40,-70,76));
#361=VERTEX_POINT('',#360);
#362=CARTESIAN_POINT('',(-40,-72,78));
#363=VERTEX_POINT('',#362);
#364=CARTESIAN_POINT('',(40,-72,78));
#365=VERTEX_POINT('',#364);
#366=CARTESIAN_POINT('',(-40,-70,76));
#367=VERTEX_POINT('',#366);
#368=CARTESIAN_POINT('',(-40,-42,76));
#369=VERTEX_POINT('',#368);
#370=CARTESIAN_POINT('',(40,-42,76));
#371=VERTEX_POINT('',#370);
#372=CARTESIAN_POINT('',(-40,-42,78));
#373=VERTEX_POINT('',#372);
#374=CARTESIAN_POINT('',(40,-42,78));
#375=VERTEX_POINT('',#374);
#376=CARTESIAN_POINT('',(73,-42,220));
#377=VERTEX_POINT('',#376);
#378=CARTESIAN_POINT('',(30.50260353088379,-42,137.1293487548828));
#379=VERTEX_POINT('',#378);
#380=CARTESIAN_POINT('',(30.31082534790039,-42,133.7144317626953));
#381=VERTEX_POINT('',#380);
#382=CARTESIAN_POINT('',(29.737903594970703,-42,130.3424530029297));
#383=VERTEX_POINT('',#382);
#384=CARTESIAN_POINT('',(-73,-42,220));
#385=VERTEX_POINT('',#384);
#386=CARTESIAN_POINT('',(0.0026026880368590355,-42,167.6293487548828));
#387=VERTEX_POINT('',#386);
#388=CARTESIAN_POINT('',(3.4175190925598145,-42,167.43756103515625));
#389=VERTEX_POINT('',#388);
#390=CARTESIAN_POINT('',(6.789491176605225,-42,166.86463928222656));
#391=VERTEX_POINT('',#390);
#392=CARTESIAN_POINT('',(-30.49739646911621,-42,137.1293487548828));
#393=VERTEX_POINT('',#392);
#394=CARTESIAN_POINT('',(-30.305620193481445,-42,140.5442657470703));
#395=VERTEX_POINT('',#394);
#396=CARTESIAN_POINT('',(-29.732698440551758,-42,143.91622924804688));
#397=VERTEX_POINT('',#396);
#398=CARTESIAN_POINT('',(0.0026026880368590355,-42,106.62934112548828));
#399=VERTEX_POINT('',#398);
#400=CARTESIAN_POINT('',(-3.412313938140869,-42,106.82112121582031));
#401=VERTEX_POINT('',#400);
#402=CARTESIAN_POINT('',(-6.784286022186279,-42,107.39404296875));
#403=VERTEX_POINT('',#402);
#404=CARTESIAN_POINT('',(28.791044235229492,-42,127.05583190917969));
#405=VERTEX_POINT('',#404);
#406=CARTESIAN_POINT('',(-10.070908546447754,-42,108.34090423583984));
#407=VERTEX_POINT('',#406);
#408=CARTESIAN_POINT('',(-13.230851173400879,-42,109.64979553222656));
#409=VERTEX_POINT('',#408);
#410=CARTESIAN_POINT('',(-16.224374771118164,-42,111.30425262451172));
#411=VERTEX_POINT('',#410);
#412=CARTESIAN_POINT('',(-19.013835906982422,-42,113.28348541259766));
#413=VERTEX_POINT('',#412);
#414=CARTESIAN_POINT('',(-21.56415367126465,-42,115.56258392333984));
#415=VERTEX_POINT('',#414);
#416=CARTESIAN_POINT('',(-23.843257904052734,-42,118.11290740966797));
#417=VERTEX_POINT('',#416);
#418=CARTESIAN_POINT('',(-25.822484970092773,-42,120.9023666381836));
#419=VERTEX_POINT('',#418);
#420=CARTESIAN_POINT('',(-27.476947784423828,-42,123.89588928222656));
#421=VERTEX_POINT('',#420);
#422=CARTESIAN_POINT('',(-28.785839080810547,-42,127.05583190917969));
#423=VERTEX_POINT('',#422);
#424=CARTESIAN_POINT('',(-29.732698440551758,-42,130.3424530029297));
#425=VERTEX_POINT('',#424);
#426=CARTESIAN_POINT('',(-30.305620193481445,-42,133.7144317626953));
#427=VERTEX_POINT('',#426);
#428=CARTESIAN_POINT('',(-28.785839080810547,-42,147.20285034179688));
#429=VERTEX_POINT('',#428);
#430=CARTESIAN_POINT('',(-27.476947784423828,-42,150.36279296875));
#431=VERTEX_POINT('',#430);
#432=CARTESIAN_POINT('',(-25.822484970092773,-42,153.3563232421875));
#433=VERTEX_POINT('',#432);
#434=CARTESIAN_POINT('',(-23.843257904052734,-42,156.14578247070312));
#435=VERTEX_POINT('',#434);
#436=CARTESIAN_POINT('',(-21.56415367126465,-42,158.69610595703125));
#437=VERTEX_POINT('',#436);
#438=CARTESIAN_POINT('',(-19.013835906982422,-42,160.97520446777344));
#439=VERTEX_POINT('',#438);
#440=CARTESIAN_POINT('',(-16.224374771118164,-42,162.95443725585938));
#441=VERTEX_POINT('',#440);
#442=CARTESIAN_POINT('',(-13.230851173400879,-42,164.60888671875));
#443=VERTEX_POINT('',#442);
#444=CARTESIAN_POINT('',(-10.070908546447754,-42,165.91778564453125));
#445=VERTEX_POINT('',#444);
#446=CARTESIAN_POINT('',(-6.784286022186279,-42,166.86463928222656));
#447=VERTEX_POINT('',#446);
#448=CARTESIAN_POINT('',(-3.412313938140869,-42,167.43756103515625));
#449=VERTEX_POINT('',#448);
#450=CARTESIAN_POINT('',(10.0761137008667,-42,165.91778564453125));
#451=VERTEX_POINT('',#450);
#452=CARTESIAN_POINT('',(13.236056327819824,-42,164.60888671875));
#453=VERTEX_POINT('',#452);
#454=CARTESIAN_POINT('',(16.229581832885742,-42,162.95443725585938));
#455=VERTEX_POINT('',#454);
#456=CARTESIAN_POINT('',(19.019041061401367,-42,160.97520446777344));
#457=VERTEX_POINT('',#456);
#458=CARTESIAN_POINT('',(21.569358825683594,-42,158.69610595703125));
#459=VERTEX_POINT('',#458);
#460=CARTESIAN_POINT('',(23.84846305847168,-42,156.14578247070312));
#461=VERTEX_POINT('',#460);
#462=CARTESIAN_POINT('',(25.82769012451172,-42,153.3563232421875));
#463=VERTEX_POINT('',#462);
#464=CARTESIAN_POINT('',(27.482152938842773,-42,150.36279296875));
#465=VERTEX_POINT('',#464);
#466=CARTESIAN_POINT('',(28.791044235229492,-42,147.20285034179688));
#467=VERTEX_POINT('',#466);
#468=CARTESIAN_POINT('',(29.737903594970703,-42,143.91622924804688));
#469=VERTEX_POINT('',#468);
#470=CARTESIAN_POINT('',(30.31082534790039,-42,140.5442657470703));
#471=VERTEX_POINT('',#470);
#472=CARTESIAN_POINT('',(27.482152938842773,-42,123.89588928222656));
#473=VERTEX_POINT('',#472);
#474=CARTESIAN_POINT('',(25.82769012451172,-42,120.9023666381836));
#475=VERTEX_POINT('',#474);
#476=CARTESIAN_POINT('',(23.84846305847168,-42,118.11290740966797));
#477=VERTEX_POINT('',#476);
#478=CARTESIAN_POINT('',(21.569358825683594,-42,115.56258392333984));
#479=VERTEX_POINT('',#478);
#480=CARTESIAN_POINT('',(19.019041061401367,-42,113.28348541259766));
#481=VERTEX_POINT('',#480);
#482=CARTESIAN_POINT('',(16.229581832885742,-42,111.30425262451172));
#483=VERTEX_POINT('',#482);
#484=CARTESIAN_POINT('',(13.236056327819824,-42,109.64979553222656));
#485=VERTEX_POINT('',#484);
#486=CARTESIAN_POINT('',(10.0761137008667,-42,108.34090423583984));
#487=VERTEX_POINT('',#486);
#488=CARTESIAN_POINT('',(6.789491176605225,-42,107.39404296875));
#489=VERTEX_POINT('',#488);
#490=CARTESIAN_POINT('',(3.4175190925598145,-42,106.82112121582031));
#491=VERTEX_POINT('',#490);
#492=CARTESIAN_POINT('',(-73,-75,220));
#493=VERTEX_POINT('',#492);
#494=CARTESIAN_POINT('',(73,-75,220));
#495=VERTEX_POINT('',#494);
#496=CARTESIAN_POINT('',(3.4175190925598145,-40,106.82112121582031));
#497=VERTEX_POINT('',#496);
#498=CARTESIAN_POINT('',(0.0026026880368590355,-40,106.62934112548828));
#499=VERTEX_POINT('',#498);
#500=CARTESIAN_POINT('',(-3.412313938140869,-40,106.82112121582031));
#501=VERTEX_POINT('',#500);
#502=CARTESIAN_POINT('',(-6.784286022186279,-40,107.39404296875));
#503=VERTEX_POINT('',#502);
#504=CARTESIAN_POINT('',(-10.070908546447754,-40,108.34090423583984));
#505=VERTEX_POINT('',#504);
#506=CARTESIAN_POINT('',(-13.230851173400879,-40,109.64979553222656));
#507=VERTEX_POINT('',#506);
#508=CARTESIAN_POINT('',(-16.224374771118164,-40,111.30425262451172));
#509=VERTEX_POINT('',#508);
#510=CARTESIAN_POINT('',(-19.013835906982422,-40,113.28348541259766));
#511=VERTEX_POINT('',#510);
#512=CARTESIAN_POINT('',(-21.56415367126465,-40,115.56258392333984));
#513=VERTEX_POINT('',#512);
#514=CARTESIAN_POINT('',(-23.843257904052734,-40,118.11290740966797));
#515=VERTEX_POINT('',#514);
#516=CARTESIAN_POINT('',(-25.822484970092773,-40,120.9023666381836));
#517=VERTEX_POINT('',#516);
#518=CARTESIAN_POINT('',(-27.476947784423828,-40,123.89588928222656));
#519=VERTEX_POINT('',#518);
#520=CARTESIAN_POINT('',(-28.785839080810547,-40,127.05583190917969));
#521=VERTEX_POINT('',#520);
#522=CARTESIAN_POINT('',(-29.732698440551758,-40,130.3424530029297));
#523=VERTEX_POINT('',#522);
#524=CARTESIAN_POINT('',(-30.305620193481445,-40,133.7144317626953));
#525=VERTEX_POINT('',#524);
#526=CARTESIAN_POINT('',(-30.49739646911621,-40,137.1293487548828));
#527=VERTEX_POINT('',#526);
#528=CARTESIAN_POINT('',(-30.305620193481445,-40,140.5442657470703));
#529=VERTEX_POINT('',#528);
#530=CARTESIAN_POINT('',(-29.732698440551758,-40,143.91622924804688));
#531=VERTEX_POINT('',#530);
#532=CARTESIAN_POINT('',(-28.785839080810547,-40,147.20285034179688));
#533=VERTEX_POINT('',#532);
#534=CARTESIAN_POINT('',(-27.476947784423828,-40,150.36279296875));
#535=VERTEX_POINT('',#534);
#536=CARTESIAN_POINT('',(-25.822484970092773,-40,153.3563232421875));
#537=VERTEX_POINT('',#536);
#538=CARTESIAN_POINT('',(-23.843257904052734,-40,156.14578247070312));
#539=VERTEX_POINT('',#538);
#540=CARTESIAN_POINT('',(-21.56415367126465,-40,158.69610595703125));
#541=VERTEX_POINT('',#540);
#542=CARTESIAN_POINT('',(-19.013835906982422,-40,160.97520446777344));
#543=VERTEX_POINT('',#542);
#544=CARTESIAN_POINT('',(-16.224374771118164,-40,162.95443725585938));
#545=VERTEX_POINT('',#544);
#546=CARTESIAN_POINT('',(-13.230851173400879,-40,164.60888671875));
#547=VERTEX_POINT('',#546);
#548=CARTESIAN_POINT('',(-10.070908546447754,-40,165.91778564453125));
#549=VERTEX_POINT('',#548);
#550=CARTESIAN_POINT('',(-6.784286022186279,-40,166.86463928222656));
#551=VERTEX_POINT('',#550);
#552=CARTESIAN_POINT('',(-3.412313938140869,-40,167.43756103515625));
#553=VERTEX_POINT('',#552);
#554=CARTESIAN_POINT('',(0.0026026880368590355,-40,167.6293487548828));
#555=VERTEX_POINT('',#554);
#556=CARTESIAN_POINT('',(3.4175190925598145,-40,167.43756103515625));
#557=VERTEX_POINT('',#556);
#558=CARTESIAN_POINT('',(6.789491176605225,-40,166.86463928222656));
#559=VERTEX_POINT('',#558);
#560=CARTESIAN_POINT('',(10.0761137008667,-40,165.91778564453125));
#561=VERTEX_POINT('',#560);
#562=CARTESIAN_POINT('',(13.236056327819824,-40,164.60888671875));
#563=VERTEX_POINT('',#562);
#564=CARTESIAN_POINT('',(16.229581832885742,-40,162.95443725585938));
#565=VERTEX_POINT('',#564);
#566=CARTESIAN_POINT('',(19.019041061401367,-40,160.97520446777344));
#567=VERTEX_POINT('',#566);
#568=CARTESIAN_POINT('',(21.569358825683594,-40,158.69610595703125));
#569=VERTEX_POINT('',#568);
#570=CARTESIAN_POINT('',(23.84846305847168,-40,156.14578247070312));
#571=VERTEX_POINT('',#570);
#572=CARTESIAN_POINT('',(25.82769012451172,-40,153.3563232421875));
#573=VERTEX_POINT('',#572);
#574=CARTESIAN_POINT('',(27.482152938842773,-40,150.36279296875));
#575=VERTEX_POINT('',#574);
#576=CARTESIAN_POINT('',(28.791044235229492,-40,147.20285034179688));
#577=VERTEX_POINT('',#576);
#578=CARTESIAN_POINT('',(29.737903594970703,-40,143.91622924804688));
#579=VERTEX_POINT('',#578);
#580=CARTESIAN_POINT('',(30.31082534790039,-40,140.5442657470703));
#581=VERTEX_POINT('',#580);
#582=CARTESIAN_POINT('',(30.50260353088379,-40,137.1293487548828));
#583=VERTEX_POINT('',#582);
#584=CARTESIAN_POINT('',(30.31082534790039,-40,133.7144317626953));
#585=VERTEX_POINT('',#584);
#586=CARTESIAN_POINT('',(29.737903594970703,-40,130.3424530029297));
#587=VERTEX_POINT('',#586);
#588=CARTESIAN_POINT('',(28.791044235229492,-40,127.05583190917969));
#589=VERTEX_POINT('',#588);
#590=CARTESIAN_POINT('',(27.482152938842773,-40,123.89588928222656));
#591=VERTEX_POINT('',#590);
#592=CARTESIAN_POINT('',(25.82769012451172,-40,120.9023666381836));
#593=VERTEX_POINT('',#592);
#594=CARTESIAN_POINT('',(23.84846305847168,-40,118.11290740966797));
#595=VERTEX_POINT('',#594);
#596=CARTESIAN_POINT('',(21.569358825683594,-40,115.56258392333984));
#597=VERTEX_POINT('',#596);
#598=CARTESIAN_POINT('',(19.019041061401367,-40,113.28348541259766));
#599=VERTEX_POINT('',#598);
#600=CARTESIAN_POINT('',(16.229581832885742,-40,111.30425262451172));
#601=VERTEX_POINT('',#600);
#602=CARTESIAN_POINT('',(13.236056327819824,-40,109.64979553222656));
#603=VERTEX_POINT('',#602);
#604=CARTESIAN_POINT('',(10.0761137008667,-40,108.34090423583984));
#605=VERTEX_POINT('',#604);
#606=CARTESIAN_POINT('',(6.789491176605225,-40,107.39404296875));
#607=VERTEX_POINT('',#606);
#608=CARTESIAN_POINT('',(-57.116153717041016,72.3383560180664,52));
#609=VERTEX_POINT('',#608);
#610=CARTESIAN_POINT('',(-57.116153717041016,-40,52));
#611=VERTEX_POINT('',#610);
#612=CARTESIAN_POINT('',(57,72.3383560180664,52));
#613=VERTEX_POINT('',#612);
#614=CARTESIAN_POINT('',(57,-40,52));
#615=VERTEX_POINT('',#614);
#616=CARTESIAN_POINT('',(55,70,52));
#617=VERTEX_POINT('',#616);
#618=CARTESIAN_POINT('',(55,-40,52));
#619=VERTEX_POINT('',#618);
#620=CARTESIAN_POINT('',(-55,70,52));
#621=VERTEX_POINT('',#620);
#622=CARTESIAN_POINT('',(-55,-40,52));
#623=VERTEX_POINT('',#622);
#624=CARTESIAN_POINT('',(-75,-40,52));
#625=VERTEX_POINT('',#624);
#626=CARTESIAN_POINT('',(-75,75,52));
#627=VERTEX_POINT('',#626);
#628=CARTESIAN_POINT('',(75,75,52));
#629=VERTEX_POINT('',#628);
#630=CARTESIAN_POINT('',(75,-40,52));
#631=VERTEX_POINT('',#630);
#632=CARTESIAN_POINT('',(75,-40,222));
#633=VERTEX_POINT('',#632);
#634=CARTESIAN_POINT('',(-75,-40,222));
#635=VERTEX_POINT('',#634);
#636=CARTESIAN_POINT('',(75,-75,222));
#637=VERTEX_POINT('',#636);
#638=CARTESIAN_POINT('',(-75,-75,222));
#639=VERTEX_POINT('',#638);
#640=CARTESIAN_POINT('',(73.5,-73.5,50));
#641=VERTEX_POINT('',#640);
#642=CARTESIAN_POINT('',(73.5,73.5,50));
#643=VERTEX_POINT('',#642);
#644=CARTESIAN_POINT('',(-73.5,73.5,50));
#645=VERTEX_POINT('',#644);
#646=CARTESIAN_POINT('',(-73.5,-73.5,50));
#647=VERTEX_POINT('',#646);
#648=CARTESIAN_POINT('',(-57.58518600463867,73.5,40.64704895019531));
#649=VERTEX_POINT('',#648);
#650=CARTESIAN_POINT('',(-57.58518600463867,75,40.64704895019531));
#651=VERTEX_POINT('',#650);
#652=CARTESIAN_POINT('',(-57.5,73.5,40));
#653=VERTEX_POINT('',#652);
#654=CARTESIAN_POINT('',(-57.5,75,40));
#655=VERTEX_POINT('',#654);
#656=CARTESIAN_POINT('',(-57.58518600463867,73.5,39.35295104980469));
#657=VERTEX_POINT('',#656);
#658=CARTESIAN_POINT('',(-57.58518600463867,75,39.35295104980469));
#659=VERTEX_POINT('',#658);
#660=CARTESIAN_POINT('',(-57.834938049316406,73.5,38.75));
#661=VERTEX_POINT('',#660);
#662=CARTESIAN_POINT('',(-57.834938049316406,75,38.75));
#663=VERTEX_POINT('',#662);
#664=CARTESIAN_POINT('',(-58.23223114013672,73.5,38.23223114013672));
#665=VERTEX_POINT('',#664);
#666=CARTESIAN_POINT('',(-58.23223114013672,75,38.23223114013672));
#667=VERTEX_POINT('',#666);
#668=CARTESIAN_POINT('',(-58.75,73.5,37.834938049316406));
#669=VERTEX_POINT('',#668);
#670=CARTESIAN_POINT('',(-58.75,75,37.834938049316406));
#671=VERTEX_POINT('',#670);
#672=CARTESIAN_POINT('',(-59.35295104980469,73.5,37.58518600463867));
#673=VERTEX_POINT('',#672);
#674=CARTESIAN_POINT('',(-59.35295104980469,75,37.58518600463867));
#675=VERTEX_POINT('',#674);
#676=CARTESIAN_POINT('',(-60,73.5,37.5));
#677=VERTEX_POINT('',#676);
#678=CARTESIAN_POINT('',(-60,75,37.5));
#679=VERTEX_POINT('',#678);
#680=CARTESIAN_POINT('',(-60.64704895019531,73.5,37.58518600463867));
#681=VERTEX_POINT('',#680);
#682=CARTESIAN_POINT('',(-60.64704895019531,75,37.58518600463867));
#683=VERTEX_POINT('',#682);
#684=CARTESIAN_POINT('',(-61.25,73.5,37.834938049316406));
#685=VERTEX_POINT('',#684);
#686=CARTESIAN_POINT('',(-61.25,75,37.834938049316406));
#687=VERTEX_POINT('',#686);
#688=CARTESIAN_POINT('',(-61.76776885986328,73.5,38.23223114013672));
#689=VERTEX_POINT('',#688);
#690=CARTESIAN_POINT('',(-61.76776885986328,75,38.23223114013672));
#691=VERTEX_POINT('',#690);
#692=CARTESIAN_POINT('',(-62.165061950683594,73.5,38.75));
#693=VERTEX_POINT('',#692);
#694=CARTESIAN_POINT('',(-62.165061950683594,75,38.75));
#695=VERTEX_POINT('',#694);
#696=CARTESIAN_POINT('',(-62.41481399536133,73.5,39.35295104980469));
#697=VERTEX_POINT('',#696);
#698=CARTESIAN_POINT('',(-62.41481399536133,75,39.35295104980469));
#699=VERTEX_POINT('',#698);
#700=CARTESIAN_POINT('',(-62.5,73.5,40));
#701=VERTEX_POINT('',#700);
#702=CARTESIAN_POINT('',(-62.5,75,40));
#703=VERTEX_POINT('',#702);
#704=CARTESIAN_POINT('',(-62.41481399536133,73.5,40.64704895019531));
#705=VERTEX_POINT('',#704);
#706=CARTESIAN_POINT('',(-62.41481399536133,75,40.64704895019531));
#707=VERTEX_POINT('',#706);
#708=CARTESIAN_POINT('',(-62.165061950683594,73.5,41.25));
#709=VERTEX_POINT('',#708);
#710=CARTESIAN_POINT('',(-62.165061950683594,75,41.25));
#711=VERTEX_POINT('',#710);
#712=CARTESIAN_POINT('',(-61.76776885986328,73.5,41.76776885986328));
#713=VERTEX_POINT('',#712);
#714=CARTESIAN_POINT('',(-61.76776885986328,75,41.76776885986328));
#715=VERTEX_POINT('',#714);
#716=CARTESIAN_POINT('',(-61.25,73.5,42.165061950683594));
#717=VERTEX_POINT('',#716);
#718=CARTESIAN_POINT('',(-61.25,75,42.165061950683594));
#719=VERTEX_POINT('',#718);
#720=CARTESIAN_POINT('',(-60.64704895019531,73.5,42.41481399536133));
#721=VERTEX_POINT('',#720);
#722=CARTESIAN_POINT('',(-60.64704895019531,75,42.41481399536133));
#723=VERTEX_POINT('',#722);
#724=CARTESIAN_POINT('',(-60,73.5,42.5));
#725=VERTEX_POINT('',#724);
#726=CARTESIAN_POINT('',(-60,75,42.5));
#727=VERTEX_POINT('',#726);
#728=CARTESIAN_POINT('',(-59.35295104980469,73.5,42.41481399536133));
#729=VERTEX_POINT('',#728);
#730=CARTESIAN_POINT('',(-59.35295104980469,75,42.41481399536133));
#731=VERTEX_POINT('',#730);
#732=CARTESIAN_POINT('',(-58.75,73.5,42.165061950683594));
#733=VERTEX_POINT('',#732);
#734=CARTESIAN_POINT('',(-58.75,75,42.165061950683594));
#735=VERTEX_POINT('',#734);
#736=CARTESIAN_POINT('',(-58.23223114013672,73.5,41.76776885986328));
#737=VERTEX_POINT('',#736);
#738=CARTESIAN_POINT('',(-58.23223114013672,75,41.76776885986328));
#739=VERTEX_POINT('',#738);
#740=CARTESIAN_POINT('',(-57.834938049316406,73.5,41.25));
#741=VERTEX_POINT('',#740);
#742=CARTESIAN_POINT('',(-57.834938049316406,75,41.25));
#743=VERTEX_POINT('',#742);
#744=CARTESIAN_POINT('',(-73.5,73.5,31.5));
#745=VERTEX_POINT('',#744);
#746=CARTESIAN_POINT('',(-73.5,-73.5,31.5));
#747=VERTEX_POINT('',#746);
#748=CARTESIAN_POINT('',(-60.5,-60.5,31.5));
#749=VERTEX_POINT('',#748);
#750=CARTESIAN_POINT('',(73.5,-73.5,31.5));
#751=VERTEX_POINT('',#750);
#752=CARTESIAN_POINT('',(60.5,-60.5,31.5));
#753=VERTEX_POINT('',#752);
#754=CARTESIAN_POINT('',(73.5,73.5,31.5));
#755=VERTEX_POINT('',#754);
#756=CARTESIAN_POINT('',(60.5,60.5,31.5));
#757=VERTEX_POINT('',#756);
#758=CARTESIAN_POINT('',(-60.5,60.5,31.5));
#759=VERTEX_POINT('',#758);
#760=CARTESIAN_POINT('',(-71.5,71.5,30));
#761=VERTEX_POINT('',#760);
#762=CARTESIAN_POINT('',(-62,-62,30));
#763=VERTEX_POINT('',#762);
#764=CARTESIAN_POINT('',(-71.5,-71.5,30));
#765=VERTEX_POINT('',#764);
#766=CARTESIAN_POINT('',(62,-62,30));
#767=VERTEX_POINT('',#766);
#768=CARTESIAN_POINT('',(71.5,-71.5,30));
#769=VERTEX_POINT('',#768);
#770=CARTESIAN_POINT('',(71.5,71.5,30));
#771=VERTEX_POINT('',#770);
#772=CARTESIAN_POINT('',(62,62,30));
#773=VERTEX_POINT('',#772);
#774=CARTESIAN_POINT('',(-62,62,30));
#775=VERTEX_POINT('',#774);
#776=CARTESIAN_POINT('',(75,75,30));
#777=VERTEX_POINT('',#776);
#778=CARTESIAN_POINT('',(75,-75,30));
#779=VERTEX_POINT('',#778);
#780=CARTESIAN_POINT('',(73,-73,30));
#781=VERTEX_POINT('',#780);
#782=CARTESIAN_POINT('',(-75,-75,30));
#783=VERTEX_POINT('',#782);
#784=CARTESIAN_POINT('',(-73,-73,30));
#785=VERTEX_POINT('',#784);
#786=CARTESIAN_POINT('',(-75,75,30));
#787=VERTEX_POINT('',#786);
#788=CARTESIAN_POINT('',(-73,73,30));
#789=VERTEX_POINT('',#788);
#790=CARTESIAN_POINT('',(73,73,30));
#791=VERTEX_POINT('',#790);
#792=CARTESIAN_POINT('',(-60.5,-60.5,2));
#793=VERTEX_POINT('',#792);
#794=CARTESIAN_POINT('',(-60.5,60.5,2));
#795=VERTEX_POINT('',#794);
#796=CARTESIAN_POINT('',(60.5,60.5,2));
#797=VERTEX_POINT('',#796);
#798=CARTESIAN_POINT('',(60.5,-60.5,2));
#799=VERTEX_POINT('',#798);
#800=CARTESIAN_POINT('',(-62,62,2));
#801=VERTEX_POINT('',#800);
#802=CARTESIAN_POINT('',(-62,-62,2));
#803=VERTEX_POINT('',#802);
#804=CARTESIAN_POINT('',(62,62,2));
#805=VERTEX_POINT('',#804);
#806=CARTESIAN_POINT('',(62,-62,2));
#807=VERTEX_POINT('',#806);
#808=CARTESIAN_POINT('',(-71.5,-71.5,0));
#809=VERTEX_POINT('',#808);
#810=CARTESIAN_POINT('',(-71.5,71.5,0));
#811=VERTEX_POINT('',#810);
#812=CARTESIAN_POINT('',(71.5,71.5,0));
#813=VERTEX_POINT('',#812);
#814=CARTESIAN_POINT('',(71.5,-71.5,0));
#815=VERTEX_POINT('',#814);
#816=CARTESIAN_POINT('',(-73,73,0));
#817=VERTEX_POINT('',#816);
#818=CARTESIAN_POINT('',(-73,-73,0));
#819=VERTEX_POINT('',#818);
#820=CARTESIAN_POINT('',(73,73,0));
#821=VERTEX_POINT('',#820);
#822=CARTESIAN_POINT('',(73,-73,0));
#823=VERTEX_POINT('',#822);
#824=STYLED_ITEM('',(#25),#825);
#825=FACE_SURFACE('',(#830),#826,.T.);
#826=PLANE('',#827);
#827=AXIS2_PLACEMENT_3D('',#40,#828,#829);
#828=DIRECTION('',(-1,0,0));
#829=DIRECTION('',(0,-1,0));
#830=FACE_BOUND('',#831,.T.);
#831=EDGE_LOOP('',(#832,#833,#834));
#832=ORIENTED_EDGE('',*,*,#835,.T.);
#833=ORIENTED_EDGE('',*,*,#836,.T.);
#834=ORIENTED_EDGE('',*,*,#837,.T.);
#835=EDGE_CURVE('',#41,#43,#838,.F.);
#836=EDGE_CURVE('',#43,#45,#839,.T.);
#837=EDGE_CURVE('',#45,#41,#840,.T.);
#838=LINE('',#40,#841);
#839=LINE('',#42,#842);
#840=LINE('',#44,#843);
#841=VECTOR('',#844,1.0);
#842=VECTOR('',#845,1.0);
#843=VECTOR('',#846,1.0);
#844=DIRECTION('',(0,-1,0));
#845=DIRECTION('',(0,0.016351668886879073,0.9998663025247995));
#846=DIRECTION('',(0,0,-1));
#847=FACE_SURFACE('',(#852),#848,.T.);
#848=PLANE('',#849);
#849=AXIS2_PLACEMENT_3D('',#44,#850,#851);
#850=DIRECTION('',(-1,-0,0));
#851=DIRECTION('',(0,-0.016351668886879073,-0.9998663025247995));
#852=FACE_BOUND('',#853,.T.);
#853=EDGE_LOOP('',(#854,#855,#856));
#854=ORIENTED_EDGE('',*,*,#857,.T.);
#855=ORIENTED_EDGE('',*,*,#858,.T.);
#856=ORIENTED_EDGE('',*,*,#859,.T.);
#857=EDGE_CURVE('',#45,#43,#860,.F.);
#858=EDGE_CURVE('',#43,#47,#861,.T.);
#859=EDGE_CURVE('',#47,#45,#862,.T.);
#860=LINE('',#44,#863);
#861=LINE('',#42,#864);
#862=LINE('',#46,#865);
#863=VECTOR('',#866,1.0);
#864=VECTOR('',#867,1.0);
#865=VECTOR('',#868,1.0);
#866=DIRECTION('',(0,-0.016351668886879073,-0.9998663025247995));
#867=DIRECTION('',(0,0,1));
#868=DIRECTION('',(0,1,0));
#869=FACE_SURFACE('',(#874),#870,.T.);
#870=PLANE('',#871);
#871=AXIS2_PLACEMENT_3D('',#48,#872,#873);
#872=DIRECTION('',(0,-1,0));
#873=DIRECTION('',(1,0,0));
#874=FACE_BOUND('',#875,.T.);
#875=EDGE_LOOP('',(#876,#877,#878));
#876=ORIENTED_EDGE('',*,*,#879,.T.);
#877=ORIENTED_EDGE('',*,*,#880,.T.);
#878=ORIENTED_EDGE('',*,*,#881,.T.);
#879=EDGE_CURVE('',#49,#51,#882,.F.);
#880=EDGE_CURVE('',#51,#53,#883,.T.);
#881=EDGE_CURVE('',#53,#49,#884,.T.);
#882=LINE('',#48,#885);
#883=LINE('',#50,#886);
#884=LINE('',#52,#887);
#885=VECTOR('',#888,1.0);
#886=VECTOR('',#889,1.0);
#887=VECTOR('',#890,1.0);
#888=DIRECTION('',(1,0,0));
#889=DIRECTION('',(-0.013986113022619057,0,0.999902189537816));
#890=DIRECTION('',(0,0,-1));
#891=FACE_SURFACE('',(#896),#892,.T.);
#892=PLANE('',#893);
#893=AXIS2_PLACEMENT_3D('',#52,#894,#895);
#894=DIRECTION('',(0,-1,0));
#895=DIRECTION('',(0.013986113022619057,0,-0.999902189537816));
#896=FACE_BOUND('',#897,.T.);
#897=EDGE_LOOP('',(#898,#899,#900));
#898=ORIENTED_EDGE('',*,*,#901,.T.);
#899=ORIENTED_EDGE('',*,*,#902,.T.);
#900=ORIENTED_EDGE('',*,*,#903,.T.);
#901=EDGE_CURVE('',#53,#51,#904,.F.);
#902=EDGE_CURVE('',#51,#55,#905,.T.);
#903=EDGE_CURVE('',#55,#53,#906,.T.);
#904=LINE('',#52,#907);
#905=LINE('',#50,#908);
#906=LINE('',#54,#909);
#907=VECTOR('',#910,1.0);
#908=VECTOR('',#911,1.0);
#909=VECTOR('',#912,1.0);
#910=DIRECTION('',(0.013986113022619057,0,-0.999902189537816));
#911=DIRECTION('',(0,0,1));
#912=DIRECTION('',(-1,0,0));
#913=FACE_SURFACE('',(#918),#914,.T.);
#914=PLANE('',#915);
#915=AXIS2_PLACEMENT_3D('',#46,#916,#917);
#916=DIRECTION('',(0,0,1));
#917=DIRECTION('',(1,0,0));
#918=FACE_BOUND('',#919,.T.);
#919=EDGE_LOOP('',(#920,#921,#922));
#920=ORIENTED_EDGE('',*,*,#923,.T.);
#921=ORIENTED_EDGE('',*,*,#924,.T.);
#922=ORIENTED_EDGE('',*,*,#925,.T.);
#923=EDGE_CURVE('',#47,#57,#926,.F.);
#924=EDGE_CURVE('',#57,#45,#927,.T.);
#925=EDGE_CURVE('',#45,#47,#928,.T.);
#926=LINE('',#46,#929);
#927=LINE('',#56,#930);
#928=LINE('',#44,#931);
#929=VECTOR('',#932,1.0);
#930=VECTOR('',#933,1.0);
#931=VECTOR('',#934,1.0);
#932=DIRECTION('',(1,0,0));
#933=DIRECTION('',(-0.9737328739778482,0.22769341258551992,0));
#934=DIRECTION('',(0,-1,0));
#935=FACE_SURFACE('',(#940),#936,.T.);
#936=PLANE('',#937);
#937=AXIS2_PLACEMENT_3D('',#44,#938,#939);
#938=DIRECTION('',(-0,0,1));
#939=DIRECTION('',(0.9737328739778482,-0.22769341258551992,0));
#940=FACE_BOUND('',#941,.T.);
#941=EDGE_LOOP('',(#942,#943,#944));
#942=ORIENTED_EDGE('',*,*,#945,.T.);
#943=ORIENTED_EDGE('',*,*,#946,.T.);
#944=ORIENTED_EDGE('',*,*,#947,.T.);
#945=EDGE_CURVE('',#45,#57,#948,.F.);
#946=EDGE_CURVE('',#57,#59,#949,.T.);
#947=EDGE_CURVE('',#59,#45,#950,.T.);
#948=LINE('',#44,#951);
#949=LINE('',#56,#952);
#950=LINE('',#58,#953);
#951=VECTOR('',#954,1.0);
#952=VECTOR('',#955,1.0);
#953=VECTOR('',#956,1.0);
#954=DIRECTION('',(0.9737328739778482,-0.22769341258551992,0));
#955=DIRECTION('',(0.6499844414758457,0.7599475151872878,0));
#956=DIRECTION('',(-1,0,0));
#957=FACE_SURFACE('',(#962),#958,.T.);
#958=PLANE('',#959);
#959=AXIS2_PLACEMENT_3D('',#58,#960,#961);
#960=DIRECTION('',(0,0,1));
#961=DIRECTION('',(-0.6499844414758457,-0.7599475151872878,0));
#962=FACE_BOUND('',#963,.T.);
#963=EDGE_LOOP('',(#964,#965,#966));
#964=ORIENTED_EDGE('',*,*,#967,.T.);
#965=ORIENTED_EDGE('',*,*,#968,.T.);
#966=ORIENTED_EDGE('',*,*,#969,.T.);
#967=EDGE_CURVE('',#59,#57,#970,.F.);
#968=EDGE_CURVE('',#57,#55,#971,.T.);
#969=EDGE_CURVE('',#55,#59,#972,.T.);
#970=LINE('',#58,#973);
#971=LINE('',#56,#974);
#972=LINE('',#54,#975);
#973=VECTOR('',#976,1.0);
#974=VECTOR('',#977,1.0);
#975=VECTOR('',#978,1.0);
#976=DIRECTION('',(-0.6499844414758457,-0.7599475151872878,0));
#977=DIRECTION('',(0.2027065267011444,-0.9792395335324031,0));
#978=DIRECTION('',(0,1,0));
#979=FACE_SURFACE('',(#984),#980,.T.);
#980=PLANE('',#981);
#981=AXIS2_PLACEMENT_3D('',#54,#982,#983);
#982=DIRECTION('',(0,0,1));
#983=DIRECTION('',(-0.2027065267011444,0.9792395335324031,0));
#984=FACE_BOUND('',#985,.T.);
#985=EDGE_LOOP('',(#986,#987,#988));
#986=ORIENTED_EDGE('',*,*,#989,.T.);
#987=ORIENTED_EDGE('',*,*,#990,.T.);
#988=ORIENTED_EDGE('',*,*,#991,.T.);
#989=EDGE_CURVE('',#55,#57,#992,.F.);
#990=EDGE_CURVE('',#57,#53,#993,.T.);
#991=EDGE_CURVE('',#53,#55,#994,.T.);
#992=LINE('',#54,#995);
#993=LINE('',#56,#996);
#994=LINE('',#52,#997);
#995=VECTOR('',#998,1.0);
#996=VECTOR('',#999,1.0);
#997=VECTOR('',#1000,1.0);
#998=DIRECTION('',(-0.2027065267011444,0.9792395335324031,0));
#999=DIRECTION('',(0,-1,0));
#1000=DIRECTION('',(1,0,0));
#1001=FACE_SURFACE('',(#1006),#1002,.T.);
#1002=PLANE('',#1003);
#1003=AXIS2_PLACEMENT_3D('',#40,#1004,#1005);
#1004=DIRECTION('',(0,0,1));
#1005=DIRECTION('',(-1,0,0));
#1006=FACE_BOUND('',#1007,.T.);
#1007=EDGE_LOOP('',(#1008,#1009,#1010));
#1008=ORIENTED_EDGE('',*,*,#1011,.T.);
#1009=ORIENTED_EDGE('',*,*,#1012,.T.);
#1010=ORIENTED_EDGE('',*,*,#1013,.T.);
#1011=EDGE_CURVE('',#41,#61,#1014,.F.);
#1012=EDGE_CURVE('',#61,#43,#1015,.T.);
#1013=EDGE_CURVE('',#43,#41,#1016,.T.);
#1014=LINE('',#40,#1017);
#1015=LINE('',#60,#1018);
#1016=LINE('',#42,#1019);
#1017=VECTOR('',#1020,1.0);
#1018=VECTOR('',#1021,1.0);
#1019=VECTOR('',#1022,1.0);
#1020=DIRECTION('',(-1,0,0));
#1021=DIRECTION('',(0.9996635142058791,-0.02593951359513798,0));
#1022=DIRECTION('',(0,1,0));
#1023=FACE_SURFACE('',(#1028),#1024,.T.);
#1024=PLANE('',#1025);
#1025=AXIS2_PLACEMENT_3D('',#42,#1026,#1027);
#1026=DIRECTION('',(0,0,1));
#1027=DIRECTION('',(-0.9996635142058791,0.02593951359513798,0));
#1028=FACE_BOUND('',#1029,.T.);
#1029=EDGE_LOOP('',(#1030,#1031,#1032));
#1030=ORIENTED_EDGE('',*,*,#1033,.T.);
#1031=ORIENTED_EDGE('',*,*,#1034,.T.);
#1032=ORIENTED_EDGE('',*,*,#1035,.T.);
#1033=EDGE_CURVE('',#43,#61,#1036,.F.);
#1034=EDGE_CURVE('',#61,#63,#1037,.T.);
#1035=EDGE_CURVE('',#63,#43,#1038,.T.);
#1036=LINE('',#42,#1039);
#1037=LINE('',#60,#1040);
#1038=LINE('',#62,#1041);
#1039=VECTOR('',#1042,1.0);
#1040=VECTOR('',#1043,1.0);
#1041=VECTOR('',#1044,1.0);
#1042=DIRECTION('',(-0.9996635142058791,0.02593951359513798,0));
#1043=DIRECTION('',(0,-1,0));
#1044=DIRECTION('',(1,0,0));
#1045=FACE_SURFACE('',(#1050),#1046,.T.);
#1046=PLANE('',#1047);
#1047=AXIS2_PLACEMENT_3D('',#50,#1048,#1049);
#1048=DIRECTION('',(0,0,1));
#1049=DIRECTION('',(-1,0,0));
#1050=FACE_BOUND('',#1051,.T.);
#1051=EDGE_LOOP('',(#1052,#1053,#1054));
#1052=ORIENTED_EDGE('',*,*,#1055,.T.);
#1053=ORIENTED_EDGE('',*,*,#1056,.T.);
#1054=ORIENTED_EDGE('',*,*,#1057,.T.);
#1055=EDGE_CURVE('',#51,#49,#1058,.F.);
#1056=EDGE_CURVE('',#49,#65,#1059,.T.);
#1057=EDGE_CURVE('',#65,#51,#1060,.T.);
#1058=LINE('',#50,#1061);
#1059=LINE('',#48,#1062);
#1060=LINE('',#64,#1063);
#1061=VECTOR('',#1064,1.0);
#1062=VECTOR('',#1065,1.0);
#1063=VECTOR('',#1066,1.0);
#1064=DIRECTION('',(-1,0,0));
#1065=DIRECTION('',(0.019928599260220916,-0.9998014057459239,0));
#1066=DIRECTION('',(0,1,0));
#1067=FACE_SURFACE('',(#1072),#1068,.T.);
#1068=PLANE('',#1069);
#1069=AXIS2_PLACEMENT_3D('',#64,#1070,#1071);
#1070=DIRECTION('',(0,0,1));
#1071=DIRECTION('',(-0.019928599260220916,0.9998014057459239,0));
#1072=FACE_BOUND('',#1073,.T.);
#1073=EDGE_LOOP('',(#1074,#1075,#1076));
#1074=ORIENTED_EDGE('',*,*,#1077,.T.);
#1075=ORIENTED_EDGE('',*,*,#1078,.T.);
#1076=ORIENTED_EDGE('',*,*,#1079,.T.);
#1077=EDGE_CURVE('',#65,#49,#1080,.F.);
#1078=EDGE_CURVE('',#49,#67,#1081,.T.);
#1079=EDGE_CURVE('',#67,#65,#1082,.T.);
#1080=LINE('',#64,#1083);
#1081=LINE('',#48,#1084);
#1082=LINE('',#66,#1085);
#1083=VECTOR('',#1086,1.0);
#1084=VECTOR('',#1087,1.0);
#1085=VECTOR('',#1088,1.0);
#1086=DIRECTION('',(-0.019928599260220916,0.9998014057459239,0));
#1087=DIRECTION('',(0,-1,0));
#1088=DIRECTION('',(1,0,0));
#1089=FACE_SURFACE('',(#1094),#1090,.T.);
#1090=PLANE('',#1091);
#1091=AXIS2_PLACEMENT_3D('',#68,#1092,#1093);
#1092=DIRECTION('',(0,-1,0));
#1093=DIRECTION('',(1,0,0));
#1094=FACE_BOUND('',#1095,.T.);
#1095=EDGE_LOOP('',(#1096,#1097,#1098));
#1096=ORIENTED_EDGE('',*,*,#1099,.T.);
#1097=ORIENTED_EDGE('',*,*,#1100,.T.);
#1098=ORIENTED_EDGE('',*,*,#1101,.T.);
#1099=EDGE_CURVE('',#69,#71,#1102,.F.);
#1100=EDGE_CURVE('',#71,#73,#1103,.T.);
#1101=EDGE_CURVE('',#73,#69,#1104,.T.);
#1102=LINE('',#68,#1105);
#1103=LINE('',#70,#1106);
#1104=LINE('',#72,#1107);
#1105=VECTOR('',#1108,1.0);
#1106=VECTOR('',#1109,1.0);
#1107=VECTOR('',#1110,1.0);
#1108=DIRECTION('',(1,0,0));
#1109=DIRECTION('',(-0.014798209534144614,0,0.9998905005022217));
#1110=DIRECTION('',(0,0,-1));
#1111=FACE_SURFACE('',(#1116),#1112,.T.);
#1112=PLANE('',#1113);
#1113=AXIS2_PLACEMENT_3D('',#72,#1114,#1115);
#1114=DIRECTION('',(0,-1,0));
#1115=DIRECTION('',(0.014798209534144614,0,-0.9998905005022217));
#1116=FACE_BOUND('',#1117,.T.);
#1117=EDGE_LOOP('',(#1118,#1119,#1120));
#1118=ORIENTED_EDGE('',*,*,#1121,.T.);
#1119=ORIENTED_EDGE('',*,*,#1122,.T.);
#1120=ORIENTED_EDGE('',*,*,#1123,.T.);
#1121=EDGE_CURVE('',#73,#71,#1124,.F.);
#1122=EDGE_CURVE('',#71,#75,#1125,.T.);
#1123=EDGE_CURVE('',#75,#73,#1126,.T.);
#1124=LINE('',#72,#1127);
#1125=LINE('',#70,#1128);
#1126=LINE('',#74,#1129);
#1127=VECTOR('',#1130,1.0);
#1128=VECTOR('',#1131,1.0);
#1129=VECTOR('',#1132,1.0);
#1130=DIRECTION('',(0.014798209534144614,0,-0.9998905005022217));
#1131=DIRECTION('',(0,0,1));
#1132=DIRECTION('',(-1,0,0));
#1133=FACE_SURFACE('',(#1138),#1134,.T.);
#1134=PLANE('',#1135);
#1135=AXIS2_PLACEMENT_3D('',#62,#1136,#1137);
#1136=DIRECTION('',(1,0,0));
#1137=DIRECTION('',(0,1,0));
#1138=FACE_BOUND('',#1139,.T.);
#1139=EDGE_LOOP('',(#1140,#1141,#1142));
#1140=ORIENTED_EDGE('',*,*,#1143,.T.);
#1141=ORIENTED_EDGE('',*,*,#1144,.T.);
#1142=ORIENTED_EDGE('',*,*,#1145,.T.);
#1143=EDGE_CURVE('',#63,#61,#1146,.F.);
#1144=EDGE_CURVE('',#61,#77,#1147,.T.);
#1145=EDGE_CURVE('',#77,#63,#1148,.T.);
#1146=LINE('',#62,#1149);
#1147=LINE('',#60,#1150);
#1148=LINE('',#76,#1151);
#1149=VECTOR('',#1152,1.0);
#1150=VECTOR('',#1153,1.0);
#1151=VECTOR('',#1154,1.0);
#1152=DIRECTION('',(0,1,0));
#1153=DIRECTION('',(0,-0.016351668886879073,0.9998663025247995));
#1154=DIRECTION('',(0,0,-1));
#1155=FACE_SURFACE('',(#1160),#1156,.T.);
#1156=PLANE('',#1157);
#1157=AXIS2_PLACEMENT_3D('',#76,#1158,#1159);
#1158=DIRECTION('',(1,-0,0));
#1159=DIRECTION('',(0,0.016351668886879073,-0.9998663025247995));
#1160=FACE_BOUND('',#1161,.T.);
#1161=EDGE_LOOP('',(#1162,#1163,#1164));
#1162=ORIENTED_EDGE('',*,*,#1165,.T.);
#1163=ORIENTED_EDGE('',*,*,#1166,.T.);
#1164=ORIENTED_EDGE('',*,*,#1167,.T.);
#1165=EDGE_CURVE('',#77,#61,#1168,.F.);
#1166=EDGE_CURVE('',#61,#79,#1169,.T.);
#1167=EDGE_CURVE('',#79,#77,#1170,.T.);
#1168=LINE('',#76,#1171);
#1169=LINE('',#60,#1172);
#1170=LINE('',#78,#1173);
#1171=VECTOR('',#1174,1.0);
#1172=VECTOR('',#1175,1.0);
#1173=VECTOR('',#1176,1.0);
#1174=DIRECTION('',(0,0.016351668886879073,-0.9998663025247995));
#1175=DIRECTION('',(0,0,1));
#1176=DIRECTION('',(0,-1,0));
#1177=FACE_SURFACE('',(#1182),#1178,.T.);
#1178=PLANE('',#1179);
#1179=AXIS2_PLACEMENT_3D('',#74,#1180,#1181);
#1180=DIRECTION('',(0,-0,1));
#1181=DIRECTION('',(0,1,0));
#1182=FACE_BOUND('',#1183,.T.);
#1183=EDGE_LOOP('',(#1184,#1185,#1186));
#1184=ORIENTED_EDGE('',*,*,#1187,.T.);
#1185=ORIENTED_EDGE('',*,*,#1188,.T.);
#1186=ORIENTED_EDGE('',*,*,#1189,.T.);
#1187=EDGE_CURVE('',#75,#81,#1190,.F.);
#1188=EDGE_CURVE('',#81,#73,#1191,.T.);
#1189=EDGE_CURVE('',#73,#75,#1192,.T.);
#1190=LINE('',#74,#1193);
#1191=LINE('',#80,#1194);
#1192=LINE('',#72,#1195);
#1193=VECTOR('',#1196,1.0);
#1194=VECTOR('',#1197,1.0);
#1195=VECTOR('',#1198,1.0);
#1196=DIRECTION('',(0,1,0));
#1197=DIRECTION('',(-0.21395432707257203,-0.9768436650390496,0));
#1198=DIRECTION('',(1,0,0));
#1199=FACE_SURFACE('',(#1204),#1200,.T.);
#1200=PLANE('',#1201);
#1201=AXIS2_PLACEMENT_3D('',#72,#1202,#1203);
#1202=DIRECTION('',(0,0,1));
#1203=DIRECTION('',(0.21395432707257203,0.9768436650390496,0));
#1204=FACE_BOUND('',#1205,.T.);
#1205=EDGE_LOOP('',(#1206,#1207,#1208));
#1206=ORIENTED_EDGE('',*,*,#1209,.T.);
#1207=ORIENTED_EDGE('',*,*,#1210,.T.);
#1208=ORIENTED_EDGE('',*,*,#1211,.T.);
#1209=EDGE_CURVE('',#73,#81,#1212,.F.);
#1210=EDGE_CURVE('',#81,#83,#1213,.T.);
#1211=EDGE_CURVE('',#83,#73,#1214,.T.);
#1212=LINE('',#72,#1215);
#1213=LINE('',#80,#1216);
#1214=LINE('',#82,#1217);
#1215=VECTOR('',#1218,1.0);
#1216=VECTOR('',#1219,1.0);
#1217=VECTOR('',#1220,1.0);
#1218=DIRECTION('',(0.21395432707257203,0.9768436650390496,0));
#1219=DIRECTION('',(-0.6710001966511302,0.7414571707753218,0));
#1220=DIRECTION('',(0,-1,0));
#1221=FACE_SURFACE('',(#1226),#1222,.T.);
#1222=PLANE('',#1223);
#1223=AXIS2_PLACEMENT_3D('',#82,#1224,#1225);
#1224=DIRECTION('',(-0,0,1));
#1225=DIRECTION('',(0.6710001966511302,-0.7414571707753218,0));
#1226=FACE_BOUND('',#1227,.T.);
#1227=EDGE_LOOP('',(#1228,#1229,#1230));
#1228=ORIENTED_EDGE('',*,*,#1231,.T.);
#1229=ORIENTED_EDGE('',*,*,#1232,.T.);
#1230=ORIENTED_EDGE('',*,*,#1233,.T.);
#1231=EDGE_CURVE('',#83,#81,#1234,.F.);
#1232=EDGE_CURVE('',#81,#79,#1235,.T.);
#1233=EDGE_CURVE('',#79,#83,#1236,.T.);
#1234=LINE('',#82,#1237);
#1235=LINE('',#80,#1238);
#1236=LINE('',#78,#1239);
#1237=VECTOR('',#1240,1.0);
#1238=VECTOR('',#1241,1.0);
#1239=VECTOR('',#1242,1.0);
#1240=DIRECTION('',(0.6710001966511302,-0.7414571707753218,0));
#1241=DIRECTION('',(0.9731366721501735,0.23022818532161873,0));
#1242=DIRECTION('',(-1,0,0));
#1243=FACE_SURFACE('',(#1248),#1244,.T.);
#1244=PLANE('',#1245);
#1245=AXIS2_PLACEMENT_3D('',#78,#1246,#1247);
#1246=DIRECTION('',(0,0,1));
#1247=DIRECTION('',(-0.9731366721501735,-0.23022818532161873,0));
#1248=FACE_BOUND('',#1249,.T.);
#1249=EDGE_LOOP('',(#1250,#1251,#1252));
#1250=ORIENTED_EDGE('',*,*,#1253,.T.);
#1251=ORIENTED_EDGE('',*,*,#1254,.T.);
#1252=ORIENTED_EDGE('',*,*,#1255,.T.);
#1253=EDGE_CURVE('',#79,#81,#1256,.F.);
#1254=EDGE_CURVE('',#81,#77,#1257,.T.);
#1255=EDGE_CURVE('',#77,#79,#1258,.T.);
#1256=LINE('',#78,#1259);
#1257=LINE('',#80,#1260);
#1258=LINE('',#76,#1261);
#1259=VECTOR('',#1262,1.0);
#1260=VECTOR('',#1263,1.0);
#1261=VECTOR('',#1264,1.0);
#1262=DIRECTION('',(-0.9731366721501735,-0.23022818532161873,0));
#1263=DIRECTION('',(1,0,0));
#1264=DIRECTION('',(0,1,0));
#1265=FACE_SURFACE('',(#1270),#1266,.T.);
#1266=PLANE('',#1267);
#1267=AXIS2_PLACEMENT_3D('',#70,#1268,#1269);
#1268=DIRECTION('',(0,0,1));
#1269=DIRECTION('',(-1,0,0));
#1270=FACE_BOUND('',#1271,.T.);
#1271=EDGE_LOOP('',(#1272,#1273,#1274));
#1272=ORIENTED_EDGE('',*,*,#1275,.T.);
#1273=ORIENTED_EDGE('',*,*,#1276,.T.);
#1274=ORIENTED_EDGE('',*,*,#1277,.T.);
#1275=EDGE_CURVE('',#71,#69,#1278,.F.);
#1276=EDGE_CURVE('',#69,#85,#1279,.T.);
#1277=EDGE_CURVE('',#85,#71,#1280,.T.);
#1278=LINE('',#70,#1281);
#1279=LINE('',#68,#1282);
#1280=LINE('',#84,#1283);
#1281=VECTOR('',#1284,1.0);
#1282=VECTOR('',#1285,1.0);
#1283=VECTOR('',#1286,1.0);
#1284=DIRECTION('',(-1,0,0));
#1285=DIRECTION('',(0.021085489242947033,-0.9997776763577919,0));
#1286=DIRECTION('',(0,1,0));
#1287=FACE_SURFACE('',(#1292),#1288,.T.);
#1288=PLANE('',#1289);
#1289=AXIS2_PLACEMENT_3D('',#84,#1290,#1291);
#1290=DIRECTION('',(0,0,1));
#1291=DIRECTION('',(-0.021085489242947033,0.9997776763577919,0));
#1292=FACE_BOUND('',#1293,.T.);
#1293=EDGE_LOOP('',(#1294,#1295,#1296));
#1294=ORIENTED_EDGE('',*,*,#1297,.T.);
#1295=ORIENTED_EDGE('',*,*,#1298,.T.);
#1296=ORIENTED_EDGE('',*,*,#1299,.T.);
#1297=EDGE_CURVE('',#85,#69,#1300,.F.);
#1298=EDGE_CURVE('',#69,#87,#1301,.T.);
#1299=EDGE_CURVE('',#87,#85,#1302,.T.);
#1300=LINE('',#84,#1303);
#1301=LINE('',#68,#1304);
#1302=LINE('',#86,#1305);
#1303=VECTOR('',#1306,1.0);
#1304=VECTOR('',#1307,1.0);
#1305=VECTOR('',#1308,1.0);
#1306=DIRECTION('',(-0.021085489242947033,0.9997776763577919,0));
#1307=DIRECTION('',(0,-1,0));
#1308=DIRECTION('',(1,0,0));
#1309=FACE_SURFACE('',(#1314),#1310,.T.);
#1310=PLANE('',#1311);
#1311=AXIS2_PLACEMENT_3D('',#88,#1312,#1313);
#1312=DIRECTION('',(1,-0,0));
#1313=DIRECTION('',(0,0,-1));
#1314=FACE_BOUND('',#1315,.T.);
#1315=EDGE_LOOP('',(#1316,#1317,#1318));
#1316=ORIENTED_EDGE('',*,*,#1319,.T.);
#1317=ORIENTED_EDGE('',*,*,#1320,.T.);
#1318=ORIENTED_EDGE('',*,*,#1321,.T.);
#1319=EDGE_CURVE('',#89,#91,#1322,.F.);
#1320=EDGE_CURVE('',#91,#93,#1323,.T.);
#1321=EDGE_CURVE('',#93,#89,#1324,.T.);
#1322=LINE('',#88,#1325);
#1323=LINE('',#90,#1326);
#1324=LINE('',#92,#1327);
#1325=VECTOR('',#1328,1.0);
#1326=VECTOR('',#1329,1.0);
#1327=VECTOR('',#1330,1.0);
#1328=DIRECTION('',(0,0,-1));
#1329=DIRECTION('',(0,0.9883191076958449,0.15239862651378802));
#1330=DIRECTION('',(0,-1,0));
#1331=FACE_SURFACE('',(#1336),#1332,.T.);
#1332=PLANE('',#1333);
#1333=AXIS2_PLACEMENT_3D('',#92,#1334,#1335);
#1334=DIRECTION('',(1,0,0));
#1335=DIRECTION('',(0,-0.9883191076958449,-0.15239862651378802));
#1336=FACE_BOUND('',#1337,.T.);
#1337=EDGE_LOOP('',(#1338,#1339,#1340));
#1338=ORIENTED_EDGE('',*,*,#1341,.T.);
#1339=ORIENTED_EDGE('',*,*,#1342,.T.);
#1340=ORIENTED_EDGE('',*,*,#1343,.T.);
#1341=EDGE_CURVE('',#93,#91,#1344,.F.);
#1342=EDGE_CURVE('',#91,#95,#1345,.T.);
#1343=EDGE_CURVE('',#95,#93,#1346,.T.);
#1344=LINE('',#92,#1347);
#1345=LINE('',#90,#1348);
#1346=LINE('',#94,#1349);
#1347=VECTOR('',#1350,1.0);
#1348=VECTOR('',#1351,1.0);
#1349=VECTOR('',#1352,1.0);
#1350=DIRECTION('',(0,-0.9883191076958449,-0.15239862651378802));
#1351=DIRECTION('',(0,1,0));
#1352=DIRECTION('',(0,0,1));
#1353=FACE_SURFACE('',(#1358),#1354,.T.);
#1354=PLANE('',#1355);
#1355=AXIS2_PLACEMENT_3D('',#96,#1356,#1357);
#1356=DIRECTION('',(0,-1,0));
#1357=DIRECTION('',(0,0,1));
#1358=FACE_BOUND('',#1359,.T.);
#1359=EDGE_LOOP('',(#1360,#1361,#1362));
#1360=ORIENTED_EDGE('',*,*,#1363,.T.);
#1361=ORIENTED_EDGE('',*,*,#1364,.T.);
#1362=ORIENTED_EDGE('',*,*,#1365,.T.);
#1363=EDGE_CURVE('',#97,#99,#1366,.F.);
#1364=EDGE_CURVE('',#99,#95,#1367,.T.);
#1365=EDGE_CURVE('',#95,#97,#1368,.T.);
#1366=LINE('',#96,#1369);
#1367=LINE('',#98,#1370);
#1368=LINE('',#94,#1371);
#1369=VECTOR('',#1372,1.0);
#1370=VECTOR('',#1373,1.0);
#1371=VECTOR('',#1374,1.0);
#1372=DIRECTION('',(0,0,1));
#1373=DIRECTION('',(-0.9882484759114639,0,-0.15285597750388616));
#1374=DIRECTION('',(1,0,0));
#1375=FACE_SURFACE('',(#1380),#1376,.T.);
#1376=PLANE('',#1377);
#1377=AXIS2_PLACEMENT_3D('',#94,#1378,#1379);
#1378=DIRECTION('',(0,-1,0));
#1379=DIRECTION('',(0.9882484759114639,0,0.15285597750388616));
#1380=FACE_BOUND('',#1381,.T.);
#1381=EDGE_LOOP('',(#1382,#1383,#1384));
#1382=ORIENTED_EDGE('',*,*,#1385,.T.);
#1383=ORIENTED_EDGE('',*,*,#1386,.T.);
#1384=ORIENTED_EDGE('',*,*,#1387,.T.);
#1385=EDGE_CURVE('',#95,#99,#1388,.F.);
#1386=EDGE_CURVE('',#99,#93,#1389,.T.);
#1387=EDGE_CURVE('',#93,#95,#1390,.T.);
#1388=LINE('',#94,#1391);
#1389=LINE('',#98,#1392);
#1390=LINE('',#92,#1393);
#1391=VECTOR('',#1394,1.0);
#1392=VECTOR('',#1395,1.0);
#1393=VECTOR('',#1396,1.0);
#1394=DIRECTION('',(0.9882484759114639,0,0.15285597750388616));
#1395=DIRECTION('',(-1,0,0));
#1396=DIRECTION('',(0,0,-1));
#1397=FACE_SURFACE('',(#1402),#1398,.T.);
#1398=PLANE('',#1399);
#1399=AXIS2_PLACEMENT_3D('',#100,#1400,#1401);
#1400=DIRECTION('',(-1,0,0));
#1401=DIRECTION('',(0,0,1));
#1402=FACE_BOUND('',#1403,.T.);
#1403=EDGE_LOOP('',(#1404,#1405,#1406));
#1404=ORIENTED_EDGE('',*,*,#1407,.T.);
#1405=ORIENTED_EDGE('',*,*,#1408,.T.);
#1406=ORIENTED_EDGE('',*,*,#1409,.T.);
#1407=EDGE_CURVE('',#101,#103,#1410,.F.);
#1408=EDGE_CURVE('',#103,#97,#1411,.T.);
#1409=EDGE_CURVE('',#97,#101,#1412,.T.);
#1410=LINE('',#100,#1413);
#1411=LINE('',#102,#1414);
#1412=LINE('',#96,#1415);
#1413=VECTOR('',#1416,1.0);
#1414=VECTOR('',#1417,1.0);
#1415=VECTOR('',#1418,1.0);
#1416=DIRECTION('',(0,0,1));
#1417=DIRECTION('',(0,0.9883191076958449,-0.15239862651378802));
#1418=DIRECTION('',(0,-1,0));
#1419=FACE_SURFACE('',(#1424),#1420,.T.);
#1420=PLANE('',#1421);
#1421=AXIS2_PLACEMENT_3D('',#96,#1422,#1423);
#1422=DIRECTION('',(-1,0,0));
#1423=DIRECTION('',(0,-0.9883191076958449,0.15239862651378802));
#1424=FACE_BOUND('',#1425,.T.);
#1425=EDGE_LOOP('',(#1426,#1427,#1428));
#1426=ORIENTED_EDGE('',*,*,#1429,.T.);
#1427=ORIENTED_EDGE('',*,*,#1430,.T.);
#1428=ORIENTED_EDGE('',*,*,#1431,.T.);
#1429=EDGE_CURVE('',#97,#103,#1432,.F.);
#1430=EDGE_CURVE('',#103,#99,#1433,.T.);
#1431=EDGE_CURVE('',#99,#97,#1434,.T.);
#1432=LINE('',#96,#1435);
#1433=LINE('',#102,#1436);
#1434=LINE('',#98,#1437);
#1435=VECTOR('',#1438,1.0);
#1436=VECTOR('',#1439,1.0);
#1437=VECTOR('',#1440,1.0);
#1438=DIRECTION('',(0,-0.9883191076958449,0.15239862651378802));
#1439=DIRECTION('',(0,1,0));
#1440=DIRECTION('',(0,0,-1));
#1441=FACE_SURFACE('',(#1446),#1442,.T.);
#1442=PLANE('',#1443);
#1443=AXIS2_PLACEMENT_3D('',#100,#1444,#1445);
#1444=DIRECTION('',(0,0,-1));
#1445=DIRECTION('',(0,1,0));
#1446=FACE_BOUND('',#1447,.T.);
#1447=EDGE_LOOP('',(#1448,#1449,#1450));
#1448=ORIENTED_EDGE('',*,*,#1451,.T.);
#1449=ORIENTED_EDGE('',*,*,#1452,.T.);
#1450=ORIENTED_EDGE('',*,*,#1453,.T.);
#1451=EDGE_CURVE('',#101,#97,#1454,.F.);
#1452=EDGE_CURVE('',#97,#105,#1455,.T.);
#1453=EDGE_CURVE('',#105,#101,#1456,.T.);
#1454=LINE('',#100,#1457);
#1455=LINE('',#96,#1458);
#1456=LINE('',#104,#1459);
#1457=VECTOR('',#1460,1.0);
#1458=VECTOR('',#1461,1.0);
#1459=VECTOR('',#1462,1.0);
#1460=DIRECTION('',(0,1,0));
#1461=DIRECTION('',(0.018123144982691172,-0.9998357623209606,0));
#1462=DIRECTION('',(-1,0,0));
#1463=FACE_SURFACE('',(#1468),#1464,.T.);
#1464=PLANE('',#1465);
#1465=AXIS2_PLACEMENT_3D('',#104,#1466,#1467);
#1466=DIRECTION('',(0,0,-1));
#1467=DIRECTION('',(-0.018123144982691172,0.9998357623209606,0));
#1468=FACE_BOUND('',#1469,.T.);
#1469=EDGE_LOOP('',(#1470,#1471,#1472));
#1470=ORIENTED_EDGE('',*,*,#1473,.T.);
#1471=ORIENTED_EDGE('',*,*,#1474,.T.);
#1472=ORIENTED_EDGE('',*,*,#1475,.T.);
#1473=EDGE_CURVE('',#105,#97,#1476,.F.);
#1474=EDGE_CURVE('',#97,#107,#1477,.T.);
#1475=EDGE_CURVE('',#107,#105,#1478,.T.);
#1476=LINE('',#104,#1479);
#1477=LINE('',#96,#1480);
#1478=LINE('',#106,#1481);
#1479=VECTOR('',#1482,1.0);
#1480=VECTOR('',#1483,1.0);
#1481=VECTOR('',#1484,1.0);
#1482=DIRECTION('',(-0.018123144982691172,0.9998357623209606,0));
#1483=DIRECTION('',(0.7071067811865475,0.7071067811865475,0));
#1484=DIRECTION('',(0,-1,0));
#1485=FACE_SURFACE('',(#1490),#1486,.T.);
#1486=PLANE('',#1487);
#1487=AXIS2_PLACEMENT_3D('',#106,#1488,#1489);
#1488=DIRECTION('',(0,0,-1));
#1489=DIRECTION('',(-0.7071067811865475,-0.7071067811865475,0));
#1490=FACE_BOUND('',#1491,.T.);
#1491=EDGE_LOOP('',(#1492,#1493,#1494));
#1492=ORIENTED_EDGE('',*,*,#1495,.T.);
#1493=ORIENTED_EDGE('',*,*,#1496,.T.);
#1494=ORIENTED_EDGE('',*,*,#1497,.T.);
#1495=EDGE_CURVE('',#107,#97,#1498,.F.);
#1496=EDGE_CURVE('',#97,#95,#1499,.T.);
#1497=EDGE_CURVE('',#95,#107,#1500,.T.);
#1498=LINE('',#106,#1501);
#1499=LINE('',#96,#1502);
#1500=LINE('',#94,#1503);
#1501=VECTOR('',#1504,1.0);
#1502=VECTOR('',#1505,1.0);
#1503=VECTOR('',#1506,1.0);
#1504=DIRECTION('',(-0.7071067811865475,-0.7071067811865475,0));
#1505=DIRECTION('',(-1,0,0));
#1506=DIRECTION('',(0.9998405993454448,0.017854296416882943,0));
#1507=FACE_SURFACE('',(#1512),#1508,.T.);
#1508=PLANE('',#1509);
#1509=AXIS2_PLACEMENT_3D('',#106,#1510,#1511);
#1510=DIRECTION('',(-0,0,-1));
#1511=DIRECTION('',(-0.9998405993454448,-0.017854296416882943,0));
#1512=FACE_BOUND('',#1513,.T.);
#1513=EDGE_LOOP('',(#1514,#1515,#1516));
#1514=ORIENTED_EDGE('',*,*,#1517,.T.);
#1515=ORIENTED_EDGE('',*,*,#1518,.T.);
#1516=ORIENTED_EDGE('',*,*,#1519,.T.);
#1517=EDGE_CURVE('',#107,#95,#1520,.F.);
#1518=EDGE_CURVE('',#95,#109,#1521,.T.);
#1519=EDGE_CURVE('',#109,#107,#1522,.T.);
#1520=LINE('',#106,#1523);
#1521=LINE('',#94,#1524);
#1522=LINE('',#108,#1525);
#1523=VECTOR('',#1526,1.0);
#1524=VECTOR('',#1527,1.0);
#1525=VECTOR('',#1528,1.0);
#1526=DIRECTION('',(-0.9998405993454448,-0.017854296416882943,0));
#1527=DIRECTION('',(-0.7071067811865475,0.7071067811865475,0));
#1528=DIRECTION('',(1,0,0));
#1529=FACE_SURFACE('',(#1534),#1530,.T.);
#1530=PLANE('',#1531);
#1531=AXIS2_PLACEMENT_3D('',#108,#1532,#1533);
#1532=DIRECTION('',(0,0,-1));
#1533=DIRECTION('',(0.7071067811865475,-0.7071067811865475,0));
#1534=FACE_BOUND('',#1535,.T.);
#1535=EDGE_LOOP('',(#1536,#1537,#1538));
#1536=ORIENTED_EDGE('',*,*,#1539,.T.);
#1537=ORIENTED_EDGE('',*,*,#1540,.T.);
#1538=ORIENTED_EDGE('',*,*,#1541,.T.);
#1539=EDGE_CURVE('',#109,#95,#1542,.F.);
#1540=EDGE_CURVE('',#95,#111,#1543,.T.);
#1541=EDGE_CURVE('',#111,#109,#1544,.T.);
#1542=LINE('',#108,#1545);
#1543=LINE('',#94,#1546);
#1544=LINE('',#110,#1547);
#1545=VECTOR('',#1548,1.0);
#1546=VECTOR('',#1549,1.0);
#1547=VECTOR('',#1550,1.0);
#1548=DIRECTION('',(0.7071067811865475,-0.7071067811865475,0));
#1549=DIRECTION('',(-0.018123144982691172,-0.9998357623209606,0));
#1550=DIRECTION('',(0,1,0));
#1551=FACE_SURFACE('',(#1556),#1552,.T.);
#1552=PLANE('',#1553);
#1553=AXIS2_PLACEMENT_3D('',#110,#1554,#1555);
#1554=DIRECTION('',(0,0,-1));
#1555=DIRECTION('',(0.018123144982691172,0.9998357623209606,0));
#1556=FACE_BOUND('',#1557,.T.);
#1557=EDGE_LOOP('',(#1558,#1559,#1560));
#1558=ORIENTED_EDGE('',*,*,#1561,.T.);
#1559=ORIENTED_EDGE('',*,*,#1562,.T.);
#1560=ORIENTED_EDGE('',*,*,#1563,.T.);
#1561=EDGE_CURVE('',#111,#95,#1564,.F.);
#1562=EDGE_CURVE('',#95,#91,#1565,.T.);
#1563=EDGE_CURVE('',#91,#111,#1566,.T.);
#1564=LINE('',#110,#1567);
#1565=LINE('',#94,#1568);
#1566=LINE('',#90,#1569);
#1567=VECTOR('',#1570,1.0);
#1568=VECTOR('',#1571,1.0);
#1569=VECTOR('',#1572,1.0);
#1570=DIRECTION('',(0.018123144982691172,0.9998357623209606,0));
#1571=DIRECTION('',(0,-1,0));
#1572=DIRECTION('',(-1,0,0));
#1573=FACE_SURFACE('',(#1578),#1574,.T.);
#1574=PLANE('',#1575);
#1575=AXIS2_PLACEMENT_3D('',#104,#1576,#1577);
#1576=DIRECTION('',(1,0,0));
#1577=DIRECTION('',(0,1,0));
#1578=FACE_BOUND('',#1579,.T.);
#1579=EDGE_LOOP('',(#1580,#1581,#1582));
#1580=ORIENTED_EDGE('',*,*,#1583,.T.);
#1581=ORIENTED_EDGE('',*,*,#1584,.T.);
#1582=ORIENTED_EDGE('',*,*,#1585,.T.);
#1583=EDGE_CURVE('',#105,#107,#1586,.F.);
#1584=EDGE_CURVE('',#107,#113,#1587,.T.);
#1585=EDGE_CURVE('',#113,#105,#1588,.T.);
#1586=LINE('',#104,#1589);
#1587=LINE('',#106,#1590);
#1588=LINE('',#112,#1591);
#1589=VECTOR('',#1592,1.0);
#1590=VECTOR('',#1593,1.0);
#1591=VECTOR('',#1594,1.0);
#1592=DIRECTION('',(0,1,0));
#1593=DIRECTION('',(0,-0.9887243795198434,0.14974679076060565));
#1594=DIRECTION('',(0,0,-1));
#1595=FACE_SURFACE('',(#1600),#1596,.T.);
#1596=PLANE('',#1597);
#1597=AXIS2_PLACEMENT_3D('',#112,#1598,#1599);
#1598=DIRECTION('',(1,-0,0));
#1599=DIRECTION('',(0,0.9887243795198434,-0.14974679076060565));
#1600=FACE_BOUND('',#1601,.T.);
#1601=EDGE_LOOP('',(#1602,#1603,#1604));
#1602=ORIENTED_EDGE('',*,*,#1605,.T.);
#1603=ORIENTED_EDGE('',*,*,#1606,.T.);
#1604=ORIENTED_EDGE('',*,*,#1607,.T.);
#1605=EDGE_CURVE('',#113,#107,#1608,.F.);
#1606=EDGE_CURVE('',#107,#115,#1609,.T.);
#1607=EDGE_CURVE('',#115,#113,#1610,.T.);
#1608=LINE('',#112,#1611);
#1609=LINE('',#106,#1612);
#1610=LINE('',#114,#1613);
#1611=VECTOR('',#1614,1.0);
#1612=VECTOR('',#1615,1.0);
#1613=VECTOR('',#1616,1.0);
#1614=DIRECTION('',(0,0.9887243795198434,-0.14974679076060565));
#1615=DIRECTION('',(0,0,1));
#1616=DIRECTION('',(0,-1,0));
#1617=FACE_SURFACE('',(#1622),#1618,.T.);
#1618=PLANE('',#1619);
#1619=AXIS2_PLACEMENT_3D('',#110,#1620,#1621);
#1620=DIRECTION('',(-1,0,0));
#1621=DIRECTION('',(0,0,1));
#1622=FACE_BOUND('',#1623,.T.);
#1623=EDGE_LOOP('',(#1624,#1625,#1626));
#1624=ORIENTED_EDGE('',*,*,#1627,.T.);
#1625=ORIENTED_EDGE('',*,*,#1628,.T.);
#1626=ORIENTED_EDGE('',*,*,#1629,.T.);
#1627=EDGE_CURVE('',#111,#117,#1630,.F.);
#1628=EDGE_CURVE('',#117,#109,#1631,.T.);
#1629=EDGE_CURVE('',#109,#111,#1632,.T.);
#1630=LINE('',#110,#1633);
#1631=LINE('',#116,#1634);
#1632=LINE('',#108,#1635);
#1633=VECTOR('',#1636,1.0);
#1634=VECTOR('',#1637,1.0);
#1635=VECTOR('',#1638,1.0);
#1636=DIRECTION('',(0,0,1));
#1637=DIRECTION('',(0,0.9887243795198434,-0.14974679076060565));
#1638=DIRECTION('',(0,-1,0));
#1639=FACE_SURFACE('',(#1644),#1640,.T.);
#1640=PLANE('',#1641);
#1641=AXIS2_PLACEMENT_3D('',#108,#1642,#1643);
#1642=DIRECTION('',(-1,0,0));
#1643=DIRECTION('',(0,-0.9887243795198434,0.14974679076060565));
#1644=FACE_BOUND('',#1645,.T.);
#1645=EDGE_LOOP('',(#1646,#1647,#1648));
#1646=ORIENTED_EDGE('',*,*,#1649,.T.);
#1647=ORIENTED_EDGE('',*,*,#1650,.T.);
#1648=ORIENTED_EDGE('',*,*,#1651,.T.);
#1649=EDGE_CURVE('',#109,#117,#1652,.F.);
#1650=EDGE_CURVE('',#117,#119,#1653,.T.);
#1651=EDGE_CURVE('',#119,#109,#1654,.T.);
#1652=LINE('',#108,#1655);
#1653=LINE('',#116,#1656);
#1654=LINE('',#118,#1657);
#1655=VECTOR('',#1658,1.0);
#1656=VECTOR('',#1659,1.0);
#1657=VECTOR('',#1660,1.0);
#1658=DIRECTION('',(0,-0.9887243795198434,0.14974679076060565));
#1659=DIRECTION('',(0,1,0));
#1660=DIRECTION('',(0,0,-1));
#1661=FACE_SURFACE('',(#1666),#1662,.T.);
#1662=PLANE('',#1663);
#1663=AXIS2_PLACEMENT_3D('',#108,#1664,#1665);
#1664=DIRECTION('',(0,1,0));
#1665=DIRECTION('',(0,0,1));
#1666=FACE_BOUND('',#1667,.T.);
#1667=EDGE_LOOP('',(#1668,#1669,#1670));
#1668=ORIENTED_EDGE('',*,*,#1671,.T.);
#1669=ORIENTED_EDGE('',*,*,#1672,.T.);
#1670=ORIENTED_EDGE('',*,*,#1673,.T.);
#1671=EDGE_CURVE('',#109,#119,#1674,.F.);
#1672=EDGE_CURVE('',#119,#107,#1675,.T.);
#1673=EDGE_CURVE('',#107,#109,#1676,.T.);
#1674=LINE('',#108,#1677);
#1675=LINE('',#118,#1678);
#1676=LINE('',#106,#1679);
#1677=VECTOR('',#1680,1.0);
#1678=VECTOR('',#1681,1.0);
#1679=VECTOR('',#1682,1.0);
#1680=DIRECTION('',(0,0,1));
#1681=DIRECTION('',(0.9890454136680297,0,-0.1476115500299213));
#1682=DIRECTION('',(-1,0,0));
#1683=FACE_SURFACE('',(#1688),#1684,.T.);
#1684=PLANE('',#1685);
#1685=AXIS2_PLACEMENT_3D('',#106,#1686,#1687);
#1686=DIRECTION('',(0,1,-0));
#1687=DIRECTION('',(-0.9890454136680297,0,0.1476115500299213));
#1688=FACE_BOUND('',#1689,.T.);
#1689=EDGE_LOOP('',(#1690,#1691,#1692));
#1690=ORIENTED_EDGE('',*,*,#1693,.T.);
#1691=ORIENTED_EDGE('',*,*,#1694,.T.);
#1692=ORIENTED_EDGE('',*,*,#1695,.T.);
#1693=EDGE_CURVE('',#107,#119,#1696,.F.);
#1694=EDGE_CURVE('',#119,#115,#1697,.T.);
#1695=EDGE_CURVE('',#115,#107,#1698,.T.);
#1696=LINE('',#106,#1699);
#1697=LINE('',#118,#1700);
#1698=LINE('',#114,#1701);
#1699=VECTOR('',#1702,1.0);
#1700=VECTOR('',#1703,1.0);
#1701=VECTOR('',#1704,1.0);
#1702=DIRECTION('',(-0.9890454136680297,0,0.1476115500299213));
#1703=DIRECTION('',(1,0,0));
#1704=DIRECTION('',(0,0,-1));
#1705=FACE_SURFACE('',(#1710),#1706,.T.);
#1706=PLANE('',#1707);
#1707=AXIS2_PLACEMENT_3D('',#120,#1708,#1709);
#1708=DIRECTION('',(-0.9937121429664665,0.111965070093279,0));
#1709=DIRECTION('',(0,0,1));
#1710=FACE_BOUND('',#1711,.T.);
#1711=EDGE_LOOP('',(#1712,#1713,#1714));
#1712=ORIENTED_EDGE('',*,*,#1715,.T.);
#1713=ORIENTED_EDGE('',*,*,#1716,.T.);
#1714=ORIENTED_EDGE('',*,*,#1717,.T.);
#1715=EDGE_CURVE('',#121,#123,#1718,.F.);
#1716=EDGE_CURVE('',#123,#125,#1719,.T.);
#1717=EDGE_CURVE('',#125,#121,#1720,.T.);
#1718=LINE('',#120,#1721);
#1719=LINE('',#122,#1722);
#1720=LINE('',#124,#1723);
#1721=VECTOR('',#1724,1.0);
#1722=VECTOR('',#1725,1.0);
#1723=VECTOR('',#1726,1.0);
#1724=DIRECTION('',(0,0,1));
#1725=DIRECTION('',(0.07200165921889803,0.6390289669800092,-0.7658052888497101));
#1726=DIRECTION('',(-0.111965070093279,-0.9937121429664665,0));
#1727=FACE_SURFACE('',(#1732),#1728,.T.);
#1728=PLANE('',#1729);
#1729=AXIS2_PLACEMENT_3D('',#124,#1730,#1731);
#1730=DIRECTION('',(-0.9937121429664665,0.111965070093279,0));
#1731=DIRECTION('',(-0.07200165921889803,-0.6390289669800092,0.7658052888497101));
#1732=FACE_BOUND('',#1733,.T.);
#1733=EDGE_LOOP('',(#1734,#1735,#1736));
#1734=ORIENTED_EDGE('',*,*,#1737,.T.);
#1735=ORIENTED_EDGE('',*,*,#1738,.T.);
#1736=ORIENTED_EDGE('',*,*,#1739,.T.);
#1737=EDGE_CURVE('',#125,#123,#1740,.F.);
#1738=EDGE_CURVE('',#123,#127,#1741,.T.);
#1739=EDGE_CURVE('',#127,#125,#1742,.T.);
#1740=LINE('',#124,#1743);
#1741=LINE('',#122,#1744);
#1742=LINE('',#126,#1745);
#1743=VECTOR('',#1746,1.0);
#1744=VECTOR('',#1747,1.0);
#1745=VECTOR('',#1748,1.0);
#1746=DIRECTION('',(-0.07200165921889803,-0.6390289669800092,0.7658052888497101));
#1747=DIRECTION('',(0.111965070093279,0.9937121429664665,0));
#1748=DIRECTION('',(0,0,-1));
#1749=FACE_SURFACE('',(#1754),#1750,.T.);
#1750=PLANE('',#1751);
#1751=AXIS2_PLACEMENT_3D('',#124,#1752,#1753);
#1752=DIRECTION('',(-0.9937121429664665,-0.111965070093279,0));
#1753=DIRECTION('',(0,0,1));
#1754=FACE_BOUND('',#1755,.T.);
#1755=EDGE_LOOP('',(#1756,#1757,#1758));
#1756=ORIENTED_EDGE('',*,*,#1759,.T.);
#1757=ORIENTED_EDGE('',*,*,#1760,.T.);
#1758=ORIENTED_EDGE('',*,*,#1761,.T.);
#1759=EDGE_CURVE('',#125,#127,#1762,.F.);
#1760=EDGE_CURVE('',#127,#129,#1763,.T.);
#1761=EDGE_CURVE('',#129,#125,#1764,.T.);
#1762=LINE('',#124,#1765);
#1763=LINE('',#126,#1766);
#1764=LINE('',#128,#1767);
#1765=VECTOR('',#1768,1.0);
#1766=VECTOR('',#1769,1.0);
#1767=VECTOR('',#1770,1.0);
#1768=DIRECTION('',(0,0,1));
#1769=DIRECTION('',(-0.07200165921889803,0.6390289669800092,-0.7658052888497101));
#1770=DIRECTION('',(0.111965070093279,-0.9937121429664665,0));
#1771=FACE_SURFACE('',(#1776),#1772,.T.);
#1772=PLANE('',#1773);
#1773=AXIS2_PLACEMENT_3D('',#128,#1774,#1775);
#1774=DIRECTION('',(-0.9937121429664665,-0.111965070093279,0));
#1775=DIRECTION('',(0.07200165921889803,-0.6390289669800092,0.7658052888497101));
#1776=FACE_BOUND('',#1777,.T.);
#1777=EDGE_LOOP('',(#1778,#1779,#1780));
#1778=ORIENTED_EDGE('',*,*,#1781,.T.);
#1779=ORIENTED_EDGE('',*,*,#1782,.T.);
#1780=ORIENTED_EDGE('',*,*,#1783,.T.);
#1781=EDGE_CURVE('',#129,#127,#1784,.F.);
#1782=EDGE_CURVE('',#127,#131,#1785,.T.);
#1783=EDGE_CURVE('',#131,#129,#1786,.T.);
#1784=LINE('',#128,#1787);
#1785=LINE('',#126,#1788);
#1786=LINE('',#130,#1789);
#1787=VECTOR('',#1790,1.0);
#1788=VECTOR('',#1791,1.0);
#1789=VECTOR('',#1792,1.0);
#1790=DIRECTION('',(0.07200165921889803,-0.6390289669800092,0.7658052888497101));
#1791=DIRECTION('',(-0.111965070093279,0.9937121429664665,0));
#1792=DIRECTION('',(0,0,-1));
#1793=FACE_SURFACE('',(#1798),#1794,.T.);
#1794=PLANE('',#1795);
#1795=AXIS2_PLACEMENT_3D('',#128,#1796,#1797);
#1796=DIRECTION('',(-0.9438835663869525,-0.33027838728055997,0));
#1797=DIRECTION('',(0,0,1));
#1798=FACE_BOUND('',#1799,.T.);
#1799=EDGE_LOOP('',(#1800,#1801,#1802));
#1800=ORIENTED_EDGE('',*,*,#1803,.T.);
#1801=ORIENTED_EDGE('',*,*,#1804,.T.);
#1802=ORIENTED_EDGE('',*,*,#1805,.T.);
#1803=EDGE_CURVE('',#129,#131,#1806,.F.);
#1804=EDGE_CURVE('',#131,#133,#1807,.T.);
#1805=EDGE_CURVE('',#133,#129,#1808,.T.);
#1806=LINE('',#128,#1809);
#1807=LINE('',#130,#1810);
#1808=LINE('',#132,#1811);
#1809=VECTOR('',#1812,1.0);
#1810=VECTOR('',#1813,1.0);
#1811=VECTOR('',#1814,1.0);
#1812=DIRECTION('',(0,0,1));
#1813=DIRECTION('',(-0.2123928464715546,0.6069852740087157,-0.7658055601158004));
#1814=DIRECTION('',(0.33027838728055997,-0.9438835663869525,0));
#1815=FACE_SURFACE('',(#1820),#1816,.T.);
#1816=PLANE('',#1817);
#1817=AXIS2_PLACEMENT_3D('',#132,#1818,#1819);
#1818=DIRECTION('',(-0.9438835663869525,-0.33027838728055997,0));
#1819=DIRECTION('',(0.2123928464715546,-0.6069852740087157,0.7658055601158004));
#1820=FACE_BOUND('',#1821,.T.);
#1821=EDGE_LOOP('',(#1822,#1823,#1824));
#1822=ORIENTED_EDGE('',*,*,#1825,.T.);
#1823=ORIENTED_EDGE('',*,*,#1826,.T.);
#1824=ORIENTED_EDGE('',*,*,#1827,.T.);
#1825=EDGE_CURVE('',#133,#131,#1828,.F.);
#1826=EDGE_CURVE('',#131,#135,#1829,.T.);
#1827=EDGE_CURVE('',#135,#133,#1830,.T.);
#1828=LINE('',#132,#1831);
#1829=LINE('',#130,#1832);
#1830=LINE('',#134,#1833);
#1831=VECTOR('',#1834,1.0);
#1832=VECTOR('',#1835,1.0);
#1833=VECTOR('',#1836,1.0);
#1834=DIRECTION('',(0.2123928464715546,-0.6069852740087157,0.7658055601158004));
#1835=DIRECTION('',(-0.33027838728055997,0.9438835663869525,0));
#1836=DIRECTION('',(0,0,-1));
#1837=FACE_SURFACE('',(#1842),#1838,.T.);
#1838=PLANE('',#1839);
#1839=AXIS2_PLACEMENT_3D('',#132,#1840,#1841);
#1840=DIRECTION('',(-0.846724022110985,-0.5320323583957993,0));
#1841=DIRECTION('',(0,0,1));
#1842=FACE_BOUND('',#1843,.T.);
#1843=EDGE_LOOP('',(#1844,#1845,#1846));
#1844=ORIENTED_EDGE('',*,*,#1847,.T.);
#1845=ORIENTED_EDGE('',*,*,#1848,.T.);
#1846=ORIENTED_EDGE('',*,*,#1849,.T.);
#1847=EDGE_CURVE('',#133,#135,#1850,.F.);
#1848=EDGE_CURVE('',#135,#137,#1851,.T.);
#1849=EDGE_CURVE('',#137,#133,#1852,.T.);
#1850=LINE('',#132,#1853);
#1851=LINE('',#134,#1854);
#1852=LINE('',#136,#1855);
#1853=VECTOR('',#1856,1.0);
#1854=VECTOR('',#1857,1.0);
#1855=VECTOR('',#1858,1.0);
#1856=DIRECTION('',(0,0,1));
#1857=DIRECTION('',(-0.34213556392453104,0.5445052283415329,-0.7658050092593925));
#1858=DIRECTION('',(0.5320323583957993,-0.846724022110985,0));
#1859=FACE_SURFACE('',(#1864),#1860,.T.);
#1860=PLANE('',#1861);
#1861=AXIS2_PLACEMENT_3D('',#136,#1862,#1863);
#1862=DIRECTION('',(-0.846724022110985,-0.5320323583957993,0));
#1863=DIRECTION('',(0.34213556392453104,-0.5445052283415329,0.7658050092593925));
#1864=FACE_BOUND('',#1865,.T.);
#1865=EDGE_LOOP('',(#1866,#1867,#1868));
#1866=ORIENTED_EDGE('',*,*,#1869,.T.);
#1867=ORIENTED_EDGE('',*,*,#1870,.T.);
#1868=ORIENTED_EDGE('',*,*,#1871,.T.);
#1869=EDGE_CURVE('',#137,#135,#1872,.F.);
#1870=EDGE_CURVE('',#135,#139,#1873,.T.);
#1871=EDGE_CURVE('',#139,#137,#1874,.T.);
#1872=LINE('',#136,#1875);
#1873=LINE('',#134,#1876);
#1874=LINE('',#138,#1877);
#1875=VECTOR('',#1878,1.0);
#1876=VECTOR('',#1879,1.0);
#1877=VECTOR('',#1880,1.0);
#1878=DIRECTION('',(0.34213556392453104,-0.5445052283415329,0.7658050092593925));
#1879=DIRECTION('',(-0.5320323583957993,0.846724022110985,0));
#1880=DIRECTION('',(0,0,-1));
#1881=FACE_SURFACE('',(#1886),#1882,.T.);
#1882=PLANE('',#1883);
#1883=AXIS2_PLACEMENT_3D('',#136,#1884,#1885);
#1884=DIRECTION('',(-0.7071067811865475,-0.7071067811865475,0));
#1885=DIRECTION('',(0,0,1));
#1886=FACE_BOUND('',#1887,.T.);
#1887=EDGE_LOOP('',(#1888,#1889,#1890));
#1888=ORIENTED_EDGE('',*,*,#1891,.T.);
#1889=ORIENTED_EDGE('',*,*,#1892,.T.);
#1890=ORIENTED_EDGE('',*,*,#1893,.T.);
#1891=EDGE_CURVE('',#137,#139,#1894,.F.);
#1892=EDGE_CURVE('',#139,#141,#1895,.T.);
#1893=EDGE_CURVE('',#141,#137,#1896,.T.);
#1894=LINE('',#136,#1897);
#1895=LINE('',#138,#1898);
#1896=LINE('',#140,#1899);
#1897=VECTOR('',#1900,1.0);
#1898=VECTOR('',#1901,1.0);
#1899=VECTOR('',#1902,1.0);
#1900=DIRECTION('',(0,0,1));
#1901=DIRECTION('',(-0.4547205400774098,0.4547205400774098,-0.765805759225809));
#1902=DIRECTION('',(0.7071067811865475,-0.7071067811865475,0));
#1903=FACE_SURFACE('',(#1908),#1904,.T.);
#1904=PLANE('',#1905);
#1905=AXIS2_PLACEMENT_3D('',#140,#1906,#1907);
#1906=DIRECTION('',(-0.7071067811865475,-0.7071067811865475,0));
#1907=DIRECTION('',(0.4547205400774098,-0.4547205400774098,0.765805759225809));
#1908=FACE_BOUND('',#1909,.T.);
#1909=EDGE_LOOP('',(#1910,#1911,#1912));
#1910=ORIENTED_EDGE('',*,*,#1913,.T.);
#1911=ORIENTED_EDGE('',*,*,#1914,.T.);
#1912=ORIENTED_EDGE('',*,*,#1915,.T.);
#1913=EDGE_CURVE('',#141,#139,#1916,.F.);
#1914=EDGE_CURVE('',#139,#143,#1917,.T.);
#1915=EDGE_CURVE('',#143,#141,#1918,.T.);
#1916=LINE('',#140,#1919);
#1917=LINE('',#138,#1920);
#1918=LINE('',#142,#1921);
#1919=VECTOR('',#1922,1.0);
#1920=VECTOR('',#1923,1.0);
#1921=VECTOR('',#1924,1.0);
#1922=DIRECTION('',(0.4547205400774098,-0.4547205400774098,0.765805759225809));
#1923=DIRECTION('',(-0.7071067811865475,0.7071067811865475,0));
#1924=DIRECTION('',(0,0,-1));
#1925=FACE_SURFACE('',(#1930),#1926,.T.);
#1926=PLANE('',#1927);
#1927=AXIS2_PLACEMENT_3D('',#140,#1928,#1929);
#1928=DIRECTION('',(-0.5320323583957993,-0.846724022110985,0));
#1929=DIRECTION('',(0,0,1));
#1930=FACE_BOUND('',#1931,.T.);
#1931=EDGE_LOOP('',(#1932,#1933,#1934));
#1932=ORIENTED_EDGE('',*,*,#1935,.T.);
#1933=ORIENTED_EDGE('',*,*,#1936,.T.);
#1934=ORIENTED_EDGE('',*,*,#1937,.T.);
#1935=EDGE_CURVE('',#141,#143,#1938,.F.);
#1936=EDGE_CURVE('',#143,#145,#1939,.T.);
#1937=EDGE_CURVE('',#145,#141,#1940,.T.);
#1938=LINE('',#140,#1941);
#1939=LINE('',#142,#1942);
#1940=LINE('',#144,#1943);
#1941=VECTOR('',#1944,1.0);
#1942=VECTOR('',#1945,1.0);
#1943=VECTOR('',#1946,1.0);
#1944=DIRECTION('',(0,0,1));
#1945=DIRECTION('',(-0.5445052283415329,0.34213556392453104,-0.7658050092593925));
#1946=DIRECTION('',(0.846724022110985,-0.5320323583957993,0));
#1947=FACE_SURFACE('',(#1952),#1948,.T.);
#1948=PLANE('',#1949);
#1949=AXIS2_PLACEMENT_3D('',#144,#1950,#1951);
#1950=DIRECTION('',(-0.5320323583957993,-0.846724022110985,0));
#1951=DIRECTION('',(0.5445052283415329,-0.34213556392453104,0.7658050092593925));
#1952=FACE_BOUND('',#1953,.T.);
#1953=EDGE_LOOP('',(#1954,#1955,#1956));
#1954=ORIENTED_EDGE('',*,*,#1957,.T.);
#1955=ORIENTED_EDGE('',*,*,#1958,.T.);
#1956=ORIENTED_EDGE('',*,*,#1959,.T.);
#1957=EDGE_CURVE('',#145,#143,#1960,.F.);
#1958=EDGE_CURVE('',#143,#147,#1961,.T.);
#1959=EDGE_CURVE('',#147,#145,#1962,.T.);
#1960=LINE('',#144,#1963);
#1961=LINE('',#142,#1964);
#1962=LINE('',#146,#1965);
#1963=VECTOR('',#1966,1.0);
#1964=VECTOR('',#1967,1.0);
#1965=VECTOR('',#1968,1.0);
#1966=DIRECTION('',(0.5445052283415329,-0.34213556392453104,0.7658050092593925));
#1967=DIRECTION('',(-0.846724022110985,0.5320323583957993,0));
#1968=DIRECTION('',(0,0,-1));
#1969=FACE_SURFACE('',(#1974),#1970,.T.);
#1970=PLANE('',#1971);
#1971=AXIS2_PLACEMENT_3D('',#144,#1972,#1973);
#1972=DIRECTION('',(-0.33027838728055997,-0.9438835663869525,0));
#1973=DIRECTION('',(0,0,1));
#1974=FACE_BOUND('',#1975,.T.);
#1975=EDGE_LOOP('',(#1976,#1977,#1978));
#1976=ORIENTED_EDGE('',*,*,#1979,.T.);
#1977=ORIENTED_EDGE('',*,*,#1980,.T.);
#1978=ORIENTED_EDGE('',*,*,#1981,.T.);
#1979=EDGE_CURVE('',#145,#147,#1982,.F.);
#1980=EDGE_CURVE('',#147,#149,#1983,.T.);
#1981=EDGE_CURVE('',#149,#145,#1984,.T.);
#1982=LINE('',#144,#1985);
#1983=LINE('',#146,#1986);
#1984=LINE('',#148,#1987);
#1985=VECTOR('',#1988,1.0);
#1986=VECTOR('',#1989,1.0);
#1987=VECTOR('',#1990,1.0);
#1988=DIRECTION('',(0,0,1));
#1989=DIRECTION('',(-0.6069852740087157,0.2123928464715546,-0.7658055601158004));
#1990=DIRECTION('',(0.9438835663869525,-0.33027838728055997,0));
#1991=FACE_SURFACE('',(#1996),#1992,.T.);
#1992=PLANE('',#1993);
#1993=AXIS2_PLACEMENT_3D('',#148,#1994,#1995);
#1994=DIRECTION('',(-0.33027838728055997,-0.9438835663869525,0));
#1995=DIRECTION('',(0.6069852740087157,-0.2123928464715546,0.7658055601158004));
#1996=FACE_BOUND('',#1997,.T.);
#1997=EDGE_LOOP('',(#1998,#1999,#2000));
#1998=ORIENTED_EDGE('',*,*,#2001,.T.);
#1999=ORIENTED_EDGE('',*,*,#2002,.T.);
#2000=ORIENTED_EDGE('',*,*,#2003,.T.);
#2001=EDGE_CURVE('',#149,#147,#2004,.F.);
#2002=EDGE_CURVE('',#147,#151,#2005,.T.);
#2003=EDGE_CURVE('',#151,#149,#2006,.T.);
#2004=LINE('',#148,#2007);
#2005=LINE('',#146,#2008);
#2006=LINE('',#150,#2009);
#2007=VECTOR('',#2010,1.0);
#2008=VECTOR('',#2011,1.0);
#2009=VECTOR('',#2012,1.0);
#2010=DIRECTION('',(0.6069852740087157,-0.2123928464715546,0.7658055601158004));
#2011=DIRECTION('',(-0.9438835663869525,0.33027838728055997,0));
#2012=DIRECTION('',(0,0,-1));
#2013=FACE_SURFACE('',(#2018),#2014,.T.);
#2014=PLANE('',#2015);
#2015=AXIS2_PLACEMENT_3D('',#148,#2016,#2017);
#2016=DIRECTION('',(-0.111965070093279,-0.9937121429664665,0));
#2017=DIRECTION('',(0,0,1));
#2018=FACE_BOUND('',#2019,.T.);
#2019=EDGE_LOOP('',(#2020,#2021,#2022));
#2020=ORIENTED_EDGE('',*,*,#2023,.T.);
#2021=ORIENTED_EDGE('',*,*,#2024,.T.);
#2022=ORIENTED_EDGE('',*,*,#2025,.T.);
#2023=EDGE_CURVE('',#149,#151,#2026,.F.);
#2024=EDGE_CURVE('',#151,#153,#2027,.T.);
#2025=EDGE_CURVE('',#153,#149,#2028,.T.);
#2026=LINE('',#148,#2029);
#2027=LINE('',#150,#2030);
#2028=LINE('',#152,#2031);
#2029=VECTOR('',#2032,1.0);
#2030=VECTOR('',#2033,1.0);
#2031=VECTOR('',#2034,1.0);
#2032=DIRECTION('',(0,0,1));
#2033=DIRECTION('',(-0.6390289669800092,0.07200165921889803,-0.7658052888497101));
#2034=DIRECTION('',(0.9937121429664665,-0.111965070093279,0));
#2035=FACE_SURFACE('',(#2040),#2036,.T.);
#2036=PLANE('',#2037);
#2037=AXIS2_PLACEMENT_3D('',#152,#2038,#2039);
#2038=DIRECTION('',(-0.111965070093279,-0.9937121429664665,0));
#2039=DIRECTION('',(0.6390289669800092,-0.07200165921889803,0.7658052888497101));
#2040=FACE_BOUND('',#2041,.T.);
#2041=EDGE_LOOP('',(#2042,#2043,#2044));
#2042=ORIENTED_EDGE('',*,*,#2045,.T.);
#2043=ORIENTED_EDGE('',*,*,#2046,.T.);
#2044=ORIENTED_EDGE('',*,*,#2047,.T.);
#2045=EDGE_CURVE('',#153,#151,#2048,.F.);
#2046=EDGE_CURVE('',#151,#155,#2049,.T.);
#2047=EDGE_CURVE('',#155,#153,#2050,.T.);
#2048=LINE('',#152,#2051);
#2049=LINE('',#150,#2052);
#2050=LINE('',#154,#2053);
#2051=VECTOR('',#2054,1.0);
#2052=VECTOR('',#2055,1.0);
#2053=VECTOR('',#2056,1.0);
#2054=DIRECTION('',(0.6390289669800092,-0.07200165921889803,0.7658052888497101));
#2055=DIRECTION('',(-0.9937121429664665,0.111965070093279,0));
#2056=DIRECTION('',(0,0,-1));
#2057=FACE_SURFACE('',(#2062),#2058,.T.);
#2058=PLANE('',#2059);
#2059=AXIS2_PLACEMENT_3D('',#152,#2060,#2061);
#2060=DIRECTION('',(0.111965070093279,-0.9937121429664665,0));
#2061=DIRECTION('',(0,0,1));
#2062=FACE_BOUND('',#2063,.T.);
#2063=EDGE_LOOP('',(#2064,#2065,#2066));
#2064=ORIENTED_EDGE('',*,*,#2067,.T.);
#2065=ORIENTED_EDGE('',*,*,#2068,.T.);
#2066=ORIENTED_EDGE('',*,*,#2069,.T.);
#2067=EDGE_CURVE('',#153,#155,#2070,.F.);
#2068=EDGE_CURVE('',#155,#157,#2071,.T.);
#2069=EDGE_CURVE('',#157,#153,#2072,.T.);
#2070=LINE('',#152,#2073);
#2071=LINE('',#154,#2074);
#2072=LINE('',#156,#2075);
#2073=VECTOR('',#2076,1.0);
#2074=VECTOR('',#2077,1.0);
#2075=VECTOR('',#2078,1.0);
#2076=DIRECTION('',(0,0,1));
#2077=DIRECTION('',(-0.6390289669800092,-0.07200165921889803,-0.7658052888497101));
#2078=DIRECTION('',(0.9937121429664665,0.111965070093279,0));
#2079=FACE_SURFACE('',(#2084),#2080,.T.);
#2080=PLANE('',#2081);
#2081=AXIS2_PLACEMENT_3D('',#156,#2082,#2083);
#2082=DIRECTION('',(0.111965070093279,-0.9937121429664665,0));
#2083=DIRECTION('',(0.6390289669800092,0.07200165921889803,0.7658052888497101));
#2084=FACE_BOUND('',#2085,.T.);
#2085=EDGE_LOOP('',(#2086,#2087,#2088));
#2086=ORIENTED_EDGE('',*,*,#2089,.T.);
#2087=ORIENTED_EDGE('',*,*,#2090,.T.);
#2088=ORIENTED_EDGE('',*,*,#2091,.T.);
#2089=EDGE_CURVE('',#157,#155,#2092,.F.);
#2090=EDGE_CURVE('',#155,#159,#2093,.T.);
#2091=EDGE_CURVE('',#159,#157,#2094,.T.);
#2092=LINE('',#156,#2095);
#2093=LINE('',#154,#2096);
#2094=LINE('',#158,#2097);
#2095=VECTOR('',#2098,1.0);
#2096=VECTOR('',#2099,1.0);
#2097=VECTOR('',#2100,1.0);
#2098=DIRECTION('',(0.6390289669800092,0.07200165921889803,0.7658052888497101));
#2099=DIRECTION('',(-0.9937121429664665,-0.111965070093279,0));
#2100=DIRECTION('',(0,0,-1));
#2101=FACE_SURFACE('',(#2106),#2102,.T.);
#2102=PLANE('',#2103);
#2103=AXIS2_PLACEMENT_3D('',#156,#2104,#2105);
#2104=DIRECTION('',(0.33027838728055997,-0.9438835663869525,0));
#2105=DIRECTION('',(0,0,1));
#2106=FACE_BOUND('',#2107,.T.);
#2107=EDGE_LOOP('',(#2108,#2109,#2110));
#2108=ORIENTED_EDGE('',*,*,#2111,.T.);
#2109=ORIENTED_EDGE('',*,*,#2112,.T.);
#2110=ORIENTED_EDGE('',*,*,#2113,.T.);
#2111=EDGE_CURVE('',#157,#159,#2114,.F.);
#2112=EDGE_CURVE('',#159,#161,#2115,.T.);
#2113=EDGE_CURVE('',#161,#157,#2116,.T.);
#2114=LINE('',#156,#2117);
#2115=LINE('',#158,#2118);
#2116=LINE('',#160,#2119);
#2117=VECTOR('',#2120,1.0);
#2118=VECTOR('',#2121,1.0);
#2119=VECTOR('',#2122,1.0);
#2120=DIRECTION('',(0,0,1));
#2121=DIRECTION('',(-0.6069852740087157,-0.2123928464715546,-0.7658055601158004));
#2122=DIRECTION('',(0.9438835663869525,0.33027838728055997,0));
#2123=FACE_SURFACE('',(#2128),#2124,.T.);
#2124=PLANE('',#2125);
#2125=AXIS2_PLACEMENT_3D('',#160,#2126,#2127);
#2126=DIRECTION('',(0.33027838728055997,-0.9438835663869525,0));
#2127=DIRECTION('',(0.6069852740087157,0.2123928464715546,0.7658055601158004));
#2128=FACE_BOUND('',#2129,.T.);
#2129=EDGE_LOOP('',(#2130,#2131,#2132));
#2130=ORIENTED_EDGE('',*,*,#2133,.T.);
#2131=ORIENTED_EDGE('',*,*,#2134,.T.);
#2132=ORIENTED_EDGE('',*,*,#2135,.T.);
#2133=EDGE_CURVE('',#161,#159,#2136,.F.);
#2134=EDGE_CURVE('',#159,#163,#2137,.T.);
#2135=EDGE_CURVE('',#163,#161,#2138,.T.);
#2136=LINE('',#160,#2139);
#2137=LINE('',#158,#2140);
#2138=LINE('',#162,#2141);
#2139=VECTOR('',#2142,1.0);
#2140=VECTOR('',#2143,1.0);
#2141=VECTOR('',#2144,1.0);
#2142=DIRECTION('',(0.6069852740087157,0.2123928464715546,0.7658055601158004));
#2143=DIRECTION('',(-0.9438835663869525,-0.33027838728055997,0));
#2144=DIRECTION('',(0,0,-1));
#2145=FACE_SURFACE('',(#2150),#2146,.T.);
#2146=PLANE('',#2147);
#2147=AXIS2_PLACEMENT_3D('',#160,#2148,#2149);
#2148=DIRECTION('',(0.5320333816150699,-0.8467233791783675,0));
#2149=DIRECTION('',(0,0,1));
#2150=FACE_BOUND('',#2151,.T.);
#2151=EDGE_LOOP('',(#2152,#2153,#2154));
#2152=ORIENTED_EDGE('',*,*,#2155,.T.);
#2153=ORIENTED_EDGE('',*,*,#2156,.T.);
#2154=ORIENTED_EDGE('',*,*,#2157,.T.);
#2155=EDGE_CURVE('',#161,#163,#2158,.F.);
#2156=EDGE_CURVE('',#163,#165,#2159,.T.);
#2157=EDGE_CURVE('',#165,#161,#2160,.T.);
#2158=LINE('',#160,#2161);
#2159=LINE('',#162,#2162);
#2160=LINE('',#164,#2163);
#2161=VECTOR('',#2164,1.0);
#2162=VECTOR('',#2165,1.0);
#2163=VECTOR('',#2166,1.0);
#2164=DIRECTION('',(0,0,1));
#2165=DIRECTION('',(-0.5445042007474793,-0.3421358360370328,-0.7658056183311724));
#2166=DIRECTION('',(0.8467233791783675,0.5320333816150699,0));
#2167=FACE_SURFACE('',(#2172),#2168,.T.);
#2168=PLANE('',#2169);
#2169=AXIS2_PLACEMENT_3D('',#164,#2170,#2171);
#2170=DIRECTION('',(0.5320333816150699,-0.8467233791783675,0));
#2171=DIRECTION('',(0.5445042007474793,0.3421358360370328,0.7658056183311724));
#2172=FACE_BOUND('',#2173,.T.);
#2173=EDGE_LOOP('',(#2174,#2175,#2176));
#2174=ORIENTED_EDGE('',*,*,#2177,.T.);
#2175=ORIENTED_EDGE('',*,*,#2178,.T.);
#2176=ORIENTED_EDGE('',*,*,#2179,.T.);
#2177=EDGE_CURVE('',#165,#163,#2180,.F.);
#2178=EDGE_CURVE('',#163,#167,#2181,.T.);
#2179=EDGE_CURVE('',#167,#165,#2182,.T.);
#2180=LINE('',#164,#2183);
#2181=LINE('',#162,#2184);
#2182=LINE('',#166,#2185);
#2183=VECTOR('',#2186,1.0);
#2184=VECTOR('',#2187,1.0);
#2185=VECTOR('',#2188,1.0);
#2186=DIRECTION('',(0.5445042007474793,0.3421358360370328,0.7658056183311724));
#2187=DIRECTION('',(-0.8467233791783675,-0.5320333816150699,0));
#2188=DIRECTION('',(0,0,-1));
#2189=FACE_SURFACE('',(#2194),#2190,.T.);
#2190=PLANE('',#2191);
#2191=AXIS2_PLACEMENT_3D('',#164,#2192,#2193);
#2192=DIRECTION('',(0.7071045098136307,-0.7071090525521684,0));
#2193=DIRECTION('',(0,0,1));
#2194=FACE_BOUND('',#2195,.T.);
#2195=EDGE_LOOP('',(#2196,#2197,#2198));
#2196=ORIENTED_EDGE('',*,*,#2199,.T.);
#2197=ORIENTED_EDGE('',*,*,#2200,.T.);
#2198=ORIENTED_EDGE('',*,*,#2201,.T.);
#2199=EDGE_CURVE('',#165,#167,#2202,.F.);
#2200=EDGE_CURVE('',#167,#169,#2203,.T.);
#2201=EDGE_CURVE('',#169,#165,#2204,.T.);
#2202=LINE('',#164,#2205);
#2203=LINE('',#166,#2206);
#2204=LINE('',#168,#2207);
#2205=VECTOR('',#2208,1.0);
#2206=VECTOR('',#2209,1.0);
#2207=VECTOR('',#2210,1.0);
#2208=DIRECTION('',(0,0,1));
#2209=DIRECTION('',(-0.45472285734693585,-0.45471993603368077,-0.7658047419412886));
#2210=DIRECTION('',(0.7071090525521684,0.7071045098136307,0));
#2211=FACE_SURFACE('',(#2216),#2212,.T.);
#2212=PLANE('',#2213);
#2213=AXIS2_PLACEMENT_3D('',#168,#2214,#2215);
#2214=DIRECTION('',(0.7071045098136307,-0.7071090525521684,0));
#2215=DIRECTION('',(0.45472285734693585,0.45471993603368077,0.7658047419412886));
#2216=FACE_BOUND('',#2217,.T.);
#2217=EDGE_LOOP('',(#2218,#2219,#2220));
#2218=ORIENTED_EDGE('',*,*,#2221,.T.);
#2219=ORIENTED_EDGE('',*,*,#2222,.T.);
#2220=ORIENTED_EDGE('',*,*,#2223,.T.);
#2221=EDGE_CURVE('',#169,#167,#2224,.F.);
#2222=EDGE_CURVE('',#167,#171,#2225,.T.);
#2223=EDGE_CURVE('',#171,#169,#2226,.T.);
#2224=LINE('',#168,#2227);
#2225=LINE('',#166,#2228);
#2226=LINE('',#170,#2229);
#2227=VECTOR('',#2230,1.0);
#2228=VECTOR('',#2231,1.0);
#2229=VECTOR('',#2232,1.0);
#2230=DIRECTION('',(0.45472285734693585,0.45471993603368077,0.7658047419412886));
#2231=DIRECTION('',(-0.7071090525521684,-0.7071045098136307,0));
#2232=DIRECTION('',(0,0,-1));
#2233=FACE_SURFACE('',(#2238),#2234,.T.);
#2234=PLANE('',#2235);
#2235=AXIS2_PLACEMENT_3D('',#168,#2236,#2237);
#2236=DIRECTION('',(0.8467260685450495,-0.5320291015031454,0));
#2237=DIRECTION('',(0,0,1));
#2238=FACE_BOUND('',#2239,.T.);
#2239=EDGE_LOOP('',(#2240,#2241,#2242));
#2240=ORIENTED_EDGE('',*,*,#2243,.T.);
#2241=ORIENTED_EDGE('',*,*,#2244,.T.);
#2242=ORIENTED_EDGE('',*,*,#2245,.T.);
#2243=EDGE_CURVE('',#169,#171,#2246,.F.);
#2244=EDGE_CURVE('',#171,#173,#2247,.T.);
#2245=EDGE_CURVE('',#173,#169,#2248,.T.);
#2246=LINE('',#168,#2249);
#2247=LINE('',#170,#2250);
#2248=LINE('',#172,#2251);
#2249=VECTOR('',#2252,1.0);
#2250=VECTOR('',#2253,1.0);
#2251=VECTOR('',#2254,1.0);
#2252=DIRECTION('',(0,0,1));
#2253=DIRECTION('',(-0.3421329845659267,-0.5445057725651095,-0.7658057746682801));
#2254=DIRECTION('',(0.5320291015031454,0.8467260685450495,0));
#2255=FACE_SURFACE('',(#2260),#2256,.T.);
#2256=PLANE('',#2257);
#2257=AXIS2_PLACEMENT_3D('',#172,#2258,#2259);
#2258=DIRECTION('',(0.8467260685450495,-0.5320291015031454,0));
#2259=DIRECTION('',(0.3421329845659267,0.5445057725651095,0.7658057746682801));
#2260=FACE_BOUND('',#2261,.T.);
#2261=EDGE_LOOP('',(#2262,#2263,#2264));
#2262=ORIENTED_EDGE('',*,*,#2265,.T.);
#2263=ORIENTED_EDGE('',*,*,#2266,.T.);
#2264=ORIENTED_EDGE('',*,*,#2267,.T.);
#2265=EDGE_CURVE('',#173,#171,#2268,.F.);
#2266=EDGE_CURVE('',#171,#175,#2269,.T.);
#2267=EDGE_CURVE('',#175,#173,#2270,.T.);
#2268=LINE('',#172,#2271);
#2269=LINE('',#170,#2272);
#2270=LINE('',#174,#2273);
#2271=VECTOR('',#2274,1.0);
#2272=VECTOR('',#2275,1.0);
#2273=VECTOR('',#2276,1.0);
#2274=DIRECTION('',(0.3421329845659267,0.5445057725651095,0.7658057746682801));
#2275=DIRECTION('',(-0.5320291015031454,-0.8467260685450495,0));
#2276=DIRECTION('',(0,0,-1));
#2277=FACE_SURFACE('',(#2282),#2278,.T.);
#2278=PLANE('',#2279);
#2279=AXIS2_PLACEMENT_3D('',#172,#2280,#2281);
#2280=DIRECTION('',(0.9438828582969667,-0.3302804108831588,0));
#2281=DIRECTION('',(0,0,1));
#2282=FACE_BOUND('',#2283,.T.);
#2283=EDGE_LOOP('',(#2284,#2285,#2286));
#2284=ORIENTED_EDGE('',*,*,#2287,.T.);
#2285=ORIENTED_EDGE('',*,*,#2288,.T.);
#2286=ORIENTED_EDGE('',*,*,#2289,.T.);
#2287=EDGE_CURVE('',#173,#175,#2290,.F.);
#2288=EDGE_CURVE('',#175,#177,#2291,.T.);
#2289=EDGE_CURVE('',#177,#173,#2292,.T.);
#2290=LINE('',#172,#2293);
#2291=LINE('',#174,#2294);
#2292=LINE('',#176,#2295);
#2293=VECTOR('',#2296,1.0);
#2294=VECTOR('',#2297,1.0);
#2295=VECTOR('',#2298,1.0);
#2296=DIRECTION('',(0,0,1));
#2297=DIRECTION('',(-0.2123942412377493,-0.6069850857010808,-0.7658053225366694));
#2298=DIRECTION('',(0.3302804108831588,0.9438828582969667,0));
#2299=FACE_SURFACE('',(#2304),#2300,.T.);
#2300=PLANE('',#2301);
#2301=AXIS2_PLACEMENT_3D('',#176,#2302,#2303);
#2302=DIRECTION('',(0.9438828582969667,-0.3302804108831588,0));
#2303=DIRECTION('',(0.2123942412377493,0.6069850857010808,0.7658053225366694));
#2304=FACE_BOUND('',#2305,.T.);
#2305=EDGE_LOOP('',(#2306,#2307,#2308));
#2306=ORIENTED_EDGE('',*,*,#2309,.T.);
#2307=ORIENTED_EDGE('',*,*,#2310,.T.);
#2308=ORIENTED_EDGE('',*,*,#2311,.T.);
#2309=EDGE_CURVE('',#177,#175,#2312,.F.);
#2310=EDGE_CURVE('',#175,#179,#2313,.T.);
#2311=EDGE_CURVE('',#179,#177,#2314,.T.);
#2312=LINE('',#176,#2315);
#2313=LINE('',#174,#2316);
#2314=LINE('',#178,#2317);
#2315=VECTOR('',#2318,1.0);
#2316=VECTOR('',#2319,1.0);
#2317=VECTOR('',#2320,1.0);
#2318=DIRECTION('',(0.2123942412377493,0.6069850857010808,0.7658053225366694));
#2319=DIRECTION('',(-0.3302804108831588,-0.9438828582969667,0));
#2320=DIRECTION('',(0,0,-1));
#2321=FACE_SURFACE('',(#2326),#2322,.T.);
#2322=PLANE('',#2323);
#2323=AXIS2_PLACEMENT_3D('',#176,#2324,#2325);
#2324=DIRECTION('',(0.9937121429664665,-0.111965070093279,0));
#2325=DIRECTION('',(0,0,1));
#2326=FACE_BOUND('',#2327,.T.);
#2327=EDGE_LOOP('',(#2328,#2329,#2330));
#2328=ORIENTED_EDGE('',*,*,#2331,.T.);
#2329=ORIENTED_EDGE('',*,*,#2332,.T.);
#2330=ORIENTED_EDGE('',*,*,#2333,.T.);
#2331=EDGE_CURVE('',#177,#179,#2334,.F.);
#2332=EDGE_CURVE('',#179,#181,#2335,.T.);
#2333=EDGE_CURVE('',#181,#177,#2336,.T.);
#2334=LINE('',#176,#2337);
#2335=LINE('',#178,#2338);
#2336=LINE('',#180,#2339);
#2337=VECTOR('',#2340,1.0);
#2338=VECTOR('',#2341,1.0);
#2339=VECTOR('',#2342,1.0);
#2340=DIRECTION('',(0,0,1));
#2341=DIRECTION('',(-0.07200165921889803,-0.6390289669800092,-0.7658052888497101));
#2342=DIRECTION('',(0.111965070093279,0.9937121429664665,0));
#2343=FACE_SURFACE('',(#2348),#2344,.T.);
#2344=PLANE('',#2345);
#2345=AXIS2_PLACEMENT_3D('',#180,#2346,#2347);
#2346=DIRECTION('',(0.9937121429664665,-0.111965070093279,0));
#2347=DIRECTION('',(0.07200165921889803,0.6390289669800092,0.7658052888497101));
#2348=FACE_BOUND('',#2349,.T.);
#2349=EDGE_LOOP('',(#2350,#2351,#2352));
#2350=ORIENTED_EDGE('',*,*,#2353,.T.);
#2351=ORIENTED_EDGE('',*,*,#2354,.T.);
#2352=ORIENTED_EDGE('',*,*,#2355,.T.);
#2353=EDGE_CURVE('',#181,#179,#2356,.F.);
#2354=EDGE_CURVE('',#179,#183,#2357,.T.);
#2355=EDGE_CURVE('',#183,#181,#2358,.T.);
#2356=LINE('',#180,#2359);
#2357=LINE('',#178,#2360);
#2358=LINE('',#182,#2361);
#2359=VECTOR('',#2362,1.0);
#2360=VECTOR('',#2363,1.0);
#2361=VECTOR('',#2364,1.0);
#2362=DIRECTION('',(0.07200165921889803,0.6390289669800092,0.7658052888497101));
#2363=DIRECTION('',(-0.111965070093279,-0.9937121429664665,0));
#2364=DIRECTION('',(0,0,-1));
#2365=FACE_SURFACE('',(#2370),#2366,.T.);
#2366=PLANE('',#2367);
#2367=AXIS2_PLACEMENT_3D('',#180,#2368,#2369);
#2368=DIRECTION('',(0.9937121429664665,0.111965070093279,-0));
#2369=DIRECTION('',(0,0,1));
#2370=FACE_BOUND('',#2371,.T.);
#2371=EDGE_LOOP('',(#2372,#2373,#2374));
#2372=ORIENTED_EDGE('',*,*,#2375,.T.);
#2373=ORIENTED_EDGE('',*,*,#2376,.T.);
#2374=ORIENTED_EDGE('',*,*,#2377,.T.);
#2375=EDGE_CURVE('',#181,#183,#2378,.F.);
#2376=EDGE_CURVE('',#183,#185,#2379,.T.);
#2377=EDGE_CURVE('',#185,#181,#2380,.T.);
#2378=LINE('',#180,#2381);
#2379=LINE('',#182,#2382);
#2380=LINE('',#184,#2383);
#2381=VECTOR('',#2384,1.0);
#2382=VECTOR('',#2385,1.0);
#2383=VECTOR('',#2386,1.0);
#2384=DIRECTION('',(0,0,1));
#2385=DIRECTION('',(0.07200165921889803,-0.6390289669800092,-0.7658052888497101));
#2386=DIRECTION('',(-0.111965070093279,0.9937121429664665,0));
#2387=FACE_SURFACE('',(#2392),#2388,.T.);
#2388=PLANE('',#2389);
#2389=AXIS2_PLACEMENT_3D('',#184,#2390,#2391);
#2390=DIRECTION('',(0.9937121429664665,0.111965070093279,-0));
#2391=DIRECTION('',(-0.07200165921889803,0.6390289669800092,0.7658052888497101));
#2392=FACE_BOUND('',#2393,.T.);
#2393=EDGE_LOOP('',(#2394,#2395,#2396));
#2394=ORIENTED_EDGE('',*,*,#2397,.T.);
#2395=ORIENTED_EDGE('',*,*,#2398,.T.);
#2396=ORIENTED_EDGE('',*,*,#2399,.T.);
#2397=EDGE_CURVE('',#185,#183,#2400,.F.);
#2398=EDGE_CURVE('',#183,#187,#2401,.T.);
#2399=EDGE_CURVE('',#187,#185,#2402,.T.);
#2400=LINE('',#184,#2403);
#2401=LINE('',#182,#2404);
#2402=LINE('',#186,#2405);
#2403=VECTOR('',#2406,1.0);
#2404=VECTOR('',#2407,1.0);
#2405=VECTOR('',#2408,1.0);
#2406=DIRECTION('',(-0.07200165921889803,0.6390289669800092,0.7658052888497101));
#2407=DIRECTION('',(0.111965070093279,-0.9937121429664665,0));
#2408=DIRECTION('',(0,0,-1));
#2409=FACE_SURFACE('',(#2414),#2410,.T.);
#2410=PLANE('',#2411);
#2411=AXIS2_PLACEMENT_3D('',#184,#2412,#2413);
#2412=DIRECTION('',(0.9438828582969667,0.3302804108831588,-0));
#2413=DIRECTION('',(0,0,1));
#2414=FACE_BOUND('',#2415,.T.);
#2415=EDGE_LOOP('',(#2416,#2417,#2418));
#2416=ORIENTED_EDGE('',*,*,#2419,.T.);
#2417=ORIENTED_EDGE('',*,*,#2420,.T.);
#2418=ORIENTED_EDGE('',*,*,#2421,.T.);
#2419=EDGE_CURVE('',#185,#187,#2422,.F.);
#2420=EDGE_CURVE('',#187,#189,#2423,.T.);
#2421=EDGE_CURVE('',#189,#185,#2424,.T.);
#2422=LINE('',#184,#2425);
#2423=LINE('',#186,#2426);
#2424=LINE('',#188,#2427);
#2425=VECTOR('',#2428,1.0);
#2426=VECTOR('',#2429,1.0);
#2427=VECTOR('',#2430,1.0);
#2428=DIRECTION('',(0,0,1));
#2429=DIRECTION('',(0.2123942412377493,-0.6069850857010808,-0.7658053225366694));
#2430=DIRECTION('',(-0.3302804108831588,0.9438828582969667,0));
#2431=FACE_SURFACE('',(#2436),#2432,.T.);
#2432=PLANE('',#2433);
#2433=AXIS2_PLACEMENT_3D('',#188,#2434,#2435);
#2434=DIRECTION('',(0.9438828582969667,0.3302804108831588,-0));
#2435=DIRECTION('',(-0.2123942412377493,0.6069850857010808,0.7658053225366694));
#2436=FACE_BOUND('',#2437,.T.);
#2437=EDGE_LOOP('',(#2438,#2439,#2440));
#2438=ORIENTED_EDGE('',*,*,#2441,.T.);
#2439=ORIENTED_EDGE('',*,*,#2442,.T.);
#2440=ORIENTED_EDGE('',*,*,#2443,.T.);
#2441=EDGE_CURVE('',#189,#187,#2444,.F.);
#2442=EDGE_CURVE('',#187,#191,#2445,.T.);
#2443=EDGE_CURVE('',#191,#189,#2446,.T.);
#2444=LINE('',#188,#2447);
#2445=LINE('',#186,#2448);
#2446=LINE('',#190,#2449);
#2447=VECTOR('',#2450,1.0);
#2448=VECTOR('',#2451,1.0);
#2449=VECTOR('',#2452,1.0);
#2450=DIRECTION('',(-0.2123942412377493,0.6069850857010808,0.7658053225366694));
#2451=DIRECTION('',(0.3302804108831588,-0.9438828582969667,0));
#2452=DIRECTION('',(0,0,-1));
#2453=FACE_SURFACE('',(#2458),#2454,.T.);
#2454=PLANE('',#2455);
#2455=AXIS2_PLACEMENT_3D('',#188,#2456,#2457);
#2456=DIRECTION('',(0.8467254256187496,0.5320301247210981,-0));
#2457=DIRECTION('',(0,0,1));
#2458=FACE_BOUND('',#2459,.T.);
#2459=EDGE_LOOP('',(#2460,#2461,#2462));
#2460=ORIENTED_EDGE('',*,*,#2463,.T.);
#2461=ORIENTED_EDGE('',*,*,#2464,.T.);
#2462=ORIENTED_EDGE('',*,*,#2465,.T.);
#2463=EDGE_CURVE('',#189,#191,#2466,.F.);
#2464=EDGE_CURVE('',#191,#193,#2467,.T.);
#2465=EDGE_CURVE('',#193,#189,#2468,.T.);
#2466=LINE('',#188,#2469);
#2467=LINE('',#190,#2470);
#2468=LINE('',#192,#2471);
#2469=VECTOR('',#2472,1.0);
#2470=VECTOR('',#2473,1.0);
#2471=VECTOR('',#2474,1.0);
#2472=DIRECTION('',(0,0,1));
#2473=DIRECTION('',(0.3421332566769209,-0.5445047449708946,-0.7658063837418864));
#2474=DIRECTION('',(-0.5320301247210981,0.8467254256187496,0));
#2475=FACE_SURFACE('',(#2480),#2476,.T.);
#2476=PLANE('',#2477);
#2477=AXIS2_PLACEMENT_3D('',#192,#2478,#2479);
#2478=DIRECTION('',(0.8467254256187496,0.5320301247210981,-0));
#2479=DIRECTION('',(-0.3421332566769209,0.5445047449708946,0.7658063837418864));
#2480=FACE_BOUND('',#2481,.T.);
#2481=EDGE_LOOP('',(#2482,#2483,#2484));
#2482=ORIENTED_EDGE('',*,*,#2485,.T.);
#2483=ORIENTED_EDGE('',*,*,#2486,.T.);
#2484=ORIENTED_EDGE('',*,*,#2487,.T.);
#2485=EDGE_CURVE('',#193,#191,#2488,.F.);
#2486=EDGE_CURVE('',#191,#195,#2489,.T.);
#2487=EDGE_CURVE('',#195,#193,#2490,.T.);
#2488=LINE('',#192,#2491);
#2489=LINE('',#190,#2492);
#2490=LINE('',#194,#2493);
#2491=VECTOR('',#2494,1.0);
#2492=VECTOR('',#2495,1.0);
#2493=VECTOR('',#2496,1.0);
#2494=DIRECTION('',(-0.3421332566769209,0.5445047449708946,0.7658063837418864));
#2495=DIRECTION('',(0.5320301247210981,-0.8467254256187496,0));
#2496=DIRECTION('',(0,0,-1));
#2497=FACE_SURFACE('',(#2502),#2498,.T.);
#2498=PLANE('',#2499);
#2499=AXIS2_PLACEMENT_3D('',#192,#2500,#2501);
#2500=DIRECTION('',(0.7071067811865476,0.7071067811865476,-0));
#2501=DIRECTION('',(0,0,1));
#2502=FACE_BOUND('',#2503,.T.);
#2503=EDGE_LOOP('',(#2504,#2505,#2506));
#2504=ORIENTED_EDGE('',*,*,#2507,.T.);
#2505=ORIENTED_EDGE('',*,*,#2508,.T.);
#2506=ORIENTED_EDGE('',*,*,#2509,.T.);
#2507=EDGE_CURVE('',#193,#195,#2510,.F.);
#2508=EDGE_CURVE('',#195,#197,#2511,.T.);
#2509=EDGE_CURVE('',#197,#193,#2512,.T.);
#2510=LINE('',#192,#2513);
#2511=LINE('',#194,#2514);
#2512=LINE('',#196,#2515);
#2513=VECTOR('',#2516,1.0);
#2514=VECTOR('',#2517,1.0);
#2515=VECTOR('',#2518,1.0);
#2516=DIRECTION('',(0,0,1));
#2517=DIRECTION('',(0.45472225330173344,-0.45472225330173344,-0.7658037246608222));
#2518=DIRECTION('',(-0.7071067811865476,0.7071067811865476,0));
#2519=FACE_SURFACE('',(#2524),#2520,.T.);
#2520=PLANE('',#2521);
#2521=AXIS2_PLACEMENT_3D('',#196,#2522,#2523);
#2522=DIRECTION('',(0.7071067811865476,0.7071067811865476,-0));
#2523=DIRECTION('',(-0.45472225330173344,0.45472225330173344,0.7658037246608222));
#2524=FACE_BOUND('',#2525,.T.);
#2525=EDGE_LOOP('',(#2526,#2527,#2528));
#2526=ORIENTED_EDGE('',*,*,#2529,.T.);
#2527=ORIENTED_EDGE('',*,*,#2530,.T.);
#2528=ORIENTED_EDGE('',*,*,#2531,.T.);
#2529=EDGE_CURVE('',#197,#195,#2532,.F.);
#2530=EDGE_CURVE('',#195,#199,#2533,.T.);
#2531=EDGE_CURVE('',#199,#197,#2534,.T.);
#2532=LINE('',#196,#2535);
#2533=LINE('',#194,#2536);
#2534=LINE('',#198,#2537);
#2535=VECTOR('',#2538,1.0);
#2536=VECTOR('',#2539,1.0);
#2537=VECTOR('',#2540,1.0);
#2538=DIRECTION('',(-0.45472225330173344,0.45472225330173344,0.7658037246608222));
#2539=DIRECTION('',(0.7071067811865476,-0.7071067811865476,0));
#2540=DIRECTION('',(0,0,-1));
#2541=FACE_SURFACE('',(#2546),#2542,.T.);
#2542=PLANE('',#2543);
#2543=AXIS2_PLACEMENT_3D('',#196,#2544,#2545);
#2544=DIRECTION('',(0.5320301247210981,0.8467254256187496,-0));
#2545=DIRECTION('',(0,0,1));
#2546=FACE_BOUND('',#2547,.T.);
#2547=EDGE_LOOP('',(#2548,#2549,#2550));
#2548=ORIENTED_EDGE('',*,*,#2551,.T.);
#2549=ORIENTED_EDGE('',*,*,#2552,.T.);
#2550=ORIENTED_EDGE('',*,*,#2553,.T.);
#2551=EDGE_CURVE('',#197,#199,#2554,.F.);
#2552=EDGE_CURVE('',#199,#201,#2555,.T.);
#2553=EDGE_CURVE('',#201,#197,#2556,.T.);
#2554=LINE('',#196,#2557);
#2555=LINE('',#198,#2558);
#2556=LINE('',#200,#2559);
#2557=VECTOR('',#2560,1.0);
#2558=VECTOR('',#2561,1.0);
#2559=VECTOR('',#2562,1.0);
#2560=DIRECTION('',(0,0,1));
#2561=DIRECTION('',(0.5445047449708946,-0.3421332566769209,-0.7658063837418864));
#2562=DIRECTION('',(-0.8467254256187496,0.5320301247210981,0));
#2563=FACE_SURFACE('',(#2568),#2564,.T.);
#2564=PLANE('',#2565);
#2565=AXIS2_PLACEMENT_3D('',#200,#2566,#2567);
#2566=DIRECTION('',(0.5320301247210981,0.8467254256187496,-0));
#2567=DIRECTION('',(-0.5445047449708946,0.3421332566769209,0.7658063837418864));
#2568=FACE_BOUND('',#2569,.T.);
#2569=EDGE_LOOP('',(#2570,#2571,#2572));
#2570=ORIENTED_EDGE('',*,*,#2573,.T.);
#2571=ORIENTED_EDGE('',*,*,#2574,.T.);
#2572=ORIENTED_EDGE('',*,*,#2575,.T.);
#2573=EDGE_CURVE('',#201,#199,#2576,.F.);
#2574=EDGE_CURVE('',#199,#203,#2577,.T.);
#2575=EDGE_CURVE('',#203,#201,#2578,.T.);
#2576=LINE('',#200,#2579);
#2577=LINE('',#198,#2580);
#2578=LINE('',#202,#2581);
#2579=VECTOR('',#2582,1.0);
#2580=VECTOR('',#2583,1.0);
#2581=VECTOR('',#2584,1.0);
#2582=DIRECTION('',(-0.5445047449708946,0.3421332566769209,0.7658063837418864));
#2583=DIRECTION('',(0.8467254256187496,-0.5320301247210981,0));
#2584=DIRECTION('',(0,0,-1));
#2585=FACE_SURFACE('',(#2590),#2586,.T.);
#2586=PLANE('',#2587);
#2587=AXIS2_PLACEMENT_3D('',#200,#2588,#2589);
#2588=DIRECTION('',(0.3302804108831588,0.9438828582969667,-0));
#2589=DIRECTION('',(0,0,1));
#2590=FACE_BOUND('',#2591,.T.);
#2591=EDGE_LOOP('',(#2592,#2593,#2594));
#2592=ORIENTED_EDGE('',*,*,#2595,.T.);
#2593=ORIENTED_EDGE('',*,*,#2596,.T.);
#2594=ORIENTED_EDGE('',*,*,#2597,.T.);
#2595=EDGE_CURVE('',#201,#203,#2598,.F.);
#2596=EDGE_CURVE('',#203,#205,#2599,.T.);
#2597=EDGE_CURVE('',#205,#201,#2600,.T.);
#2598=LINE('',#200,#2601);
#2599=LINE('',#202,#2602);
#2600=LINE('',#204,#2603);
#2601=VECTOR('',#2604,1.0);
#2602=VECTOR('',#2605,1.0);
#2603=VECTOR('',#2606,1.0);
#2604=DIRECTION('',(0,0,1));
#2605=DIRECTION('',(0.6069850857010808,-0.2123942412377493,-0.7658053225366694));
#2606=DIRECTION('',(-0.9438828582969667,0.3302804108831588,0));
#2607=FACE_SURFACE('',(#2612),#2608,.T.);
#2608=PLANE('',#2609);
#2609=AXIS2_PLACEMENT_3D('',#204,#2610,#2611);
#2610=DIRECTION('',(0.3302804108831588,0.9438828582969667,-0));
#2611=DIRECTION('',(-0.6069850857010808,0.2123942412377493,0.7658053225366694));
#2612=FACE_BOUND('',#2613,.T.);
#2613=EDGE_LOOP('',(#2614,#2615,#2616));
#2614=ORIENTED_EDGE('',*,*,#2617,.T.);
#2615=ORIENTED_EDGE('',*,*,#2618,.T.);
#2616=ORIENTED_EDGE('',*,*,#2619,.T.);
#2617=EDGE_CURVE('',#205,#203,#2620,.F.);
#2618=EDGE_CURVE('',#203,#207,#2621,.T.);
#2619=EDGE_CURVE('',#207,#205,#2622,.T.);
#2620=LINE('',#204,#2623);
#2621=LINE('',#202,#2624);
#2622=LINE('',#206,#2625);
#2623=VECTOR('',#2626,1.0);
#2624=VECTOR('',#2627,1.0);
#2625=VECTOR('',#2628,1.0);
#2626=DIRECTION('',(-0.6069850857010808,0.2123942412377493,0.7658053225366694));
#2627=DIRECTION('',(0.9438828582969667,-0.3302804108831588,0));
#2628=DIRECTION('',(0,0,-1));
#2629=FACE_SURFACE('',(#2634),#2630,.T.);
#2630=PLANE('',#2631);
#2631=AXIS2_PLACEMENT_3D('',#204,#2632,#2633);
#2632=DIRECTION('',(0.111965070093279,0.9937121429664665,-0));
#2633=DIRECTION('',(0,0,1));
#2634=FACE_BOUND('',#2635,.T.);
#2635=EDGE_LOOP('',(#2636,#2637,#2638));
#2636=ORIENTED_EDGE('',*,*,#2639,.T.);
#2637=ORIENTED_EDGE('',*,*,#2640,.T.);
#2638=ORIENTED_EDGE('',*,*,#2641,.T.);
#2639=EDGE_CURVE('',#205,#207,#2642,.F.);
#2640=EDGE_CURVE('',#207,#209,#2643,.T.);
#2641=EDGE_CURVE('',#209,#205,#2644,.T.);
#2642=LINE('',#204,#2645);
#2643=LINE('',#206,#2646);
#2644=LINE('',#208,#2647);
#2645=VECTOR('',#2648,1.0);
#2646=VECTOR('',#2649,1.0);
#2647=VECTOR('',#2650,1.0);
#2648=DIRECTION('',(0,0,1));
#2649=DIRECTION('',(0.6390289669800092,-0.07200165921889803,-0.7658052888497101));
#2650=DIRECTION('',(-0.9937121429664665,0.111965070093279,0));
#2651=FACE_SURFACE('',(#2656),#2652,.T.);
#2652=PLANE('',#2653);
#2653=AXIS2_PLACEMENT_3D('',#208,#2654,#2655);
#2654=DIRECTION('',(0.111965070093279,0.9937121429664665,-0));
#2655=DIRECTION('',(-0.6390289669800092,0.07200165921889803,0.7658052888497101));
#2656=FACE_BOUND('',#2657,.T.);
#2657=EDGE_LOOP('',(#2658,#2659,#2660));
#2658=ORIENTED_EDGE('',*,*,#2661,.T.);
#2659=ORIENTED_EDGE('',*,*,#2662,.T.);
#2660=ORIENTED_EDGE('',*,*,#2663,.T.);
#2661=EDGE_CURVE('',#209,#207,#2664,.F.);
#2662=EDGE_CURVE('',#207,#211,#2665,.T.);
#2663=EDGE_CURVE('',#211,#209,#2666,.T.);
#2664=LINE('',#208,#2667);
#2665=LINE('',#206,#2668);
#2666=LINE('',#210,#2669);
#2667=VECTOR('',#2670,1.0);
#2668=VECTOR('',#2671,1.0);
#2669=VECTOR('',#2672,1.0);
#2670=DIRECTION('',(-0.6390289669800092,0.07200165921889803,0.7658052888497101));
#2671=DIRECTION('',(0.9937121429664665,-0.111965070093279,0));
#2672=DIRECTION('',(0,0,-1));
#2673=FACE_SURFACE('',(#2678),#2674,.T.);
#2674=PLANE('',#2675);
#2675=AXIS2_PLACEMENT_3D('',#208,#2676,#2677);
#2676=DIRECTION('',(-0.111965070093279,0.9937121429664665,0));
#2677=DIRECTION('',(0,0,1));
#2678=FACE_BOUND('',#2679,.T.);
#2679=EDGE_LOOP('',(#2680,#2681,#2682));
#2680=ORIENTED_EDGE('',*,*,#2683,.T.);
#2681=ORIENTED_EDGE('',*,*,#2684,.T.);
#2682=ORIENTED_EDGE('',*,*,#2685,.T.);
#2683=EDGE_CURVE('',#209,#211,#2686,.F.);
#2684=EDGE_CURVE('',#211,#213,#2687,.T.);
#2685=EDGE_CURVE('',#213,#209,#2688,.T.);
#2686=LINE('',#208,#2689);
#2687=LINE('',#210,#2690);
#2688=LINE('',#212,#2691);
#2689=VECTOR('',#2692,1.0);
#2690=VECTOR('',#2693,1.0);
#2691=VECTOR('',#2694,1.0);
#2692=DIRECTION('',(0,0,1));
#2693=DIRECTION('',(0.6390289669800092,0.07200165921889803,-0.7658052888497101));
#2694=DIRECTION('',(-0.9937121429664665,-0.111965070093279,0));
#2695=FACE_SURFACE('',(#2700),#2696,.T.);
#2696=PLANE('',#2697);
#2697=AXIS2_PLACEMENT_3D('',#212,#2698,#2699);
#2698=DIRECTION('',(-0.111965070093279,0.9937121429664665,0));
#2699=DIRECTION('',(-0.6390289669800092,-0.07200165921889803,0.7658052888497101));
#2700=FACE_BOUND('',#2701,.T.);
#2701=EDGE_LOOP('',(#2702,#2703,#2704));
#2702=ORIENTED_EDGE('',*,*,#2705,.T.);
#2703=ORIENTED_EDGE('',*,*,#2706,.T.);
#2704=ORIENTED_EDGE('',*,*,#2707,.T.);
#2705=EDGE_CURVE('',#213,#211,#2708,.F.);
#2706=EDGE_CURVE('',#211,#215,#2709,.T.);
#2707=EDGE_CURVE('',#215,#213,#2710,.T.);
#2708=LINE('',#212,#2711);
#2709=LINE('',#210,#2712);
#2710=LINE('',#214,#2713);
#2711=VECTOR('',#2714,1.0);
#2712=VECTOR('',#2715,1.0);
#2713=VECTOR('',#2716,1.0);
#2714=DIRECTION('',(-0.6390289669800092,-0.07200165921889803,0.7658052888497101));
#2715=DIRECTION('',(0.9937121429664665,0.111965070093279,0));
#2716=DIRECTION('',(0,0,-1));
#2717=FACE_SURFACE('',(#2722),#2718,.T.);
#2718=PLANE('',#2719);
#2719=AXIS2_PLACEMENT_3D('',#212,#2720,#2721);
#2720=DIRECTION('',(-0.3302804108831588,0.9438828582969667,0));
#2721=DIRECTION('',(0,0,1));
#2722=FACE_BOUND('',#2723,.T.);
#2723=EDGE_LOOP('',(#2724,#2725,#2726));
#2724=ORIENTED_EDGE('',*,*,#2727,.T.);
#2725=ORIENTED_EDGE('',*,*,#2728,.T.);
#2726=ORIENTED_EDGE('',*,*,#2729,.T.);
#2727=EDGE_CURVE('',#213,#215,#2730,.F.);
#2728=EDGE_CURVE('',#215,#217,#2731,.T.);
#2729=EDGE_CURVE('',#217,#213,#2732,.T.);
#2730=LINE('',#212,#2733);
#2731=LINE('',#214,#2734);
#2732=LINE('',#216,#2735);
#2733=VECTOR('',#2736,1.0);
#2734=VECTOR('',#2737,1.0);
#2735=VECTOR('',#2738,1.0);
#2736=DIRECTION('',(0,0,1));
#2737=DIRECTION('',(0.6069850857010808,0.2123942412377493,-0.7658053225366694));
#2738=DIRECTION('',(-0.9438828582969667,-0.3302804108831588,0));
#2739=FACE_SURFACE('',(#2744),#2740,.T.);
#2740=PLANE('',#2741);
#2741=AXIS2_PLACEMENT_3D('',#216,#2742,#2743);
#2742=DIRECTION('',(-0.3302804108831588,0.9438828582969667,0));
#2743=DIRECTION('',(-0.6069850857010808,-0.2123942412377493,0.7658053225366694));
#2744=FACE_BOUND('',#2745,.T.);
#2745=EDGE_LOOP('',(#2746,#2747,#2748));
#2746=ORIENTED_EDGE('',*,*,#2749,.T.);
#2747=ORIENTED_EDGE('',*,*,#2750,.T.);
#2748=ORIENTED_EDGE('',*,*,#2751,.T.);
#2749=EDGE_CURVE('',#217,#215,#2752,.F.);
#2750=EDGE_CURVE('',#215,#219,#2753,.T.);
#2751=EDGE_CURVE('',#219,#217,#2754,.T.);
#2752=LINE('',#216,#2755);
#2753=LINE('',#214,#2756);
#2754=LINE('',#218,#2757);
#2755=VECTOR('',#2758,1.0);
#2756=VECTOR('',#2759,1.0);
#2757=VECTOR('',#2760,1.0);
#2758=DIRECTION('',(-0.6069850857010808,-0.2123942412377493,0.7658053225366694));
#2759=DIRECTION('',(0.9438828582969667,0.3302804108831588,0));
#2760=DIRECTION('',(0,0,-1));
#2761=FACE_SURFACE('',(#2766),#2762,.T.);
#2762=PLANE('',#2763);
#2763=AXIS2_PLACEMENT_3D('',#216,#2764,#2765);
#2764=DIRECTION('',(-0.5320291015031454,0.8467260685450495,0));
#2765=DIRECTION('',(0,0,1));
#2766=FACE_BOUND('',#2767,.T.);
#2767=EDGE_LOOP('',(#2768,#2769,#2770));
#2768=ORIENTED_EDGE('',*,*,#2771,.T.);
#2769=ORIENTED_EDGE('',*,*,#2772,.T.);
#2770=ORIENTED_EDGE('',*,*,#2773,.T.);
#2771=EDGE_CURVE('',#217,#219,#2774,.F.);
#2772=EDGE_CURVE('',#219,#221,#2775,.T.);
#2773=EDGE_CURVE('',#221,#217,#2776,.T.);
#2774=LINE('',#216,#2777);
#2775=LINE('',#218,#2778);
#2776=LINE('',#220,#2779);
#2777=VECTOR('',#2780,1.0);
#2778=VECTOR('',#2781,1.0);
#2779=VECTOR('',#2782,1.0);
#2780=DIRECTION('',(0,0,1));
#2781=DIRECTION('',(0.5445057725651095,0.3421329845659267,-0.7658057746682801));
#2782=DIRECTION('',(-0.8467260685450495,-0.5320291015031454,0));
#2783=FACE_SURFACE('',(#2788),#2784,.T.);
#2784=PLANE('',#2785);
#2785=AXIS2_PLACEMENT_3D('',#220,#2786,#2787);
#2786=DIRECTION('',(-0.5320291015031454,0.8467260685450495,0));
#2787=DIRECTION('',(-0.5445057725651095,-0.3421329845659267,0.7658057746682801));
#2788=FACE_BOUND('',#2789,.T.);
#2789=EDGE_LOOP('',(#2790,#2791,#2792));
#2790=ORIENTED_EDGE('',*,*,#2793,.T.);
#2791=ORIENTED_EDGE('',*,*,#2794,.T.);
#2792=ORIENTED_EDGE('',*,*,#2795,.T.);
#2793=EDGE_CURVE('',#221,#219,#2796,.F.);
#2794=EDGE_CURVE('',#219,#223,#2797,.T.);
#2795=EDGE_CURVE('',#223,#221,#2798,.T.);
#2796=LINE('',#220,#2799);
#2797=LINE('',#218,#2800);
#2798=LINE('',#222,#2801);
#2799=VECTOR('',#2802,1.0);
#2800=VECTOR('',#2803,1.0);
#2801=VECTOR('',#2804,1.0);
#2802=DIRECTION('',(-0.5445057725651095,-0.3421329845659267,0.7658057746682801));
#2803=DIRECTION('',(0.8467260685450495,0.5320291015031454,0));
#2804=DIRECTION('',(0,0,-1));
#2805=FACE_SURFACE('',(#2810),#2806,.T.);
#2806=PLANE('',#2807);
#2807=AXIS2_PLACEMENT_3D('',#220,#2808,#2809);
#2808=DIRECTION('',(-0.7071090525521684,0.7071045098136307,0));
#2809=DIRECTION('',(0,0,1));
#2810=FACE_BOUND('',#2811,.T.);
#2811=EDGE_LOOP('',(#2812,#2813,#2814));
#2812=ORIENTED_EDGE('',*,*,#2815,.T.);
#2813=ORIENTED_EDGE('',*,*,#2816,.T.);
#2814=ORIENTED_EDGE('',*,*,#2817,.T.);
#2815=EDGE_CURVE('',#221,#223,#2818,.F.);
#2816=EDGE_CURVE('',#223,#225,#2819,.T.);
#2817=EDGE_CURVE('',#225,#221,#2820,.T.);
#2818=LINE('',#220,#2821);
#2819=LINE('',#222,#2822);
#2820=LINE('',#224,#2823);
#2821=VECTOR('',#2824,1.0);
#2822=VECTOR('',#2825,1.0);
#2823=VECTOR('',#2826,1.0);
#2824=DIRECTION('',(0,0,1));
#2825=DIRECTION('',(0.45471993603368077,0.45472285734693585,-0.7658047419412886));
#2826=DIRECTION('',(-0.7071045098136307,-0.7071090525521684,0));
#2827=FACE_SURFACE('',(#2832),#2828,.T.);
#2828=PLANE('',#2829);
#2829=AXIS2_PLACEMENT_3D('',#224,#2830,#2831);
#2830=DIRECTION('',(-0.7071090525521684,0.7071045098136307,0));
#2831=DIRECTION('',(-0.45471993603368077,-0.45472285734693585,0.7658047419412886));
#2832=FACE_BOUND('',#2833,.T.);
#2833=EDGE_LOOP('',(#2834,#2835,#2836));
#2834=ORIENTED_EDGE('',*,*,#2837,.T.);
#2835=ORIENTED_EDGE('',*,*,#2838,.T.);
#2836=ORIENTED_EDGE('',*,*,#2839,.T.);
#2837=EDGE_CURVE('',#225,#223,#2840,.F.);
#2838=EDGE_CURVE('',#223,#227,#2841,.T.);
#2839=EDGE_CURVE('',#227,#225,#2842,.T.);
#2840=LINE('',#224,#2843);
#2841=LINE('',#222,#2844);
#2842=LINE('',#226,#2845);
#2843=VECTOR('',#2846,1.0);
#2844=VECTOR('',#2847,1.0);
#2845=VECTOR('',#2848,1.0);
#2846=DIRECTION('',(-0.45471993603368077,-0.45472285734693585,0.7658047419412886));
#2847=DIRECTION('',(0.7071045098136307,0.7071090525521684,0));
#2848=DIRECTION('',(0,0,-1));
#2849=FACE_SURFACE('',(#2854),#2850,.T.);
#2850=PLANE('',#2851);
#2851=AXIS2_PLACEMENT_3D('',#224,#2852,#2853);
#2852=DIRECTION('',(-0.8467233791783675,0.5320333816150699,0));
#2853=DIRECTION('',(0,0,1));
#2854=FACE_BOUND('',#2855,.T.);
#2855=EDGE_LOOP('',(#2856,#2857,#2858));
#2856=ORIENTED_EDGE('',*,*,#2859,.T.);
#2857=ORIENTED_EDGE('',*,*,#2860,.T.);
#2858=ORIENTED_EDGE('',*,*,#2861,.T.);
#2859=EDGE_CURVE('',#225,#227,#2862,.F.);
#2860=EDGE_CURVE('',#227,#229,#2863,.T.);
#2861=EDGE_CURVE('',#229,#225,#2864,.T.);
#2862=LINE('',#224,#2865);
#2863=LINE('',#226,#2866);
#2864=LINE('',#228,#2867);
#2865=VECTOR('',#2868,1.0);
#2866=VECTOR('',#2869,1.0);
#2867=VECTOR('',#2870,1.0);
#2868=DIRECTION('',(0,0,1));
#2869=DIRECTION('',(0.3421358360370328,0.5445042007474793,-0.7658056183311724));
#2870=DIRECTION('',(-0.5320333816150699,-0.8467233791783675,0));
#2871=FACE_SURFACE('',(#2876),#2872,.T.);
#2872=PLANE('',#2873);
#2873=AXIS2_PLACEMENT_3D('',#228,#2874,#2875);
#2874=DIRECTION('',(-0.8467233791783675,0.5320333816150699,0));
#2875=DIRECTION('',(-0.3421358360370328,-0.5445042007474793,0.7658056183311724));
#2876=FACE_BOUND('',#2877,.T.);
#2877=EDGE_LOOP('',(#2878,#2879,#2880));
#2878=ORIENTED_EDGE('',*,*,#2881,.T.);
#2879=ORIENTED_EDGE('',*,*,#2882,.T.);
#2880=ORIENTED_EDGE('',*,*,#2883,.T.);
#2881=EDGE_CURVE('',#229,#227,#2884,.F.);
#2882=EDGE_CURVE('',#227,#231,#2885,.T.);
#2883=EDGE_CURVE('',#231,#229,#2886,.T.);
#2884=LINE('',#228,#2887);
#2885=LINE('',#226,#2888);
#2886=LINE('',#230,#2889);
#2887=VECTOR('',#2890,1.0);
#2888=VECTOR('',#2891,1.0);
#2889=VECTOR('',#2892,1.0);
#2890=DIRECTION('',(-0.3421358360370328,-0.5445042007474793,0.7658056183311724));
#2891=DIRECTION('',(0.5320333816150699,0.8467233791783675,0));
#2892=DIRECTION('',(0,0,-1));
#2893=FACE_SURFACE('',(#2898),#2894,.T.);
#2894=PLANE('',#2895);
#2895=AXIS2_PLACEMENT_3D('',#228,#2896,#2897);
#2896=DIRECTION('',(-0.9438835663869525,0.33027838728055997,0));
#2897=DIRECTION('',(0,0,1));
#2898=FACE_BOUND('',#2899,.T.);
#2899=EDGE_LOOP('',(#2900,#2901,#2902));
#2900=ORIENTED_EDGE('',*,*,#2903,.T.);
#2901=ORIENTED_EDGE('',*,*,#2904,.T.);
#2902=ORIENTED_EDGE('',*,*,#2905,.T.);
#2903=EDGE_CURVE('',#229,#231,#2906,.F.);
#2904=EDGE_CURVE('',#231,#121,#2907,.T.);
#2905=EDGE_CURVE('',#121,#229,#2908,.T.);
#2906=LINE('',#228,#2909);
#2907=LINE('',#230,#2910);
#2908=LINE('',#120,#2911);
#2909=VECTOR('',#2912,1.0);
#2910=VECTOR('',#2913,1.0);
#2911=VECTOR('',#2914,1.0);
#2912=DIRECTION('',(0,0,1));
#2913=DIRECTION('',(0.2123928464715546,0.6069852740087157,-0.7658055601158004));
#2914=DIRECTION('',(-0.33027838728055997,-0.9438835663869525,0));
#2915=FACE_SURFACE('',(#2920),#2916,.T.);
#2916=PLANE('',#2917);
#2917=AXIS2_PLACEMENT_3D('',#120,#2918,#2919);
#2918=DIRECTION('',(-0.9438835663869525,0.33027838728055997,0));
#2919=DIRECTION('',(-0.2123928464715546,-0.6069852740087157,0.7658055601158004));
#2920=FACE_BOUND('',#2921,.T.);
#2921=EDGE_LOOP('',(#2922,#2923,#2924));
#2922=ORIENTED_EDGE('',*,*,#2925,.T.);
#2923=ORIENTED_EDGE('',*,*,#2926,.T.);
#2924=ORIENTED_EDGE('',*,*,#2927,.T.);
#2925=EDGE_CURVE('',#121,#231,#2928,.F.);
#2926=EDGE_CURVE('',#231,#123,#2929,.T.);
#2927=EDGE_CURVE('',#123,#121,#2930,.T.);
#2928=LINE('',#120,#2931);
#2929=LINE('',#230,#2932);
#2930=LINE('',#122,#2933);
#2931=VECTOR('',#2934,1.0);
#2932=VECTOR('',#2935,1.0);
#2933=VECTOR('',#2936,1.0);
#2934=DIRECTION('',(-0.2123928464715546,-0.6069852740087157,0.7658055601158004));
#2935=DIRECTION('',(0.33027838728055997,0.9438835663869525,0));
#2936=DIRECTION('',(0,0,-1));
#2937=FACE_SURFACE('',(#2942),#2938,.T.);
#2938=PLANE('',#2939);
#2939=AXIS2_PLACEMENT_3D('',#232,#2940,#2941);
#2940=DIRECTION('',(-0.9914449092601803,0.13052582848644545,0));
#2941=DIRECTION('',(0,0,1));
#2942=FACE_BOUND('',#2943,.T.);
#2943=EDGE_LOOP('',(#2944,#2945,#2946));
#2944=ORIENTED_EDGE('',*,*,#2947,.T.);
#2945=ORIENTED_EDGE('',*,*,#2948,.T.);
#2946=ORIENTED_EDGE('',*,*,#2949,.T.);
#2947=EDGE_CURVE('',#233,#235,#2950,.F.);
#2948=EDGE_CURVE('',#235,#237,#2951,.T.);
#2949=EDGE_CURVE('',#237,#233,#2952,.T.);
#2950=LINE('',#232,#2953);
#2951=LINE('',#234,#2954);
#2952=LINE('',#236,#2955);
#2953=VECTOR('',#2956,1.0);
#2954=VECTOR('',#2957,1.0);
#2955=VECTOR('',#2958,1.0);
#2956=DIRECTION('',(0,0,1));
#2957=DIRECTION('',(0.04759251282712112,0.36150204988929885,-0.931155851964984));
#2958=DIRECTION('',(-0.13052582848644545,-0.9914449092601803,0));
#2959=FACE_SURFACE('',(#2964),#2960,.T.);
#2960=PLANE('',#2961);
#2961=AXIS2_PLACEMENT_3D('',#236,#2962,#2963);
#2962=DIRECTION('',(-0.9914449092601803,0.13052582848644545,0));
#2963=DIRECTION('',(-0.04759251282712112,-0.36150204988929885,0.931155851964984));
#2964=FACE_BOUND('',#2965,.T.);
#2965=EDGE_LOOP('',(#2966,#2967,#2968));
#2966=ORIENTED_EDGE('',*,*,#2969,.T.);
#2967=ORIENTED_EDGE('',*,*,#2970,.T.);
#2968=ORIENTED_EDGE('',*,*,#2971,.T.);
#2969=EDGE_CURVE('',#237,#235,#2972,.F.);
#2970=EDGE_CURVE('',#235,#239,#2973,.T.);
#2971=EDGE_CURVE('',#239,#237,#2974,.T.);
#2972=LINE('',#236,#2975);
#2973=LINE('',#234,#2976);
#2974=LINE('',#238,#2977);
#2975=VECTOR('',#2978,1.0);
#2976=VECTOR('',#2979,1.0);
#2977=VECTOR('',#2980,1.0);
#2978=DIRECTION('',(-0.04759251282712112,-0.36150204988929885,0.931155851964984));
#2979=DIRECTION('',(0.13052582848644545,0.9914449092601803,0));
#2980=DIRECTION('',(0,0,-1));
#2981=FACE_SURFACE('',(#2986),#2982,.T.);
#2982=PLANE('',#2983);
#2983=AXIS2_PLACEMENT_3D('',#236,#2984,#2985);
#2984=DIRECTION('',(-0.991444826273891,-0.1305264588301315,0));
#2985=DIRECTION('',(0,0,1));
#2986=FACE_BOUND('',#2987,.T.);
#2987=EDGE_LOOP('',(#2988,#2989,#2990));
#2988=ORIENTED_EDGE('',*,*,#2991,.T.);
#2989=ORIENTED_EDGE('',*,*,#2992,.T.);
#2990=ORIENTED_EDGE('',*,*,#2993,.T.);
#2991=EDGE_CURVE('',#237,#239,#2994,.F.);
#2992=EDGE_CURVE('',#239,#241,#2995,.T.);
#2993=EDGE_CURVE('',#241,#237,#2996,.T.);
#2994=LINE('',#236,#2997);
#2995=LINE('',#238,#2998);
#2996=LINE('',#240,#2999);
#2997=VECTOR('',#3000,1.0);
#2998=VECTOR('',#3001,1.0);
#2999=VECTOR('',#3002,1.0);
#3000=DIRECTION('',(0,0,1));
#3001=DIRECTION('',(-0.04759254338345246,0.3615005059483548,-0.9311564498049603));
#3002=DIRECTION('',(0.1305264588301315,-0.991444826273891,0));
#3003=FACE_SURFACE('',(#3008),#3004,.T.);
#3004=PLANE('',#3005);
#3005=AXIS2_PLACEMENT_3D('',#240,#3006,#3007);
#3006=DIRECTION('',(-0.991444826273891,-0.1305264588301315,0));
#3007=DIRECTION('',(0.04759254338345246,-0.3615005059483548,0.9311564498049603));
#3008=FACE_BOUND('',#3009,.T.);
#3009=EDGE_LOOP('',(#3010,#3011,#3012));
#3010=ORIENTED_EDGE('',*,*,#3013,.T.);
#3011=ORIENTED_EDGE('',*,*,#3014,.T.);
#3012=ORIENTED_EDGE('',*,*,#3015,.T.);
#3013=EDGE_CURVE('',#241,#239,#3016,.F.);
#3014=EDGE_CURVE('',#239,#243,#3017,.T.);
#3015=EDGE_CURVE('',#243,#241,#3018,.T.);
#3016=LINE('',#240,#3019);
#3017=LINE('',#238,#3020);
#3018=LINE('',#242,#3021);
#3019=VECTOR('',#3022,1.0);
#3020=VECTOR('',#3023,1.0);
#3021=VECTOR('',#3024,1.0);
#3022=DIRECTION('',(0.04759254338345246,-0.3615005059483548,0.9311564498049603));
#3023=DIRECTION('',(-0.1305264588301315,0.991444826273891,0));
#3024=DIRECTION('',(0,0,-1));
#3025=FACE_SURFACE('',(#3030),#3026,.T.);
#3026=PLANE('',#3027);
#3027=AXIS2_PLACEMENT_3D('',#240,#3028,#3029);
#3028=DIRECTION('',(-0.9238797546929356,-0.3826828959706995,0));
#3029=DIRECTION('',(0,0,1));
#3030=FACE_BOUND('',#3031,.T.);
#3031=EDGE_LOOP('',(#3032,#3033,#3034));
#3032=ORIENTED_EDGE('',*,*,#3035,.T.);
#3033=ORIENTED_EDGE('',*,*,#3036,.T.);
#3034=ORIENTED_EDGE('',*,*,#3037,.T.);
#3035=EDGE_CURVE('',#241,#243,#3038,.F.);
#3036=EDGE_CURVE('',#243,#245,#3039,.T.);
#3037=EDGE_CURVE('',#245,#241,#3040,.T.);
#3038=LINE('',#240,#3041);
#3039=LINE('',#242,#3042);
#3040=LINE('',#244,#3043);
#3041=VECTOR('',#3044,1.0);
#3042=VECTOR('',#3045,1.0);
#3043=VECTOR('',#3046,1.0);
#3044=DIRECTION('',(0,0,1));
#3045=DIRECTION('',(-0.13953447681084655,0.3368665795219716,-0.9311557535569924));
#3046=DIRECTION('',(0.3826828959706995,-0.9238797546929356,0));
#3047=FACE_SURFACE('',(#3052),#3048,.T.);
#3048=PLANE('',#3049);
#3049=AXIS2_PLACEMENT_3D('',#244,#3050,#3051);
#3050=DIRECTION('',(-0.9238797546929356,-0.3826828959706995,0));
#3051=DIRECTION('',(0.13953447681084655,-0.3368665795219716,0.9311557535569924));
#3052=FACE_BOUND('',#3053,.T.);
#3053=EDGE_LOOP('',(#3054,#3055,#3056));
#3054=ORIENTED_EDGE('',*,*,#3057,.T.);
#3055=ORIENTED_EDGE('',*,*,#3058,.T.);
#3056=ORIENTED_EDGE('',*,*,#3059,.T.);
#3057=EDGE_CURVE('',#245,#243,#3060,.F.);
#3058=EDGE_CURVE('',#243,#247,#3061,.T.);
#3059=EDGE_CURVE('',#247,#245,#3062,.T.);
#3060=LINE('',#244,#3063);
#3061=LINE('',#242,#3064);
#3062=LINE('',#246,#3065);
#3063=VECTOR('',#3066,1.0);
#3064=VECTOR('',#3067,1.0);
#3065=VECTOR('',#3068,1.0);
#3066=DIRECTION('',(0.13953447681084655,-0.3368665795219716,0.9311557535569924));
#3067=DIRECTION('',(-0.3826828959706995,0.9238797546929356,0));
#3068=DIRECTION('',(0,0,-1));
#3069=FACE_SURFACE('',(#3074),#3070,.T.);
#3070=PLANE('',#3071);
#3071=AXIS2_PLACEMENT_3D('',#244,#3072,#3073);
#3072=DIRECTION('',(-0.7933542416844079,-0.6087602542884663,0));
#3073=DIRECTION('',(0,0,1));
#3074=FACE_BOUND('',#3075,.T.);
#3075=EDGE_LOOP('',(#3076,#3077,#3078));
#3076=ORIENTED_EDGE('',*,*,#3079,.T.);
#3077=ORIENTED_EDGE('',*,*,#3080,.T.);
#3078=ORIENTED_EDGE('',*,*,#3081,.T.);
#3079=EDGE_CURVE('',#245,#247,#3082,.F.);
#3080=EDGE_CURVE('',#247,#249,#3083,.T.);
#3081=EDGE_CURVE('',#249,#245,#3084,.T.);
#3082=LINE('',#244,#3085);
#3083=LINE('',#246,#3086);
#3084=LINE('',#248,#3087);
#3085=VECTOR('',#3088,1.0);
#3086=VECTOR('',#3089,1.0);
#3087=VECTOR('',#3090,1.0);
#3088=DIRECTION('',(0,0,1));
#3089=DIRECTION('',(-0.22196594789129828,0.28927254206976594,-0.9311565466564755));
#3090=DIRECTION('',(0.6087602542884663,-0.7933542416844079,0));
#3091=FACE_SURFACE('',(#3096),#3092,.T.);
#3092=PLANE('',#3093);
#3093=AXIS2_PLACEMENT_3D('',#248,#3094,#3095);
#3094=DIRECTION('',(-0.7933542416844079,-0.6087602542884663,0));
#3095=DIRECTION('',(0.22196594789129828,-0.28927254206976594,0.9311565466564755));
#3096=FACE_BOUND('',#3097,.T.);
#3097=EDGE_LOOP('',(#3098,#3099,#3100));
#3098=ORIENTED_EDGE('',*,*,#3101,.T.);
#3099=ORIENTED_EDGE('',*,*,#3102,.T.);
#3100=ORIENTED_EDGE('',*,*,#3103,.T.);
#3101=EDGE_CURVE('',#249,#247,#3104,.F.);
#3102=EDGE_CURVE('',#247,#251,#3105,.T.);
#3103=EDGE_CURVE('',#251,#249,#3106,.T.);
#3104=LINE('',#248,#3107);
#3105=LINE('',#246,#3108);
#3106=LINE('',#250,#3109);
#3107=VECTOR('',#3110,1.0);
#3108=VECTOR('',#3111,1.0);
#3109=VECTOR('',#3112,1.0);
#3110=DIRECTION('',(0.22196594789129828,-0.28927254206976594,0.9311565466564755));
#3111=DIRECTION('',(-0.6087602542884663,0.7933542416844079,0));
#3112=DIRECTION('',(0,0,-1));
#3113=FACE_SURFACE('',(#3118),#3114,.T.);
#3114=PLANE('',#3115);
#3115=AXIS2_PLACEMENT_3D('',#248,#3116,#3117);
#3116=DIRECTION('',(-0.6087609676247296,-0.7933536943234101,0));
#3117=DIRECTION('',(0,0,1));
#3118=FACE_BOUND('',#3119,.T.);
#3119=EDGE_LOOP('',(#3120,#3121,#3122));
#3120=ORIENTED_EDGE('',*,*,#3123,.T.);
#3121=ORIENTED_EDGE('',*,*,#3124,.T.);
#3122=ORIENTED_EDGE('',*,*,#3125,.T.);
#3123=EDGE_CURVE('',#249,#251,#3126,.F.);
#3124=EDGE_CURVE('',#251,#253,#3127,.T.);
#3125=EDGE_CURVE('',#253,#249,#3128,.T.);
#3126=LINE('',#248,#3129);
#3127=LINE('',#250,#3130);
#3128=LINE('',#252,#3131);
#3129=VECTOR('',#3132,1.0);
#3130=VECTOR('',#3133,1.0);
#3131=VECTOR('',#3134,1.0);
#3132=DIRECTION('',(0,0,1));
#3133=DIRECTION('',(-0.28927405545405527,0.22196752238876427,-0.9311557011830823));
#3134=DIRECTION('',(0.7933536943234101,-0.6087609676247296,0));
#3135=FACE_SURFACE('',(#3140),#3136,.T.);
#3136=PLANE('',#3137);
#3137=AXIS2_PLACEMENT_3D('',#252,#3138,#3139);
#3138=DIRECTION('',(-0.6087609676247296,-0.7933536943234101,0));
#3139=DIRECTION('',(0.28927405545405527,-0.22196752238876427,0.9311557011830823));
#3140=FACE_BOUND('',#3141,.T.);
#3141=EDGE_LOOP('',(#3142,#3143,#3144));
#3142=ORIENTED_EDGE('',*,*,#3145,.T.);
#3143=ORIENTED_EDGE('',*,*,#3146,.T.);
#3144=ORIENTED_EDGE('',*,*,#3147,.T.);
#3145=EDGE_CURVE('',#253,#251,#3148,.F.);
#3146=EDGE_CURVE('',#251,#255,#3149,.T.);
#3147=EDGE_CURVE('',#255,#253,#3150,.T.);
#3148=LINE('',#252,#3151);
#3149=LINE('',#250,#3152);
#3150=LINE('',#254,#3153);
#3151=VECTOR('',#3154,1.0);
#3152=VECTOR('',#3155,1.0);
#3153=VECTOR('',#3156,1.0);
#3154=DIRECTION('',(0.28927405545405527,-0.22196752238876427,0.9311557011830823));
#3155=DIRECTION('',(-0.7933536943234101,0.6087609676247296,0));
#3156=DIRECTION('',(0,0,-1));
#3157=FACE_SURFACE('',(#3162),#3158,.T.);
#3158=PLANE('',#3159);
#3159=AXIS2_PLACEMENT_3D('',#252,#3160,#3161);
#3160=DIRECTION('',(-0.3826846181018637,-0.9238790413621422,0));
#3161=DIRECTION('',(0,0,1));
#3162=FACE_BOUND('',#3163,.T.);
#3163=EDGE_LOOP('',(#3164,#3165,#3166));
#3164=ORIENTED_EDGE('',*,*,#3167,.T.);
#3165=ORIENTED_EDGE('',*,*,#3168,.T.);
#3166=ORIENTED_EDGE('',*,*,#3169,.T.);
#3167=EDGE_CURVE('',#253,#255,#3170,.F.);
#3168=EDGE_CURVE('',#255,#257,#3171,.T.);
#3169=EDGE_CURVE('',#257,#253,#3172,.T.);
#3170=LINE('',#252,#3173);
#3171=LINE('',#254,#3174);
#3172=LINE('',#256,#3175);
#3173=VECTOR('',#3176,1.0);
#3174=VECTOR('',#3177,1.0);
#3175=VECTOR('',#3178,1.0);
#3176=DIRECTION('',(0,0,1));
#3177=DIRECTION('',(-0.33686500502515954,0.1395345602925137,-0.931156310655399));
#3178=DIRECTION('',(0.9238790413621422,-0.3826846181018637,0));
#3179=FACE_SURFACE('',(#3184),#3180,.T.);
#3180=PLANE('',#3181);
#3181=AXIS2_PLACEMENT_3D('',#256,#3182,#3183);
#3182=DIRECTION('',(-0.3826846181018637,-0.9238790413621422,0));
#3183=DIRECTION('',(0.33686500502515954,-0.1395345602925137,0.931156310655399));
#3184=FACE_BOUND('',#3185,.T.);
#3185=EDGE_LOOP('',(#3186,#3187,#3188));
#3186=ORIENTED_EDGE('',*,*,#3189,.T.);
#3187=ORIENTED_EDGE('',*,*,#3190,.T.);
#3188=ORIENTED_EDGE('',*,*,#3191,.T.);
#3189=EDGE_CURVE('',#257,#255,#3192,.F.);
#3190=EDGE_CURVE('',#255,#259,#3193,.T.);
#3191=EDGE_CURVE('',#259,#257,#3194,.T.);
#3192=LINE('',#256,#3195);
#3193=LINE('',#254,#3196);
#3194=LINE('',#258,#3197);
#3195=VECTOR('',#3198,1.0);
#3196=VECTOR('',#3199,1.0);
#3197=VECTOR('',#3200,1.0);
#3198=DIRECTION('',(0.33686500502515954,-0.1395345602925137,0.931156310655399));
#3199=DIRECTION('',(-0.9238790413621422,0.3826846181018637,0));
#3200=DIRECTION('',(0,0,-1));
#3201=FACE_SURFACE('',(#3206),#3202,.T.);
#3202=PLANE('',#3203);
#3203=AXIS2_PLACEMENT_3D('',#256,#3204,#3205);
#3204=DIRECTION('',(-0.13052582848644545,-0.9914449092601803,0));
#3205=DIRECTION('',(0,0,1));
#3206=FACE_BOUND('',#3207,.T.);
#3207=EDGE_LOOP('',(#3208,#3209,#3210));
#3208=ORIENTED_EDGE('',*,*,#3211,.T.);
#3209=ORIENTED_EDGE('',*,*,#3212,.T.);
#3210=ORIENTED_EDGE('',*,*,#3213,.T.);
#3211=EDGE_CURVE('',#257,#259,#3214,.F.);
#3212=EDGE_CURVE('',#259,#261,#3215,.T.);
#3213=EDGE_CURVE('',#261,#257,#3216,.T.);
#3214=LINE('',#256,#3217);
#3215=LINE('',#258,#3218);
#3216=LINE('',#260,#3219);
#3217=VECTOR('',#3220,1.0);
#3218=VECTOR('',#3221,1.0);
#3219=VECTOR('',#3222,1.0);
#3220=DIRECTION('',(0,0,1));
#3221=DIRECTION('',(-0.36150204988929885,0.04759251282712112,-0.931155851964984));
#3222=DIRECTION('',(0.9914449092601803,-0.13052582848644545,0));
#3223=FACE_SURFACE('',(#3228),#3224,.T.);
#3224=PLANE('',#3225);
#3225=AXIS2_PLACEMENT_3D('',#260,#3226,#3227);
#3226=DIRECTION('',(-0.13052582848644545,-0.9914449092601803,0));
#3227=DIRECTION('',(0.36150204988929885,-0.04759251282712112,0.931155851964984));
#3228=FACE_BOUND('',#3229,.T.);
#3229=EDGE_LOOP('',(#3230,#3231,#3232));
#3230=ORIENTED_EDGE('',*,*,#3233,.T.);
#3231=ORIENTED_EDGE('',*,*,#3234,.T.);
#3232=ORIENTED_EDGE('',*,*,#3235,.T.);
#3233=EDGE_CURVE('',#261,#259,#3236,.F.);
#3234=EDGE_CURVE('',#259,#263,#3237,.T.);
#3235=EDGE_CURVE('',#263,#261,#3238,.T.);
#3236=LINE('',#260,#3239);
#3237=LINE('',#258,#3240);
#3238=LINE('',#262,#3241);
#3239=VECTOR('',#3242,1.0);
#3240=VECTOR('',#3243,1.0);
#3241=VECTOR('',#3244,1.0);
#3242=DIRECTION('',(0.36150204988929885,-0.04759251282712112,0.931155851964984));
#3243=DIRECTION('',(-0.9914449092601803,0.13052582848644545,0));
#3244=DIRECTION('',(0,0,-1));
#3245=FACE_SURFACE('',(#3250),#3246,.T.);
#3246=PLANE('',#3247);
#3247=AXIS2_PLACEMENT_3D('',#260,#3248,#3249);
#3248=DIRECTION('',(0.1305264588301315,-0.991444826273891,0));
#3249=DIRECTION('',(0,0,1));
#3250=FACE_BOUND('',#3251,.T.);
#3251=EDGE_LOOP('',(#3252,#3253,#3254));
#3252=ORIENTED_EDGE('',*,*,#3255,.T.);
#3253=ORIENTED_EDGE('',*,*,#3256,.T.);
#3254=ORIENTED_EDGE('',*,*,#3257,.T.);
#3255=EDGE_CURVE('',#261,#263,#3258,.F.);
#3256=EDGE_CURVE('',#263,#265,#3259,.T.);
#3257=EDGE_CURVE('',#265,#261,#3260,.T.);
#3258=LINE('',#260,#3261);
#3259=LINE('',#262,#3262);
#3260=LINE('',#264,#3263);
#3261=VECTOR('',#3264,1.0);
#3262=VECTOR('',#3265,1.0);
#3263=VECTOR('',#3266,1.0);
#3264=DIRECTION('',(0,0,1));
#3265=DIRECTION('',(-0.3615005059483548,-0.04759254338345246,-0.9311564498049603));
#3266=DIRECTION('',(0.991444826273891,0.1305264588301315,0));
#3267=FACE_SURFACE('',(#3272),#3268,.T.);
#3268=PLANE('',#3269);
#3269=AXIS2_PLACEMENT_3D('',#264,#3270,#3271);
#3270=DIRECTION('',(0.1305264588301315,-0.991444826273891,0));
#3271=DIRECTION('',(0.3615005059483548,0.04759254338345246,0.9311564498049603));
#3272=FACE_BOUND('',#3273,.T.);
#3273=EDGE_LOOP('',(#3274,#3275,#3276));
#3274=ORIENTED_EDGE('',*,*,#3277,.T.);
#3275=ORIENTED_EDGE('',*,*,#3278,.T.);
#3276=ORIENTED_EDGE('',*,*,#3279,.T.);
#3277=EDGE_CURVE('',#265,#263,#3280,.F.);
#3278=EDGE_CURVE('',#263,#267,#3281,.T.);
#3279=EDGE_CURVE('',#267,#265,#3282,.T.);
#3280=LINE('',#264,#3283);
#3281=LINE('',#262,#3284);
#3282=LINE('',#266,#3285);
#3283=VECTOR('',#3286,1.0);
#3284=VECTOR('',#3287,1.0);
#3285=VECTOR('',#3288,1.0);
#3286=DIRECTION('',(0.3615005059483548,0.04759254338345246,0.9311564498049603));
#3287=DIRECTION('',(-0.991444826273891,-0.1305264588301315,0));
#3288=DIRECTION('',(0,0,-1));
#3289=FACE_SURFACE('',(#3294),#3290,.T.);
#3290=PLANE('',#3291);
#3291=AXIS2_PLACEMENT_3D('',#264,#3292,#3293);
#3292=DIRECTION('',(0.3826828959706995,-0.9238797546929356,0));
#3293=DIRECTION('',(0,0,1));
#3294=FACE_BOUND('',#3295,.T.);
#3295=EDGE_LOOP('',(#3296,#3297,#3298));
#3296=ORIENTED_EDGE('',*,*,#3299,.T.);
#3297=ORIENTED_EDGE('',*,*,#3300,.T.);
#3298=ORIENTED_EDGE('',*,*,#3301,.T.);
#3299=EDGE_CURVE('',#265,#267,#3302,.F.);
#3300=EDGE_CURVE('',#267,#269,#3303,.T.);
#3301=EDGE_CURVE('',#269,#265,#3304,.T.);
#3302=LINE('',#264,#3305);
#3303=LINE('',#266,#3306);
#3304=LINE('',#268,#3307);
#3305=VECTOR('',#3308,1.0);
#3306=VECTOR('',#3309,1.0);
#3307=VECTOR('',#3310,1.0);
#3308=DIRECTION('',(0,0,1));
#3309=DIRECTION('',(-0.3368665795219716,-0.13953447681084655,-0.9311557535569924));
#3310=DIRECTION('',(0.9238797546929356,0.3826828959706995,0));
#3311=FACE_SURFACE('',(#3316),#3312,.T.);
#3312=PLANE('',#3313);
#3313=AXIS2_PLACEMENT_3D('',#268,#3314,#3315);
#3314=DIRECTION('',(0.3826828959706995,-0.9238797546929356,0));
#3315=DIRECTION('',(0.3368665795219716,0.13953447681084655,0.9311557535569924));
#3316=FACE_BOUND('',#3317,.T.);
#3317=EDGE_LOOP('',(#3318,#3319,#3320));
#3318=ORIENTED_EDGE('',*,*,#3321,.T.);
#3319=ORIENTED_EDGE('',*,*,#3322,.T.);
#3320=ORIENTED_EDGE('',*,*,#3323,.T.);
#3321=EDGE_CURVE('',#269,#267,#3324,.F.);
#3322=EDGE_CURVE('',#267,#271,#3325,.T.);
#3323=EDGE_CURVE('',#271,#269,#3326,.T.);
#3324=LINE('',#268,#3327);
#3325=LINE('',#266,#3328);
#3326=LINE('',#270,#3329);
#3327=VECTOR('',#3330,1.0);
#3328=VECTOR('',#3331,1.0);
#3329=VECTOR('',#3332,1.0);
#3330=DIRECTION('',(0.3368665795219716,0.13953447681084655,0.9311557535569924));
#3331=DIRECTION('',(-0.9238797546929356,-0.3826828959706995,0));
#3332=DIRECTION('',(0,0,-1));
#3333=FACE_SURFACE('',(#3338),#3334,.T.);
#3334=PLANE('',#3335);
#3335=AXIS2_PLACEMENT_3D('',#268,#3336,#3337);
#3336=DIRECTION('',(0.6087633200973881,-0.793351889204283,0));
#3337=DIRECTION('',(0,0,1));
#3338=FACE_BOUND('',#3339,.T.);
#3339=EDGE_LOOP('',(#3340,#3341,#3342));
#3340=ORIENTED_EDGE('',*,*,#3343,.T.);
#3341=ORIENTED_EDGE('',*,*,#3344,.T.);
#3342=ORIENTED_EDGE('',*,*,#3345,.T.);
#3343=EDGE_CURVE('',#269,#271,#3346,.F.);
#3344=EDGE_CURVE('',#271,#273,#3347,.T.);
#3345=EDGE_CURVE('',#273,#269,#3348,.T.);
#3346=LINE('',#268,#3349);
#3347=LINE('',#270,#3350);
#3348=LINE('',#272,#3351);
#3349=VECTOR('',#3352,1.0);
#3350=VECTOR('',#3353,1.0);
#3351=VECTOR('',#3354,1.0);
#3352=DIRECTION('',(0,0,1));
#3353=DIRECTION('',(-0.28927242803222863,-0.22196763642695258,-0.9311561795742814));
#3354=DIRECTION('',(0.793351889204283,0.6087633200973881,0));
#3355=FACE_SURFACE('',(#3360),#3356,.T.);
#3356=PLANE('',#3357);
#3357=AXIS2_PLACEMENT_3D('',#272,#3358,#3359);
#3358=DIRECTION('',(0.6087633200973881,-0.793351889204283,0));
#3359=DIRECTION('',(0.28927242803222863,0.22196763642695258,0.9311561795742814));
#3360=FACE_BOUND('',#3361,.T.);
#3361=EDGE_LOOP('',(#3362,#3363,#3364));
#3362=ORIENTED_EDGE('',*,*,#3365,.T.);
#3363=ORIENTED_EDGE('',*,*,#3366,.T.);
#3364=ORIENTED_EDGE('',*,*,#3367,.T.);
#3365=EDGE_CURVE('',#273,#271,#3368,.F.);
#3366=EDGE_CURVE('',#271,#275,#3369,.T.);
#3367=EDGE_CURVE('',#275,#273,#3370,.T.);
#3368=LINE('',#272,#3371);
#3369=LINE('',#270,#3372);
#3370=LINE('',#274,#3373);
#3371=VECTOR('',#3374,1.0);
#3372=VECTOR('',#3375,1.0);
#3373=VECTOR('',#3376,1.0);
#3374=DIRECTION('',(0.28927242803222863,0.22196763642695258,0.9311561795742814));
#3375=DIRECTION('',(-0.793351889204283,-0.6087633200973881,0));
#3376=DIRECTION('',(0,0,-1));
#3377=FACE_SURFACE('',(#3382),#3378,.T.);
#3378=PLANE('',#3379);
#3379=AXIS2_PLACEMENT_3D('',#272,#3380,#3381);
#3380=DIRECTION('',(0.793351889204283,-0.6087633200973881,0));
#3381=DIRECTION('',(0,0,1));
#3382=FACE_BOUND('',#3383,.T.);
#3383=EDGE_LOOP('',(#3384,#3385,#3386));
#3384=ORIENTED_EDGE('',*,*,#3387,.T.);
#3385=ORIENTED_EDGE('',*,*,#3388,.T.);
#3386=ORIENTED_EDGE('',*,*,#3389,.T.);
#3387=EDGE_CURVE('',#273,#275,#3390,.F.);
#3388=EDGE_CURVE('',#275,#277,#3391,.T.);
#3389=EDGE_CURVE('',#277,#273,#3392,.T.);
#3390=LINE('',#272,#3393);
#3391=LINE('',#274,#3394);
#3392=LINE('',#276,#3395);
#3393=VECTOR('',#3396,1.0);
#3394=VECTOR('',#3397,1.0);
#3395=VECTOR('',#3398,1.0);
#3396=DIRECTION('',(0,0,1));
#3397=DIRECTION('',(-0.22196763642695258,-0.28927242803222863,-0.9311561795742814));
#3398=DIRECTION('',(0.6087633200973881,0.793351889204283,0));
#3399=FACE_SURFACE('',(#3404),#3400,.T.);
#3400=PLANE('',#3401);
#3401=AXIS2_PLACEMENT_3D('',#276,#3402,#3403);
#3402=DIRECTION('',(0.793351889204283,-0.6087633200973881,0));
#3403=DIRECTION('',(0.22196763642695258,0.28927242803222863,0.9311561795742814));
#3404=FACE_BOUND('',#3405,.T.);
#3405=EDGE_LOOP('',(#3406,#3407,#3408));
#3406=ORIENTED_EDGE('',*,*,#3409,.T.);
#3407=ORIENTED_EDGE('',*,*,#3410,.T.);
#3408=ORIENTED_EDGE('',*,*,#3411,.T.);
#3409=EDGE_CURVE('',#277,#275,#3412,.F.);
#3410=EDGE_CURVE('',#275,#279,#3413,.T.);
#3411=EDGE_CURVE('',#279,#277,#3414,.T.);
#3412=LINE('',#276,#3415);
#3413=LINE('',#274,#3416);
#3414=LINE('',#278,#3417);
#3415=VECTOR('',#3418,1.0);
#3416=VECTOR('',#3419,1.0);
#3417=VECTOR('',#3420,1.0);
#3418=DIRECTION('',(0.22196763642695258,0.28927242803222863,0.9311561795742814));
#3419=DIRECTION('',(-0.6087633200973881,-0.793351889204283,0));
#3420=DIRECTION('',(0,0,-1));
#3421=FACE_SURFACE('',(#3426),#3422,.T.);
#3422=PLANE('',#3423);
#3423=AXIS2_PLACEMENT_3D('',#276,#3424,#3425);
#3424=DIRECTION('',(0.9238797546929356,-0.3826828959706995,0));
#3425=DIRECTION('',(0,0,1));
#3426=FACE_BOUND('',#3427,.T.);
#3427=EDGE_LOOP('',(#3428,#3429,#3430));
#3428=ORIENTED_EDGE('',*,*,#3431,.T.);
#3429=ORIENTED_EDGE('',*,*,#3432,.T.);
#3430=ORIENTED_EDGE('',*,*,#3433,.T.);
#3431=EDGE_CURVE('',#277,#279,#3434,.F.);
#3432=EDGE_CURVE('',#279,#281,#3435,.T.);
#3433=EDGE_CURVE('',#281,#277,#3436,.T.);
#3434=LINE('',#276,#3437);
#3435=LINE('',#278,#3438);
#3436=LINE('',#280,#3439);
#3437=VECTOR('',#3440,1.0);
#3438=VECTOR('',#3441,1.0);
#3439=VECTOR('',#3442,1.0);
#3440=DIRECTION('',(0,0,1));
#3441=DIRECTION('',(-0.13953447681084655,-0.3368665795219716,-0.9311557535569924));
#3442=DIRECTION('',(0.3826828959706995,0.9238797546929356,0));
#3443=FACE_SURFACE('',(#3448),#3444,.T.);
#3444=PLANE('',#3445);
#3445=AXIS2_PLACEMENT_3D('',#280,#3446,#3447);
#3446=DIRECTION('',(0.9238797546929356,-0.3826828959706995,0));
#3447=DIRECTION('',(0.13953447681084655,0.3368665795219716,0.9311557535569924));
#3448=FACE_BOUND('',#3449,.T.);
#3449=EDGE_LOOP('',(#3450,#3451,#3452));
#3450=ORIENTED_EDGE('',*,*,#3453,.T.);
#3451=ORIENTED_EDGE('',*,*,#3454,.T.);
#3452=ORIENTED_EDGE('',*,*,#3455,.T.);
#3453=EDGE_CURVE('',#281,#279,#3456,.F.);
#3454=EDGE_CURVE('',#279,#283,#3457,.T.);
#3455=EDGE_CURVE('',#283,#281,#3458,.T.);
#3456=LINE('',#280,#3459);
#3457=LINE('',#278,#3460);
#3458=LINE('',#282,#3461);
#3459=VECTOR('',#3462,1.0);
#3460=VECTOR('',#3463,1.0);
#3461=VECTOR('',#3464,1.0);
#3462=DIRECTION('',(0.13953447681084655,0.3368665795219716,0.9311557535569924));
#3463=DIRECTION('',(-0.3826828959706995,-0.9238797546929356,0));
#3464=DIRECTION('',(0,0,-1));
#3465=FACE_SURFACE('',(#3470),#3466,.T.);
#3466=PLANE('',#3467);
#3467=AXIS2_PLACEMENT_3D('',#280,#3468,#3469);
#3468=DIRECTION('',(0.991444826273891,-0.1305264588301315,0));
#3469=DIRECTION('',(0,0,1));
#3470=FACE_BOUND('',#3471,.T.);
#3471=EDGE_LOOP('',(#3472,#3473,#3474));
#3472=ORIENTED_EDGE('',*,*,#3475,.T.);
#3473=ORIENTED_EDGE('',*,*,#3476,.T.);
#3474=ORIENTED_EDGE('',*,*,#3477,.T.);
#3475=EDGE_CURVE('',#281,#283,#3478,.F.);
#3476=EDGE_CURVE('',#283,#285,#3479,.T.);
#3477=EDGE_CURVE('',#285,#281,#3480,.T.);
#3478=LINE('',#280,#3481);
#3479=LINE('',#282,#3482);
#3480=LINE('',#284,#3483);
#3481=VECTOR('',#3484,1.0);
#3482=VECTOR('',#3485,1.0);
#3483=VECTOR('',#3486,1.0);
#3484=DIRECTION('',(0,0,1));
#3485=DIRECTION('',(-0.04759254338345246,-0.3615005059483548,-0.9311564498049603));
#3486=DIRECTION('',(0.1305264588301315,0.991444826273891,0));
#3487=FACE_SURFACE('',(#3492),#3488,.T.);
#3488=PLANE('',#3489);
#3489=AXIS2_PLACEMENT_3D('',#284,#3490,#3491);
#3490=DIRECTION('',(0.991444826273891,-0.1305264588301315,0));
#3491=DIRECTION('',(0.04759254338345246,0.3615005059483548,0.9311564498049603));
#3492=FACE_BOUND('',#3493,.T.);
#3493=EDGE_LOOP('',(#3494,#3495,#3496));
#3494=ORIENTED_EDGE('',*,*,#3497,.T.);
#3495=ORIENTED_EDGE('',*,*,#3498,.T.);
#3496=ORIENTED_EDGE('',*,*,#3499,.T.);
#3497=EDGE_CURVE('',#285,#283,#3500,.F.);
#3498=EDGE_CURVE('',#283,#287,#3501,.T.);
#3499=EDGE_CURVE('',#287,#285,#3502,.T.);
#3500=LINE('',#284,#3503);
#3501=LINE('',#282,#3504);
#3502=LINE('',#286,#3505);
#3503=VECTOR('',#3506,1.0);
#3504=VECTOR('',#3507,1.0);
#3505=VECTOR('',#3508,1.0);
#3506=DIRECTION('',(0.04759254338345246,0.3615005059483548,0.9311564498049603));
#3507=DIRECTION('',(-0.1305264588301315,-0.991444826273891,0));
#3508=DIRECTION('',(0,0,-1));
#3509=FACE_SURFACE('',(#3514),#3510,.T.);
#3510=PLANE('',#3511);
#3511=AXIS2_PLACEMENT_3D('',#284,#3512,#3513);
#3512=DIRECTION('',(0.9914449092601803,0.13052582848644545,-0));
#3513=DIRECTION('',(0,0,1));
#3514=FACE_BOUND('',#3515,.T.);
#3515=EDGE_LOOP('',(#3516,#3517,#3518));
#3516=ORIENTED_EDGE('',*,*,#3519,.T.);
#3517=ORIENTED_EDGE('',*,*,#3520,.T.);
#3518=ORIENTED_EDGE('',*,*,#3521,.T.);
#3519=EDGE_CURVE('',#285,#287,#3522,.F.);
#3520=EDGE_CURVE('',#287,#289,#3523,.T.);
#3521=EDGE_CURVE('',#289,#285,#3524,.T.);
#3522=LINE('',#284,#3525);
#3523=LINE('',#286,#3526);
#3524=LINE('',#288,#3527);
#3525=VECTOR('',#3528,1.0);
#3526=VECTOR('',#3529,1.0);
#3527=VECTOR('',#3530,1.0);
#3528=DIRECTION('',(0,0,1));
#3529=DIRECTION('',(0.04759251282712112,-0.36150204988929885,-0.931155851964984));
#3530=DIRECTION('',(-0.13052582848644545,0.9914449092601803,0));
#3531=FACE_SURFACE('',(#3536),#3532,.T.);
#3532=PLANE('',#3533);
#3533=AXIS2_PLACEMENT_3D('',#288,#3534,#3535);
#3534=DIRECTION('',(0.9914449092601803,0.13052582848644545,-0));
#3535=DIRECTION('',(-0.04759251282712112,0.36150204988929885,0.931155851964984));
#3536=FACE_BOUND('',#3537,.T.);
#3537=EDGE_LOOP('',(#3538,#3539,#3540));
#3538=ORIENTED_EDGE('',*,*,#3541,.T.);
#3539=ORIENTED_EDGE('',*,*,#3542,.T.);
#3540=ORIENTED_EDGE('',*,*,#3543,.T.);
#3541=EDGE_CURVE('',#289,#287,#3544,.F.);
#3542=EDGE_CURVE('',#287,#291,#3545,.T.);
#3543=EDGE_CURVE('',#291,#289,#3546,.T.);
#3544=LINE('',#288,#3547);
#3545=LINE('',#286,#3548);
#3546=LINE('',#290,#3549);
#3547=VECTOR('',#3550,1.0);
#3548=VECTOR('',#3551,1.0);
#3549=VECTOR('',#3552,1.0);
#3550=DIRECTION('',(-0.04759251282712112,0.36150204988929885,0.931155851964984));
#3551=DIRECTION('',(0.13052582848644545,-0.9914449092601803,0));
#3552=DIRECTION('',(0,0,-1));
#3553=FACE_SURFACE('',(#3558),#3554,.T.);
#3554=PLANE('',#3555);
#3555=AXIS2_PLACEMENT_3D('',#288,#3556,#3557);
#3556=DIRECTION('',(0.9238790413621422,0.3826846181018637,-0));
#3557=DIRECTION('',(0,0,1));
#3558=FACE_BOUND('',#3559,.T.);
#3559=EDGE_LOOP('',(#3560,#3561,#3562));
#3560=ORIENTED_EDGE('',*,*,#3563,.T.);
#3561=ORIENTED_EDGE('',*,*,#3564,.T.);
#3562=ORIENTED_EDGE('',*,*,#3565,.T.);
#3563=EDGE_CURVE('',#289,#291,#3566,.F.);
#3564=EDGE_CURVE('',#291,#293,#3567,.T.);
#3565=EDGE_CURVE('',#293,#289,#3568,.T.);
#3566=LINE('',#288,#3569);
#3567=LINE('',#290,#3570);
#3568=LINE('',#292,#3571);
#3569=VECTOR('',#3572,1.0);
#3570=VECTOR('',#3573,1.0);
#3571=VECTOR('',#3574,1.0);
#3572=DIRECTION('',(0,0,1));
#3573=DIRECTION('',(0.1395345602925137,-0.33686500502515954,-0.931156310655399));
#3574=DIRECTION('',(-0.3826846181018637,0.9238790413621422,0));
#3575=FACE_SURFACE('',(#3580),#3576,.T.);
#3576=PLANE('',#3577);
#3577=AXIS2_PLACEMENT_3D('',#292,#3578,#3579);
#3578=DIRECTION('',(0.9238790413621422,0.3826846181018637,-0));
#3579=DIRECTION('',(-0.1395345602925137,0.33686500502515954,0.931156310655399));
#3580=FACE_BOUND('',#3581,.T.);
#3581=EDGE_LOOP('',(#3582,#3583,#3584));
#3582=ORIENTED_EDGE('',*,*,#3585,.T.);
#3583=ORIENTED_EDGE('',*,*,#3586,.T.);
#3584=ORIENTED_EDGE('',*,*,#3587,.T.);
#3585=EDGE_CURVE('',#293,#291,#3588,.F.);
#3586=EDGE_CURVE('',#291,#295,#3589,.T.);
#3587=EDGE_CURVE('',#295,#293,#3590,.T.);
#3588=LINE('',#292,#3591);
#3589=LINE('',#290,#3592);
#3590=LINE('',#294,#3593);
#3591=VECTOR('',#3594,1.0);
#3592=VECTOR('',#3595,1.0);
#3593=VECTOR('',#3596,1.0);
#3594=DIRECTION('',(-0.1395345602925137,0.33686500502515954,0.931156310655399));
#3595=DIRECTION('',(0.3826846181018637,-0.9238790413621422,0));
#3596=DIRECTION('',(0,0,-1));
#3597=FACE_SURFACE('',(#3602),#3598,.T.);
#3598=PLANE('',#3599);
#3599=AXIS2_PLACEMENT_3D('',#292,#3600,#3601);
#3600=DIRECTION('',(0.7933536943234101,0.6087609676247296,-0));
#3601=DIRECTION('',(0,0,1));
#3602=FACE_BOUND('',#3603,.T.);
#3603=EDGE_LOOP('',(#3604,#3605,#3606));
#3604=ORIENTED_EDGE('',*,*,#3607,.T.);
#3605=ORIENTED_EDGE('',*,*,#3608,.T.);
#3606=ORIENTED_EDGE('',*,*,#3609,.T.);
#3607=EDGE_CURVE('',#293,#295,#3610,.F.);
#3608=EDGE_CURVE('',#295,#297,#3611,.T.);
#3609=EDGE_CURVE('',#297,#293,#3612,.T.);
#3610=LINE('',#292,#3613);
#3611=LINE('',#294,#3614);
#3612=LINE('',#296,#3615);
#3613=VECTOR('',#3616,1.0);
#3614=VECTOR('',#3617,1.0);
#3615=VECTOR('',#3618,1.0);
#3616=DIRECTION('',(0,0,1));
#3617=DIRECTION('',(0.22196752238876427,-0.28927405545405527,-0.9311557011830823));
#3618=DIRECTION('',(-0.6087609676247296,0.7933536943234101,0));
#3619=FACE_SURFACE('',(#3624),#3620,.T.);
#3620=PLANE('',#3621);
#3621=AXIS2_PLACEMENT_3D('',#296,#3622,#3623);
#3622=DIRECTION('',(0.7933536943234101,0.6087609676247296,-0));
#3623=DIRECTION('',(-0.22196752238876427,0.28927405545405527,0.9311557011830823));
#3624=FACE_BOUND('',#3625,.T.);
#3625=EDGE_LOOP('',(#3626,#3627,#3628));
#3626=ORIENTED_EDGE('',*,*,#3629,.T.);
#3627=ORIENTED_EDGE('',*,*,#3630,.T.);
#3628=ORIENTED_EDGE('',*,*,#3631,.T.);
#3629=EDGE_CURVE('',#297,#295,#3632,.F.);
#3630=EDGE_CURVE('',#295,#299,#3633,.T.);
#3631=EDGE_CURVE('',#299,#297,#3634,.T.);
#3632=LINE('',#296,#3635);
#3633=LINE('',#294,#3636);
#3634=LINE('',#298,#3637);
#3635=VECTOR('',#3638,1.0);
#3636=VECTOR('',#3639,1.0);
#3637=VECTOR('',#3640,1.0);
#3638=DIRECTION('',(-0.22196752238876427,0.28927405545405527,0.9311557011830823));
#3639=DIRECTION('',(0.6087609676247296,-0.7933536943234101,0));
#3640=DIRECTION('',(0,0,-1));
#3641=FACE_SURFACE('',(#3646),#3642,.T.);
#3642=PLANE('',#3643);
#3643=AXIS2_PLACEMENT_3D('',#296,#3644,#3645);
#3644=DIRECTION('',(0.6087602542884663,0.7933542416844079,-0));
#3645=DIRECTION('',(0,0,1));
#3646=FACE_BOUND('',#3647,.T.);
#3647=EDGE_LOOP('',(#3648,#3649,#3650));
#3648=ORIENTED_EDGE('',*,*,#3651,.T.);
#3649=ORIENTED_EDGE('',*,*,#3652,.T.);
#3650=ORIENTED_EDGE('',*,*,#3653,.T.);
#3651=EDGE_CURVE('',#297,#299,#3654,.F.);
#3652=EDGE_CURVE('',#299,#301,#3655,.T.);
#3653=EDGE_CURVE('',#301,#297,#3656,.T.);
#3654=LINE('',#296,#3657);
#3655=LINE('',#298,#3658);
#3656=LINE('',#300,#3659);
#3657=VECTOR('',#3660,1.0);
#3658=VECTOR('',#3661,1.0);
#3659=VECTOR('',#3662,1.0);
#3660=DIRECTION('',(0,0,1));
#3661=DIRECTION('',(0.28927254206976594,-0.22196594789129828,-0.9311565466564755));
#3662=DIRECTION('',(-0.7933542416844079,0.6087602542884663,0));
#3663=FACE_SURFACE('',(#3668),#3664,.T.);
#3664=PLANE('',#3665);
#3665=AXIS2_PLACEMENT_3D('',#300,#3666,#3667);
#3666=DIRECTION('',(0.6087602542884663,0.7933542416844079,-0));
#3667=DIRECTION('',(-0.28927254206976594,0.22196594789129828,0.9311565466564755));
#3668=FACE_BOUND('',#3669,.T.);
#3669=EDGE_LOOP('',(#3670,#3671,#3672));
#3670=ORIENTED_EDGE('',*,*,#3673,.T.);
#3671=ORIENTED_EDGE('',*,*,#3674,.T.);
#3672=ORIENTED_EDGE('',*,*,#3675,.T.);
#3673=EDGE_CURVE('',#301,#299,#3676,.F.);
#3674=EDGE_CURVE('',#299,#303,#3677,.T.);
#3675=EDGE_CURVE('',#303,#301,#3678,.T.);
#3676=LINE('',#300,#3679);
#3677=LINE('',#298,#3680);
#3678=LINE('',#302,#3681);
#3679=VECTOR('',#3682,1.0);
#3680=VECTOR('',#3683,1.0);
#3681=VECTOR('',#3684,1.0);
#3682=DIRECTION('',(-0.28927254206976594,0.22196594789129828,0.9311565466564755));
#3683=DIRECTION('',(0.7933542416844079,-0.6087602542884663,0));
#3684=DIRECTION('',(0,0,-1));
#3685=FACE_SURFACE('',(#3690),#3686,.T.);
#3686=PLANE('',#3687);
#3687=AXIS2_PLACEMENT_3D('',#300,#3688,#3689);
#3688=DIRECTION('',(0.3826828959706995,0.9238797546929356,-0));
#3689=DIRECTION('',(0,0,1));
#3690=FACE_BOUND('',#3691,.T.);
#3691=EDGE_LOOP('',(#3692,#3693,#3694));
#3692=ORIENTED_EDGE('',*,*,#3695,.T.);
#3693=ORIENTED_EDGE('',*,*,#3696,.T.);
#3694=ORIENTED_EDGE('',*,*,#3697,.T.);
#3695=EDGE_CURVE('',#301,#303,#3698,.F.);
#3696=EDGE_CURVE('',#303,#305,#3699,.T.);
#3697=EDGE_CURVE('',#305,#301,#3700,.T.);
#3698=LINE('',#300,#3701);
#3699=LINE('',#302,#3702);
#3700=LINE('',#304,#3703);
#3701=VECTOR('',#3704,1.0);
#3702=VECTOR('',#3705,1.0);
#3703=VECTOR('',#3706,1.0);
#3704=DIRECTION('',(0,0,1));
#3705=DIRECTION('',(0.3368665795219716,-0.13953447681084655,-0.9311557535569924));
#3706=DIRECTION('',(-0.9238797546929356,0.3826828959706995,0));
#3707=FACE_SURFACE('',(#3712),#3708,.T.);
#3708=PLANE('',#3709);
#3709=AXIS2_PLACEMENT_3D('',#304,#3710,#3711);
#3710=DIRECTION('',(0.3826828959706995,0.9238797546929356,-0));
#3711=DIRECTION('',(-0.3368665795219716,0.13953447681084655,0.9311557535569924));
#3712=FACE_BOUND('',#3713,.T.);
#3713=EDGE_LOOP('',(#3714,#3715,#3716));
#3714=ORIENTED_EDGE('',*,*,#3717,.T.);
#3715=ORIENTED_EDGE('',*,*,#3718,.T.);
#3716=ORIENTED_EDGE('',*,*,#3719,.T.);
#3717=EDGE_CURVE('',#305,#303,#3720,.F.);
#3718=EDGE_CURVE('',#303,#307,#3721,.T.);
#3719=EDGE_CURVE('',#307,#305,#3722,.T.);
#3720=LINE('',#304,#3723);
#3721=LINE('',#302,#3724);
#3722=LINE('',#306,#3725);
#3723=VECTOR('',#3726,1.0);
#3724=VECTOR('',#3727,1.0);
#3725=VECTOR('',#3728,1.0);
#3726=DIRECTION('',(-0.3368665795219716,0.13953447681084655,0.9311557535569924));
#3727=DIRECTION('',(0.9238797546929356,-0.3826828959706995,0));
#3728=DIRECTION('',(0,0,-1));
#3729=FACE_SURFACE('',(#3734),#3730,.T.);
#3730=PLANE('',#3731);
#3731=AXIS2_PLACEMENT_3D('',#304,#3732,#3733);
#3732=DIRECTION('',(0.1305264588301315,0.991444826273891,-0));
#3733=DIRECTION('',(0,0,1));
#3734=FACE_BOUND('',#3735,.T.);
#3735=EDGE_LOOP('',(#3736,#3737,#3738));
#3736=ORIENTED_EDGE('',*,*,#3739,.T.);
#3737=ORIENTED_EDGE('',*,*,#3740,.T.);
#3738=ORIENTED_EDGE('',*,*,#3741,.T.);
#3739=EDGE_CURVE('',#305,#307,#3742,.F.);
#3740=EDGE_CURVE('',#307,#309,#3743,.T.);
#3741=EDGE_CURVE('',#309,#305,#3744,.T.);
#3742=LINE('',#304,#3745);
#3743=LINE('',#306,#3746);
#3744=LINE('',#308,#3747);
#3745=VECTOR('',#3748,1.0);
#3746=VECTOR('',#3749,1.0);
#3747=VECTOR('',#3750,1.0);
#3748=DIRECTION('',(0,0,1));
#3749=DIRECTION('',(0.3615005059483548,-0.04759254338345246,-0.9311564498049603));
#3750=DIRECTION('',(-0.991444826273891,0.1305264588301315,0));
#3751=FACE_SURFACE('',(#3756),#3752,.T.);
#3752=PLANE('',#3753);
#3753=AXIS2_PLACEMENT_3D('',#308,#3754,#3755);
#3754=DIRECTION('',(0.1305264588301315,0.991444826273891,-0));
#3755=DIRECTION('',(-0.3615005059483548,0.04759254338345246,0.9311564498049603));
#3756=FACE_BOUND('',#3757,.T.);
#3757=EDGE_LOOP('',(#3758,#3759,#3760));
#3758=ORIENTED_EDGE('',*,*,#3761,.T.);
#3759=ORIENTED_EDGE('',*,*,#3762,.T.);
#3760=ORIENTED_EDGE('',*,*,#3763,.T.);
#3761=EDGE_CURVE('',#309,#307,#3764,.F.);
#3762=EDGE_CURVE('',#307,#311,#3765,.T.);
#3763=EDGE_CURVE('',#311,#309,#3766,.T.);
#3764=LINE('',#308,#3767);
#3765=LINE('',#306,#3768);
#3766=LINE('',#310,#3769);
#3767=VECTOR('',#3770,1.0);
#3768=VECTOR('',#3771,1.0);
#3769=VECTOR('',#3772,1.0);
#3770=DIRECTION('',(-0.3615005059483548,0.04759254338345246,0.9311564498049603));
#3771=DIRECTION('',(0.991444826273891,-0.1305264588301315,0));
#3772=DIRECTION('',(0,0,-1));
#3773=FACE_SURFACE('',(#3778),#3774,.T.);
#3774=PLANE('',#3775);
#3775=AXIS2_PLACEMENT_3D('',#308,#3776,#3777);
#3776=DIRECTION('',(-0.13052582848644545,0.9914449092601803,0));
#3777=DIRECTION('',(0,0,1));
#3778=FACE_BOUND('',#3779,.T.);
#3779=EDGE_LOOP('',(#3780,#3781,#3782));
#3780=ORIENTED_EDGE('',*,*,#3783,.T.);
#3781=ORIENTED_EDGE('',*,*,#3784,.T.);
#3782=ORIENTED_EDGE('',*,*,#3785,.T.);
#3783=EDGE_CURVE('',#309,#311,#3786,.F.);
#3784=EDGE_CURVE('',#311,#313,#3787,.T.);
#3785=EDGE_CURVE('',#313,#309,#3788,.T.);
#3786=LINE('',#308,#3789);
#3787=LINE('',#310,#3790);
#3788=LINE('',#312,#3791);
#3789=VECTOR('',#3792,1.0);
#3790=VECTOR('',#3793,1.0);
#3791=VECTOR('',#3794,1.0);
#3792=DIRECTION('',(0,0,1));
#3793=DIRECTION('',(0.36150204988929885,0.04759251282712112,-0.931155851964984));
#3794=DIRECTION('',(-0.9914449092601803,-0.13052582848644545,0));
#3795=FACE_SURFACE('',(#3800),#3796,.T.);
#3796=PLANE('',#3797);
#3797=AXIS2_PLACEMENT_3D('',#312,#3798,#3799);
#3798=DIRECTION('',(-0.13052582848644545,0.9914449092601803,0));
#3799=DIRECTION('',(-0.36150204988929885,-0.04759251282712112,0.931155851964984));
#3800=FACE_BOUND('',#3801,.T.);
#3801=EDGE_LOOP('',(#3802,#3803,#3804));
#3802=ORIENTED_EDGE('',*,*,#3805,.T.);
#3803=ORIENTED_EDGE('',*,*,#3806,.T.);
#3804=ORIENTED_EDGE('',*,*,#3807,.T.);
#3805=EDGE_CURVE('',#313,#311,#3808,.F.);
#3806=EDGE_CURVE('',#311,#315,#3809,.T.);
#3807=EDGE_CURVE('',#315,#313,#3810,.T.);
#3808=LINE('',#312,#3811);
#3809=LINE('',#310,#3812);
#3810=LINE('',#314,#3813);
#3811=VECTOR('',#3814,1.0);
#3812=VECTOR('',#3815,1.0);
#3813=VECTOR('',#3816,1.0);
#3814=DIRECTION('',(-0.36150204988929885,-0.04759251282712112,0.931155851964984));
#3815=DIRECTION('',(0.9914449092601803,0.13052582848644545,0));
#3816=DIRECTION('',(0,0,-1));
#3817=FACE_SURFACE('',(#3822),#3818,.T.);
#3818=PLANE('',#3819);
#3819=AXIS2_PLACEMENT_3D('',#312,#3820,#3821);
#3820=DIRECTION('',(-0.3826846181018637,0.9238790413621422,0));
#3821=DIRECTION('',(0,0,1));
#3822=FACE_BOUND('',#3823,.T.);
#3823=EDGE_LOOP('',(#3824,#3825,#3826));
#3824=ORIENTED_EDGE('',*,*,#3827,.T.);
#3825=ORIENTED_EDGE('',*,*,#3828,.T.);
#3826=ORIENTED_EDGE('',*,*,#3829,.T.);
#3827=EDGE_CURVE('',#313,#315,#3830,.F.);
#3828=EDGE_CURVE('',#315,#317,#3831,.T.);
#3829=EDGE_CURVE('',#317,#313,#3832,.T.);
#3830=LINE('',#312,#3833);
#3831=LINE('',#314,#3834);
#3832=LINE('',#316,#3835);
#3833=VECTOR('',#3836,1.0);
#3834=VECTOR('',#3837,1.0);
#3835=VECTOR('',#3838,1.0);
#3836=DIRECTION('',(0,0,1));
#3837=DIRECTION('',(0.33686500502515954,0.1395345602925137,-0.931156310655399));
#3838=DIRECTION('',(-0.9238790413621422,-0.3826846181018637,0));
#3839=FACE_SURFACE('',(#3844),#3840,.T.);
#3840=PLANE('',#3841);
#3841=AXIS2_PLACEMENT_3D('',#316,#3842,#3843);
#3842=DIRECTION('',(-0.3826846181018637,0.9238790413621422,0));
#3843=DIRECTION('',(-0.33686500502515954,-0.1395345602925137,0.931156310655399));
#3844=FACE_BOUND('',#3845,.T.);
#3845=EDGE_LOOP('',(#3846,#3847,#3848));
#3846=ORIENTED_EDGE('',*,*,#3849,.T.);
#3847=ORIENTED_EDGE('',*,*,#3850,.T.);
#3848=ORIENTED_EDGE('',*,*,#3851,.T.);
#3849=EDGE_CURVE('',#317,#315,#3852,.F.);
#3850=EDGE_CURVE('',#315,#319,#3853,.T.);
#3851=EDGE_CURVE('',#319,#317,#3854,.T.);
#3852=LINE('',#316,#3855);
#3853=LINE('',#314,#3856);
#3854=LINE('',#318,#3857);
#3855=VECTOR('',#3858,1.0);
#3856=VECTOR('',#3859,1.0);
#3857=VECTOR('',#3860,1.0);
#3858=DIRECTION('',(-0.33686500502515954,-0.1395345602925137,0.931156310655399));
#3859=DIRECTION('',(0.9238790413621422,0.3826846181018637,0));
#3860=DIRECTION('',(0,0,-1));
#3861=FACE_SURFACE('',(#3866),#3862,.T.);
#3862=PLANE('',#3863);
#3863=AXIS2_PLACEMENT_3D('',#316,#3864,#3865);
#3864=DIRECTION('',(-0.6087579018137039,0.7933560467907059,0));
#3865=DIRECTION('',(0,0,1));
#3866=FACE_BOUND('',#3867,.T.);
#3867=EDGE_LOOP('',(#3868,#3869,#3870));
#3868=ORIENTED_EDGE('',*,*,#3871,.T.);
#3869=ORIENTED_EDGE('',*,*,#3872,.T.);
#3870=ORIENTED_EDGE('',*,*,#3873,.T.);
#3871=EDGE_CURVE('',#317,#319,#3874,.F.);
#3872=EDGE_CURVE('',#319,#321,#3875,.T.);
#3873=EDGE_CURVE('',#321,#317,#3876,.T.);
#3874=LINE('',#316,#3877);
#3875=LINE('',#318,#3878);
#3876=LINE('',#320,#3879);
#3877=VECTOR('',#3880,1.0);
#3878=VECTOR('',#3881,1.0);
#3879=VECTOR('',#3882,1.0);
#3880=DIRECTION('',(0,0,1));
#3881=DIRECTION('',(0.28927416949211693,0.22196583385388755,-0.9311560682647105));
#3882=DIRECTION('',(-0.7933560467907059,-0.6087579018137039,0));
#3883=FACE_SURFACE('',(#3888),#3884,.T.);
#3884=PLANE('',#3885);
#3885=AXIS2_PLACEMENT_3D('',#320,#3886,#3887);
#3886=DIRECTION('',(-0.6087579018137039,0.7933560467907059,0));
#3887=DIRECTION('',(-0.28927416949211693,-0.22196583385388755,0.9311560682647105));
#3888=FACE_BOUND('',#3889,.T.);
#3889=EDGE_LOOP('',(#3890,#3891,#3892));
#3890=ORIENTED_EDGE('',*,*,#3893,.T.);
#3891=ORIENTED_EDGE('',*,*,#3894,.T.);
#3892=ORIENTED_EDGE('',*,*,#3895,.T.);
#3893=EDGE_CURVE('',#321,#319,#3896,.F.);
#3894=EDGE_CURVE('',#319,#323,#3897,.T.);
#3895=EDGE_CURVE('',#323,#321,#3898,.T.);
#3896=LINE('',#320,#3899);
#3897=LINE('',#318,#3900);
#3898=LINE('',#322,#3901);
#3899=VECTOR('',#3902,1.0);
#3900=VECTOR('',#3903,1.0);
#3901=VECTOR('',#3904,1.0);
#3902=DIRECTION('',(-0.28927416949211693,-0.22196583385388755,0.9311560682647105));
#3903=DIRECTION('',(0.7933560467907059,0.6087579018137039,0));
#3904=DIRECTION('',(0,0,-1));
#3905=FACE_SURFACE('',(#3910),#3906,.T.);
#3906=PLANE('',#3907);
#3907=AXIS2_PLACEMENT_3D('',#320,#3908,#3909);
#3908=DIRECTION('',(-0.7933560467907059,0.6087579018137039,0));
#3909=DIRECTION('',(0,0,1));
#3910=FACE_BOUND('',#3911,.T.);
#3911=EDGE_LOOP('',(#3912,#3913,#3914));
#3912=ORIENTED_EDGE('',*,*,#3915,.T.);
#3913=ORIENTED_EDGE('',*,*,#3916,.T.);
#3914=ORIENTED_EDGE('',*,*,#3917,.T.);
#3915=EDGE_CURVE('',#321,#323,#3918,.F.);
#3916=EDGE_CURVE('',#323,#325,#3919,.T.);
#3917=EDGE_CURVE('',#325,#321,#3920,.T.);
#3918=LINE('',#320,#3921);
#3919=LINE('',#322,#3922);
#3920=LINE('',#324,#3923);
#3921=VECTOR('',#3924,1.0);
#3922=VECTOR('',#3925,1.0);
#3923=VECTOR('',#3926,1.0);
#3924=DIRECTION('',(0,0,1));
#3925=DIRECTION('',(0.22196583385388755,0.28927416949211693,-0.9311560682647105));
#3926=DIRECTION('',(-0.6087579018137039,-0.7933560467907059,0));
#3927=FACE_SURFACE('',(#3932),#3928,.T.);
#3928=PLANE('',#3929);
#3929=AXIS2_PLACEMENT_3D('',#324,#3930,#3931);
#3930=DIRECTION('',(-0.7933560467907059,0.6087579018137039,0));
#3931=DIRECTION('',(-0.22196583385388755,-0.28927416949211693,0.9311560682647105));
#3932=FACE_BOUND('',#3933,.T.);
#3933=EDGE_LOOP('',(#3934,#3935,#3936));
#3934=ORIENTED_EDGE('',*,*,#3937,.T.);
#3935=ORIENTED_EDGE('',*,*,#3938,.T.);
#3936=ORIENTED_EDGE('',*,*,#3939,.T.);
#3937=EDGE_CURVE('',#325,#323,#3940,.F.);
#3938=EDGE_CURVE('',#323,#327,#3941,.T.);
#3939=EDGE_CURVE('',#327,#325,#3942,.T.);
#3940=LINE('',#324,#3943);
#3941=LINE('',#322,#3944);
#3942=LINE('',#326,#3945);
#3943=VECTOR('',#3946,1.0);
#3944=VECTOR('',#3947,1.0);
#3945=VECTOR('',#3948,1.0);
#3946=DIRECTION('',(-0.22196583385388755,-0.28927416949211693,0.9311560682647105));
#3947=DIRECTION('',(0.6087579018137039,0.7933560467907059,0));
#3948=DIRECTION('',(0,0,-1));
#3949=FACE_SURFACE('',(#3954),#3950,.T.);
#3950=PLANE('',#3951);
#3951=AXIS2_PLACEMENT_3D('',#324,#3952,#3953);
#3952=DIRECTION('',(-0.9238790413621422,0.3826846181018637,0));
#3953=DIRECTION('',(0,0,1));
#3954=FACE_BOUND('',#3955,.T.);
#3955=EDGE_LOOP('',(#3956,#3957,#3958));
#3956=ORIENTED_EDGE('',*,*,#3959,.T.);
#3957=ORIENTED_EDGE('',*,*,#3960,.T.);
#3958=ORIENTED_EDGE('',*,*,#3961,.T.);
#3959=EDGE_CURVE('',#325,#327,#3962,.F.);
#3960=EDGE_CURVE('',#327,#233,#3963,.T.);
#3961=EDGE_CURVE('',#233,#325,#3964,.T.);
#3962=LINE('',#324,#3965);
#3963=LINE('',#326,#3966);
#3964=LINE('',#232,#3967);
#3965=VECTOR('',#3968,1.0);
#3966=VECTOR('',#3969,1.0);
#3967=VECTOR('',#3970,1.0);
#3968=DIRECTION('',(0,0,1));
#3969=DIRECTION('',(0.1395345602925137,0.33686500502515954,-0.931156310655399));
#3970=DIRECTION('',(-0.3826846181018637,-0.9238790413621422,0));
#3971=FACE_SURFACE('',(#3976),#3972,.T.);
#3972=PLANE('',#3973);
#3973=AXIS2_PLACEMENT_3D('',#232,#3974,#3975);
#3974=DIRECTION('',(-0.9238790413621422,0.3826846181018637,0));
#3975=DIRECTION('',(-0.1395345602925137,-0.33686500502515954,0.931156310655399));
#3976=FACE_BOUND('',#3977,.T.);
#3977=EDGE_LOOP('',(#3978,#3979,#3980));
#3978=ORIENTED_EDGE('',*,*,#3981,.T.);
#3979=ORIENTED_EDGE('',*,*,#3982,.T.);
#3980=ORIENTED_EDGE('',*,*,#3983,.T.);
#3981=EDGE_CURVE('',#233,#327,#3984,.F.);
#3982=EDGE_CURVE('',#327,#235,#3985,.T.);
#3983=EDGE_CURVE('',#235,#233,#3986,.T.);
#3984=LINE('',#232,#3987);
#3985=LINE('',#326,#3988);
#3986=LINE('',#234,#3989);
#3987=VECTOR('',#3990,1.0);
#3988=VECTOR('',#3991,1.0);
#3989=VECTOR('',#3992,1.0);
#3990=DIRECTION('',(-0.1395345602925137,-0.33686500502515954,0.931156310655399));
#3991=DIRECTION('',(0.3826846181018637,0.9238790413621422,0));
#3992=DIRECTION('',(0,0,-1));
#3993=FACE_SURFACE('',(#3998),#3994,.T.);
#3994=PLANE('',#3995);
#3995=AXIS2_PLACEMENT_3D('',#328,#3996,#3997);
#3996=DIRECTION('',(-1,-0,-0));
#3997=DIRECTION('',(0,0,-1));
#3998=FACE_BOUND('',#3999,.T.);
#3999=EDGE_LOOP('',(#4000,#4001,#4002));
#4000=ORIENTED_EDGE('',*,*,#4003,.T.);
#4001=ORIENTED_EDGE('',*,*,#4004,.T.);
#4002=ORIENTED_EDGE('',*,*,#4005,.T.);
#4003=EDGE_CURVE('',#329,#331,#4006,.F.);
#4004=EDGE_CURVE('',#331,#333,#4007,.T.);
#4005=EDGE_CURVE('',#333,#329,#4008,.T.);
#4006=LINE('',#328,#4009);
#4007=LINE('',#330,#4010);
#4008=LINE('',#332,#4011);
#4009=VECTOR('',#4012,1.0);
#4010=VECTOR('',#4013,1.0);
#4011=VECTOR('',#4014,1.0);
#4012=DIRECTION('',(0,0,-1));
#4013=DIRECTION('',(0,-0.08304547985373997,0.9965457582448796));
#4014=DIRECTION('',(0,1,0));
#4015=FACE_SURFACE('',(#4020),#4016,.T.);
#4016=PLANE('',#4017);
#4017=AXIS2_PLACEMENT_3D('',#332,#4018,#4019);
#4018=DIRECTION('',(-1,0,0));
#4019=DIRECTION('',(0,0.08304547985373997,-0.9965457582448796));
#4020=FACE_BOUND('',#4021,.T.);
#4021=EDGE_LOOP('',(#4022,#4023,#4024));
#4022=ORIENTED_EDGE('',*,*,#4025,.T.);
#4023=ORIENTED_EDGE('',*,*,#4026,.T.);
#4024=ORIENTED_EDGE('',*,*,#4027,.T.);
#4025=EDGE_CURVE('',#333,#331,#4028,.F.);
#4026=EDGE_CURVE('',#331,#335,#4029,.T.);
#4027=EDGE_CURVE('',#335,#333,#4030,.T.);
#4028=LINE('',#332,#4031);
#4029=LINE('',#330,#4032);
#4030=LINE('',#334,#4033);
#4031=VECTOR('',#4034,1.0);
#4032=VECTOR('',#4035,1.0);
#4033=VECTOR('',#4036,1.0);
#4034=DIRECTION('',(0,0.08304547985373997,-0.9965457582448796));
#4035=DIRECTION('',(0,-1,0));
#4036=DIRECTION('',(0,0,1));
#4037=FACE_SURFACE('',(#4042),#4038,.T.);
#4038=PLANE('',#4039);
#4039=AXIS2_PLACEMENT_3D('',#336,#4040,#4041);
#4040=DIRECTION('',(1,0,-0));
#4041=DIRECTION('',(0,0,1));
#4042=FACE_BOUND('',#4043,.T.);
#4043=EDGE_LOOP('',(#4044,#4045,#4046));
#4044=ORIENTED_EDGE('',*,*,#4047,.T.);
#4045=ORIENTED_EDGE('',*,*,#4048,.T.);
#4046=ORIENTED_EDGE('',*,*,#4049,.T.);
#4047=EDGE_CURVE('',#337,#339,#4050,.F.);
#4048=EDGE_CURVE('',#339,#341,#4051,.T.);
#4049=EDGE_CURVE('',#341,#337,#4052,.T.);
#4050=LINE('',#336,#4053);
#4051=LINE('',#338,#4054);
#4052=LINE('',#340,#4055);
#4053=VECTOR('',#4056,1.0);
#4054=VECTOR('',#4057,1.0);
#4055=VECTOR('',#4058,1.0);
#4056=DIRECTION('',(0,0,1));
#4057=DIRECTION('',(0,-0.08304547985373997,-0.9965457582448796));
#4058=DIRECTION('',(0,1,0));
#4059=FACE_SURFACE('',(#4064),#4060,.T.);
#4060=PLANE('',#4061);
#4061=AXIS2_PLACEMENT_3D('',#340,#4062,#4063);
#4062=DIRECTION('',(1,0,0));
#4063=DIRECTION('',(0,0.08304547985373997,0.9965457582448796));
#4064=FACE_BOUND('',#4065,.T.);
#4065=EDGE_LOOP('',(#4066,#4067,#4068));
#4066=ORIENTED_EDGE('',*,*,#4069,.T.);
#4067=ORIENTED_EDGE('',*,*,#4070,.T.);
#4068=ORIENTED_EDGE('',*,*,#4071,.T.);
#4069=EDGE_CURVE('',#341,#339,#4072,.F.);
#4070=EDGE_CURVE('',#339,#343,#4073,.T.);
#4071=EDGE_CURVE('',#343,#341,#4074,.T.);
#4072=LINE('',#340,#4075);
#4073=LINE('',#338,#4076);
#4074=LINE('',#342,#4077);
#4075=VECTOR('',#4078,1.0);
#4076=VECTOR('',#4079,1.0);
#4077=VECTOR('',#4080,1.0);
#4078=DIRECTION('',(0,0.08304547985373997,0.9965457582448796));
#4079=DIRECTION('',(0,-1,0));
#4080=DIRECTION('',(0,0,-1));
#4081=FACE_SURFACE('',(#4086),#4082,.T.);
#4082=PLANE('',#4083);
#4083=AXIS2_PLACEMENT_3D('',#234,#4084,#4085);
#4084=DIRECTION('',(-0,0,1));
#4085=DIRECTION('',(0.5790556030340756,-0.8152880525279659,0));
#4086=FACE_BOUND('',#4087,.T.);
#4087=EDGE_LOOP('',(#4088,#4089,#4090));
#4088=ORIENTED_EDGE('',*,*,#4091,.T.);
#4089=ORIENTED_EDGE('',*,*,#4092,.T.);
#4090=ORIENTED_EDGE('',*,*,#4093,.T.);
#4091=EDGE_CURVE('',#235,#345,#4094,.F.);
#4092=EDGE_CURVE('',#345,#239,#4095,.T.);
#4093=EDGE_CURVE('',#239,#235,#4096,.T.);
#4094=LINE('',#234,#4097);
#4095=LINE('',#344,#4098);
#4096=LINE('',#238,#4099);
#4097=VECTOR('',#4100,1.0);
#4098=VECTOR('',#4101,1.0);
#4099=VECTOR('',#4102,1.0);
#4100=DIRECTION('',(0.5790556030340756,-0.8152880525279659,0));
#4101=DIRECTION('',(-0.5547001962252291,0.8320502943378437,0));
#4102=DIRECTION('',(-0.13052582848644545,-0.9914449092601803,0));
#4103=FACE_SURFACE('',(#4108),#4104,.T.);
#4104=PLANE('',#4105);
#4105=AXIS2_PLACEMENT_3D('',#238,#4106,#4107);
#4106=DIRECTION('',(-0,0,1));
#4107=DIRECTION('',(0.5547001962252291,-0.8320502943378437,0));
#4108=FACE_BOUND('',#4109,.T.);
#4109=EDGE_LOOP('',(#4110,#4111,#4112));
#4110=ORIENTED_EDGE('',*,*,#4113,.T.);
#4111=ORIENTED_EDGE('',*,*,#4114,.T.);
#4112=ORIENTED_EDGE('',*,*,#4115,.T.);
#4113=EDGE_CURVE('',#239,#345,#4116,.F.);
#4114=EDGE_CURVE('',#345,#347,#4117,.T.);
#4115=EDGE_CURVE('',#347,#239,#4118,.T.);
#4116=LINE('',#238,#4119);
#4117=LINE('',#344,#4120);
#4118=LINE('',#346,#4121);
#4119=VECTOR('',#4122,1.0);
#4120=VECTOR('',#4123,1.0);
#4121=VECTOR('',#4124,1.0);
#4122=DIRECTION('',(0.5547001962252291,-0.8320502943378437,0));
#4123=DIRECTION('',(0,1,0));
#4124=DIRECTION('',(-0.48564293117863205,-0.8741572761215377,0));
#4125=FACE_SURFACE('',(#4130),#4126,.T.);
#4126=PLANE('',#4127);
#4127=AXIS2_PLACEMENT_3D('',#238,#4128,#4129);
#4128=DIRECTION('',(0,-0,1));
#4129=DIRECTION('',(0.48564293117863205,0.8741572761215377,0));
#4130=FACE_BOUND('',#4131,.T.);
#4131=EDGE_LOOP('',(#4132,#4133,#4134));
#4132=ORIENTED_EDGE('',*,*,#4135,.T.);
#4133=ORIENTED_EDGE('',*,*,#4136,.T.);
#4134=ORIENTED_EDGE('',*,*,#4137,.T.);
#4135=EDGE_CURVE('',#239,#347,#4138,.F.);
#4136=EDGE_CURVE('',#347,#243,#4139,.T.);
#4137=EDGE_CURVE('',#243,#239,#4140,.T.);
#4138=LINE('',#238,#4141);
#4139=LINE('',#346,#4142);
#4140=LINE('',#242,#4143);
#4141=VECTOR('',#4144,1.0);
#4142=VECTOR('',#4145,1.0);
#4143=VECTOR('',#4146,1.0);
#4144=DIRECTION('',(0.48564293117863205,0.8741572761215377,0));
#4145=DIRECTION('',(-0.5059305056599428,-0.8625742422787006,0));
#4146=DIRECTION('',(0.1305264588301315,-0.991444826273891,0));
#4147=FACE_SURFACE('',(#4152),#4148,.T.);
#4148=PLANE('',#4149);
#4149=AXIS2_PLACEMENT_3D('',#242,#4150,#4151);
#4150=DIRECTION('',(0,-0,1));
#4151=DIRECTION('',(0.5059305056599428,0.8625742422787006,0));
#4152=FACE_BOUND('',#4153,.T.);
#4153=EDGE_LOOP('',(#4154,#4155,#4156));
#4154=ORIENTED_EDGE('',*,*,#4157,.T.);
#4155=ORIENTED_EDGE('',*,*,#4158,.T.);
#4156=ORIENTED_EDGE('',*,*,#4159,.T.);
#4157=EDGE_CURVE('',#243,#347,#4160,.F.);
#4158=EDGE_CURVE('',#347,#247,#4161,.T.);
#4159=EDGE_CURVE('',#247,#243,#4162,.T.);
#4160=LINE('',#242,#4163);
#4161=LINE('',#346,#4164);
#4162=LINE('',#246,#4165);
#4163=VECTOR('',#4166,1.0);
#4164=VECTOR('',#4167,1.0);
#4165=VECTOR('',#4168,1.0);
#4166=DIRECTION('',(0.5059305056599428,0.8625742422787006,0));
#4167=DIRECTION('',(-0.5332917596045395,-0.8459313796862568,0));
#4168=DIRECTION('',(0.3826828959706995,-0.9238797546929356,0));
#4169=FACE_SURFACE('',(#4174),#4170,.T.);
#4170=PLANE('',#4171);
#4171=AXIS2_PLACEMENT_3D('',#246,#4172,#4173);
#4172=DIRECTION('',(0,-0,1));
#4173=DIRECTION('',(0.5332917596045395,0.8459313796862568,0));
#4174=FACE_BOUND('',#4175,.T.);
#4175=EDGE_LOOP('',(#4176,#4177,#4178));
#4176=ORIENTED_EDGE('',*,*,#4179,.T.);
#4177=ORIENTED_EDGE('',*,*,#4180,.T.);
#4178=ORIENTED_EDGE('',*,*,#4181,.T.);
#4179=EDGE_CURVE('',#247,#347,#4182,.F.);
#4180=EDGE_CURVE('',#347,#251,#4183,.T.);
#4181=EDGE_CURVE('',#251,#247,#4184,.T.);
#4182=LINE('',#246,#4185);
#4183=LINE('',#346,#4186);
#4184=LINE('',#250,#4187);
#4185=VECTOR('',#4188,1.0);
#4186=VECTOR('',#4189,1.0);
#4187=VECTOR('',#4190,1.0);
#4188=DIRECTION('',(0.5332917596045395,0.8459313796862568,0));
#4189=DIRECTION('',(-0.565190436606721,-0.8249604659426438,0));
#4190=DIRECTION('',(0.6087602542884663,-0.7933542416844079,0));
#4191=FACE_SURFACE('',(#4196),#4192,.T.);
#4192=PLANE('',#4193);
#4193=AXIS2_PLACEMENT_3D('',#250,#4194,#4195);
#4194=DIRECTION('',(0,-0,1));
#4195=DIRECTION('',(0.565190436606721,0.8249604659426438,0));
#4196=FACE_BOUND('',#4197,.T.);
#4197=EDGE_LOOP('',(#4198,#4199,#4200));
#4198=ORIENTED_EDGE('',*,*,#4201,.T.);
#4199=ORIENTED_EDGE('',*,*,#4202,.T.);
#4200=ORIENTED_EDGE('',*,*,#4203,.T.);
#4201=EDGE_CURVE('',#251,#347,#4204,.F.);
#4202=EDGE_CURVE('',#347,#255,#4205,.T.);
#4203=EDGE_CURVE('',#255,#251,#4206,.T.);
#4204=LINE('',#250,#4207);
#4205=LINE('',#346,#4208);
#4206=LINE('',#254,#4209);
#4207=VECTOR('',#4210,1.0);
#4208=VECTOR('',#4211,1.0);
#4209=VECTOR('',#4212,1.0);
#4210=DIRECTION('',(0.565190436606721,0.8249604659426438,0));
#4211=DIRECTION('',(-0.5982857802293929,-0.8012827997500673,0));
#4212=DIRECTION('',(0.7933536943234101,-0.6087609676247296,0));
#4213=FACE_SURFACE('',(#4218),#4214,.T.);
#4214=PLANE('',#4215);
#4215=AXIS2_PLACEMENT_3D('',#254,#4216,#4217);
#4216=DIRECTION('',(0,-0,1));
#4217=DIRECTION('',(0.5982857802293929,0.8012827997500673,0));
#4218=FACE_BOUND('',#4219,.T.);
#4219=EDGE_LOOP('',(#4220,#4221,#4222));
#4220=ORIENTED_EDGE('',*,*,#4223,.T.);
#4221=ORIENTED_EDGE('',*,*,#4224,.T.);
#4222=ORIENTED_EDGE('',*,*,#4225,.T.);
#4223=EDGE_CURVE('',#255,#347,#4226,.F.);
#4224=EDGE_CURVE('',#347,#259,#4227,.T.);
#4225=EDGE_CURVE('',#259,#255,#4228,.T.);
#4226=LINE('',#254,#4229);
#4227=LINE('',#346,#4230);
#4228=LINE('',#258,#4231);
#4229=VECTOR('',#4232,1.0);
#4230=VECTOR('',#4233,1.0);
#4231=VECTOR('',#4234,1.0);
#4232=DIRECTION('',(0.5982857802293929,0.8012827997500673,0));
#4233=DIRECTION('',(-0.6291339454587916,-0.7772969050957647,0));
#4234=DIRECTION('',(0.9238790413621422,-0.3826846181018637,0));
#4235=FACE_SURFACE('',(#4240),#4236,.T.);
#4236=PLANE('',#4237);
#4237=AXIS2_PLACEMENT_3D('',#258,#4238,#4239);
#4238=DIRECTION('',(0,-0,1));
#4239=DIRECTION('',(0.6291339454587916,0.7772969050957647,0));
#4240=FACE_BOUND('',#4241,.T.);
#4241=EDGE_LOOP('',(#4242,#4243,#4244));
#4242=ORIENTED_EDGE('',*,*,#4245,.T.);
#4243=ORIENTED_EDGE('',*,*,#4246,.T.);
#4244=ORIENTED_EDGE('',*,*,#4247,.T.);
#4245=EDGE_CURVE('',#259,#347,#4248,.F.);
#4246=EDGE_CURVE('',#347,#263,#4249,.T.);
#4247=EDGE_CURVE('',#263,#259,#4250,.T.);
#4248=LINE('',#258,#4251);
#4249=LINE('',#346,#4252);
#4250=LINE('',#262,#4253);
#4251=VECTOR('',#4254,1.0);
#4252=VECTOR('',#4255,1.0);
#4253=VECTOR('',#4256,1.0);
#4254=DIRECTION('',(0.6291339454587916,0.7772969050957647,0));
#4255=DIRECTION('',(-0.6549305384178419,-0.7556890827898176,0));
#4256=DIRECTION('',(0.9914449092601803,-0.13052582848644545,0));
#4257=FACE_SURFACE('',(#4262),#4258,.T.);
#4258=PLANE('',#4259);
#4259=AXIS2_PLACEMENT_3D('',#262,#4260,#4261);
#4260=DIRECTION('',(0,-0,1));
#4261=DIRECTION('',(0.6549305384178419,0.7556890827898176,0));
#4262=FACE_BOUND('',#4263,.T.);
#4263=EDGE_LOOP('',(#4264,#4265,#4266));
#4264=ORIENTED_EDGE('',*,*,#4267,.T.);
#4265=ORIENTED_EDGE('',*,*,#4268,.T.);
#4266=ORIENTED_EDGE('',*,*,#4269,.T.);
#4267=EDGE_CURVE('',#263,#347,#4270,.F.);
#4268=EDGE_CURVE('',#347,#267,#4271,.T.);
#4269=EDGE_CURVE('',#267,#263,#4272,.T.);
#4270=LINE('',#262,#4273);
#4271=LINE('',#346,#4274);
#4272=LINE('',#266,#4275);
#4273=VECTOR('',#4276,1.0);
#4274=VECTOR('',#4277,1.0);
#4275=VECTOR('',#4278,1.0);
#4276=DIRECTION('',(0.6549305384178419,0.7556890827898176,0));
#4277=DIRECTION('',(-0.6739349900849266,-0.7387906531211869,0));
#4278=DIRECTION('',(0.991444826273891,0.1305264588301315,0));
#4279=FACE_SURFACE('',(#4284),#4280,.T.);
#4280=PLANE('',#4281);
#4281=AXIS2_PLACEMENT_3D('',#266,#4282,#4283);
#4282=DIRECTION('',(0,-0,1));
#4283=DIRECTION('',(0.6739349900849266,0.7387906531211869,0));
#4284=FACE_BOUND('',#4285,.T.);
#4285=EDGE_LOOP('',(#4286,#4287,#4288));
#4286=ORIENTED_EDGE('',*,*,#4289,.T.);
#4287=ORIENTED_EDGE('',*,*,#4290,.T.);
#4288=ORIENTED_EDGE('',*,*,#4291,.T.);
#4289=EDGE_CURVE('',#267,#347,#4292,.F.);
#4290=EDGE_CURVE('',#347,#349,#4293,.T.);
#4291=EDGE_CURVE('',#349,#267,#4294,.T.);
#4292=LINE('',#266,#4295);
#4293=LINE('',#346,#4296);
#4294=LINE('',#348,#4297);
#4295=VECTOR('',#4298,1.0);
#4296=VECTOR('',#4299,1.0);
#4297=VECTOR('',#4300,1.0);
#4298=DIRECTION('',(0.6739349900849266,0.7387906531211869,0));
#4299=DIRECTION('',(-1,0,0));
#4300=DIRECTION('',(0.9935403333133335,-0.11347954035697405,0));
#4301=FACE_SURFACE('',(#4306),#4302,.T.);
#4302=PLANE('',#4303);
#4303=AXIS2_PLACEMENT_3D('',#266,#4304,#4305);
#4304=DIRECTION('',(0,0,1));
#4305=DIRECTION('',(-0.9935403333133335,0.11347954035697405,0));
#4306=FACE_BOUND('',#4307,.T.);
#4307=EDGE_LOOP('',(#4308,#4309,#4310));
#4308=ORIENTED_EDGE('',*,*,#4311,.T.);
#4309=ORIENTED_EDGE('',*,*,#4312,.T.);
#4310=ORIENTED_EDGE('',*,*,#4313,.T.);
#4311=EDGE_CURVE('',#267,#349,#4314,.F.);
#4312=EDGE_CURVE('',#349,#271,#4315,.T.);
#4313=EDGE_CURVE('',#271,#267,#4316,.T.);
#4314=LINE('',#266,#4317);
#4315=LINE('',#348,#4318);
#4316=LINE('',#270,#4319);
#4317=VECTOR('',#4320,1.0);
#4318=VECTOR('',#4321,1.0);
#4319=VECTOR('',#4322,1.0);
#4320=DIRECTION('',(-0.9935403333133335,0.11347954035697405,0));
#4321=DIRECTION('',(0.9932106532063825,-0.1163296967990176,0));
#4322=DIRECTION('',(0.9238797546929356,0.3826828959706995,0));
#4323=FACE_SURFACE('',(#4328),#4324,.T.);
#4324=PLANE('',#4325);
#4325=AXIS2_PLACEMENT_3D('',#270,#4326,#4327);
#4326=DIRECTION('',(0,0,1));
#4327=DIRECTION('',(-0.9932106532063825,0.1163296967990176,0));
#4328=FACE_BOUND('',#4329,.T.);
#4329=EDGE_LOOP('',(#4330,#4331,#4332));
#4330=ORIENTED_EDGE('',*,*,#4333,.T.);
#4331=ORIENTED_EDGE('',*,*,#4334,.T.);
#4332=ORIENTED_EDGE('',*,*,#4335,.T.);
#4333=EDGE_CURVE('',#271,#349,#4336,.F.);
#4334=EDGE_CURVE('',#349,#275,#4337,.T.);
#4335=EDGE_CURVE('',#275,#271,#4338,.T.);
#4336=LINE('',#270,#4339);
#4337=LINE('',#348,#4340);
#4338=LINE('',#274,#4341);
#4339=VECTOR('',#4342,1.0);
#4340=VECTOR('',#4343,1.0);
#4341=VECTOR('',#4344,1.0);
#4342=DIRECTION('',(-0.9932106532063825,0.1163296967990176,0));
#4343=DIRECTION('',(0.9927205484246129,-0.1204404945835737,0));
#4344=DIRECTION('',(0.793351889204283,0.6087633200973881,0));
#4345=FACE_SURFACE('',(#4350),#4346,.T.);
#4346=PLANE('',#4347);
#4347=AXIS2_PLACEMENT_3D('',#274,#4348,#4349);
#4348=DIRECTION('',(0,0,1));
#4349=DIRECTION('',(-0.9927205484246129,0.1204404945835737,0));
#4350=FACE_BOUND('',#4351,.T.);
#4351=EDGE_LOOP('',(#4352,#4353,#4354));
#4352=ORIENTED_EDGE('',*,*,#4355,.T.);
#4353=ORIENTED_EDGE('',*,*,#4356,.T.);
#4354=ORIENTED_EDGE('',*,*,#4357,.T.);
#4355=EDGE_CURVE('',#275,#349,#4358,.F.);
#4356=EDGE_CURVE('',#349,#337,#4359,.T.);
#4357=EDGE_CURVE('',#337,#275,#4360,.T.);
#4358=LINE('',#274,#4361);
#4359=LINE('',#348,#4362);
#4360=LINE('',#336,#4363);
#4361=VECTOR('',#4364,1.0);
#4362=VECTOR('',#4365,1.0);
#4363=VECTOR('',#4366,1.0);
#4364=DIRECTION('',(-0.9927205484246129,0.1204404945835737,0));
#4365=DIRECTION('',(0.7808688094430304,-0.6246950475544243,0));
#4366=DIRECTION('',(0.992103085467533,0.12542514821917017,0));
#4367=FACE_SURFACE('',(#4372),#4368,.T.);
#4368=PLANE('',#4369);
#4369=AXIS2_PLACEMENT_3D('',#274,#4370,#4371);
#4370=DIRECTION('',(0,0,1));
#4371=DIRECTION('',(-0.992103085467533,-0.12542514821917017,0));
#4372=FACE_BOUND('',#4373,.T.);
#4373=EDGE_LOOP('',(#4374,#4375,#4376));
#4374=ORIENTED_EDGE('',*,*,#4377,.T.);
#4375=ORIENTED_EDGE('',*,*,#4378,.T.);
#4376=ORIENTED_EDGE('',*,*,#4379,.T.);
#4377=EDGE_CURVE('',#275,#337,#4380,.F.);
#4378=EDGE_CURVE('',#337,#279,#4381,.T.);
#4379=EDGE_CURVE('',#279,#275,#4382,.T.);
#4380=LINE('',#274,#4383);
#4381=LINE('',#336,#4384);
#4382=LINE('',#278,#4385);
#4383=VECTOR('',#4386,1.0);
#4384=VECTOR('',#4387,1.0);
#4385=VECTOR('',#4388,1.0);
#4386=DIRECTION('',(-0.992103085467533,-0.12542514821917017,0));
#4387=DIRECTION('',(0.9928129651176945,0.11967629796334654,0));
#4388=DIRECTION('',(0.6087633200973881,0.793351889204283,0));
#4389=FACE_SURFACE('',(#4394),#4390,.T.);
#4390=PLANE('',#4391);
#4391=AXIS2_PLACEMENT_3D('',#278,#4392,#4393);
#4392=DIRECTION('',(0,0,1));
#4393=DIRECTION('',(-0.9928129651176945,-0.11967629796334654,0));
#4394=FACE_BOUND('',#4395,.T.);
#4395=EDGE_LOOP('',(#4396,#4397,#4398));
#4396=ORIENTED_EDGE('',*,*,#4399,.T.);
#4397=ORIENTED_EDGE('',*,*,#4400,.T.);
#4398=ORIENTED_EDGE('',*,*,#4401,.T.);
#4399=EDGE_CURVE('',#279,#337,#4402,.F.);
#4400=EDGE_CURVE('',#337,#283,#4403,.T.);
#4401=EDGE_CURVE('',#283,#279,#4404,.T.);
#4402=LINE('',#278,#4405);
#4403=LINE('',#336,#4406);
#4404=LINE('',#282,#4407);
#4405=VECTOR('',#4408,1.0);
#4406=VECTOR('',#4409,1.0);
#4407=VECTOR('',#4410,1.0);
#4408=DIRECTION('',(-0.9928129651176945,-0.11967629796334654,0));
#4409=DIRECTION('',(0.9936410909854113,0.11259388218425344,0));
#4410=DIRECTION('',(0.3826828959706995,0.9238797546929356,0));
#4411=FACE_SURFACE('',(#4416),#4412,.T.);
#4412=PLANE('',#4413);
#4413=AXIS2_PLACEMENT_3D('',#282,#4414,#4415);
#4414=DIRECTION('',(0,0,1));
#4415=DIRECTION('',(-0.9936410909854113,-0.11259388218425344,0));
#4416=FACE_BOUND('',#4417,.T.);
#4417=EDGE_LOOP('',(#4418,#4419,#4420));
#4418=ORIENTED_EDGE('',*,*,#4421,.T.);
#4419=ORIENTED_EDGE('',*,*,#4422,.T.);
#4420=ORIENTED_EDGE('',*,*,#4423,.T.);
#4421=EDGE_CURVE('',#283,#337,#4424,.F.);
#4422=EDGE_CURVE('',#337,#287,#4425,.T.);
#4423=EDGE_CURVE('',#287,#283,#4426,.T.);
#4424=LINE('',#282,#4427);
#4425=LINE('',#336,#4428);
#4426=LINE('',#286,#4429);
#4427=VECTOR('',#4430,1.0);
#4428=VECTOR('',#4431,1.0);
#4429=VECTOR('',#4432,1.0);
#4430=DIRECTION('',(-0.9936410909854113,-0.11259388218425344,0));
#4431=DIRECTION('',(0.994505452921406,0.10468478451804274,0));
#4432=DIRECTION('',(0.1305264588301315,0.991444826273891,0));
#4433=FACE_SURFACE('',(#4438),#4434,.T.);
#4434=PLANE('',#4435);
#4435=AXIS2_PLACEMENT_3D('',#286,#4436,#4437);
#4436=DIRECTION('',(0,0,1));
#4437=DIRECTION('',(-0.994505452921406,-0.10468478451804274,0));
#4438=FACE_BOUND('',#4439,.T.);
#4439=EDGE_LOOP('',(#4440,#4441,#4442));
#4440=ORIENTED_EDGE('',*,*,#4443,.T.);
#4441=ORIENTED_EDGE('',*,*,#4444,.T.);
#4442=ORIENTED_EDGE('',*,*,#4445,.T.);
#4443=EDGE_CURVE('',#287,#337,#4446,.F.);
#4444=EDGE_CURVE('',#337,#331,#4447,.T.);
#4445=EDGE_CURVE('',#331,#287,#4448,.T.);
#4446=LINE('',#286,#4449);
#4447=LINE('',#336,#4450);
#4448=LINE('',#330,#4451);
#4449=VECTOR('',#4452,1.0);
#4450=VECTOR('',#4453,1.0);
#4451=VECTOR('',#4454,1.0);
#4452=DIRECTION('',(-0.994505452921406,-0.10468478451804274,0));
#4453=DIRECTION('',(1,0,0));
#4454=DIRECTION('',(0.8849182223819824,0.4657464328326223,0));
#4455=FACE_SURFACE('',(#4460),#4456,.T.);
#4456=PLANE('',#4457);
#4457=AXIS2_PLACEMENT_3D('',#286,#4458,#4459);
#4458=DIRECTION('',(0,0,1));
#4459=DIRECTION('',(-0.8849182223819824,-0.4657464328326223,0));
#4460=FACE_BOUND('',#4461,.T.);
#4461=EDGE_LOOP('',(#4462,#4463,#4464));
#4462=ORIENTED_EDGE('',*,*,#4465,.T.);
#4463=ORIENTED_EDGE('',*,*,#4466,.T.);
#4464=ORIENTED_EDGE('',*,*,#4467,.T.);
#4465=EDGE_CURVE('',#287,#331,#4468,.F.);
#4466=EDGE_CURVE('',#331,#291,#4469,.T.);
#4467=EDGE_CURVE('',#291,#287,#4470,.T.);
#4468=LINE('',#286,#4471);
#4469=LINE('',#330,#4472);
#4470=LINE('',#290,#4473);
#4471=VECTOR('',#4474,1.0);
#4472=VECTOR('',#4475,1.0);
#4473=VECTOR('',#4476,1.0);
#4474=DIRECTION('',(-0.8849182223819824,-0.4657464328326223,0));
#4475=DIRECTION('',(0.9005188046818864,0.4348170677587376,0));
#4476=DIRECTION('',(-0.13052582848644545,0.9914449092601803,0));
#4477=FACE_SURFACE('',(#4482),#4478,.T.);
#4478=PLANE('',#4479);
#4479=AXIS2_PLACEMENT_3D('',#290,#4480,#4481);
#4480=DIRECTION('',(0,0,1));
#4481=DIRECTION('',(-0.9005188046818864,-0.4348170677587376,0));
#4482=FACE_BOUND('',#4483,.T.);
#4483=EDGE_LOOP('',(#4484,#4485,#4486));
#4484=ORIENTED_EDGE('',*,*,#4487,.T.);
#4485=ORIENTED_EDGE('',*,*,#4488,.T.);
#4486=ORIENTED_EDGE('',*,*,#4489,.T.);
#4487=EDGE_CURVE('',#291,#331,#4490,.F.);
#4488=EDGE_CURVE('',#331,#295,#4491,.T.);
#4489=EDGE_CURVE('',#295,#291,#4492,.T.);
#4490=LINE('',#290,#4493);
#4491=LINE('',#330,#4494);
#4492=LINE('',#294,#4495);
#4493=VECTOR('',#4496,1.0);
#4494=VECTOR('',#4497,1.0);
#4495=VECTOR('',#4498,1.0);
#4496=DIRECTION('',(-0.9005188046818864,-0.4348170677587376,0));
#4497=DIRECTION('',(0.9159551126416468,0.4012807391660209,0));
#4498=DIRECTION('',(-0.3826846181018637,0.9238790413621422,0));
#4499=FACE_SURFACE('',(#4504),#4500,.T.);
#4500=PLANE('',#4501);
#4501=AXIS2_PLACEMENT_3D('',#294,#4502,#4503);
#4502=DIRECTION('',(0,0,1));
#4503=DIRECTION('',(-0.9159551126416468,-0.4012807391660209,0));
#4504=FACE_BOUND('',#4505,.T.);
#4505=EDGE_LOOP('',(#4506,#4507,#4508));
#4506=ORIENTED_EDGE('',*,*,#4509,.T.);
#4507=ORIENTED_EDGE('',*,*,#4510,.T.);
#4508=ORIENTED_EDGE('',*,*,#4511,.T.);
#4509=EDGE_CURVE('',#295,#331,#4512,.F.);
#4510=EDGE_CURVE('',#331,#299,#4513,.T.);
#4511=EDGE_CURVE('',#299,#295,#4514,.T.);
#4512=LINE('',#294,#4515);
#4513=LINE('',#330,#4516);
#4514=LINE('',#298,#4517);
#4515=VECTOR('',#4518,1.0);
#4516=VECTOR('',#4519,1.0);
#4517=VECTOR('',#4520,1.0);
#4518=DIRECTION('',(-0.9159551126416468,-0.4012807391660209,0));
#4519=DIRECTION('',(0.9296459610600865,0.36845405016727395,0));
#4520=DIRECTION('',(-0.6087609676247296,0.7933536943234101,0));
#4521=FACE_SURFACE('',(#4526),#4522,.T.);
#4522=PLANE('',#4523);
#4523=AXIS2_PLACEMENT_3D('',#298,#4524,#4525);
#4524=DIRECTION('',(0,0,1));
#4525=DIRECTION('',(-0.9296459610600865,-0.36845405016727395,0));
#4526=FACE_BOUND('',#4527,.T.);
#4527=EDGE_LOOP('',(#4528,#4529,#4530));
#4528=ORIENTED_EDGE('',*,*,#4531,.T.);
#4529=ORIENTED_EDGE('',*,*,#4532,.T.);
#4530=ORIENTED_EDGE('',*,*,#4533,.T.);
#4531=EDGE_CURVE('',#299,#331,#4534,.F.);
#4532=EDGE_CURVE('',#331,#303,#4535,.T.);
#4533=EDGE_CURVE('',#303,#299,#4536,.T.);
#4534=LINE('',#298,#4537);
#4535=LINE('',#330,#4538);
#4536=LINE('',#302,#4539);
#4537=VECTOR('',#4540,1.0);
#4538=VECTOR('',#4541,1.0);
#4539=VECTOR('',#4542,1.0);
#4540=DIRECTION('',(-0.9296459610600865,-0.36845405016727395,0));
#4541=DIRECTION('',(0.9405664108844489,0.3396098153998878,0));
#4542=DIRECTION('',(-0.7933542416844079,0.6087602542884663,0));
#4543=FACE_SURFACE('',(#4548),#4544,.T.);
#4544=PLANE('',#4545);
#4545=AXIS2_PLACEMENT_3D('',#302,#4546,#4547);
#4546=DIRECTION('',(0,0,1));
#4547=DIRECTION('',(-0.9405664108844489,-0.3396098153998878,0));
#4548=FACE_BOUND('',#4549,.T.);
#4549=EDGE_LOOP('',(#4550,#4551,#4552));
#4550=ORIENTED_EDGE('',*,*,#4553,.T.);
#4551=ORIENTED_EDGE('',*,*,#4554,.T.);
#4552=ORIENTED_EDGE('',*,*,#4555,.T.);
#4553=EDGE_CURVE('',#303,#331,#4556,.F.);
#4554=EDGE_CURVE('',#331,#351,#4557,.T.);
#4555=EDGE_CURVE('',#351,#303,#4558,.T.);
#4556=LINE('',#302,#4559);
#4557=LINE('',#330,#4560);
#4558=LINE('',#350,#4561);
#4559=VECTOR('',#4562,1.0);
#4560=VECTOR('',#4563,1.0);
#4561=VECTOR('',#4564,1.0);
#4562=DIRECTION('',(-0.9405664108844489,-0.3396098153998878,0));
#4563=DIRECTION('',(1,0,0));
#4564=DIRECTION('',(0.9284433889457491,0.37147392038060023,0));
#4565=FACE_SURFACE('',(#4570),#4566,.T.);
#4566=PLANE('',#4567);
#4567=AXIS2_PLACEMENT_3D('',#302,#4568,#4569);
#4568=DIRECTION('',(0,0,1));
#4569=DIRECTION('',(-0.9284433889457491,-0.37147392038060023,0));
#4570=FACE_BOUND('',#4571,.T.);
#4571=EDGE_LOOP('',(#4572,#4573,#4574));
#4572=ORIENTED_EDGE('',*,*,#4575,.T.);
#4573=ORIENTED_EDGE('',*,*,#4576,.T.);
#4574=ORIENTED_EDGE('',*,*,#4577,.T.);
#4575=EDGE_CURVE('',#303,#351,#4578,.F.);
#4576=EDGE_CURVE('',#351,#307,#4579,.T.);
#4577=EDGE_CURVE('',#307,#303,#4580,.T.);
#4578=LINE('',#302,#4581);
#4579=LINE('',#350,#4582);
#4580=LINE('',#306,#4583);
#4581=VECTOR('',#4584,1.0);
#4582=VECTOR('',#4585,1.0);
#4583=VECTOR('',#4586,1.0);
#4584=DIRECTION('',(-0.9284433889457491,-0.37147392038060023,0));
#4585=DIRECTION('',(0.9380283080598479,0.3465586433468064,0));
#4586=DIRECTION('',(-0.9238797546929356,0.3826828959706995,0));
#4587=FACE_SURFACE('',(#4592),#4588,.T.);
#4588=PLANE('',#4589);
#4589=AXIS2_PLACEMENT_3D('',#306,#4590,#4591);
#4590=DIRECTION('',(0,0,1));
#4591=DIRECTION('',(-0.9380283080598479,-0.3465586433468064,0));
#4592=FACE_BOUND('',#4593,.T.);
#4593=EDGE_LOOP('',(#4594,#4595,#4596));
#4594=ORIENTED_EDGE('',*,*,#4597,.T.);
#4595=ORIENTED_EDGE('',*,*,#4598,.T.);
#4596=ORIENTED_EDGE('',*,*,#4599,.T.);
#4597=EDGE_CURVE('',#307,#351,#4600,.F.);
#4598=EDGE_CURVE('',#351,#311,#4601,.T.);
#4599=EDGE_CURVE('',#311,#307,#4602,.T.);
#4600=LINE('',#306,#4603);
#4601=LINE('',#350,#4604);
#4602=LINE('',#310,#4605);
#4603=VECTOR('',#4606,1.0);
#4604=VECTOR('',#4607,1.0);
#4605=VECTOR('',#4608,1.0);
#4606=DIRECTION('',(-0.9380283080598479,-0.3465586433468064,0));
#4607=DIRECTION('',(0.9438583563660173,0.3303504247281061,0));
#4608=DIRECTION('',(-0.991444826273891,0.1305264588301315,0));
#4609=FACE_SURFACE('',(#4614),#4610,.T.);
#4610=PLANE('',#4611);
#4611=AXIS2_PLACEMENT_3D('',#310,#4612,#4613);
#4612=DIRECTION('',(0,0,1));
#4613=DIRECTION('',(-0.9438583563660173,-0.3303504247281061,0));
#4614=FACE_BOUND('',#4615,.T.);
#4615=EDGE_LOOP('',(#4616,#4617,#4618));
#4616=ORIENTED_EDGE('',*,*,#4619,.T.);
#4617=ORIENTED_EDGE('',*,*,#4620,.T.);
#4618=ORIENTED_EDGE('',*,*,#4621,.T.);
#4619=EDGE_CURVE('',#311,#351,#4622,.F.);
#4620=EDGE_CURVE('',#351,#345,#4623,.T.);
#4621=EDGE_CURVE('',#345,#311,#4624,.T.);
#4622=LINE('',#310,#4625);
#4623=LINE('',#350,#4626);
#4624=LINE('',#344,#4627);
#4625=VECTOR('',#4628,1.0);
#4626=VECTOR('',#4629,1.0);
#4627=VECTOR('',#4630,1.0);
#4628=DIRECTION('',(-0.9438583563660173,-0.3303504247281061,0));
#4629=DIRECTION('',(0.9887155042247666,-0.14980537942799493,0));
#4630=DIRECTION('',(-0.7348034446274879,0.6782801027330658,0));
#4631=FACE_SURFACE('',(#4636),#4632,.T.);
#4632=PLANE('',#4633);
#4633=AXIS2_PLACEMENT_3D('',#310,#4634,#4635);
#4634=DIRECTION('',(-0,0,1));
#4635=DIRECTION('',(0.7348034446274879,-0.6782801027330658,0));
#4636=FACE_BOUND('',#4637,.T.);
#4637=EDGE_LOOP('',(#4638,#4639,#4640));
#4638=ORIENTED_EDGE('',*,*,#4641,.T.);
#4639=ORIENTED_EDGE('',*,*,#4642,.T.);
#4640=ORIENTED_EDGE('',*,*,#4643,.T.);
#4641=EDGE_CURVE('',#311,#345,#4644,.F.);
#4642=EDGE_CURVE('',#345,#315,#4645,.T.);
#4643=EDGE_CURVE('',#315,#311,#4646,.T.);
#4644=LINE('',#310,#4647);
#4645=LINE('',#344,#4648);
#4646=LINE('',#314,#4649);
#4647=VECTOR('',#4650,1.0);
#4648=VECTOR('',#4651,1.0);
#4649=VECTOR('',#4652,1.0);
#4650=DIRECTION('',(0.7348034446274879,-0.6782801027330658,0));
#4651=DIRECTION('',(-0.7106244663742126,0.7035715086544976,0));
#4652=DIRECTION('',(-0.9914449092601803,-0.13052582848644545,0));
#4653=FACE_SURFACE('',(#4658),#4654,.T.);
#4654=PLANE('',#4655);
#4655=AXIS2_PLACEMENT_3D('',#314,#4656,#4657);
#4656=DIRECTION('',(-0,0,1));
#4657=DIRECTION('',(0.7106244663742126,-0.7035715086544976,0));
#4658=FACE_BOUND('',#4659,.T.);
#4659=EDGE_LOOP('',(#4660,#4661,#4662));
#4660=ORIENTED_EDGE('',*,*,#4663,.T.);
#4661=ORIENTED_EDGE('',*,*,#4664,.T.);
#4662=ORIENTED_EDGE('',*,*,#4665,.T.);
#4663=EDGE_CURVE('',#315,#345,#4666,.F.);
#4664=EDGE_CURVE('',#345,#319,#4667,.T.);
#4665=EDGE_CURVE('',#319,#315,#4668,.T.);
#4666=LINE('',#314,#4669);
#4667=LINE('',#344,#4670);
#4668=LINE('',#318,#4671);
#4669=VECTOR('',#4672,1.0);
#4670=VECTOR('',#4673,1.0);
#4671=VECTOR('',#4674,1.0);
#4672=DIRECTION('',(0.7106244663742126,-0.7035715086544976,0));
#4673=DIRECTION('',(-0.6799406440320538,0.7332671549941916,0));
#4674=DIRECTION('',(-0.9238790413621422,-0.3826846181018637,0));
#4675=FACE_SURFACE('',(#4680),#4676,.T.);
#4676=PLANE('',#4677);
#4677=AXIS2_PLACEMENT_3D('',#318,#4678,#4679);
#4678=DIRECTION('',(-0,0,1));
#4679=DIRECTION('',(0.6799406440320538,-0.7332671549941916,0));
#4680=FACE_BOUND('',#4681,.T.);
#4681=EDGE_LOOP('',(#4682,#4683,#4684));
#4682=ORIENTED_EDGE('',*,*,#4685,.T.);
#4683=ORIENTED_EDGE('',*,*,#4686,.T.);
#4684=ORIENTED_EDGE('',*,*,#4687,.T.);
#4685=EDGE_CURVE('',#319,#345,#4688,.F.);
#4686=EDGE_CURVE('',#345,#323,#4689,.T.);
#4687=EDGE_CURVE('',#323,#319,#4690,.T.);
#4688=LINE('',#318,#4691);
#4689=LINE('',#344,#4692);
#4690=LINE('',#322,#4693);
#4691=VECTOR('',#4694,1.0);
#4692=VECTOR('',#4695,1.0);
#4693=VECTOR('',#4696,1.0);
#4694=DIRECTION('',(0.6799406440320538,-0.7332671549941916,0));
#4695=DIRECTION('',(-0.645296801495874,0.7639319589984404,0));
#4696=DIRECTION('',(-0.7933560467907059,-0.6087579018137039,0));
#4697=FACE_SURFACE('',(#4702),#4698,.T.);
#4698=PLANE('',#4699);
#4699=AXIS2_PLACEMENT_3D('',#322,#4700,#4701);
#4700=DIRECTION('',(-0,0,1));
#4701=DIRECTION('',(0.645296801495874,-0.7639319589984404,0));
#4702=FACE_BOUND('',#4703,.T.);
#4703=EDGE_LOOP('',(#4704,#4705,#4706));
#4704=ORIENTED_EDGE('',*,*,#4707,.T.);
#4705=ORIENTED_EDGE('',*,*,#4708,.T.);
#4706=ORIENTED_EDGE('',*,*,#4709,.T.);
#4707=EDGE_CURVE('',#323,#345,#4710,.F.);
#4708=EDGE_CURVE('',#345,#327,#4711,.T.);
#4709=EDGE_CURVE('',#327,#323,#4712,.T.);
#4710=LINE('',#322,#4713);
#4711=LINE('',#344,#4714);
#4712=LINE('',#326,#4715);
#4713=VECTOR('',#4716,1.0);
#4714=VECTOR('',#4717,1.0);
#4715=VECTOR('',#4718,1.0);
#4716=DIRECTION('',(0.645296801495874,-0.7639319589984404,0));
#4717=DIRECTION('',(-0.6103486275077703,0.7921329136574121,0));
#4718=DIRECTION('',(-0.6087579018137039,-0.7933560467907059,0));
#4719=FACE_SURFACE('',(#4724),#4720,.T.);
#4720=PLANE('',#4721);
#4721=AXIS2_PLACEMENT_3D('',#326,#4722,#4723);
#4722=DIRECTION('',(-0,0,1));
#4723=DIRECTION('',(0.6103486275077703,-0.7921329136574121,0));
#4724=FACE_BOUND('',#4725,.T.);
#4725=EDGE_LOOP('',(#4726,#4727,#4728));
#4726=ORIENTED_EDGE('',*,*,#4729,.T.);
#4727=ORIENTED_EDGE('',*,*,#4730,.T.);
#4728=ORIENTED_EDGE('',*,*,#4731,.T.);
#4729=EDGE_CURVE('',#327,#345,#4732,.F.);
#4730=EDGE_CURVE('',#345,#235,#4733,.T.);
#4731=EDGE_CURVE('',#235,#327,#4734,.T.);
#4732=LINE('',#326,#4735);
#4733=LINE('',#344,#4736);
#4734=LINE('',#234,#4737);
#4735=VECTOR('',#4738,1.0);
#4736=VECTOR('',#4739,1.0);
#4737=VECTOR('',#4740,1.0);
#4738=DIRECTION('',(0.6103486275077703,-0.7921329136574121,0));
#4739=DIRECTION('',(-0.5790556030340756,0.8152880525279659,0));
#4740=DIRECTION('',(-0.3826846181018637,-0.9238790413621422,0));
#4741=FACE_SURFACE('',(#4746),#4742,.T.);
#4742=PLANE('',#4743);
#4743=AXIS2_PLACEMENT_3D('',#350,#4744,#4745);
#4744=DIRECTION('',(0,0,1));
#4745=DIRECTION('',(0,-1,0));
#4746=FACE_BOUND('',#4747,.T.);
#4747=EDGE_LOOP('',(#4748,#4749,#4750));
#4748=ORIENTED_EDGE('',*,*,#4751,.T.);
#4749=ORIENTED_EDGE('',*,*,#4752,.T.);
#4750=ORIENTED_EDGE('',*,*,#4753,.T.);
#4751=EDGE_CURVE('',#351,#353,#4754,.F.);
#4752=EDGE_CURVE('',#353,#345,#4755,.T.);
#4753=EDGE_CURVE('',#345,#351,#4756,.T.);
#4754=LINE('',#350,#4757);
#4755=LINE('',#352,#4758);
#4756=LINE('',#344,#4759);
#4757=VECTOR('',#4760,1.0);
#4758=VECTOR('',#4761,1.0);
#4759=VECTOR('',#4762,1.0);
#4760=DIRECTION('',(0,-1,0));
#4761=DIRECTION('',(0.9958932064677039,-0.09053574604251853,0));
#4762=DIRECTION('',(-0.9887155042247666,0.14980537942799493,0));
#4763=FACE_SURFACE('',(#4768),#4764,.T.);
#4764=PLANE('',#4765);
#4765=AXIS2_PLACEMENT_3D('',#344,#4766,#4767);
#4766=DIRECTION('',(0,0,1));
#4767=DIRECTION('',(-0.9958932064677039,0.09053574604251853,0));
#4768=FACE_BOUND('',#4769,.T.);
#4769=EDGE_LOOP('',(#4770,#4771,#4772));
#4770=ORIENTED_EDGE('',*,*,#4773,.T.);
#4771=ORIENTED_EDGE('',*,*,#4774,.T.);
#4772=ORIENTED_EDGE('',*,*,#4775,.T.);
#4773=EDGE_CURVE('',#345,#353,#4776,.F.);
#4774=EDGE_CURVE('',#353,#335,#4777,.T.);
#4775=EDGE_CURVE('',#335,#345,#4778,.T.);
#4776=LINE('',#344,#4779);
#4777=LINE('',#352,#4780);
#4778=LINE('',#334,#4781);
#4779=VECTOR('',#4782,1.0);
#4780=VECTOR('',#4783,1.0);
#4781=VECTOR('',#4784,1.0);
#4782=DIRECTION('',(-0.9958932064677039,0.09053574604251853,0));
#4783=DIRECTION('',(-1,0,0));
#4784=DIRECTION('',(0.996346649041751,-0.0854011413464358,0));
#4785=FACE_SURFACE('',(#4790),#4786,.T.);
#4786=PLANE('',#4787);
#4787=AXIS2_PLACEMENT_3D('',#344,#4788,#4789);
#4788=DIRECTION('',(0,0,1));
#4789=DIRECTION('',(-0.996346649041751,0.0854011413464358,0));
#4790=FACE_BOUND('',#4791,.T.);
#4791=EDGE_LOOP('',(#4792,#4793,#4794));
#4792=ORIENTED_EDGE('',*,*,#4795,.T.);
#4793=ORIENTED_EDGE('',*,*,#4796,.T.);
#4794=ORIENTED_EDGE('',*,*,#4797,.T.);
#4795=EDGE_CURVE('',#345,#335,#4798,.F.);
#4796=EDGE_CURVE('',#335,#341,#4799,.T.);
#4797=EDGE_CURVE('',#341,#345,#4800,.T.);
#4798=LINE('',#344,#4801);
#4799=LINE('',#334,#4802);
#4800=LINE('',#340,#4803);
#4801=VECTOR('',#4804,1.0);
#4802=VECTOR('',#4805,1.0);
#4803=VECTOR('',#4806,1.0);
#4804=DIRECTION('',(-0.996346649041751,0.0854011413464358,0));
#4805=DIRECTION('',(-1,0,0));
#4806=DIRECTION('',(0.9996349698728535,-0.02701716134791496,0));
#4807=FACE_SURFACE('',(#4812),#4808,.T.);
#4808=PLANE('',#4809);
#4809=AXIS2_PLACEMENT_3D('',#340,#4810,#4811);
#4810=DIRECTION('',(0,0,1));
#4811=DIRECTION('',(1,0,0));
#4812=FACE_BOUND('',#4813,.T.);
#4813=EDGE_LOOP('',(#4814,#4815,#4816));
#4814=ORIENTED_EDGE('',*,*,#4817,.T.);
#4815=ORIENTED_EDGE('',*,*,#4818,.T.);
#4816=ORIENTED_EDGE('',*,*,#4819,.T.);
#4817=EDGE_CURVE('',#341,#335,#4820,.F.);
#4818=EDGE_CURVE('',#335,#337,#4821,.T.);
#4819=EDGE_CURVE('',#337,#341,#4822,.T.);
#4820=LINE('',#340,#4823);
#4821=LINE('',#334,#4824);
#4822=LINE('',#336,#4825);
#4823=VECTOR('',#4826,1.0);
#4824=VECTOR('',#4827,1.0);
#4825=VECTOR('',#4828,1.0);
#4826=DIRECTION('',(1,0,0));
#4827=DIRECTION('',(-0.9996539193528472,0.02630668208823282,0));
#4828=DIRECTION('',(0,-1,0));
#4829=FACE_SURFACE('',(#4834),#4830,.T.);
#4830=PLANE('',#4831);
#4831=AXIS2_PLACEMENT_3D('',#336,#4832,#4833);
#4832=DIRECTION('',(-0,0,1));
#4833=DIRECTION('',(0.9996539193528472,-0.02630668208823282,0));
#4834=FACE_BOUND('',#4835,.T.);
#4835=EDGE_LOOP('',(#4836,#4837,#4838));
#4836=ORIENTED_EDGE('',*,*,#4839,.T.);
#4837=ORIENTED_EDGE('',*,*,#4840,.T.);
#4838=ORIENTED_EDGE('',*,*,#4841,.T.);
#4839=EDGE_CURVE('',#337,#335,#4842,.F.);
#4840=EDGE_CURVE('',#335,#331,#4843,.T.);
#4841=EDGE_CURVE('',#331,#337,#4844,.T.);
#4842=LINE('',#336,#4845);
#4843=LINE('',#334,#4846);
#4844=LINE('',#330,#4847);
#4845=VECTOR('',#4848,1.0);
#4846=VECTOR('',#4849,1.0);
#4847=VECTOR('',#4850,1.0);
#4848=DIRECTION('',(0.9996539193528472,-0.02630668208823282,0));
#4849=DIRECTION('',(0,1,0));
#4850=DIRECTION('',(-1,0,0));
#4851=FACE_SURFACE('',(#4856),#4852,.T.);
#4852=PLANE('',#4853);
#4853=AXIS2_PLACEMENT_3D('',#336,#4854,#4855);
#4854=DIRECTION('',(0,0,1));
#4855=DIRECTION('',(-0.7808688094430304,0.6246950475544243,0));
#4856=FACE_BOUND('',#4857,.T.);
#4857=EDGE_LOOP('',(#4858,#4859,#4860));
#4858=ORIENTED_EDGE('',*,*,#4861,.T.);
#4859=ORIENTED_EDGE('',*,*,#4862,.T.);
#4860=ORIENTED_EDGE('',*,*,#4863,.T.);
#4861=EDGE_CURVE('',#337,#349,#4864,.F.);
#4862=EDGE_CURVE('',#349,#355,#4865,.T.);
#4863=EDGE_CURVE('',#355,#337,#4866,.T.);
#4864=LINE('',#336,#4867);
#4865=LINE('',#348,#4868);
#4866=LINE('',#354,#4869);
#4867=VECTOR('',#4870,1.0);
#4868=VECTOR('',#4871,1.0);
#4869=VECTOR('',#4872,1.0);
#4870=DIRECTION('',(-0.7808688094430304,0.6246950475544243,0));
#4871=DIRECTION('',(0.7625091353727915,-0.6469774481950958,0));
#4872=DIRECTION('',(1,0,0));
#4873=FACE_SURFACE('',(#4878),#4874,.T.);
#4874=PLANE('',#4875);
#4875=AXIS2_PLACEMENT_3D('',#354,#4876,#4877);
#4876=DIRECTION('',(0,0,1));
#4877=DIRECTION('',(-0.7625091353727915,0.6469774481950958,0));
#4878=FACE_BOUND('',#4879,.T.);
#4879=EDGE_LOOP('',(#4880,#4881,#4882));
#4880=ORIENTED_EDGE('',*,*,#4883,.T.);
#4881=ORIENTED_EDGE('',*,*,#4884,.T.);
#4882=ORIENTED_EDGE('',*,*,#4885,.T.);
#4883=EDGE_CURVE('',#355,#349,#4886,.F.);
#4884=EDGE_CURVE('',#349,#357,#4887,.T.);
#4885=EDGE_CURVE('',#357,#355,#4888,.T.);
#4886=LINE('',#354,#4889);
#4887=LINE('',#348,#4890);
#4888=LINE('',#356,#4891);
#4889=VECTOR('',#4892,1.0);
#4890=VECTOR('',#4893,1.0);
#4891=VECTOR('',#4894,1.0);
#4892=DIRECTION('',(-0.7625091353727915,0.6469774481950958,0));
#4893=DIRECTION('',(0,-1,0));
#4894=DIRECTION('',(0.9887155042247666,0.14980537942799493,0));
#4895=FACE_SURFACE('',(#4900),#4896,.T.);
#4896=PLANE('',#4897);
#4897=AXIS2_PLACEMENT_3D('',#354,#4898,#4899);
#4898=DIRECTION('',(0,0,1));
#4899=DIRECTION('',(-0.9887155042247666,-0.14980537942799493,0));
#4900=FACE_BOUND('',#4901,.T.);
#4901=EDGE_LOOP('',(#4902,#4903,#4904));
#4902=ORIENTED_EDGE('',*,*,#4905,.T.);
#4903=ORIENTED_EDGE('',*,*,#4906,.T.);
#4904=ORIENTED_EDGE('',*,*,#4907,.T.);
#4905=EDGE_CURVE('',#355,#357,#4908,.F.);
#4906=EDGE_CURVE('',#357,#359,#4909,.T.);
#4907=EDGE_CURVE('',#359,#355,#4910,.T.);
#4908=LINE('',#354,#4911);
#4909=LINE('',#356,#4912);
#4910=LINE('',#358,#4913);
#4911=VECTOR('',#4914,1.0);
#4912=VECTOR('',#4915,1.0);
#4913=VECTOR('',#4916,1.0);
#4914=DIRECTION('',(-0.9887155042247666,-0.14980537942799493,0));
#4915=DIRECTION('',(0.9958932064677039,0.09053574604251853,0));
#4916=DIRECTION('',(0,1,0));
#4917=FACE_SURFACE('',(#4922),#4918,.T.);
#4918=PLANE('',#4919);
#4919=AXIS2_PLACEMENT_3D('',#358,#4920,#4921);
#4920=DIRECTION('',(-0,0,1));
#4921=DIRECTION('',(-0.9958932064677039,-0.09053574604251853,0));
#4922=FACE_BOUND('',#4923,.T.);
#4923=EDGE_LOOP('',(#4924,#4925,#4926));
#4924=ORIENTED_EDGE('',*,*,#4927,.T.);
#4925=ORIENTED_EDGE('',*,*,#4928,.T.);
#4926=ORIENTED_EDGE('',*,*,#4929,.T.);
#4927=EDGE_CURVE('',#359,#357,#4930,.F.);
#4928=EDGE_CURVE('',#357,#341,#4931,.T.);
#4929=EDGE_CURVE('',#341,#359,#4932,.T.);
#4930=LINE('',#358,#4933);
#4931=LINE('',#356,#4934);
#4932=LINE('',#340,#4935);
#4933=VECTOR('',#4936,1.0);
#4934=VECTOR('',#4937,1.0);
#4935=VECTOR('',#4938,1.0);
#4936=DIRECTION('',(-0.9958932064677039,-0.09053574604251853,0));
#4937=DIRECTION('',(0.996346649041751,0.0854011413464358,0));
#4938=DIRECTION('',(-1,0,0));
#4939=FACE_SURFACE('',(#4944),#4940,.T.);
#4940=PLANE('',#4941);
#4941=AXIS2_PLACEMENT_3D('',#340,#4942,#4943);
#4942=DIRECTION('',(0,0,1));
#4943=DIRECTION('',(-0.996346649041751,-0.0854011413464358,0));
#4944=FACE_BOUND('',#4945,.T.);
#4945=EDGE_LOOP('',(#4946,#4947,#4948));
#4946=ORIENTED_EDGE('',*,*,#4949,.T.);
#4947=ORIENTED_EDGE('',*,*,#4950,.T.);
#4948=ORIENTED_EDGE('',*,*,#4951,.T.);
#4949=EDGE_CURVE('',#341,#357,#4952,.F.);
#4950=EDGE_CURVE('',#357,#345,#4953,.T.);
#4951=EDGE_CURVE('',#345,#341,#4954,.T.);
#4952=LINE('',#340,#4955);
#4953=LINE('',#356,#4956);
#4954=LINE('',#344,#4957);
#4955=VECTOR('',#4958,1.0);
#4956=VECTOR('',#4959,1.0);
#4957=VECTOR('',#4960,1.0);
#4958=DIRECTION('',(-0.996346649041751,-0.0854011413464358,0));
#4959=DIRECTION('',(1,0,0));
#4960=DIRECTION('',(-0.9996349698728535,0.02701716134791496,0));
#4961=FACE_SURFACE('',(#4966),#4962,.T.);
#4962=PLANE('',#4963);
#4963=AXIS2_PLACEMENT_3D('',#328,#4964,#4965);
#4964=DIRECTION('',(-0,1,0));
#4965=DIRECTION('',(1,0,0));
#4966=FACE_BOUND('',#4967,.T.);
#4967=EDGE_LOOP('',(#4968,#4969,#4970));
#4968=ORIENTED_EDGE('',*,*,#4971,.T.);
#4969=ORIENTED_EDGE('',*,*,#4972,.T.);
#4970=ORIENTED_EDGE('',*,*,#4973,.T.);
#4971=EDGE_CURVE('',#329,#361,#4974,.F.);
#4972=EDGE_CURVE('',#361,#331,#4975,.T.);
#4973=EDGE_CURVE('',#331,#329,#4976,.T.);
#4974=LINE('',#328,#4977);
#4975=LINE('',#360,#4978);
#4976=LINE('',#330,#4979);
#4977=VECTOR('',#4980,1.0);
#4978=VECTOR('',#4981,1.0);
#4979=VECTOR('',#4982,1.0);
#4980=DIRECTION('',(1,0,0));
#4981=DIRECTION('',(-0.08304547985373997,0,-0.9965457582448796));
#4982=DIRECTION('',(0,0,1));
#4983=FACE_SURFACE('',(#4988),#4984,.T.);
#4984=PLANE('',#4985);
#4985=AXIS2_PLACEMENT_3D('',#330,#4986,#4987);
#4986=DIRECTION('',(0,1,0));
#4987=DIRECTION('',(0.08304547985373997,0,0.9965457582448796));
#4988=FACE_BOUND('',#4989,.T.);
#4989=EDGE_LOOP('',(#4990,#4991,#4992));
#4990=ORIENTED_EDGE('',*,*,#4993,.T.);
#4991=ORIENTED_EDGE('',*,*,#4994,.T.);
#4992=ORIENTED_EDGE('',*,*,#4995,.T.);
#4993=EDGE_CURVE('',#331,#361,#4996,.F.);
#4994=EDGE_CURVE('',#361,#351,#4997,.T.);
#4995=EDGE_CURVE('',#351,#331,#4998,.T.);
#4996=LINE('',#330,#4999);
#4997=LINE('',#360,#5000);
#4998=LINE('',#350,#5001);
#4999=VECTOR('',#5002,1.0);
#5000=VECTOR('',#5003,1.0);
#5001=VECTOR('',#5004,1.0);
#5002=DIRECTION('',(0.08304547985373997,0,0.9965457582448796));
#5003=DIRECTION('',(0,0,-1));
#5004=DIRECTION('',(-1,0,0));
#5005=FACE_SURFACE('',(#5010),#5006,.T.);
#5006=PLANE('',#5007);
#5007=AXIS2_PLACEMENT_3D('',#340,#5008,#5009);
#5008=DIRECTION('',(0,-1,0));
#5009=DIRECTION('',(0,0,1));
#5010=FACE_BOUND('',#5011,.T.);
#5011=EDGE_LOOP('',(#5012,#5013,#5014));
#5012=ORIENTED_EDGE('',*,*,#5015,.T.);
#5013=ORIENTED_EDGE('',*,*,#5016,.T.);
#5014=ORIENTED_EDGE('',*,*,#5017,.T.);
#5015=EDGE_CURVE('',#341,#343,#5018,.F.);
#5016=EDGE_CURVE('',#343,#359,#5019,.T.);
#5017=EDGE_CURVE('',#359,#341,#5020,.T.);
#5018=LINE('',#340,#5021);
#5019=LINE('',#342,#5022);
#5020=LINE('',#358,#5023);
#5021=VECTOR('',#5024,1.0);
#5022=VECTOR('',#5025,1.0);
#5023=VECTOR('',#5026,1.0);
#5024=DIRECTION('',(0,0,1));
#5025=DIRECTION('',(-0.08304547985373997,0,-0.9965457582448796));
#5026=DIRECTION('',(1,0,0));
#5027=FACE_SURFACE('',(#5032),#5028,.T.);
#5028=PLANE('',#5029);
#5029=AXIS2_PLACEMENT_3D('',#358,#5030,#5031);
#5030=DIRECTION('',(0,-1,0));
#5031=DIRECTION('',(0.08304547985373997,0,0.9965457582448796));
#5032=FACE_BOUND('',#5033,.T.);
#5033=EDGE_LOOP('',(#5034,#5035,#5036));
#5034=ORIENTED_EDGE('',*,*,#5037,.T.);
#5035=ORIENTED_EDGE('',*,*,#5038,.T.);
#5036=ORIENTED_EDGE('',*,*,#5039,.T.);
#5037=EDGE_CURVE('',#359,#343,#5040,.F.);
#5038=EDGE_CURVE('',#343,#363,#5041,.T.);
#5039=EDGE_CURVE('',#363,#359,#5042,.T.);
#5040=LINE('',#358,#5043);
#5041=LINE('',#342,#5044);
#5042=LINE('',#362,#5045);
#5043=VECTOR('',#5046,1.0);
#5044=VECTOR('',#5047,1.0);
#5045=VECTOR('',#5048,1.0);
#5046=DIRECTION('',(0.08304547985373997,0,0.9965457582448796));
#5047=DIRECTION('',(-0.7071067811865475,0,0.7071067811865475));
#5048=DIRECTION('',(0,0,-1));
#5049=FACE_SURFACE('',(#5054),#5050,.T.);
#5050=PLANE('',#5051);
#5051=AXIS2_PLACEMENT_3D('',#362,#5052,#5053);
#5052=DIRECTION('',(0,-1,0));
#5053=DIRECTION('',(0.7071067811865475,0,-0.7071067811865475));
#5054=FACE_BOUND('',#5055,.T.);
#5055=EDGE_LOOP('',(#5056,#5057,#5058));
#5056=ORIENTED_EDGE('',*,*,#5059,.T.);
#5057=ORIENTED_EDGE('',*,*,#5060,.T.);
#5058=ORIENTED_EDGE('',*,*,#5061,.T.);
#5059=EDGE_CURVE('',#363,#343,#5062,.F.);
#5060=EDGE_CURVE('',#343,#365,#5063,.T.);
#5061=EDGE_CURVE('',#365,#363,#5064,.T.);
#5062=LINE('',#362,#5065);
#5063=LINE('',#342,#5066);
#5064=LINE('',#364,#5067);
#5065=VECTOR('',#5068,1.0);
#5066=VECTOR('',#5069,1.0);
#5067=VECTOR('',#5070,1.0);
#5068=DIRECTION('',(0.7071067811865475,0,-0.7071067811865475));
#5069=DIRECTION('',(0.9996714309094813,0,0.0256326007925508));
#5070=DIRECTION('',(-1,0,0));
#5071=FACE_SURFACE('',(#5076),#5072,.T.);
#5072=PLANE('',#5073);
#5073=AXIS2_PLACEMENT_3D('',#364,#5074,#5075);
#5074=DIRECTION('',(0,-1,0));
#5075=DIRECTION('',(-0.9996714309094813,0,-0.0256326007925508));
#5076=FACE_BOUND('',#5077,.T.);
#5077=EDGE_LOOP('',(#5078,#5079,#5080));
#5078=ORIENTED_EDGE('',*,*,#5081,.T.);
#5079=ORIENTED_EDGE('',*,*,#5082,.T.);
#5080=ORIENTED_EDGE('',*,*,#5083,.T.);
#5081=EDGE_CURVE('',#365,#343,#5084,.F.);
#5082=EDGE_CURVE('',#343,#333,#5085,.T.);
#5083=EDGE_CURVE('',#333,#365,#5086,.T.);
#5084=LINE('',#364,#5087);
#5085=LINE('',#342,#5088);
#5086=LINE('',#332,#5089);
#5087=VECTOR('',#5090,1.0);
#5088=VECTOR('',#5091,1.0);
#5089=VECTOR('',#5092,1.0);
#5090=DIRECTION('',(-0.9996714309094813,0,-0.0256326007925508));
#5091=DIRECTION('',(1,0,0));
#5092=DIRECTION('',(0.7071067811865475,0,0.7071067811865475));
#5093=FACE_SURFACE('',(#5098),#5094,.T.);
#5094=PLANE('',#5095);
#5095=AXIS2_PLACEMENT_3D('',#364,#5096,#5097);
#5096=DIRECTION('',(0,-1,-0));
#5097=DIRECTION('',(-0.7071067811865475,0,-0.7071067811865475));
#5098=FACE_BOUND('',#5099,.T.);
#5099=EDGE_LOOP('',(#5100,#5101,#5102));
#5100=ORIENTED_EDGE('',*,*,#5103,.T.);
#5101=ORIENTED_EDGE('',*,*,#5104,.T.);
#5102=ORIENTED_EDGE('',*,*,#5105,.T.);
#5103=EDGE_CURVE('',#365,#333,#5106,.F.);
#5104=EDGE_CURVE('',#333,#353,#5107,.T.);
#5105=EDGE_CURVE('',#353,#365,#5108,.T.);
#5106=LINE('',#364,#5109);
#5107=LINE('',#332,#5110);
#5108=LINE('',#352,#5111);
#5109=VECTOR('',#5112,1.0);
#5110=VECTOR('',#5113,1.0);
#5111=VECTOR('',#5114,1.0);
#5112=DIRECTION('',(-0.7071067811865475,0,-0.7071067811865475));
#5113=DIRECTION('',(0.08304547985373997,0,-0.9965457582448796));
#5114=DIRECTION('',(0,0,1));
#5115=FACE_SURFACE('',(#5120),#5116,.T.);
#5116=PLANE('',#5117);
#5117=AXIS2_PLACEMENT_3D('',#352,#5118,#5119);
#5118=DIRECTION('',(0,-1,0));
#5119=DIRECTION('',(-0.08304547985373997,0,0.9965457582448796));
#5120=FACE_BOUND('',#5121,.T.);
#5121=EDGE_LOOP('',(#5122,#5123,#5124));
#5122=ORIENTED_EDGE('',*,*,#5125,.T.);
#5123=ORIENTED_EDGE('',*,*,#5126,.T.);
#5124=ORIENTED_EDGE('',*,*,#5127,.T.);
#5125=EDGE_CURVE('',#353,#333,#5128,.F.);
#5126=EDGE_CURVE('',#333,#335,#5129,.T.);
#5127=EDGE_CURVE('',#335,#353,#5130,.T.);
#5128=LINE('',#352,#5131);
#5129=LINE('',#332,#5132);
#5130=LINE('',#334,#5133);
#5131=VECTOR('',#5134,1.0);
#5132=VECTOR('',#5135,1.0);
#5133=VECTOR('',#5136,1.0);
#5134=DIRECTION('',(-0.08304547985373997,0,0.9965457582448796));
#5135=DIRECTION('',(0,0,-1));
#5136=DIRECTION('',(1,0,0));
#5137=FACE_SURFACE('',(#5142),#5138,.T.);
#5138=PLANE('',#5139);
#5139=AXIS2_PLACEMENT_3D('',#338,#5140,#5141);
#5140=DIRECTION('',(0,1,0));
#5141=DIRECTION('',(0,0,-1));
#5142=FACE_BOUND('',#5143,.T.);
#5143=EDGE_LOOP('',(#5144,#5145,#5146));
#5144=ORIENTED_EDGE('',*,*,#5147,.T.);
#5145=ORIENTED_EDGE('',*,*,#5148,.T.);
#5146=ORIENTED_EDGE('',*,*,#5149,.T.);
#5147=EDGE_CURVE('',#339,#337,#5150,.F.);
#5148=EDGE_CURVE('',#337,#367,#5151,.T.);
#5149=EDGE_CURVE('',#367,#339,#5152,.T.);
#5150=LINE('',#338,#5153);
#5151=LINE('',#336,#5154);
#5152=LINE('',#366,#5155);
#5153=VECTOR('',#5156,1.0);
#5154=VECTOR('',#5157,1.0);
#5155=VECTOR('',#5158,1.0);
#5156=DIRECTION('',(0,0,-1));
#5157=DIRECTION('',(-0.08304547985373997,0,0.9965457582448796));
#5158=DIRECTION('',(1,0,0));
#5159=FACE_SURFACE('',(#5164),#5160,.T.);
#5160=PLANE('',#5161);
#5161=AXIS2_PLACEMENT_3D('',#366,#5162,#5163);
#5162=DIRECTION('',(0,1,0));
#5163=DIRECTION('',(0.08304547985373997,0,-0.9965457582448796));
#5164=FACE_BOUND('',#5165,.T.);
#5165=EDGE_LOOP('',(#5166,#5167,#5168));
#5166=ORIENTED_EDGE('',*,*,#5169,.T.);
#5167=ORIENTED_EDGE('',*,*,#5170,.T.);
#5168=ORIENTED_EDGE('',*,*,#5171,.T.);
#5169=EDGE_CURVE('',#367,#337,#5172,.F.);
#5170=EDGE_CURVE('',#337,#355,#5173,.T.);
#5171=EDGE_CURVE('',#355,#367,#5174,.T.);
#5172=LINE('',#366,#5175);
#5173=LINE('',#336,#5176);
#5174=LINE('',#354,#5177);
#5175=VECTOR('',#5178,1.0);
#5176=VECTOR('',#5179,1.0);
#5177=VECTOR('',#5180,1.0);
#5178=DIRECTION('',(0.08304547985373997,0,-0.9965457582448796));
#5179=DIRECTION('',(-1,0,0));
#5180=DIRECTION('',(0,0,1));
#5181=FACE_SURFACE('',(#5186),#5182,.T.);
#5182=PLANE('',#5183);
#5183=AXIS2_PLACEMENT_3D('',#366,#5184,#5185);
#5184=DIRECTION('',(0,0,-1));
#5185=DIRECTION('',(0,1,0));
#5186=FACE_BOUND('',#5187,.T.);
#5187=EDGE_LOOP('',(#5188,#5189,#5190));
#5188=ORIENTED_EDGE('',*,*,#5191,.T.);
#5189=ORIENTED_EDGE('',*,*,#5192,.T.);
#5190=ORIENTED_EDGE('',*,*,#5193,.T.);
#5191=EDGE_CURVE('',#367,#369,#5194,.F.);
#5192=EDGE_CURVE('',#369,#339,#5195,.T.);
#5193=EDGE_CURVE('',#339,#367,#5196,.T.);
#5194=LINE('',#366,#5197);
#5195=LINE('',#368,#5198);
#5196=LINE('',#338,#5199);
#5197=VECTOR('',#5200,1.0);
#5198=VECTOR('',#5201,1.0);
#5199=VECTOR('',#5202,1.0);
#5200=DIRECTION('',(0,1,0));
#5201=DIRECTION('',(0.07124704998790965,-0.9974586998307351,0));
#5202=DIRECTION('',(-1,0,0));
#5203=FACE_SURFACE('',(#5208),#5204,.T.);
#5204=PLANE('',#5205);
#5205=AXIS2_PLACEMENT_3D('',#338,#5206,#5207);
#5206=DIRECTION('',(0,0,-1));
#5207=DIRECTION('',(-0.07124704998790965,0.9974586998307351,0));
#5208=FACE_BOUND('',#5209,.T.);
#5209=EDGE_LOOP('',(#5210,#5211,#5212));
#5210=ORIENTED_EDGE('',*,*,#5213,.T.);
#5211=ORIENTED_EDGE('',*,*,#5214,.T.);
#5212=ORIENTED_EDGE('',*,*,#5215,.T.);
#5213=EDGE_CURVE('',#339,#369,#5216,.F.);
#5214=EDGE_CURVE('',#369,#371,#5217,.T.);
#5215=EDGE_CURVE('',#371,#339,#5218,.T.);
#5216=LINE('',#338,#5219);
#5217=LINE('',#368,#5220);
#5218=LINE('',#370,#5221);
#5219=VECTOR('',#5222,1.0);
#5220=VECTOR('',#5223,1.0);
#5221=VECTOR('',#5224,1.0);
#5222=DIRECTION('',(-0.07124704998790965,0.9974586998307351,0));
#5223=DIRECTION('',(1,0,0));
#5224=DIRECTION('',(-0.9411946707617075,-0.33786475360676677,0));
#5225=FACE_SURFACE('',(#5230),#5226,.T.);
#5226=PLANE('',#5227);
#5227=AXIS2_PLACEMENT_3D('',#338,#5228,#5229);
#5228=DIRECTION('',(0,0,-1));
#5229=DIRECTION('',(0.9411946707617075,0.33786475360676677,0));
#5230=FACE_BOUND('',#5231,.T.);
#5231=EDGE_LOOP('',(#5232,#5233,#5234));
#5232=ORIENTED_EDGE('',*,*,#5235,.T.);
#5233=ORIENTED_EDGE('',*,*,#5236,.T.);
#5234=ORIENTED_EDGE('',*,*,#5237,.T.);
#5235=EDGE_CURVE('',#339,#371,#5238,.F.);
#5236=EDGE_CURVE('',#371,#329,#5239,.T.);
#5237=EDGE_CURVE('',#329,#339,#5240,.T.);
#5238=LINE('',#338,#5241);
#5239=LINE('',#370,#5242);
#5240=LINE('',#328,#5243);
#5241=VECTOR('',#5244,1.0);
#5242=VECTOR('',#5245,1.0);
#5243=VECTOR('',#5246,1.0);
#5244=DIRECTION('',(0.9411946707617075,0.33786475360676677,0));
#5245=DIRECTION('',(-0.07124704998790965,-0.9974586998307351,0));
#5246=DIRECTION('',(-1,0,0));
#5247=FACE_SURFACE('',(#5252),#5248,.T.);
#5248=PLANE('',#5249);
#5249=AXIS2_PLACEMENT_3D('',#328,#5250,#5251);
#5250=DIRECTION('',(0,0,-1));
#5251=DIRECTION('',(0.07124704998790965,0.9974586998307351,0));
#5252=FACE_BOUND('',#5253,.T.);
#5253=EDGE_LOOP('',(#5254,#5255,#5256));
#5254=ORIENTED_EDGE('',*,*,#5257,.T.);
#5255=ORIENTED_EDGE('',*,*,#5258,.T.);
#5256=ORIENTED_EDGE('',*,*,#5259,.T.);
#5257=EDGE_CURVE('',#329,#371,#5260,.F.);
#5258=EDGE_CURVE('',#371,#361,#5261,.T.);
#5259=EDGE_CURVE('',#361,#329,#5262,.T.);
#5260=LINE('',#328,#5263);
#5261=LINE('',#370,#5264);
#5262=LINE('',#360,#5265);
#5263=VECTOR('',#5266,1.0);
#5264=VECTOR('',#5267,1.0);
#5265=VECTOR('',#5268,1.0);
#5266=DIRECTION('',(0.07124704998790965,0.9974586998307351,0));
#5267=DIRECTION('',(0,-1,0));
#5268=DIRECTION('',(-1,0,0));
#5269=FACE_SURFACE('',(#5274),#5270,.T.);
#5270=PLANE('',#5271);
#5271=AXIS2_PLACEMENT_3D('',#332,#5272,#5273);
#5272=DIRECTION('',(0,0,-1));
#5273=DIRECTION('',(-1,0,0));
#5274=FACE_BOUND('',#5275,.T.);
#5275=EDGE_LOOP('',(#5276,#5277,#5278));
#5276=ORIENTED_EDGE('',*,*,#5279,.T.);
#5277=ORIENTED_EDGE('',*,*,#5280,.T.);
#5278=ORIENTED_EDGE('',*,*,#5281,.T.);
#5279=EDGE_CURVE('',#333,#343,#5282,.F.);
#5280=EDGE_CURVE('',#343,#329,#5283,.T.);
#5281=EDGE_CURVE('',#329,#333,#5284,.T.);
#5282=LINE('',#332,#5285);
#5283=LINE('',#342,#5286);
#5284=LINE('',#328,#5287);
#5285=VECTOR('',#5288,1.0);
#5286=VECTOR('',#5289,1.0);
#5287=VECTOR('',#5290,1.0);
#5288=DIRECTION('',(-1,0,0));
#5289=DIRECTION('',(0.9996539193528472,0.02630668208823282,0));
#5290=DIRECTION('',(0,-1,0));
#5291=FACE_SURFACE('',(#5296),#5292,.T.);
#5292=PLANE('',#5293);
#5293=AXIS2_PLACEMENT_3D('',#328,#5294,#5295);
#5294=DIRECTION('',(-0,0,-1));
#5295=DIRECTION('',(-0.9996539193528472,-0.02630668208823282,0));
#5296=FACE_BOUND('',#5297,.T.);
#5297=EDGE_LOOP('',(#5298,#5299,#5300));
#5298=ORIENTED_EDGE('',*,*,#5301,.T.);
#5299=ORIENTED_EDGE('',*,*,#5302,.T.);
#5300=ORIENTED_EDGE('',*,*,#5303,.T.);
#5301=EDGE_CURVE('',#329,#343,#5304,.F.);
#5302=EDGE_CURVE('',#343,#339,#5305,.T.);
#5303=EDGE_CURVE('',#339,#329,#5306,.T.);
#5304=LINE('',#328,#5307);
#5305=LINE('',#342,#5308);
#5306=LINE('',#338,#5309);
#5307=VECTOR('',#5310,1.0);
#5308=VECTOR('',#5311,1.0);
#5309=VECTOR('',#5312,1.0);
#5310=DIRECTION('',(-0.9996539193528472,-0.02630668208823282,0));
#5311=DIRECTION('',(0,1,0));
#5312=DIRECTION('',(1,0,0));
#5313=FACE_SURFACE('',(#5318),#5314,.T.);
#5314=PLANE('',#5315);
#5315=AXIS2_PLACEMENT_3D('',#368,#5316,#5317);
#5316=DIRECTION('',(-1,0,0));
#5317=DIRECTION('',(0,-1,0));
#5318=FACE_BOUND('',#5319,.T.);
#5319=EDGE_LOOP('',(#5320,#5321,#5322));
#5320=ORIENTED_EDGE('',*,*,#5323,.T.);
#5321=ORIENTED_EDGE('',*,*,#5324,.T.);
#5322=ORIENTED_EDGE('',*,*,#5325,.T.);
#5323=EDGE_CURVE('',#369,#367,#5326,.F.);
#5324=EDGE_CURVE('',#367,#373,#5327,.T.);
#5325=EDGE_CURVE('',#373,#369,#5328,.T.);
#5326=LINE('',#368,#5329);
#5327=LINE('',#366,#5330);
#5328=LINE('',#372,#5331);
#5329=VECTOR('',#5332,1.0);
#5330=VECTOR('',#5333,1.0);
#5331=VECTOR('',#5334,1.0);
#5332=DIRECTION('',(0,-1,0));
#5333=DIRECTION('',(0,0.9974586998307351,0.07124704998790965));
#5334=DIRECTION('',(0,0,-1));
#5335=FACE_SURFACE('',(#5340),#5336,.T.);
#5336=PLANE('',#5337);
#5337=AXIS2_PLACEMENT_3D('',#372,#5338,#5339);
#5338=DIRECTION('',(-1,-0,0));
#5339=DIRECTION('',(0,-0.9974586998307351,-0.07124704998790965));
#5340=FACE_BOUND('',#5341,.T.);
#5341=EDGE_LOOP('',(#5342,#5343,#5344));
#5342=ORIENTED_EDGE('',*,*,#5345,.T.);
#5343=ORIENTED_EDGE('',*,*,#5346,.T.);
#5344=ORIENTED_EDGE('',*,*,#5347,.T.);
#5345=EDGE_CURVE('',#373,#367,#5348,.F.);
#5346=EDGE_CURVE('',#367,#363,#5349,.T.);
#5347=EDGE_CURVE('',#363,#373,#5350,.T.);
#5348=LINE('',#372,#5351);
#5349=LINE('',#366,#5352);
#5350=LINE('',#362,#5353);
#5351=VECTOR('',#5354,1.0);
#5352=VECTOR('',#5355,1.0);
#5353=VECTOR('',#5356,1.0);
#5354=DIRECTION('',(0,-0.9974586998307351,-0.07124704998790965));
#5355=DIRECTION('',(0,-0.7071067811865475,0.7071067811865475));
#5356=DIRECTION('',(0,1,0));
#5357=FACE_SURFACE('',(#5362),#5358,.T.);
#5358=PLANE('',#5359);
#5359=AXIS2_PLACEMENT_3D('',#362,#5360,#5361);
#5360=DIRECTION('',(-1,0,0));
#5361=DIRECTION('',(0,0.7071067811865475,-0.7071067811865475));
#5362=FACE_BOUND('',#5363,.T.);
#5363=EDGE_LOOP('',(#5364,#5365,#5366));
#5364=ORIENTED_EDGE('',*,*,#5367,.T.);
#5365=ORIENTED_EDGE('',*,*,#5368,.T.);
#5366=ORIENTED_EDGE('',*,*,#5369,.T.);
#5367=EDGE_CURVE('',#363,#367,#5370,.F.);
#5368=EDGE_CURVE('',#367,#359,#5371,.T.);
#5369=EDGE_CURVE('',#359,#363,#5372,.T.);
#5370=LINE('',#362,#5373);
#5371=LINE('',#366,#5374);
#5372=LINE('',#358,#5375);
#5373=VECTOR('',#5376,1.0);
#5374=VECTOR('',#5377,1.0);
#5375=VECTOR('',#5378,1.0);
#5376=DIRECTION('',(0,0.7071067811865475,-0.7071067811865475));
#5377=DIRECTION('',(0,-0.08304547985373997,-0.9965457582448796));
#5378=DIRECTION('',(0,0,1));
#5379=FACE_SURFACE('',(#5384),#5380,.T.);
#5380=PLANE('',#5381);
#5381=AXIS2_PLACEMENT_3D('',#358,#5382,#5383);
#5382=DIRECTION('',(-1,0,0));
#5383=DIRECTION('',(0,0.08304547985373997,0.9965457582448796));
#5384=FACE_BOUND('',#5385,.T.);
#5385=EDGE_LOOP('',(#5386,#5387,#5388));
#5386=ORIENTED_EDGE('',*,*,#5389,.T.);
#5387=ORIENTED_EDGE('',*,*,#5390,.T.);
#5388=ORIENTED_EDGE('',*,*,#5391,.T.);
#5389=EDGE_CURVE('',#359,#367,#5392,.F.);
#5390=EDGE_CURVE('',#367,#355,#5393,.T.);
#5391=EDGE_CURVE('',#355,#359,#5394,.T.);
#5392=LINE('',#358,#5395);
#5393=LINE('',#366,#5396);
#5394=LINE('',#354,#5397);
#5395=VECTOR('',#5398,1.0);
#5396=VECTOR('',#5399,1.0);
#5397=VECTOR('',#5400,1.0);
#5398=DIRECTION('',(0,0.08304547985373997,0.9965457582448796));
#5399=DIRECTION('',(0,0,-1));
#5400=DIRECTION('',(0,-1,0));
#5401=FACE_SURFACE('',(#5406),#5402,.T.);
#5402=PLANE('',#5403);
#5403=AXIS2_PLACEMENT_3D('',#374,#5404,#5405);
#5404=DIRECTION('',(0,0,1));
#5405=DIRECTION('',(-1,0,0));
#5406=FACE_BOUND('',#5407,.T.);
#5407=EDGE_LOOP('',(#5408,#5409,#5410));
#5408=ORIENTED_EDGE('',*,*,#5411,.T.);
#5409=ORIENTED_EDGE('',*,*,#5412,.T.);
#5410=ORIENTED_EDGE('',*,*,#5413,.T.);
#5411=EDGE_CURVE('',#375,#373,#5414,.F.);
#5412=EDGE_CURVE('',#373,#365,#5415,.T.);
#5413=EDGE_CURVE('',#365,#375,#5416,.T.);
#5414=LINE('',#374,#5417);
#5415=LINE('',#372,#5418);
#5416=LINE('',#364,#5419);
#5417=VECTOR('',#5420,1.0);
#5418=VECTOR('',#5421,1.0);
#5419=VECTOR('',#5422,1.0);
#5420=DIRECTION('',(-1,0,0));
#5421=DIRECTION('',(0.9363291775690445,-0.3511234415883917,0));
#5422=DIRECTION('',(0,1,0));
#5423=FACE_SURFACE('',(#5428),#5424,.T.);
#5424=PLANE('',#5425);
#5425=AXIS2_PLACEMENT_3D('',#364,#5426,#5427);
#5426=DIRECTION('',(0,0,1));
#5427=DIRECTION('',(-0.9363291775690445,0.3511234415883917,0));
#5428=FACE_BOUND('',#5429,.T.);
#5429=EDGE_LOOP('',(#5430,#5431,#5432));
#5430=ORIENTED_EDGE('',*,*,#5433,.T.);
#5431=ORIENTED_EDGE('',*,*,#5434,.T.);
#5432=ORIENTED_EDGE('',*,*,#5435,.T.);
#5433=EDGE_CURVE('',#365,#373,#5436,.F.);
#5434=EDGE_CURVE('',#373,#363,#5437,.T.);
#5435=EDGE_CURVE('',#363,#365,#5438,.T.);
#5436=LINE('',#364,#5439);
#5437=LINE('',#372,#5440);
#5438=LINE('',#362,#5441);
#5439=VECTOR('',#5442,1.0);
#5440=VECTOR('',#5443,1.0);
#5441=VECTOR('',#5444,1.0);
#5442=DIRECTION('',(-0.9363291775690445,0.3511234415883917,0));
#5443=DIRECTION('',(0,-1,0));
#5444=DIRECTION('',(1,0,0));
#5445=FACE_SURFACE('',(#5450),#5446,.T.);
#5446=PLANE('',#5447);
#5447=AXIS2_PLACEMENT_3D('',#370,#5448,#5449);
#5448=DIRECTION('',(1,0,-0));
#5449=DIRECTION('',(0,0,1));
#5450=FACE_BOUND('',#5451,.T.);
#5451=EDGE_LOOP('',(#5452,#5453,#5454));
#5452=ORIENTED_EDGE('',*,*,#5455,.T.);
#5453=ORIENTED_EDGE('',*,*,#5456,.T.);
#5454=ORIENTED_EDGE('',*,*,#5457,.T.);
#5455=EDGE_CURVE('',#371,#375,#5458,.F.);
#5456=EDGE_CURVE('',#375,#361,#5459,.T.);
#5457=EDGE_CURVE('',#361,#371,#5460,.T.);
#5458=LINE('',#370,#5461);
#5459=LINE('',#374,#5462);
#5460=LINE('',#360,#5463);
#5461=VECTOR('',#5464,1.0);
#5462=VECTOR('',#5465,1.0);
#5463=VECTOR('',#5466,1.0);
#5464=DIRECTION('',(0,0,1));
#5465=DIRECTION('',(0,-0.9974586998307351,-0.07124704998790965));
#5466=DIRECTION('',(0,1,0));
#5467=FACE_SURFACE('',(#5472),#5468,.T.);
#5468=PLANE('',#5469);
#5469=AXIS2_PLACEMENT_3D('',#360,#5470,#5471);
#5470=DIRECTION('',(1,0,-0));
#5471=DIRECTION('',(0,0.9974586998307351,0.07124704998790965));
#5472=FACE_BOUND('',#5473,.T.);
#5473=EDGE_LOOP('',(#5474,#5475,#5476));
#5474=ORIENTED_EDGE('',*,*,#5477,.T.);
#5475=ORIENTED_EDGE('',*,*,#5478,.T.);
#5476=ORIENTED_EDGE('',*,*,#5479,.T.);
#5477=EDGE_CURVE('',#361,#375,#5480,.F.);
#5478=EDGE_CURVE('',#375,#365,#5481,.T.);
#5479=EDGE_CURVE('',#365,#361,#5482,.T.);
#5480=LINE('',#360,#5483);
#5481=LINE('',#374,#5484);
#5482=LINE('',#364,#5485);
#5483=VECTOR('',#5486,1.0);
#5484=VECTOR('',#5487,1.0);
#5485=VECTOR('',#5488,1.0);
#5486=DIRECTION('',(0,0.9974586998307351,0.07124704998790965));
#5487=DIRECTION('',(0,-1,0));
#5488=DIRECTION('',(0,0.7071067811865475,-0.7071067811865475));
#5489=FACE_SURFACE('',(#5494),#5490,.T.);
#5490=PLANE('',#5491);
#5491=AXIS2_PLACEMENT_3D('',#360,#5492,#5493);
#5492=DIRECTION('',(1,0,0));
#5493=DIRECTION('',(0,-0.7071067811865475,0.7071067811865475));
#5494=FACE_BOUND('',#5495,.T.);
#5495=EDGE_LOOP('',(#5496,#5497,#5498));
#5496=ORIENTED_EDGE('',*,*,#5499,.T.);
#5497=ORIENTED_EDGE('',*,*,#5500,.T.);
#5498=ORIENTED_EDGE('',*,*,#5501,.T.);
#5499=EDGE_CURVE('',#361,#365,#5502,.F.);
#5500=EDGE_CURVE('',#365,#353,#5503,.T.);
#5501=EDGE_CURVE('',#353,#361,#5504,.T.);
#5502=LINE('',#360,#5505);
#5503=LINE('',#364,#5506);
#5504=LINE('',#352,#5507);
#5505=VECTOR('',#5508,1.0);
#5506=VECTOR('',#5509,1.0);
#5507=VECTOR('',#5510,1.0);
#5508=DIRECTION('',(0,-0.7071067811865475,0.7071067811865475));
#5509=DIRECTION('',(0,0,-1));
#5510=DIRECTION('',(0,0.08304547985373997,0.9965457582448796));
#5511=FACE_SURFACE('',(#5516),#5512,.T.);
#5512=PLANE('',#5513);
#5513=AXIS2_PLACEMENT_3D('',#352,#5514,#5515);
#5514=DIRECTION('',(1,0,0));
#5515=DIRECTION('',(0,1,0));
#5516=FACE_BOUND('',#5517,.T.);
#5517=EDGE_LOOP('',(#5518,#5519,#5520));
#5518=ORIENTED_EDGE('',*,*,#5521,.T.);
#5519=ORIENTED_EDGE('',*,*,#5522,.T.);
#5520=ORIENTED_EDGE('',*,*,#5523,.T.);
#5521=EDGE_CURVE('',#353,#351,#5524,.F.);
#5522=EDGE_CURVE('',#351,#361,#5525,.T.);
#5523=EDGE_CURVE('',#361,#353,#5526,.T.);
#5524=LINE('',#352,#5527);
#5525=LINE('',#350,#5528);
#5526=LINE('',#360,#5529);
#5527=VECTOR('',#5530,1.0);
#5528=VECTOR('',#5531,1.0);
#5529=VECTOR('',#5532,1.0);
#5530=DIRECTION('',(0,1,0));
#5531=DIRECTION('',(0,0,1));
#5532=DIRECTION('',(0,-0.08304547985373997,-0.9965457582448796));
#5533=FACE_SURFACE('',(#5538),#5534,.T.);
#5534=PLANE('',#5535);
#5535=AXIS2_PLACEMENT_3D('',#346,#5536,#5537);
#5536=DIRECTION('',(0,-1,0));
#5537=DIRECTION('',(-0.8087360843031886,0,0.5881716976750462));
#5538=FACE_BOUND('',#5539,.T.);
#5539=EDGE_LOOP('',(#5540,#5541,#5542));
#5540=ORIENTED_EDGE('',*,*,#5543,.T.);
#5541=ORIENTED_EDGE('',*,*,#5544,.T.);
#5542=ORIENTED_EDGE('',*,*,#5545,.T.);
#5543=EDGE_CURVE('',#347,#371,#5546,.F.);
#5544=EDGE_CURVE('',#371,#349,#5547,.T.);
#5545=EDGE_CURVE('',#349,#347,#5548,.T.);
#5546=LINE('',#346,#5549);
#5547=LINE('',#370,#5550);
#5548=LINE('',#348,#5551);
#5549=VECTOR('',#5552,1.0);
#5550=VECTOR('',#5553,1.0);
#5551=VECTOR('',#5554,1.0);
#5552=DIRECTION('',(-0.8087360843031886,0,0.5881716976750462));
#5553=DIRECTION('',(-0.9781808457304382,0,-0.20775522387195147));
#5554=DIRECTION('',(1,0,0));
#5555=FACE_SURFACE('',(#5560),#5556,.T.);
#5556=PLANE('',#5557);
#5557=AXIS2_PLACEMENT_3D('',#348,#5558,#5559);
#5558=DIRECTION('',(0,-1,0));
#5559=DIRECTION('',(0.9781808457304382,0,0.20775522387195147));
#5560=FACE_BOUND('',#5561,.T.);
#5561=EDGE_LOOP('',(#5562,#5563,#5564));
#5562=ORIENTED_EDGE('',*,*,#5565,.T.);
#5563=ORIENTED_EDGE('',*,*,#5566,.T.);
#5564=ORIENTED_EDGE('',*,*,#5567,.T.);
#5565=EDGE_CURVE('',#349,#371,#5568,.F.);
#5566=EDGE_CURVE('',#371,#369,#5569,.T.);
#5567=EDGE_CURVE('',#369,#349,#5570,.T.);
#5568=LINE('',#348,#5571);
#5569=LINE('',#370,#5572);
#5570=LINE('',#368,#5573);
#5571=VECTOR('',#5574,1.0);
#5572=VECTOR('',#5575,1.0);
#5573=VECTOR('',#5576,1.0);
#5574=DIRECTION('',(0.9781808457304382,0,0.20775522387195147));
#5575=DIRECTION('',(-1,0,0));
#5576=DIRECTION('',(-0.8087360843031886,0,-0.5881716976750462));
#5577=FACE_SURFACE('',(#5582),#5578,.T.);
#5578=PLANE('',#5579);
#5579=AXIS2_PLACEMENT_3D('',#348,#5580,#5581);
#5580=DIRECTION('',(0,-1,0));
#5581=DIRECTION('',(0.8087360843031886,0,0.5881716976750462));
#5582=FACE_BOUND('',#5583,.T.);
#5583=EDGE_LOOP('',(#5584,#5585,#5586));
#5584=ORIENTED_EDGE('',*,*,#5587,.T.);
#5585=ORIENTED_EDGE('',*,*,#5588,.T.);
#5586=ORIENTED_EDGE('',*,*,#5589,.T.);
#5587=EDGE_CURVE('',#349,#369,#5590,.F.);
#5588=EDGE_CURVE('',#369,#373,#5591,.T.);
#5589=EDGE_CURVE('',#373,#349,#5592,.T.);
#5590=LINE('',#348,#5593);
#5591=LINE('',#368,#5594);
#5592=LINE('',#372,#5595);
#5593=VECTOR('',#5596,1.0);
#5594=VECTOR('',#5597,1.0);
#5595=VECTOR('',#5598,1.0);
#5596=DIRECTION('',(0.8087360843031886,0,0.5881716976750462));
#5597=DIRECTION('',(0,0,1));
#5598=DIRECTION('',(-0.7854916722275356,0,-0.6188722266035128));
#5599=FACE_SURFACE('',(#5604),#5600,.T.);
#5600=PLANE('',#5601);
#5601=AXIS2_PLACEMENT_3D('',#376,#5602,#5603);
#5602=DIRECTION('',(0,-1,-0));
#5603=DIRECTION('',(-0.4563134730787385,0,-0.8898190907632963));
#5604=FACE_BOUND('',#5605,.T.);
#5605=EDGE_LOOP('',(#5606,#5607,#5608));
#5606=ORIENTED_EDGE('',*,*,#5609,.T.);
#5607=ORIENTED_EDGE('',*,*,#5610,.T.);
#5608=ORIENTED_EDGE('',*,*,#5611,.T.);
#5609=EDGE_CURVE('',#377,#379,#5612,.F.);
#5610=EDGE_CURVE('',#379,#347,#5613,.T.);
#5611=EDGE_CURVE('',#347,#377,#5614,.T.);
#5612=LINE('',#376,#5615);
#5613=LINE('',#378,#5616);
#5614=LINE('',#346,#5617);
#5615=VECTOR('',#5618,1.0);
#5616=VECTOR('',#5619,1.0);
#5617=VECTOR('',#5620,1.0);
#5618=DIRECTION('',(-0.4563134730787385,0,-0.8898190907632963));
#5619=DIRECTION('',(0.44664783315942,0,-0.8947098485732652));
#5620=DIRECTION('',(0,0,1));
#5621=FACE_SURFACE('',(#5626),#5622,.T.);
#5622=PLANE('',#5623);
#5623=AXIS2_PLACEMENT_3D('',#346,#5624,#5625);
#5624=DIRECTION('',(0,-1,0));
#5625=DIRECTION('',(-0.44664783315942,0,0.8947098485732652));
#5626=FACE_BOUND('',#5627,.T.);
#5627=EDGE_LOOP('',(#5628,#5629,#5630));
#5628=ORIENTED_EDGE('',*,*,#5631,.T.);
#5629=ORIENTED_EDGE('',*,*,#5632,.T.);
#5630=ORIENTED_EDGE('',*,*,#5633,.T.);
#5631=EDGE_CURVE('',#347,#379,#5634,.F.);
#5632=EDGE_CURVE('',#379,#381,#5635,.T.);
#5633=EDGE_CURVE('',#381,#347,#5636,.T.);
#5634=LINE('',#346,#5637);
#5635=LINE('',#378,#5638);
#5636=LINE('',#380,#5639);
#5637=VECTOR('',#5640,1.0);
#5638=VECTOR('',#5641,1.0);
#5639=VECTOR('',#5642,1.0);
#5640=DIRECTION('',(-0.44664783315942,0,0.8947098485732652));
#5641=DIRECTION('',(-0.056070609947962854,0,-0.9984268058801624));
#5642=DIRECTION('',(0.4630396241528227,0,-0.8863375804197927));
#5643=FACE_SURFACE('',(#5648),#5644,.T.);
#5644=PLANE('',#5645);
#5645=AXIS2_PLACEMENT_3D('',#346,#5646,#5647);
#5646=DIRECTION('',(0,-1,0));
#5647=DIRECTION('',(-0.4630396241528227,0,0.8863375804197927));
#5648=FACE_BOUND('',#5649,.T.);
#5649=EDGE_LOOP('',(#5650,#5651,#5652));
#5650=ORIENTED_EDGE('',*,*,#5653,.T.);
#5651=ORIENTED_EDGE('',*,*,#5654,.T.);
#5652=ORIENTED_EDGE('',*,*,#5655,.T.);
#5653=EDGE_CURVE('',#347,#381,#5656,.F.);
#5654=EDGE_CURVE('',#381,#383,#5657,.T.);
#5655=EDGE_CURVE('',#383,#347,#5658,.T.);
#5656=LINE('',#346,#5659);
#5657=LINE('',#380,#5660);
#5658=LINE('',#382,#5661);
#5659=VECTOR('',#5662,1.0);
#5660=VECTOR('',#5663,1.0);
#5661=VECTOR('',#5664,1.0);
#5662=DIRECTION('',(-0.4630396241528227,0,0.8863375804197927));
#5663=DIRECTION('',(-0.16750608638458908,0,-0.9858710417818948));
#5664=DIRECTION('',(0.48340860413419934,0,-0.8753948374585179));
#5665=FACE_SURFACE('',(#5670),#5666,.T.);
#5666=PLANE('',#5667);
#5667=AXIS2_PLACEMENT_3D('',#384,#5668,#5669);
#5668=DIRECTION('',(0,-1,0));
#5669=DIRECTION('',(0.8125423684362257,0,-0.5829021354361716));
#5670=FACE_BOUND('',#5671,.T.);
#5671=EDGE_LOOP('',(#5672,#5673,#5674));
#5672=ORIENTED_EDGE('',*,*,#5675,.T.);
#5673=ORIENTED_EDGE('',*,*,#5676,.T.);
#5674=ORIENTED_EDGE('',*,*,#5677,.T.);
#5675=EDGE_CURVE('',#385,#387,#5678,.F.);
#5676=EDGE_CURVE('',#387,#377,#5679,.T.);
#5677=EDGE_CURVE('',#377,#385,#5680,.T.);
#5678=LINE('',#384,#5681);
#5679=LINE('',#386,#5682);
#5680=LINE('',#376,#5683);
#5681=VECTOR('',#5684,1.0);
#5682=VECTOR('',#5685,1.0);
#5683=VECTOR('',#5686,1.0);
#5684=DIRECTION('',(0.8125423684362257,0,-0.5829021354361716));
#5685=DIRECTION('',(0.8125226813363592,0,0.5829295774911181));
#5686=DIRECTION('',(-1,0,0));
#5687=FACE_SURFACE('',(#5692),#5688,.T.);
#5688=PLANE('',#5689);
#5689=AXIS2_PLACEMENT_3D('',#376,#5690,#5691);
#5690=DIRECTION('',(0,-1,0));
#5691=DIRECTION('',(-0.8125226813363592,0,-0.5829295774911181));
#5692=FACE_BOUND('',#5693,.T.);
#5693=EDGE_LOOP('',(#5694,#5695,#5696));
#5694=ORIENTED_EDGE('',*,*,#5697,.T.);
#5695=ORIENTED_EDGE('',*,*,#5698,.T.);
#5696=ORIENTED_EDGE('',*,*,#5699,.T.);
#5697=EDGE_CURVE('',#377,#387,#5700,.F.);
#5698=EDGE_CURVE('',#387,#389,#5701,.T.);
#5699=EDGE_CURVE('',#389,#377,#5702,.T.);
#5700=LINE('',#376,#5703);
#5701=LINE('',#386,#5704);
#5702=LINE('',#388,#5705);
#5703=VECTOR('',#5706,1.0);
#5704=VECTOR('',#5707,1.0);
#5705=VECTOR('',#5708,1.0);
#5706=DIRECTION('',(-0.8125226813363592,0,-0.5829295774911181));
#5707=DIRECTION('',(0.9984266492415586,0,-0.05607339907900922));
#5708=DIRECTION('',(0.7979279419733531,0,0.602752851024505));
#5709=FACE_SURFACE('',(#5714),#5710,.T.);
#5710=PLANE('',#5711);
#5711=AXIS2_PLACEMENT_3D('',#376,#5712,#5713);
#5712=DIRECTION('',(0,-1,0));
#5713=DIRECTION('',(-0.7979279419733531,0,-0.602752851024505));
#5714=FACE_BOUND('',#5715,.T.);
#5715=EDGE_LOOP('',(#5716,#5717,#5718));
#5716=ORIENTED_EDGE('',*,*,#5719,.T.);
#5717=ORIENTED_EDGE('',*,*,#5720,.T.);
#5718=ORIENTED_EDGE('',*,*,#5721,.T.);
#5719=EDGE_CURVE('',#377,#389,#5722,.F.);
#5720=EDGE_CURVE('',#389,#391,#5723,.T.);
#5721=EDGE_CURVE('',#391,#377,#5724,.T.);
#5722=LINE('',#376,#5725);
#5723=LINE('',#388,#5726);
#5724=LINE('',#390,#5727);
#5725=VECTOR('',#5728,1.0);
#5726=VECTOR('',#5729,1.0);
#5727=VECTOR('',#5730,1.0);
#5728=DIRECTION('',(-0.7979279419733531,0,-0.602752851024505));
#5729=DIRECTION('',(0.9858709870178088,0,-0.16750640870286568));
#5730=DIRECTION('',(0.7799085789804164,0,0.6258934481465257));
#5731=FACE_SURFACE('',(#5736),#5732,.T.);
#5732=PLANE('',#5733);
#5733=AXIS2_PLACEMENT_3D('',#348,#5734,#5735);
#5734=DIRECTION('',(0,-1,0));
#5735=DIRECTION('',(0.4466916402235336,0,0.8946879783222803));
#5736=FACE_BOUND('',#5737,.T.);
#5737=EDGE_LOOP('',(#5738,#5739,#5740));
#5738=ORIENTED_EDGE('',*,*,#5741,.T.);
#5739=ORIENTED_EDGE('',*,*,#5742,.T.);
#5740=ORIENTED_EDGE('',*,*,#5743,.T.);
#5741=EDGE_CURVE('',#349,#393,#5744,.F.);
#5742=EDGE_CURVE('',#393,#385,#5745,.T.);
#5743=EDGE_CURVE('',#385,#349,#5746,.T.);
#5744=LINE('',#348,#5747);
#5745=LINE('',#392,#5748);
#5746=LINE('',#384,#5749);
#5747=VECTOR('',#5750,1.0);
#5748=VECTOR('',#5751,1.0);
#5749=VECTOR('',#5752,1.0);
#5750=DIRECTION('',(0.4466916402235336,0,0.8946879783222803));
#5751=DIRECTION('',(-0.4563577401219712,0,0.8897963885242328));
#5752=DIRECTION('',(0,0,-1));
#5753=FACE_SURFACE('',(#5758),#5754,.T.);
#5754=PLANE('',#5755);
#5755=AXIS2_PLACEMENT_3D('',#384,#5756,#5757);
#5756=DIRECTION('',(0,-1,0));
#5757=DIRECTION('',(0.4563577401219712,0,-0.8897963885242328));
#5758=FACE_BOUND('',#5759,.T.);
#5759=EDGE_LOOP('',(#5760,#5761,#5762));
#5760=ORIENTED_EDGE('',*,*,#5763,.T.);
#5761=ORIENTED_EDGE('',*,*,#5764,.T.);
#5762=ORIENTED_EDGE('',*,*,#5765,.T.);
#5763=EDGE_CURVE('',#385,#393,#5766,.F.);
#5764=EDGE_CURVE('',#393,#395,#5767,.T.);
#5765=EDGE_CURVE('',#395,#385,#5768,.T.);
#5766=LINE('',#384,#5769);
#5767=LINE('',#392,#5770);
#5768=LINE('',#394,#5771);
#5769=VECTOR('',#5772,1.0);
#5770=VECTOR('',#5773,1.0);
#5771=VECTOR('',#5774,1.0);
#5772=DIRECTION('',(0.4563577401219712,0,-0.8897963885242328));
#5773=DIRECTION('',(0.056070054045435344,0,0.9984268370989143));
#5774=DIRECTION('',(-0.47333062509286167,0,0.8808848502211857));
#5775=FACE_SURFACE('',(#5780),#5776,.T.);
#5776=PLANE('',#5777);
#5777=AXIS2_PLACEMENT_3D('',#384,#5778,#5779);
#5778=DIRECTION('',(0,-1,0));
#5779=DIRECTION('',(0.47333062509286167,0,-0.8808848502211857));
#5780=FACE_BOUND('',#5781,.T.);
#5781=EDGE_LOOP('',(#5782,#5783,#5784));
#5782=ORIENTED_EDGE('',*,*,#5785,.T.);
#5783=ORIENTED_EDGE('',*,*,#5786,.T.);
#5784=ORIENTED_EDGE('',*,*,#5787,.T.);
#5785=EDGE_CURVE('',#385,#395,#5788,.F.);
#5786=EDGE_CURVE('',#395,#397,#5789,.T.);
#5787=EDGE_CURVE('',#397,#385,#5790,.T.);
#5788=LINE('',#384,#5791);
#5789=LINE('',#394,#5792);
#5790=LINE('',#396,#5793);
#5791=VECTOR('',#5794,1.0);
#5792=VECTOR('',#5795,1.0);
#5793=VECTOR('',#5796,1.0);
#5794=DIRECTION('',(0.47333062509286167,0,-0.8808848502211857));
#5795=DIRECTION('',(0.1675068231138748,0,0.9858709166063766));
#5796=DIRECTION('',(-0.49433659394990576,0,0.8692705746095435));
#5797=FACE_SURFACE('',(#5802),#5798,.T.);
#5798=PLANE('',#5799);
#5799=AXIS2_PLACEMENT_3D('',#374,#5800,#5801);
#5800=DIRECTION('',(0,-1,0));
#5801=DIRECTION('',(-0.8131583290289309,0,0.5820425516496857));
#5802=FACE_BOUND('',#5803,.T.);
#5803=EDGE_LOOP('',(#5804,#5805,#5806));
#5804=ORIENTED_EDGE('',*,*,#5807,.T.);
#5805=ORIENTED_EDGE('',*,*,#5808,.T.);
#5806=ORIENTED_EDGE('',*,*,#5809,.T.);
#5807=EDGE_CURVE('',#375,#399,#5810,.F.);
#5808=EDGE_CURVE('',#399,#373,#5811,.T.);
#5809=EDGE_CURVE('',#373,#375,#5812,.T.);
#5810=LINE('',#374,#5813);
#5811=LINE('',#398,#5814);
#5812=LINE('',#372,#5815);
#5813=VECTOR('',#5816,1.0);
#5814=VECTOR('',#5817,1.0);
#5815=VECTOR('',#5818,1.0);
#5816=DIRECTION('',(-0.8131583290289309,0,0.5820425516496857));
#5817=DIRECTION('',(-0.813194175706461,0,-0.5819924678181749));
#5818=DIRECTION('',(1,0,0));
#5819=FACE_SURFACE('',(#5824),#5820,.T.);
#5820=PLANE('',#5821);
#5821=AXIS2_PLACEMENT_3D('',#372,#5822,#5823);
#5822=DIRECTION('',(0,-1,0));
#5823=DIRECTION('',(0.813194175706461,0,0.5819924678181749));
#5824=FACE_BOUND('',#5825,.T.);
#5825=EDGE_LOOP('',(#5826,#5827,#5828));
#5826=ORIENTED_EDGE('',*,*,#5829,.T.);
#5827=ORIENTED_EDGE('',*,*,#5830,.T.);
#5828=ORIENTED_EDGE('',*,*,#5831,.T.);
#5829=EDGE_CURVE('',#373,#399,#5832,.F.);
#5830=EDGE_CURVE('',#399,#401,#5833,.T.);
#5831=EDGE_CURVE('',#401,#373,#5834,.T.);
#5832=LINE('',#372,#5835);
#5833=LINE('',#398,#5836);
#5834=LINE('',#400,#5837);
#5835=VECTOR('',#5838,1.0);
#5836=VECTOR('',#5839,1.0);
#5837=VECTOR('',#5840,1.0);
#5838=DIRECTION('',(0.813194175706461,0,0.5819924678181749));
#5839=DIRECTION('',(-0.9984267743246626,0,0.05607117184123515));
#5840=DIRECTION('',(-0.7855494960419075,0,-0.6187988277851739));
#5841=FACE_SURFACE('',(#5846),#5842,.T.);
#5842=PLANE('',#5843);
#5843=AXIS2_PLACEMENT_3D('',#372,#5844,#5845);
#5844=DIRECTION('',(0,-1,0));
#5845=DIRECTION('',(0.7855494960419075,0,0.6187988277851739));
#5846=FACE_BOUND('',#5847,.T.);
#5847=EDGE_LOOP('',(#5848,#5849,#5850));
#5848=ORIENTED_EDGE('',*,*,#5851,.T.);
#5849=ORIENTED_EDGE('',*,*,#5852,.T.);
#5850=ORIENTED_EDGE('',*,*,#5853,.T.);
#5851=EDGE_CURVE('',#373,#401,#5854,.F.);
#5852=EDGE_CURVE('',#401,#403,#5855,.T.);
#5853=EDGE_CURVE('',#403,#373,#5856,.T.);
#5854=LINE('',#372,#5857);
#5855=LINE('',#400,#5858);
#5856=LINE('',#402,#5859);
#5857=VECTOR('',#5860,1.0);
#5858=VECTOR('',#5861,1.0);
#5859=VECTOR('',#5862,1.0);
#5860=DIRECTION('',(0.7855494960419075,0,0.6187988277851739));
#5861=DIRECTION('',(-0.9858709870178088,0,0.16750640870286568));
#5862=DIRECTION('',(-0.7488744657142248,0,-0.662711879025293));
#5863=FACE_SURFACE('',(#5868),#5864,.T.);
#5864=PLANE('',#5865);
#5865=AXIS2_PLACEMENT_3D('',#370,#5866,#5867);
#5866=DIRECTION('',(0,-1,0));
#5867=DIRECTION('',(0.8087360843031886,0,-0.5881716976750462));
#5868=FACE_BOUND('',#5869,.T.);
#5869=EDGE_LOOP('',(#5870,#5871,#5872));
#5870=ORIENTED_EDGE('',*,*,#5873,.T.);
#5871=ORIENTED_EDGE('',*,*,#5874,.T.);
#5872=ORIENTED_EDGE('',*,*,#5875,.T.);
#5873=EDGE_CURVE('',#371,#347,#5876,.F.);
#5874=EDGE_CURVE('',#347,#375,#5877,.T.);
#5875=EDGE_CURVE('',#375,#371,#5878,.T.);
#5876=LINE('',#370,#5879);
#5877=LINE('',#346,#5880);
#5878=LINE('',#374,#5881);
#5879=VECTOR('',#5882,1.0);
#5880=VECTOR('',#5883,1.0);
#5881=VECTOR('',#5884,1.0);
#5882=DIRECTION('',(0.8087360843031886,0,-0.5881716976750462));
#5883=DIRECTION('',(-0.7854916722275356,0,0.6188722266035128));
#5884=DIRECTION('',(0,0,-1));
#5885=FACE_SURFACE('',(#5890),#5886,.T.);
#5886=PLANE('',#5887);
#5887=AXIS2_PLACEMENT_3D('',#374,#5888,#5889);
#5888=DIRECTION('',(0,-1,0));
#5889=DIRECTION('',(0.7854916722275356,0,-0.6188722266035128));
#5890=FACE_BOUND('',#5891,.T.);
#5891=EDGE_LOOP('',(#5892,#5893,#5894));
#5892=ORIENTED_EDGE('',*,*,#5895,.T.);
#5893=ORIENTED_EDGE('',*,*,#5896,.T.);
#5894=ORIENTED_EDGE('',*,*,#5897,.T.);
#5895=EDGE_CURVE('',#375,#347,#5898,.F.);
#5896=EDGE_CURVE('',#347,#383,#5899,.T.);
#5897=EDGE_CURVE('',#383,#375,#5900,.T.);
#5898=LINE('',#374,#5901);
#5899=LINE('',#346,#5902);
#5900=LINE('',#382,#5903);
#5901=VECTOR('',#5904,1.0);
#5902=VECTOR('',#5905,1.0);
#5903=VECTOR('',#5906,1.0);
#5904=DIRECTION('',(0.7854916722275356,0,-0.6188722266035128));
#5905=DIRECTION('',(-0.48340860413419934,0,0.8753948374585179));
#5906=DIRECTION('',(0.1923940656435452,0,-0.9813177484918671));
#5907=FACE_SURFACE('',(#5912),#5908,.T.);
#5908=PLANE('',#5909);
#5909=AXIS2_PLACEMENT_3D('',#374,#5910,#5911);
#5910=DIRECTION('',(0,-1,0));
#5911=DIRECTION('',(-0.1923940656435452,0,0.9813177484918671));
#5912=FACE_BOUND('',#5913,.T.);
#5913=EDGE_LOOP('',(#5914,#5915,#5916));
#5914=ORIENTED_EDGE('',*,*,#5917,.T.);
#5915=ORIENTED_EDGE('',*,*,#5918,.T.);
#5916=ORIENTED_EDGE('',*,*,#5919,.T.);
#5917=EDGE_CURVE('',#375,#383,#5920,.F.);
#5918=EDGE_CURVE('',#383,#405,#5921,.T.);
#5919=EDGE_CURVE('',#405,#375,#5922,.T.);
#5920=LINE('',#374,#5923);
#5921=LINE('',#382,#5924);
#5922=LINE('',#404,#5925);
#5923=VECTOR('',#5926,1.0);
#5924=VECTOR('',#5927,1.0);
#5925=VECTOR('',#5928,1.0);
#5926=DIRECTION('',(-0.1923940656435452,0,0.9813177484918671));
#5927=DIRECTION('',(-0.2768355476312207,0,-0.960917311514223));
#5928=DIRECTION('',(0.22275292404533853,0,-0.9748749329166545));
#5929=FACE_SURFACE('',(#5934),#5930,.T.);
#5930=PLANE('',#5931);
#5931=AXIS2_PLACEMENT_3D('',#402,#5932,#5933);
#5932=DIRECTION('',(-0,-1,0));
#5933=DIRECTION('',(-0.9609171952219202,0,0.27683595129035893));
#5934=FACE_BOUND('',#5935,.T.);
#5935=EDGE_LOOP('',(#5936,#5937,#5938));
#5936=ORIENTED_EDGE('',*,*,#5939,.T.);
#5937=ORIENTED_EDGE('',*,*,#5940,.T.);
#5938=ORIENTED_EDGE('',*,*,#5941,.T.);
#5939=EDGE_CURVE('',#403,#407,#5942,.F.);
#5940=EDGE_CURVE('',#407,#373,#5943,.T.);
#5941=EDGE_CURVE('',#373,#403,#5944,.T.);
#5942=LINE('',#402,#5945);
#5943=LINE('',#406,#5946);
#5944=LINE('',#372,#5947);
#5945=VECTOR('',#5948,1.0);
#5946=VECTOR('',#5949,1.0);
#5947=VECTOR('',#5950,1.0);
#5948=DIRECTION('',(-0.9609171952219202,0,0.27683595129035893));
#5949=DIRECTION('',(-0.7022588694515337,0,-0.7119216812800784));
#5950=DIRECTION('',(0.7488744657142248,0,0.662711879025293));
#5951=FACE_SURFACE('',(#5956),#5952,.T.);
#5952=PLANE('',#5953);
#5953=AXIS2_PLACEMENT_3D('',#372,#5954,#5955);
#5954=DIRECTION('',(0,-1,0));
#5955=DIRECTION('',(0.7022588694515337,0,0.7119216812800784));
#5956=FACE_BOUND('',#5957,.T.);
#5957=EDGE_LOOP('',(#5958,#5959,#5960));
#5958=ORIENTED_EDGE('',*,*,#5961,.T.);
#5959=ORIENTED_EDGE('',*,*,#5962,.T.);
#5960=ORIENTED_EDGE('',*,*,#5963,.T.);
#5961=EDGE_CURVE('',#373,#407,#5964,.F.);
#5962=EDGE_CURVE('',#407,#409,#5965,.T.);
#5963=EDGE_CURVE('',#409,#373,#5966,.T.);
#5964=LINE('',#372,#5967);
#5965=LINE('',#406,#5968);
#5966=LINE('',#408,#5969);
#5967=VECTOR('',#5970,1.0);
#5968=VECTOR('',#5971,1.0);
#5969=VECTOR('',#5972,1.0);
#5970=DIRECTION('',(0.7022588694515337,0,0.7119216812800784));
#5971=DIRECTION('',(-0.9238795114258432,0,0.38268348326984947));
#5972=DIRECTION('',(-0.6457812937084584,0,-0.7635224428241973));
#5973=FACE_SURFACE('',(#5978),#5974,.T.);
#5974=PLANE('',#5975);
#5975=AXIS2_PLACEMENT_3D('',#372,#5976,#5977);
#5976=DIRECTION('',(0,-1,0));
#5977=DIRECTION('',(0.6457812937084584,0,0.7635224428241973));
#5978=FACE_BOUND('',#5979,.T.);
#5979=EDGE_LOOP('',(#5980,#5981,#5982));
#5980=ORIENTED_EDGE('',*,*,#5983,.T.);
#5981=ORIENTED_EDGE('',*,*,#5984,.T.);
#5982=ORIENTED_EDGE('',*,*,#5985,.T.);
#5983=EDGE_CURVE('',#373,#409,#5986,.F.);
#5984=EDGE_CURVE('',#409,#411,#5987,.T.);
#5985=EDGE_CURVE('',#411,#373,#5988,.T.);
#5986=LINE('',#372,#5989);
#5987=LINE('',#408,#5990);
#5988=LINE('',#410,#5991);
#5989=VECTOR('',#5992,1.0);
#5990=VECTOR('',#5993,1.0);
#5991=VECTOR('',#5994,1.0);
#5992=DIRECTION('',(0.6457812937084584,0,0.7635224428241973));
#5993=DIRECTION('',(-0.87522403081818,0,0.4837177853649558));
#5994=DIRECTION('',(-0.581025760684238,0,-0.8138851672203535));
#5995=FACE_SURFACE('',(#6000),#5996,.T.);
#5996=PLANE('',#5997);
#5997=AXIS2_PLACEMENT_3D('',#410,#5998,#5999);
#5998=DIRECTION('',(-0,-1,0));
#5999=DIRECTION('',(-0.8155602393469363,0,0.5786721835343116));
#6000=FACE_BOUND('',#6001,.T.);
#6001=EDGE_LOOP('',(#6002,#6003,#6004));
#6002=ORIENTED_EDGE('',*,*,#6005,.T.);
#6003=ORIENTED_EDGE('',*,*,#6006,.T.);
#6004=ORIENTED_EDGE('',*,*,#6007,.T.);
#6005=EDGE_CURVE('',#411,#413,#6008,.F.);
#6006=EDGE_CURVE('',#413,#373,#6009,.T.);
#6007=EDGE_CURVE('',#373,#411,#6010,.T.);
#6008=LINE('',#410,#6011);
#6009=LINE('',#412,#6012);
#6010=LINE('',#372,#6013);
#6011=VECTOR('',#6014,1.0);
#6012=VECTOR('',#6015,1.0);
#6013=VECTOR('',#6016,1.0);
#6014=DIRECTION('',(-0.8155602393469363,0,0.5786721835343116));
#6015=DIRECTION('',(-0.5111976617234033,0,-0.8594631758536982));
#6016=DIRECTION('',(0.581025760684238,0,0.8138851672203535));
#6017=FACE_SURFACE('',(#6022),#6018,.T.);
#6018=PLANE('',#6019);
#6019=AXIS2_PLACEMENT_3D('',#372,#6020,#6021);
#6020=DIRECTION('',(0,-1,0));
#6021=DIRECTION('',(0.5111976617234033,0,0.8594631758536982));
#6022=FACE_BOUND('',#6023,.T.);
#6023=EDGE_LOOP('',(#6024,#6025,#6026));
#6024=ORIENTED_EDGE('',*,*,#6027,.T.);
#6025=ORIENTED_EDGE('',*,*,#6028,.T.);
#6026=ORIENTED_EDGE('',*,*,#6029,.T.);
#6027=EDGE_CURVE('',#373,#413,#6030,.F.);
#6028=EDGE_CURVE('',#413,#415,#6031,.T.);
#6029=EDGE_CURVE('',#415,#373,#6032,.T.);
#6030=LINE('',#372,#6033);
#6031=LINE('',#412,#6034);
#6032=LINE('',#414,#6035);
#6033=VECTOR('',#6036,1.0);
#6034=VECTOR('',#6037,1.0);
#6035=VECTOR('',#6038,1.0);
#6036=DIRECTION('',(0.5111976617234033,0,0.8594631758536982));
#6037=DIRECTION('',(-0.7456428598863849,0,0.6663458002422262));
#6038=DIRECTION('',(-0.44059678137698677,0,-0.8977051165278271));
#6039=FACE_SURFACE('',(#6044),#6040,.T.);
#6040=PLANE('',#6041);
#6041=AXIS2_PLACEMENT_3D('',#372,#6042,#6043);
#6042=DIRECTION('',(0,-1,0));
#6043=DIRECTION('',(0.44059678137698677,0,0.8977051165278271));
#6044=FACE_BOUND('',#6045,.T.);
#6045=EDGE_LOOP('',(#6046,#6047,#6048));
#6046=ORIENTED_EDGE('',*,*,#6049,.T.);
#6047=ORIENTED_EDGE('',*,*,#6050,.T.);
#6048=ORIENTED_EDGE('',*,*,#6051,.T.);
#6049=EDGE_CURVE('',#373,#415,#6052,.F.);
#6050=EDGE_CURVE('',#415,#417,#6053,.T.);
#6051=EDGE_CURVE('',#417,#373,#6054,.T.);
#6052=LINE('',#372,#6055);
#6053=LINE('',#414,#6056);
#6054=LINE('',#416,#6057);
#6055=VECTOR('',#6058,1.0);
#6056=VECTOR('',#6059,1.0);
#6057=VECTOR('',#6060,1.0);
#6058=DIRECTION('',(0.44059678137698677,0,0.8977051165278271));
#6059=DIRECTION('',(-0.6663458991601063,0,0.7456427714881366));
#6060=DIRECTION('',(-0.3736139151202299,0,-0.9275843047553864));
#6061=FACE_SURFACE('',(#6066),#6062,.T.);
#6062=PLANE('',#6063);
#6063=AXIS2_PLACEMENT_3D('',#416,#6064,#6065);
#6064=DIRECTION('',(-0,-1,0));
#6065=DIRECTION('',(-0.5786713339597672,0,0.8155608421529467));
#6066=FACE_BOUND('',#6067,.T.);
#6067=EDGE_LOOP('',(#6068,#6069,#6070));
#6068=ORIENTED_EDGE('',*,*,#6071,.T.);
#6069=ORIENTED_EDGE('',*,*,#6072,.T.);
#6070=ORIENTED_EDGE('',*,*,#6073,.T.);
#6071=EDGE_CURVE('',#417,#419,#6074,.F.);
#6072=EDGE_CURVE('',#419,#373,#6075,.T.);
#6073=EDGE_CURVE('',#373,#417,#6076,.T.);
#6074=LINE('',#416,#6077);
#6075=LINE('',#418,#6078);
#6076=LINE('',#372,#6079);
#6077=VECTOR('',#6080,1.0);
#6078=VECTOR('',#6081,1.0);
#6079=VECTOR('',#6082,1.0);
#6080=DIRECTION('',(-0.5786713339597672,0,0.8155608421529467));
#6081=DIRECTION('',(-0.3137712825401891,0,-0.9494985951822599));
#6082=DIRECTION('',(0.3736139151202299,0,0.9275843047553864));
#6083=FACE_SURFACE('',(#6088),#6084,.T.);
#6084=PLANE('',#6085);
#6085=AXIS2_PLACEMENT_3D('',#372,#6086,#6087);
#6086=DIRECTION('',(0,-1,0));
#6087=DIRECTION('',(0.3137712825401891,0,0.9494985951822599));
#6088=FACE_BOUND('',#6089,.T.);
#6089=EDGE_LOOP('',(#6090,#6091,#6092));
#6090=ORIENTED_EDGE('',*,*,#6093,.T.);
#6091=ORIENTED_EDGE('',*,*,#6094,.T.);
#6092=ORIENTED_EDGE('',*,*,#6095,.T.);
#6093=EDGE_CURVE('',#373,#419,#6096,.F.);
#6094=EDGE_CURVE('',#419,#421,#6097,.T.);
#6095=EDGE_CURVE('',#421,#373,#6098,.T.);
#6096=LINE('',#372,#6099);
#6097=LINE('',#418,#6100);
#6098=LINE('',#420,#6101);
#6099=VECTOR('',#6102,1.0);
#6100=VECTOR('',#6103,1.0);
#6101=VECTOR('',#6104,1.0);
#6102=DIRECTION('',(0.3137712825401891,0,0.9494985951822599));
#6103=DIRECTION('',(-0.48371918493147725,0,0.8752232573059444));
#6104=DIRECTION('',(-0.26323462623916993,0,-0.9647318443737226));
#6105=FACE_SURFACE('',(#6110),#6106,.T.);
#6106=PLANE('',#6107);
#6107=AXIS2_PLACEMENT_3D('',#372,#6108,#6109);
#6108=DIRECTION('',(0,-1,0));
#6109=DIRECTION('',(0.26323462623916993,0,0.9647318443737226));
#6110=FACE_BOUND('',#6111,.T.);
#6111=EDGE_LOOP('',(#6112,#6113,#6114));
#6112=ORIENTED_EDGE('',*,*,#6115,.T.);
#6113=ORIENTED_EDGE('',*,*,#6116,.T.);
#6114=ORIENTED_EDGE('',*,*,#6117,.T.);
#6115=EDGE_CURVE('',#373,#421,#6118,.F.);
#6116=EDGE_CURVE('',#421,#423,#6119,.T.);
#6117=EDGE_CURVE('',#423,#373,#6120,.T.);
#6118=LINE('',#372,#6121);
#6119=LINE('',#420,#6122);
#6120=LINE('',#422,#6123);
#6121=VECTOR('',#6124,1.0);
#6122=VECTOR('',#6125,1.0);
#6123=VECTOR('',#6126,1.0);
#6124=DIRECTION('',(0.26323462623916993,0,0.9647318443737226));
#6125=DIRECTION('',(-0.38268348326984947,0,0.9238795114258432));
#6126=DIRECTION('',(-0.22285122883335748,0,-0.9748524656620932));
#6127=FACE_SURFACE('',(#6132),#6128,.T.);
#6128=PLANE('',#6129);
#6129=AXIS2_PLACEMENT_3D('',#422,#6130,#6131);
#6130=DIRECTION('',(-0,-1,0));
#6131=DIRECTION('',(-0.2768355476312207,0,0.960917311514223));
#6132=FACE_BOUND('',#6133,.T.);
#6133=EDGE_LOOP('',(#6134,#6135,#6136));
#6134=ORIENTED_EDGE('',*,*,#6137,.T.);
#6135=ORIENTED_EDGE('',*,*,#6138,.T.);
#6136=ORIENTED_EDGE('',*,*,#6139,.T.);
#6137=EDGE_CURVE('',#423,#425,#6140,.F.);
#6138=EDGE_CURVE('',#425,#373,#6141,.T.);
#6139=EDGE_CURVE('',#373,#423,#6142,.T.);
#6140=LINE('',#422,#6143);
#6141=LINE('',#424,#6144);
#6142=LINE('',#372,#6145);
#6143=VECTOR('',#6146,1.0);
#6144=VECTOR('',#6147,1.0);
#6145=VECTOR('',#6148,1.0);
#6146=DIRECTION('',(-0.2768355476312207,0,0.960917311514223));
#6147=DIRECTION('',(-0.19248803716854418,0,-0.9812993200583607));
#6148=DIRECTION('',(0.22285122883335748,0,0.9748524656620932));
#6149=FACE_SURFACE('',(#6154),#6150,.T.);
#6150=PLANE('',#6151);
#6151=AXIS2_PLACEMENT_3D('',#372,#6152,#6153);
#6152=DIRECTION('',(-0,-1,0));
#6153=DIRECTION('',(0.19248803716854418,0,0.9812993200583607));
#6154=FACE_BOUND('',#6155,.T.);
#6155=EDGE_LOOP('',(#6156,#6157,#6158));
#6156=ORIENTED_EDGE('',*,*,#6159,.T.);
#6157=ORIENTED_EDGE('',*,*,#6160,.T.);
#6158=ORIENTED_EDGE('',*,*,#6161,.T.);
#6159=EDGE_CURVE('',#373,#425,#6162,.F.);
#6160=EDGE_CURVE('',#425,#349,#6163,.T.);
#6161=EDGE_CURVE('',#349,#373,#6164,.T.);
#6162=LINE('',#372,#6165);
#6163=LINE('',#424,#6166);
#6164=LINE('',#348,#6167);
#6165=VECTOR('',#6168,1.0);
#6166=VECTOR('',#6169,1.0);
#6167=VECTOR('',#6170,1.0);
#6168=DIRECTION('',(0.19248803716854418,0,0.9812993200583607));
#6169=DIRECTION('',(-0.4834531728457684,0,-0.8753702243424548));
#6170=DIRECTION('',(0.7854916722275356,0,0.6188722266035128));
#6171=FACE_SURFACE('',(#6176),#6172,.T.);
#6172=PLANE('',#6173);
#6173=AXIS2_PLACEMENT_3D('',#424,#6174,#6175);
#6174=DIRECTION('',(-0,-1,0));
#6175=DIRECTION('',(-0.16750608638458908,0,0.9858710417818948));
#6176=FACE_BOUND('',#6177,.T.);
#6177=EDGE_LOOP('',(#6178,#6179,#6180));
#6178=ORIENTED_EDGE('',*,*,#6181,.T.);
#6179=ORIENTED_EDGE('',*,*,#6182,.T.);
#6180=ORIENTED_EDGE('',*,*,#6183,.T.);
#6181=EDGE_CURVE('',#425,#427,#6184,.F.);
#6182=EDGE_CURVE('',#427,#349,#6185,.T.);
#6183=EDGE_CURVE('',#349,#425,#6186,.T.);
#6184=LINE('',#424,#6187);
#6185=LINE('',#426,#6188);
#6186=LINE('',#348,#6189);
#6187=VECTOR('',#6190,1.0);
#6188=VECTOR('',#6191,1.0);
#6189=VECTOR('',#6192,1.0);
#6190=DIRECTION('',(-0.16750608638458908,0,0.9858710417818948));
#6191=DIRECTION('',(-0.46308397636775156,0,-0.8863144085658495));
#6192=DIRECTION('',(0.4834531728457684,0,0.8753702243424548));
#6193=FACE_SURFACE('',(#6198),#6194,.T.);
#6194=PLANE('',#6195);
#6195=AXIS2_PLACEMENT_3D('',#348,#6196,#6197);
#6196=DIRECTION('',(0,-1,0));
#6197=DIRECTION('',(0.46308397636775156,0,0.8863144085658495));
#6198=FACE_BOUND('',#6199,.T.);
#6199=EDGE_LOOP('',(#6200,#6201,#6202));
#6200=ORIENTED_EDGE('',*,*,#6203,.T.);
#6201=ORIENTED_EDGE('',*,*,#6204,.T.);
#6202=ORIENTED_EDGE('',*,*,#6205,.T.);
#6203=EDGE_CURVE('',#349,#427,#6206,.F.);
#6204=EDGE_CURVE('',#427,#393,#6207,.T.);
#6205=EDGE_CURVE('',#393,#349,#6208,.T.);
#6206=LINE('',#348,#6209);
#6207=LINE('',#426,#6210);
#6208=LINE('',#392,#6211);
#6209=VECTOR('',#6212,1.0);
#6210=VECTOR('',#6213,1.0);
#6211=VECTOR('',#6214,1.0);
#6212=DIRECTION('',(0.46308397636775156,0,0.8863144085658495));
#6213=DIRECTION('',(-0.056070054045435344,0,0.9984268370989143));
#6214=DIRECTION('',(-0.4466916402235336,0,-0.8946879783222803));
#6215=FACE_SURFACE('',(#6220),#6216,.T.);
#6216=PLANE('',#6217);
#6217=AXIS2_PLACEMENT_3D('',#396,#6218,#6219);
#6218=DIRECTION('',(0,-1,0));
#6219=DIRECTION('',(0.2768355476312207,0,0.960917311514223));
#6220=FACE_BOUND('',#6221,.T.);
#6221=EDGE_LOOP('',(#6222,#6223,#6224));
#6222=ORIENTED_EDGE('',*,*,#6225,.T.);
#6223=ORIENTED_EDGE('',*,*,#6226,.T.);
#6224=ORIENTED_EDGE('',*,*,#6227,.T.);
#6225=EDGE_CURVE('',#397,#429,#6228,.F.);
#6226=EDGE_CURVE('',#429,#385,#6229,.T.);
#6227=EDGE_CURVE('',#385,#397,#6230,.T.);
#6228=LINE('',#396,#6231);
#6229=LINE('',#428,#6232);
#6230=LINE('',#384,#6233);
#6231=VECTOR('',#6234,1.0);
#6232=VECTOR('',#6235,1.0);
#6233=VECTOR('',#6236,1.0);
#6234=DIRECTION('',(0.2768355476312207,0,0.960917311514223));
#6235=DIRECTION('',(-0.5191144548449362,0,0.8547047342626837));
#6236=DIRECTION('',(0.49433659394990576,0,-0.8692705746095435));
#6237=FACE_SURFACE('',(#6242),#6238,.T.);
#6238=PLANE('',#6239);
#6239=AXIS2_PLACEMENT_3D('',#384,#6240,#6241);
#6240=DIRECTION('',(0,-1,0));
#6241=DIRECTION('',(0.5191144548449362,0,-0.8547047342626837));
#6242=FACE_BOUND('',#6243,.T.);
#6243=EDGE_LOOP('',(#6244,#6245,#6246));
#6244=ORIENTED_EDGE('',*,*,#6247,.T.);
#6245=ORIENTED_EDGE('',*,*,#6248,.T.);
#6246=ORIENTED_EDGE('',*,*,#6249,.T.);
#6247=EDGE_CURVE('',#385,#429,#6250,.F.);
#6248=EDGE_CURVE('',#429,#431,#6251,.T.);
#6249=EDGE_CURVE('',#431,#385,#6252,.T.);
#6250=LINE('',#384,#6253);
#6251=LINE('',#428,#6254);
#6252=LINE('',#430,#6255);
#6253=VECTOR('',#6256,1.0);
#6254=VECTOR('',#6257,1.0);
#6255=VECTOR('',#6258,1.0);
#6256=DIRECTION('',(0.5191144548449362,0,-0.8547047342626837));
#6257=DIRECTION('',(0.38268348326984947,0,0.9238795114258432));
#6258=DIRECTION('',(-0.5471738519446324,0,0.8370189817131232));
#6259=FACE_SURFACE('',(#6264),#6260,.T.);
#6260=PLANE('',#6261);
#6261=AXIS2_PLACEMENT_3D('',#384,#6262,#6263);
#6262=DIRECTION('',(0,-1,0));
#6263=DIRECTION('',(0.5471738519446324,0,-0.8370189817131232));
#6264=FACE_BOUND('',#6265,.T.);
#6265=EDGE_LOOP('',(#6266,#6267,#6268));
#6266=ORIENTED_EDGE('',*,*,#6269,.T.);
#6267=ORIENTED_EDGE('',*,*,#6270,.T.);
#6268=ORIENTED_EDGE('',*,*,#6271,.T.);
#6269=EDGE_CURVE('',#385,#431,#6272,.F.);
#6270=EDGE_CURVE('',#431,#433,#6273,.T.);
#6271=EDGE_CURVE('',#433,#385,#6274,.T.);
#6272=LINE('',#384,#6275);
#6273=LINE('',#430,#6276);
#6274=LINE('',#432,#6277);
#6275=VECTOR('',#6278,1.0);
#6276=VECTOR('',#6279,1.0);
#6277=VECTOR('',#6280,1.0);
#6278=DIRECTION('',(0.5471738519446324,0,-0.8370189817131232));
#6279=DIRECTION('',(0.4837182405709643,0,0.8752237792353055));
#6280=DIRECTION('',(-0.5777855230838886,0,0.8161886358646984));
#6281=FACE_SURFACE('',(#6286),#6282,.T.);
#6282=PLANE('',#6283);
#6283=AXIS2_PLACEMENT_3D('',#432,#6284,#6285);
#6284=DIRECTION('',(0,-1,0));
#6285=DIRECTION('',(0.5786713339597672,0,0.8155608421529467));
#6286=FACE_BOUND('',#6287,.T.);
#6287=EDGE_LOOP('',(#6288,#6289,#6290));
#6288=ORIENTED_EDGE('',*,*,#6291,.T.);
#6289=ORIENTED_EDGE('',*,*,#6292,.T.);
#6290=ORIENTED_EDGE('',*,*,#6293,.T.);
#6291=EDGE_CURVE('',#433,#435,#6294,.F.);
#6292=EDGE_CURVE('',#435,#385,#6295,.T.);
#6293=EDGE_CURVE('',#385,#433,#6296,.T.);
#6294=LINE('',#432,#6297);
#6295=LINE('',#434,#6298);
#6296=LINE('',#384,#6299);
#6297=VECTOR('',#6300,1.0);
#6298=VECTOR('',#6301,1.0);
#6299=VECTOR('',#6302,1.0);
#6300=DIRECTION('',(0.5786713339597672,0,0.8155608421529467));
#6301=DIRECTION('',(-0.6100078589424255,0,0.7923953634572062));
#6302=DIRECTION('',(0.5777855230838886,0,-0.8161886358646984));
#6303=FACE_SURFACE('',(#6308),#6304,.T.);
#6304=PLANE('',#6305);
#6305=AXIS2_PLACEMENT_3D('',#384,#6306,#6307);
#6306=DIRECTION('',(0,-1,0));
#6307=DIRECTION('',(0.6100078589424255,0,-0.7923953634572062));
#6308=FACE_BOUND('',#6309,.T.);
#6309=EDGE_LOOP('',(#6310,#6311,#6312));
#6310=ORIENTED_EDGE('',*,*,#6313,.T.);
#6311=ORIENTED_EDGE('',*,*,#6314,.T.);
#6312=ORIENTED_EDGE('',*,*,#6315,.T.);
#6313=EDGE_CURVE('',#385,#435,#6316,.F.);
#6314=EDGE_CURVE('',#435,#437,#6317,.T.);
#6315=EDGE_CURVE('',#437,#385,#6318,.T.);
#6316=LINE('',#384,#6319);
#6317=LINE('',#434,#6320);
#6318=LINE('',#436,#6321);
#6319=VECTOR('',#6322,1.0);
#6320=VECTOR('',#6323,1.0);
#6321=VECTOR('',#6324,1.0);
#6322=DIRECTION('',(0.6100078589424255,0,-0.7923953634572062));
#6323=DIRECTION('',(0.6663458991601063,0,0.7456427714881366));
#6324=DIRECTION('',(-0.6427566006919221,0,0.7660704616854542));
#6325=FACE_SURFACE('',(#6330),#6326,.T.);
#6326=PLANE('',#6327);
#6327=AXIS2_PLACEMENT_3D('',#384,#6328,#6329);
#6328=DIRECTION('',(0,-1,0));
#6329=DIRECTION('',(0.6427566006919221,0,-0.7660704616854542));
#6330=FACE_BOUND('',#6331,.T.);
#6331=EDGE_LOOP('',(#6332,#6333,#6334));
#6332=ORIENTED_EDGE('',*,*,#6335,.T.);
#6333=ORIENTED_EDGE('',*,*,#6336,.T.);
#6334=ORIENTED_EDGE('',*,*,#6337,.T.);
#6335=EDGE_CURVE('',#385,#437,#6338,.F.);
#6336=EDGE_CURVE('',#437,#439,#6339,.T.);
#6337=EDGE_CURVE('',#439,#385,#6340,.T.);
#6338=LINE('',#384,#6341);
#6339=LINE('',#436,#6342);
#6340=LINE('',#438,#6343);
#6341=VECTOR('',#6344,1.0);
#6342=VECTOR('',#6345,1.0);
#6343=VECTOR('',#6346,1.0);
#6344=DIRECTION('',(0.6427566006919221,0,-0.7660704616854542));
#6345=DIRECTION('',(0.7456428598863849,0,0.6663458002422262));
#6346=DIRECTION('',(-0.6749097115154463,0,0.7379003193535947));
#6347=FACE_SURFACE('',(#6352),#6348,.T.);
#6348=PLANE('',#6349);
#6349=AXIS2_PLACEMENT_3D('',#438,#6350,#6351);
#6350=DIRECTION('',(0,-1,0));
#6351=DIRECTION('',(0.8155602393469363,0,0.5786721835343116));
#6352=FACE_BOUND('',#6353,.T.);
#6353=EDGE_LOOP('',(#6354,#6355,#6356));
#6354=ORIENTED_EDGE('',*,*,#6357,.T.);
#6355=ORIENTED_EDGE('',*,*,#6358,.T.);
#6356=ORIENTED_EDGE('',*,*,#6359,.T.);
#6357=EDGE_CURVE('',#439,#441,#6360,.F.);
#6358=EDGE_CURVE('',#441,#385,#6361,.T.);
#6359=EDGE_CURVE('',#385,#439,#6362,.T.);
#6360=LINE('',#438,#6363);
#6361=LINE('',#440,#6364);
#6362=LINE('',#384,#6365);
#6363=VECTOR('',#6366,1.0);
#6364=VECTOR('',#6367,1.0);
#6365=VECTOR('',#6368,1.0);
#6366=DIRECTION('',(0.8155602393469363,0,0.5786721835343116));
#6367=DIRECTION('',(-0.7054278279821526,0,0.7087817573191217));
#6368=DIRECTION('',(0.6749097115154463,0,-0.7379003193535947));
#6369=FACE_SURFACE('',(#6374),#6370,.T.);
#6370=PLANE('',#6371);
#6371=AXIS2_PLACEMENT_3D('',#384,#6372,#6373);
#6372=DIRECTION('',(0,-1,0));
#6373=DIRECTION('',(0.7054278279821526,0,-0.7087817573191217));
#6374=FACE_BOUND('',#6375,.T.);
#6375=EDGE_LOOP('',(#6376,#6377,#6378));
#6376=ORIENTED_EDGE('',*,*,#6379,.T.);
#6377=ORIENTED_EDGE('',*,*,#6380,.T.);
#6378=ORIENTED_EDGE('',*,*,#6381,.T.);
#6379=EDGE_CURVE('',#385,#441,#6382,.F.);
#6380=EDGE_CURVE('',#441,#443,#6383,.T.);
#6381=EDGE_CURVE('',#443,#385,#6384,.T.);
#6382=LINE('',#384,#6385);
#6383=LINE('',#440,#6386);
#6384=LINE('',#442,#6387);
#6385=VECTOR('',#6388,1.0);
#6386=VECTOR('',#6389,1.0);
#6387=VECTOR('',#6390,1.0);
#6388=DIRECTION('',(0.7054278279821526,0,-0.7087817573191217));
#6389=DIRECTION('',(0.875224975178242,0,0.48371607666506755));
#6390=DIRECTION('',(-0.7334589481801622,0,0.6797337503276192));
#6391=FACE_SURFACE('',(#6396),#6392,.T.);
#6392=PLANE('',#6393);
#6393=AXIS2_PLACEMENT_3D('',#384,#6394,#6395);
#6394=DIRECTION('',(0,-1,0));
#6395=DIRECTION('',(0.7334589481801622,0,-0.6797337503276192));
#6396=FACE_BOUND('',#6397,.T.);
#6397=EDGE_LOOP('',(#6398,#6399,#6400));
#6398=ORIENTED_EDGE('',*,*,#6401,.T.);
#6399=ORIENTED_EDGE('',*,*,#6402,.T.);
#6400=ORIENTED_EDGE('',*,*,#6403,.T.);
#6401=EDGE_CURVE('',#385,#443,#6404,.F.);
#6402=EDGE_CURVE('',#443,#445,#6405,.T.);
#6403=EDGE_CURVE('',#445,#385,#6406,.T.);
#6404=LINE('',#384,#6407);
#6405=LINE('',#442,#6408);
#6406=LINE('',#444,#6409);
#6407=VECTOR('',#6410,1.0);
#6408=VECTOR('',#6411,1.0);
#6409=VECTOR('',#6412,1.0);
#6410=DIRECTION('',(0.7334589481801622,0,-0.6797337503276192));
#6411=DIRECTION('',(0.9238787227800769,0,0.3826853872233087));
#6412=DIRECTION('',(-0.7584044323921451,0,0.6517842564284201));
#6413=FACE_SURFACE('',(#6418),#6414,.T.);
#6414=PLANE('',#6415);
#6415=AXIS2_PLACEMENT_3D('',#444,#6416,#6417);
#6416=DIRECTION('',(0,-1,0));
#6417=DIRECTION('',(0.9609177886024858,0,0.2768338916160893));
#6418=FACE_BOUND('',#6419,.T.);
#6419=EDGE_LOOP('',(#6420,#6421,#6422));
#6420=ORIENTED_EDGE('',*,*,#6423,.T.);
#6421=ORIENTED_EDGE('',*,*,#6424,.T.);
#6422=ORIENTED_EDGE('',*,*,#6425,.T.);
#6423=EDGE_CURVE('',#445,#447,#6426,.F.);
#6424=EDGE_CURVE('',#447,#385,#6427,.T.);
#6425=EDGE_CURVE('',#385,#445,#6428,.T.);
#6426=LINE('',#444,#6429);
#6427=LINE('',#446,#6430);
#6428=LINE('',#384,#6431);
#6429=VECTOR('',#6432,1.0);
#6430=VECTOR('',#6433,1.0);
#6431=VECTOR('',#6434,1.0);
#6432=DIRECTION('',(0.9609177886024858,0,0.2768338916160893));
#6433=DIRECTION('',(-0.7799325960519012,0,0.6258635199592174));
#6434=DIRECTION('',(0.7584044323921451,0,-0.6517842564284201));
#6435=FACE_SURFACE('',(#6440),#6436,.T.);
#6436=PLANE('',#6437);
#6437=AXIS2_PLACEMENT_3D('',#384,#6438,#6439);
#6438=DIRECTION('',(0,-1,0));
#6439=DIRECTION('',(0.7799325960519012,0,-0.6258635199592174));
#6440=FACE_BOUND('',#6441,.T.);
#6441=EDGE_LOOP('',(#6442,#6443,#6444));
#6442=ORIENTED_EDGE('',*,*,#6445,.T.);
#6443=ORIENTED_EDGE('',*,*,#6446,.T.);
#6444=ORIENTED_EDGE('',*,*,#6447,.T.);
#6445=EDGE_CURVE('',#385,#447,#6448,.F.);
#6446=EDGE_CURVE('',#447,#449,#6449,.T.);
#6447=EDGE_CURVE('',#449,#385,#6450,.T.);
#6448=LINE('',#384,#6451);
#6449=LINE('',#446,#6452);
#6450=LINE('',#448,#6453);
#6451=VECTOR('',#6454,1.0);
#6452=VECTOR('',#6455,1.0);
#6453=VECTOR('',#6456,1.0);
#6454=DIRECTION('',(0.7799325960519012,0,-0.6258635199592174));
#6455=DIRECTION('',(0.9858709870178088,0,0.16750640870286568));
#6456=DIRECTION('',(-0.7979496262481764,0,0.6027241441740951));
#6457=FACE_SURFACE('',(#6462),#6458,.T.);
#6458=PLANE('',#6459);
#6459=AXIS2_PLACEMENT_3D('',#384,#6460,#6461);
#6460=DIRECTION('',(0,-1,0));
#6461=DIRECTION('',(0.7979496262481764,0,-0.6027241441740951));
#6462=FACE_BOUND('',#6463,.T.);
#6463=EDGE_LOOP('',(#6464,#6465,#6466));
#6464=ORIENTED_EDGE('',*,*,#6467,.T.);
#6465=ORIENTED_EDGE('',*,*,#6468,.T.);
#6466=ORIENTED_EDGE('',*,*,#6469,.T.);
#6467=EDGE_CURVE('',#385,#449,#6470,.F.);
#6468=EDGE_CURVE('',#449,#387,#6471,.T.);
#6469=EDGE_CURVE('',#387,#385,#6472,.T.);
#6470=LINE('',#384,#6473);
#6471=LINE('',#448,#6474);
#6472=LINE('',#386,#6475);
#6473=VECTOR('',#6476,1.0);
#6474=VECTOR('',#6477,1.0);
#6475=VECTOR('',#6478,1.0);
#6476=DIRECTION('',(0.7979496262481764,0,-0.6027241441740951));
#6477=DIRECTION('',(0.9984266494453223,0,0.056073395450851195));
#6478=DIRECTION('',(-0.8125423684362257,0,0.5829021354361716));
#6479=FACE_SURFACE('',(#6484),#6480,.T.);
#6480=PLANE('',#6481);
#6481=AXIS2_PLACEMENT_3D('',#390,#6482,#6483);
#6482=DIRECTION('',(0,-1,0));
#6483=DIRECTION('',(0.9609177886024858,0,-0.2768338916160893));
#6484=FACE_BOUND('',#6485,.T.);
#6485=EDGE_LOOP('',(#6486,#6487,#6488));
#6486=ORIENTED_EDGE('',*,*,#6489,.T.);
#6487=ORIENTED_EDGE('',*,*,#6490,.T.);
#6488=ORIENTED_EDGE('',*,*,#6491,.T.);
#6489=EDGE_CURVE('',#391,#451,#6492,.F.);
#6490=EDGE_CURVE('',#451,#377,#6493,.T.);
#6491=EDGE_CURVE('',#377,#391,#6494,.T.);
#6492=LINE('',#390,#6495);
#6493=LINE('',#450,#6496);
#6494=LINE('',#376,#6497);
#6495=VECTOR('',#6498,1.0);
#6496=VECTOR('',#6499,1.0);
#6497=VECTOR('',#6500,1.0);
#6498=DIRECTION('',(0.9609177886024858,0,-0.2768338916160893));
#6499=DIRECTION('',(0.7583777808867906,0,0.6518152663579053));
#6500=DIRECTION('',(-0.7799085789804164,0,-0.6258934481465257));
#6501=FACE_SURFACE('',(#6506),#6502,.T.);
#6502=PLANE('',#6503);
#6503=AXIS2_PLACEMENT_3D('',#376,#6504,#6505);
#6504=DIRECTION('',(0,-1,0));
#6505=DIRECTION('',(-0.7583777808867906,0,-0.6518152663579053));
#6506=FACE_BOUND('',#6507,.T.);
#6507=EDGE_LOOP('',(#6508,#6509,#6510));
#6508=ORIENTED_EDGE('',*,*,#6511,.T.);
#6509=ORIENTED_EDGE('',*,*,#6512,.T.);
#6510=ORIENTED_EDGE('',*,*,#6513,.T.);
#6511=EDGE_CURVE('',#377,#451,#6514,.F.);
#6512=EDGE_CURVE('',#451,#453,#6515,.T.);
#6513=EDGE_CURVE('',#453,#377,#6516,.T.);
#6514=LINE('',#376,#6517);
#6515=LINE('',#450,#6518);
#6516=LINE('',#452,#6519);
#6517=VECTOR('',#6520,1.0);
#6518=VECTOR('',#6521,1.0);
#6519=VECTOR('',#6522,1.0);
#6520=DIRECTION('',(-0.7583777808867906,0,-0.6518152663579053));
#6521=DIRECTION('',(0.9238787227800769,0,-0.3826853872233087));
#6522=DIRECTION('',(0.733429433332432,0,0.6797655966005252));
#6523=FACE_SURFACE('',(#6528),#6524,.T.);
#6524=PLANE('',#6525);
#6525=AXIS2_PLACEMENT_3D('',#376,#6526,#6527);
#6526=DIRECTION('',(0,-1,0));
#6527=DIRECTION('',(-0.733429433332432,0,-0.6797655966005252));
#6528=FACE_BOUND('',#6529,.T.);
#6529=EDGE_LOOP('',(#6530,#6531,#6532));
#6530=ORIENTED_EDGE('',*,*,#6533,.T.);
#6531=ORIENTED_EDGE('',*,*,#6534,.T.);
#6532=ORIENTED_EDGE('',*,*,#6535,.T.);
#6533=EDGE_CURVE('',#377,#453,#6536,.F.);
#6534=EDGE_CURVE('',#453,#455,#6537,.T.);
#6535=EDGE_CURVE('',#455,#377,#6538,.T.);
#6536=LINE('',#376,#6539);
#6537=LINE('',#452,#6540);
#6538=LINE('',#454,#6541);
#6539=VECTOR('',#6542,1.0);
#6540=VECTOR('',#6543,1.0);
#6541=VECTOR('',#6544,1.0);
#6542=DIRECTION('',(-0.733429433332432,0,-0.6797655966005252));
#6543=DIRECTION('',(0.8752251056594066,0,-0.4837158405753119));
#6544=DIRECTION('',(0.7053953238791527,0,0.7088141061303911));
#6545=FACE_SURFACE('',(#6550),#6546,.T.);
#6546=PLANE('',#6547);
#6547=AXIS2_PLACEMENT_3D('',#454,#6548,#6549);
#6548=DIRECTION('',(0,-1,0));
#6549=DIRECTION('',(0.8155600526095304,0,-0.5786724467153591));
#6550=FACE_BOUND('',#6551,.T.);
#6551=EDGE_LOOP('',(#6552,#6553,#6554));
#6552=ORIENTED_EDGE('',*,*,#6555,.T.);
#6553=ORIENTED_EDGE('',*,*,#6556,.T.);
#6554=ORIENTED_EDGE('',*,*,#6557,.T.);
#6555=EDGE_CURVE('',#455,#457,#6558,.F.);
#6556=EDGE_CURVE('',#457,#377,#6559,.T.);
#6557=EDGE_CURVE('',#377,#455,#6560,.T.);
#6558=LINE('',#454,#6561);
#6559=LINE('',#456,#6562);
#6560=LINE('',#376,#6563);
#6561=VECTOR('',#6564,1.0);
#6562=VECTOR('',#6565,1.0);
#6563=VECTOR('',#6566,1.0);
#6564=DIRECTION('',(0.8155600526095304,0,-0.5786724467153591));
#6565=DIRECTION('',(0.6748742774623268,0,0.7379327270284889));
#6566=DIRECTION('',(-0.7053953238791527,0,-0.7088141061303911));
#6567=FACE_SURFACE('',(#6572),#6568,.T.);
#6568=PLANE('',#6569);
#6569=AXIS2_PLACEMENT_3D('',#376,#6570,#6571);
#6570=DIRECTION('',(0,-1,0));
#6571=DIRECTION('',(-0.6748742774623268,0,-0.7379327270284889));
#6572=FACE_BOUND('',#6573,.T.);
#6573=EDGE_LOOP('',(#6574,#6575,#6576));
#6574=ORIENTED_EDGE('',*,*,#6577,.T.);
#6575=ORIENTED_EDGE('',*,*,#6578,.T.);
#6576=ORIENTED_EDGE('',*,*,#6579,.T.);
#6577=EDGE_CURVE('',#377,#457,#6580,.F.);
#6578=EDGE_CURVE('',#457,#459,#6581,.T.);
#6579=EDGE_CURVE('',#459,#377,#6582,.T.);
#6580=LINE('',#376,#6583);
#6581=LINE('',#456,#6584);
#6582=LINE('',#458,#6585);
#6583=VECTOR('',#6586,1.0);
#6584=VECTOR('',#6587,1.0);
#6585=VECTOR('',#6588,1.0);
#6586=DIRECTION('',(-0.6748742774623268,0,-0.7379327270284889));
#6587=DIRECTION('',(0.7456428598863849,0,-0.6663458002422262));
#6588=DIRECTION('',(0.6427184257009569,0,0.7661024900523973));
#6589=FACE_SURFACE('',(#6594),#6590,.T.);
#6590=PLANE('',#6591);
#6591=AXIS2_PLACEMENT_3D('',#376,#6592,#6593);
#6592=DIRECTION('',(0,-1,0));
#6593=DIRECTION('',(-0.6427184257009569,0,-0.7661024900523973));
#6594=FACE_BOUND('',#6595,.T.);
#6595=EDGE_LOOP('',(#6596,#6597,#6598));
#6596=ORIENTED_EDGE('',*,*,#6599,.T.);
#6597=ORIENTED_EDGE('',*,*,#6600,.T.);
#6598=ORIENTED_EDGE('',*,*,#6601,.T.);
#6599=EDGE_CURVE('',#377,#459,#6602,.F.);
#6600=EDGE_CURVE('',#459,#461,#6603,.T.);
#6601=EDGE_CURVE('',#461,#377,#6604,.T.);
#6602=LINE('',#376,#6605);
#6603=LINE('',#458,#6606);
#6604=LINE('',#460,#6607);
#6605=VECTOR('',#6608,1.0);
#6606=VECTOR('',#6609,1.0);
#6607=VECTOR('',#6610,1.0);
#6608=DIRECTION('',(-0.6427184257009569,0,-0.7661024900523973));
#6609=DIRECTION('',(0.6663458991601063,0,-0.7456427714881366));
#6610=DIRECTION('',(0.6099672991731343,0,0.7924265858358313));
#6611=FACE_SURFACE('',(#6616),#6612,.T.);
#6612=PLANE('',#6613);
#6613=AXIS2_PLACEMENT_3D('',#460,#6614,#6615);
#6614=DIRECTION('',(0,-1,0));
#6615=DIRECTION('',(0.5786713339597672,0,-0.8155608421529467));
#6616=FACE_BOUND('',#6617,.T.);
#6617=EDGE_LOOP('',(#6618,#6619,#6620));
#6618=ORIENTED_EDGE('',*,*,#6621,.T.);
#6619=ORIENTED_EDGE('',*,*,#6622,.T.);
#6620=ORIENTED_EDGE('',*,*,#6623,.T.);
#6621=EDGE_CURVE('',#461,#463,#6624,.F.);
#6622=EDGE_CURVE('',#463,#377,#6625,.T.);
#6623=EDGE_CURVE('',#377,#461,#6626,.T.);
#6624=LINE('',#460,#6627);
#6625=LINE('',#462,#6628);
#6626=LINE('',#376,#6629);
#6627=VECTOR('',#6630,1.0);
#6628=VECTOR('',#6631,1.0);
#6629=VECTOR('',#6632,1.0);
#6630=DIRECTION('',(0.5786713339597672,0,-0.8155608421529467));
#6631=DIRECTION('',(0.5777430542541498,0,0.8162186981814901));
#6632=DIRECTION('',(-0.6099672991731343,0,-0.7924265858358313));
#6633=FACE_SURFACE('',(#6638),#6634,.T.);
#6634=PLANE('',#6635);
#6635=AXIS2_PLACEMENT_3D('',#376,#6636,#6637);
#6636=DIRECTION('',(0,-1,0));
#6637=DIRECTION('',(-0.5777430542541498,0,-0.8162186981814901));
#6638=FACE_BOUND('',#6639,.T.);
#6639=EDGE_LOOP('',(#6640,#6641,#6642));
#6640=ORIENTED_EDGE('',*,*,#6643,.T.);
#6641=ORIENTED_EDGE('',*,*,#6644,.T.);
#6642=ORIENTED_EDGE('',*,*,#6645,.T.);
#6643=EDGE_CURVE('',#377,#463,#6646,.F.);
#6644=EDGE_CURVE('',#463,#465,#6647,.T.);
#6645=EDGE_CURVE('',#465,#377,#6648,.T.);
#6646=LINE('',#376,#6649);
#6647=LINE('',#462,#6650);
#6648=LINE('',#464,#6651);
#6649=VECTOR('',#6652,1.0);
#6650=VECTOR('',#6653,1.0);
#6651=VECTOR('',#6654,1.0);
#6652=DIRECTION('',(-0.5777430542541498,0,-0.8162186981814901));
#6653=DIRECTION('',(0.4837182405709643,0,-0.8752237792353055));
#6654=DIRECTION('',(0.5471300169966483,0,0.8370476357419853));
#6655=FACE_SURFACE('',(#6660),#6656,.T.);
#6656=PLANE('',#6657);
#6657=AXIS2_PLACEMENT_3D('',#376,#6658,#6659);
#6658=DIRECTION('',(0,-1,0));
#6659=DIRECTION('',(-0.5471300169966483,0,-0.8370476357419853));
#6660=FACE_BOUND('',#6661,.T.);
#6661=EDGE_LOOP('',(#6662,#6663,#6664));
#6662=ORIENTED_EDGE('',*,*,#6665,.T.);
#6663=ORIENTED_EDGE('',*,*,#6666,.T.);
#6664=ORIENTED_EDGE('',*,*,#6667,.T.);
#6665=EDGE_CURVE('',#377,#465,#6668,.F.);
#6666=EDGE_CURVE('',#465,#467,#6669,.T.);
#6667=EDGE_CURVE('',#467,#377,#6670,.T.);
#6668=LINE('',#376,#6671);
#6669=LINE('',#464,#6672);
#6670=LINE('',#466,#6673);
#6671=VECTOR('',#6674,1.0);
#6672=VECTOR('',#6675,1.0);
#6673=VECTOR('',#6676,1.0);
#6674=DIRECTION('',(-0.5471300169966483,0,-0.8370476357419853));
#6675=DIRECTION('',(0.38268348326984947,0,-0.9238795114258432));
#6676=DIRECTION('',(0.5190698082606737,0,0.8547318492674925));
#6677=FACE_SURFACE('',(#6682),#6678,.T.);
#6678=PLANE('',#6679);
#6679=AXIS2_PLACEMENT_3D('',#466,#6680,#6681);
#6680=DIRECTION('',(0,-1,0));
#6681=DIRECTION('',(0.2768355476312207,0,-0.960917311514223));
#6682=FACE_BOUND('',#6683,.T.);
#6683=EDGE_LOOP('',(#6684,#6685,#6686));
#6684=ORIENTED_EDGE('',*,*,#6687,.T.);
#6685=ORIENTED_EDGE('',*,*,#6688,.T.);
#6686=ORIENTED_EDGE('',*,*,#6689,.T.);
#6687=EDGE_CURVE('',#467,#469,#6690,.F.);
#6688=EDGE_CURVE('',#469,#377,#6691,.T.);
#6689=EDGE_CURVE('',#377,#467,#6692,.T.);
#6690=LINE('',#466,#6693);
#6691=LINE('',#468,#6694);
#6692=LINE('',#376,#6695);
#6693=VECTOR('',#6696,1.0);
#6694=VECTOR('',#6697,1.0);
#6695=VECTOR('',#6698,1.0);
#6696=DIRECTION('',(0.2768355476312207,0,-0.960917311514223));
#6697=DIRECTION('',(0.4942916547147386,0,0.869296129106397));
#6698=DIRECTION('',(-0.5190698082606737,0,-0.8547318492674925));
#6699=FACE_SURFACE('',(#6704),#6700,.T.);
#6700=PLANE('',#6701);
#6701=AXIS2_PLACEMENT_3D('',#376,#6702,#6703);
#6702=DIRECTION('',(0,-1,0));
#6703=DIRECTION('',(-0.4942916547147386,0,-0.869296129106397));
#6704=FACE_BOUND('',#6705,.T.);
#6705=EDGE_LOOP('',(#6706,#6707,#6708));
#6706=ORIENTED_EDGE('',*,*,#6709,.T.);
#6707=ORIENTED_EDGE('',*,*,#6710,.T.);
#6708=ORIENTED_EDGE('',*,*,#6711,.T.);
#6709=EDGE_CURVE('',#377,#469,#6712,.F.);
#6710=EDGE_CURVE('',#469,#471,#6713,.T.);
#6711=EDGE_CURVE('',#471,#377,#6714,.T.);
#6712=LINE('',#376,#6715);
#6713=LINE('',#468,#6716);
#6714=LINE('',#470,#6717);
#6715=VECTOR('',#6718,1.0);
#6716=VECTOR('',#6719,1.0);
#6717=VECTOR('',#6720,1.0);
#6718=DIRECTION('',(-0.4942916547147386,0,-0.869296129106397));
#6719=DIRECTION('',(0.1675068231138748,0,-0.9858709166063766));
#6720=DIRECTION('',(0.4732858451444537,0,0.8809089106064828));
#6721=FACE_SURFACE('',(#6726),#6722,.T.);
#6722=PLANE('',#6723);
#6723=AXIS2_PLACEMENT_3D('',#376,#6724,#6725);
#6724=DIRECTION('',(0,-1,0));
#6725=DIRECTION('',(-0.4732858451444537,0,-0.8809089106064828));
#6726=FACE_BOUND('',#6727,.T.);
#6727=EDGE_LOOP('',(#6728,#6729,#6730));
#6728=ORIENTED_EDGE('',*,*,#6731,.T.);
#6729=ORIENTED_EDGE('',*,*,#6732,.T.);
#6730=ORIENTED_EDGE('',*,*,#6733,.T.);
#6731=EDGE_CURVE('',#377,#471,#6734,.F.);
#6732=EDGE_CURVE('',#471,#379,#6735,.T.);
#6733=EDGE_CURVE('',#379,#377,#6736,.T.);
#6734=LINE('',#376,#6737);
#6735=LINE('',#470,#6738);
#6736=LINE('',#378,#6739);
#6737=VECTOR('',#6740,1.0);
#6738=VECTOR('',#6741,1.0);
#6739=VECTOR('',#6742,1.0);
#6740=DIRECTION('',(-0.4732858451444537,0,-0.8809089106064828));
#6741=DIRECTION('',(0.056070609947962854,0,-0.9984268058801624));
#6742=DIRECTION('',(0.4563134730787385,0,0.8898190907632963));
#6743=FACE_SURFACE('',(#6748),#6744,.T.);
#6744=PLANE('',#6745);
#6745=AXIS2_PLACEMENT_3D('',#404,#6746,#6747);
#6746=DIRECTION('',(0,-1,-0));
#6747=DIRECTION('',(-0.38268348326984947,0,-0.9238795114258432));
#6748=FACE_BOUND('',#6749,.T.);
#6749=EDGE_LOOP('',(#6750,#6751,#6752));
#6750=ORIENTED_EDGE('',*,*,#6753,.T.);
#6751=ORIENTED_EDGE('',*,*,#6754,.T.);
#6752=ORIENTED_EDGE('',*,*,#6755,.T.);
#6753=EDGE_CURVE('',#405,#473,#6756,.F.);
#6754=EDGE_CURVE('',#473,#375,#6757,.T.);
#6755=EDGE_CURVE('',#375,#405,#6758,.T.);
#6756=LINE('',#404,#6759);
#6757=LINE('',#472,#6760);
#6758=LINE('',#374,#6761);
#6759=VECTOR('',#6762,1.0);
#6760=VECTOR('',#6763,1.0);
#6761=VECTOR('',#6764,1.0);
#6762=DIRECTION('',(-0.38268348326984947,0,-0.9238795114258432));
#6763=DIRECTION('',(0.26313279091937614,0,-0.9647596251621333));
#6764=DIRECTION('',(-0.22275292404533853,0,0.9748749329166545));
#6765=FACE_SURFACE('',(#6770),#6766,.T.);
#6766=PLANE('',#6767);
#6767=AXIS2_PLACEMENT_3D('',#374,#6768,#6769);
#6768=DIRECTION('',(0,-1,0));
#6769=DIRECTION('',(-0.26313279091937614,0,0.9647596251621333));
#6770=FACE_BOUND('',#6771,.T.);
#6771=EDGE_LOOP('',(#6772,#6773,#6774));
#6772=ORIENTED_EDGE('',*,*,#6775,.T.);
#6773=ORIENTED_EDGE('',*,*,#6776,.T.);
#6774=ORIENTED_EDGE('',*,*,#6777,.T.);
#6775=EDGE_CURVE('',#375,#473,#6778,.F.);
#6776=EDGE_CURVE('',#473,#475,#6779,.T.);
#6777=EDGE_CURVE('',#475,#375,#6780,.T.);
#6778=LINE('',#374,#6781);
#6779=LINE('',#472,#6782);
#6780=LINE('',#474,#6783);
#6781=VECTOR('',#6784,1.0);
#6782=VECTOR('',#6785,1.0);
#6783=VECTOR('',#6786,1.0);
#6784=DIRECTION('',(-0.26313279091937614,0,0.9647596251621333));
#6785=DIRECTION('',(-0.48371918493147725,0,-0.8752232573059444));
#6786=DIRECTION('',(0.313667420011361,0,-0.9495329112902914));
#6787=FACE_SURFACE('',(#6792),#6788,.T.);
#6788=PLANE('',#6789);
#6789=AXIS2_PLACEMENT_3D('',#374,#6790,#6791);
#6790=DIRECTION('',(0,-1,0));
#6791=DIRECTION('',(-0.313667420011361,0,0.9495329112902914));
#6792=FACE_BOUND('',#6793,.T.);
#6793=EDGE_LOOP('',(#6794,#6795,#6796));
#6794=ORIENTED_EDGE('',*,*,#6797,.T.);
#6795=ORIENTED_EDGE('',*,*,#6798,.T.);
#6796=ORIENTED_EDGE('',*,*,#6799,.T.);
#6797=EDGE_CURVE('',#375,#475,#6800,.F.);
#6798=EDGE_CURVE('',#475,#477,#6801,.T.);
#6799=EDGE_CURVE('',#477,#375,#6802,.T.);
#6800=LINE('',#374,#6803);
#6801=LINE('',#474,#6804);
#6802=LINE('',#476,#6805);
#6803=VECTOR('',#6806,1.0);
#6804=VECTOR('',#6807,1.0);
#6805=VECTOR('',#6808,1.0);
#6806=DIRECTION('',(-0.313667420011361,0,0.9495329112902914));
#6807=DIRECTION('',(-0.5786713339597672,0,-0.8155608421529467));
#6808=DIRECTION('',(0.3735103439352446,0,-0.9276260146057652));
#6809=FACE_SURFACE('',(#6814),#6810,.T.);
#6810=PLANE('',#6811);
#6811=AXIS2_PLACEMENT_3D('',#476,#6812,#6813);
#6812=DIRECTION('',(0,-1,-0));
#6813=DIRECTION('',(-0.6663458991601063,0,-0.7456427714881366));
#6814=FACE_BOUND('',#6815,.T.);
#6815=EDGE_LOOP('',(#6816,#6817,#6818));
#6816=ORIENTED_EDGE('',*,*,#6819,.T.);
#6817=ORIENTED_EDGE('',*,*,#6820,.T.);
#6818=ORIENTED_EDGE('',*,*,#6821,.T.);
#6819=EDGE_CURVE('',#477,#479,#6822,.F.);
#6820=EDGE_CURVE('',#479,#375,#6823,.T.);
#6821=EDGE_CURVE('',#375,#477,#6824,.T.);
#6822=LINE('',#476,#6825);
#6823=LINE('',#478,#6826);
#6824=LINE('',#374,#6827);
#6825=VECTOR('',#6828,1.0);
#6826=VECTOR('',#6829,1.0);
#6827=VECTOR('',#6830,1.0);
#6828=DIRECTION('',(-0.6663458991601063,0,-0.7456427714881366));
#6829=DIRECTION('',(0.4404965243173795,0,-0.8977543160933887));
#6830=DIRECTION('',(-0.3735103439352446,0,0.9276260146057652));
#6831=FACE_SURFACE('',(#6836),#6832,.T.);
#6832=PLANE('',#6833);
#6833=AXIS2_PLACEMENT_3D('',#374,#6834,#6835);
#6834=DIRECTION('',(0,-1,0));
#6835=DIRECTION('',(-0.4404965243173795,0,0.8977543160933887));
#6836=FACE_BOUND('',#6837,.T.);
#6837=EDGE_LOOP('',(#6838,#6839,#6840));
#6838=ORIENTED_EDGE('',*,*,#6841,.T.);
#6839=ORIENTED_EDGE('',*,*,#6842,.T.);
#6840=ORIENTED_EDGE('',*,*,#6843,.T.);
#6841=EDGE_CURVE('',#375,#479,#6844,.F.);
#6842=EDGE_CURVE('',#479,#481,#6845,.T.);
#6843=EDGE_CURVE('',#481,#375,#6846,.T.);
#6844=LINE('',#374,#6847);
#6845=LINE('',#478,#6848);
#6846=LINE('',#480,#6849);
#6847=VECTOR('',#6850,1.0);
#6848=VECTOR('',#6851,1.0);
#6849=VECTOR('',#6852,1.0);
#6850=DIRECTION('',(-0.4404965243173795,0,0.8977543160933887));
#6851=DIRECTION('',(-0.7456428598863849,0,-0.6663458002422262));
#6852=DIRECTION('',(0.5111039948157504,0,-0.8595188808184387));
#6853=FACE_SURFACE('',(#6858),#6854,.T.);
#6854=PLANE('',#6855);
#6855=AXIS2_PLACEMENT_3D('',#374,#6856,#6857);
#6856=DIRECTION('',(0,-1,0));
#6857=DIRECTION('',(-0.5111039948157504,0,0.8595188808184387));
#6858=FACE_BOUND('',#6859,.T.);
#6859=EDGE_LOOP('',(#6860,#6861,#6862));
#6860=ORIENTED_EDGE('',*,*,#6863,.T.);
#6861=ORIENTED_EDGE('',*,*,#6864,.T.);
#6862=ORIENTED_EDGE('',*,*,#6865,.T.);
#6863=EDGE_CURVE('',#375,#481,#6866,.F.);
#6864=EDGE_CURVE('',#481,#483,#6867,.T.);
#6865=EDGE_CURVE('',#483,#375,#6868,.T.);
#6866=LINE('',#374,#6869);
#6867=LINE('',#480,#6870);
#6868=LINE('',#482,#6871);
#6869=VECTOR('',#6872,1.0);
#6870=VECTOR('',#6873,1.0);
#6871=VECTOR('',#6874,1.0);
#6872=DIRECTION('',(-0.5111039948157504,0,0.8595188808184387));
#6873=DIRECTION('',(-0.8155600526095304,0,-0.5786724467153591));
#6874=DIRECTION('',(0.5809414600964884,0,-0.8139453421090143));
#6875=FACE_SURFACE('',(#6880),#6876,.T.);
#6876=PLANE('',#6877);
#6877=AXIS2_PLACEMENT_3D('',#482,#6878,#6879);
#6878=DIRECTION('',(0,-1,-0));
#6879=DIRECTION('',(-0.8752241613001256,0,-0.4837175492748757));
#6880=FACE_BOUND('',#6881,.T.);
#6881=EDGE_LOOP('',(#6882,#6883,#6884));
#6882=ORIENTED_EDGE('',*,*,#6885,.T.);
#6883=ORIENTED_EDGE('',*,*,#6886,.T.);
#6884=ORIENTED_EDGE('',*,*,#6887,.T.);
#6885=EDGE_CURVE('',#483,#485,#6888,.F.);
#6886=EDGE_CURVE('',#485,#375,#6889,.T.);
#6887=EDGE_CURVE('',#375,#483,#6890,.T.);
#6888=LINE('',#482,#6891);
#6889=LINE('',#484,#6892);
#6890=LINE('',#374,#6893);
#6891=VECTOR('',#6894,1.0);
#6892=VECTOR('',#6895,1.0);
#6893=VECTOR('',#6896,1.0);
#6894=DIRECTION('',(-0.8752241613001256,0,-0.4837175492748757));
#6895=DIRECTION('',(0.6457080819299676,0,-0.7635843587517507));
#6896=DIRECTION('',(-0.5809414600964884,0,0.8139453421090143));
#6897=FACE_SURFACE('',(#6902),#6898,.T.);
#6898=PLANE('',#6899);
#6899=AXIS2_PLACEMENT_3D('',#374,#6900,#6901);
#6900=DIRECTION('',(0,-1,0));
#6901=DIRECTION('',(-0.6457080819299676,0,0.7635843587517507));
#6902=FACE_BOUND('',#6903,.T.);
#6903=EDGE_LOOP('',(#6904,#6905,#6906));
#6904=ORIENTED_EDGE('',*,*,#6907,.T.);
#6905=ORIENTED_EDGE('',*,*,#6908,.T.);
#6906=ORIENTED_EDGE('',*,*,#6909,.T.);
#6907=EDGE_CURVE('',#375,#485,#6910,.F.);
#6908=EDGE_CURVE('',#485,#487,#6911,.T.);
#6909=EDGE_CURVE('',#487,#375,#6912,.T.);
#6910=LINE('',#374,#6913);
#6911=LINE('',#484,#6914);
#6912=LINE('',#486,#6915);
#6913=VECTOR('',#6916,1.0);
#6914=VECTOR('',#6917,1.0);
#6915=VECTOR('',#6918,1.0);
#6916=DIRECTION('',(-0.6457080819299676,0,0.7635843587517507));
#6917=DIRECTION('',(-0.9238795114258432,0,-0.38268348326984947));
#6918=DIRECTION('',(0.7021969599037514,0,-0.7119827452276701));
#6919=FACE_SURFACE('',(#6924),#6920,.T.);
#6920=PLANE('',#6921);
#6921=AXIS2_PLACEMENT_3D('',#374,#6922,#6923);
#6922=DIRECTION('',(0,-1,0));
#6923=DIRECTION('',(-0.7021969599037514,0,0.7119827452276701));
#6924=FACE_BOUND('',#6925,.T.);
#6925=EDGE_LOOP('',(#6926,#6927,#6928));
#6926=ORIENTED_EDGE('',*,*,#6929,.T.);
#6927=ORIENTED_EDGE('',*,*,#6930,.T.);
#6928=ORIENTED_EDGE('',*,*,#6931,.T.);
#6929=EDGE_CURVE('',#375,#487,#6932,.F.);
#6930=EDGE_CURVE('',#487,#489,#6933,.T.);
#6931=EDGE_CURVE('',#489,#375,#6934,.T.);
#6932=LINE('',#374,#6935);
#6933=LINE('',#486,#6936);
#6934=LINE('',#488,#6937);
#6935=VECTOR('',#6938,1.0);
#6936=VECTOR('',#6939,1.0);
#6937=VECTOR('',#6940,1.0);
#6938=DIRECTION('',(-0.7021969599037514,0,0.7119827452276701));
#6939=DIRECTION('',(-0.9609171952219202,0,-0.27683595129035893));
#6940=DIRECTION('',(0.748822918427307,0,-0.6627701236763852));
#6941=FACE_SURFACE('',(#6946),#6942,.T.);
#6942=PLANE('',#6943);
#6943=AXIS2_PLACEMENT_3D('',#488,#6944,#6945);
#6944=DIRECTION('',(0,-1,-0));
#6945=DIRECTION('',(-0.9858709870178088,0,-0.16750640870286568));
#6946=FACE_BOUND('',#6947,.T.);
#6947=EDGE_LOOP('',(#6948,#6949,#6950));
#6948=ORIENTED_EDGE('',*,*,#6951,.T.);
#6949=ORIENTED_EDGE('',*,*,#6952,.T.);
#6950=ORIENTED_EDGE('',*,*,#6953,.T.);
#6951=EDGE_CURVE('',#489,#491,#6954,.F.);
#6952=EDGE_CURVE('',#491,#375,#6955,.T.);
#6953=EDGE_CURVE('',#375,#489,#6956,.T.);
#6954=LINE('',#488,#6957);
#6955=LINE('',#490,#6958);
#6956=LINE('',#374,#6959);
#6957=VECTOR('',#6960,1.0);
#6958=VECTOR('',#6961,1.0);
#6959=VECTOR('',#6962,1.0);
#6960=DIRECTION('',(-0.9858709870178088,0,-0.16750640870286568));
#6961=DIRECTION('',(0.7855066975579741,0,-0.6188531555155597));
#6962=DIRECTION('',(-0.748822918427307,0,0.6627701236763852));
#6963=FACE_SURFACE('',(#6968),#6964,.T.);
#6964=PLANE('',#6965);
#6965=AXIS2_PLACEMENT_3D('',#374,#6966,#6967);
#6966=DIRECTION('',(0,-1,0));
#6967=DIRECTION('',(-0.7855066975579741,0,0.6188531555155597));
#6968=FACE_BOUND('',#6969,.T.);
#6969=EDGE_LOOP('',(#6970,#6971,#6972));
#6970=ORIENTED_EDGE('',*,*,#6973,.T.);
#6971=ORIENTED_EDGE('',*,*,#6974,.T.);
#6972=ORIENTED_EDGE('',*,*,#6975,.T.);
#6973=EDGE_CURVE('',#375,#491,#6976,.F.);
#6974=EDGE_CURVE('',#491,#399,#6977,.T.);
#6975=EDGE_CURVE('',#399,#375,#6978,.T.);
#6976=LINE('',#374,#6979);
#6977=LINE('',#490,#6980);
#6978=LINE('',#398,#6981);
#6979=VECTOR('',#6982,1.0);
#6980=VECTOR('',#6983,1.0);
#6981=VECTOR('',#6984,1.0);
#6982=DIRECTION('',(-0.7855066975579741,0,0.6188531555155597));
#6983=DIRECTION('',(-0.998426774120915,0,-0.0560711754692502));
#6984=DIRECTION('',(0.8131583290289309,0,-0.5820425516496857));
#6985=FACE_SURFACE('',(#6990),#6986,.T.);
#6986=PLANE('',#6987);
#6987=AXIS2_PLACEMENT_3D('',#356,#6988,#6989);
#6988=DIRECTION('',(1,0,0));
#6989=DIRECTION('',(0,1,0));
#6990=FACE_BOUND('',#6991,.T.);
#6991=EDGE_LOOP('',(#6992,#6993,#6994));
#6992=ORIENTED_EDGE('',*,*,#6995,.T.);
#6993=ORIENTED_EDGE('',*,*,#6996,.T.);
#6994=ORIENTED_EDGE('',*,*,#6997,.T.);
#6995=EDGE_CURVE('',#357,#349,#6998,.F.);
#6996=EDGE_CURVE('',#349,#493,#6999,.T.);
#6997=EDGE_CURVE('',#493,#357,#7000,.T.);
#6998=LINE('',#356,#7001);
#6999=LINE('',#348,#7002);
#7000=LINE('',#492,#7003);
#7001=VECTOR('',#7004,1.0);
#7002=VECTOR('',#7005,1.0);
#7003=VECTOR('',#7006,1.0);
#7004=DIRECTION('',(0,1,0));
#7005=DIRECTION('',(0,-0.19274530403092788,0.9812488205210873));
#7006=DIRECTION('',(0,0,-1));
#7007=FACE_SURFACE('',(#7012),#7008,.T.);
#7008=PLANE('',#7009);
#7009=AXIS2_PLACEMENT_3D('',#492,#7010,#7011);
#7010=DIRECTION('',(1,-0,0));
#7011=DIRECTION('',(0,0.19274530403092788,-0.9812488205210873));
#7012=FACE_BOUND('',#7013,.T.);
#7013=EDGE_LOOP('',(#7014,#7015,#7016));
#7014=ORIENTED_EDGE('',*,*,#7017,.T.);
#7015=ORIENTED_EDGE('',*,*,#7018,.T.);
#7016=ORIENTED_EDGE('',*,*,#7019,.T.);
#7017=EDGE_CURVE('',#493,#349,#7020,.F.);
#7018=EDGE_CURVE('',#349,#385,#7021,.T.);
#7019=EDGE_CURVE('',#385,#493,#7022,.T.);
#7020=LINE('',#492,#7023);
#7021=LINE('',#348,#7024);
#7022=LINE('',#384,#7025);
#7023=VECTOR('',#7026,1.0);
#7024=VECTOR('',#7027,1.0);
#7025=VECTOR('',#7028,1.0);
#7026=DIRECTION('',(0,0.19274530403092788,-0.9812488205210873));
#7027=DIRECTION('',(0,0,1));
#7028=DIRECTION('',(0,-1,0));
#7029=FACE_SURFACE('',(#7034),#7030,.T.);
#7030=PLANE('',#7031);
#7031=AXIS2_PLACEMENT_3D('',#120,#7032,#7033);
#7032=DIRECTION('',(0,0,-1));
#7033=DIRECTION('',(0.111965070093279,0.9937121429664665,0));
#7034=FACE_BOUND('',#7035,.T.);
#7035=EDGE_LOOP('',(#7036,#7037,#7038));
#7036=ORIENTED_EDGE('',*,*,#7039,.T.);
#7037=ORIENTED_EDGE('',*,*,#7040,.T.);
#7038=ORIENTED_EDGE('',*,*,#7041,.T.);
#7039=EDGE_CURVE('',#121,#125,#7042,.F.);
#7040=EDGE_CURVE('',#125,#495,#7043,.T.);
#7041=EDGE_CURVE('',#495,#121,#7044,.T.);
#7042=LINE('',#120,#7045);
#7043=LINE('',#124,#7046);
#7044=LINE('',#494,#7047);
#7045=VECTOR('',#7048,1.0);
#7046=VECTOR('',#7049,1.0);
#7047=VECTOR('',#7050,1.0);
#7048=DIRECTION('',(0.111965070093279,0.9937121429664665,0));
#7049=DIRECTION('',(0.992932884624695,-0.11867723720613885,0));
#7050=DIRECTION('',(-0.9944221341427415,0.10547331002199253,0));
#7051=FACE_SURFACE('',(#7056),#7052,.T.);
#7052=PLANE('',#7053);
#7053=AXIS2_PLACEMENT_3D('',#494,#7054,#7055);
#7054=DIRECTION('',(0,0,-1));
#7055=DIRECTION('',(-0.992932884624695,0.11867723720613885,0));
#7056=FACE_BOUND('',#7057,.T.);
#7057=EDGE_LOOP('',(#7058,#7059,#7060));
#7058=ORIENTED_EDGE('',*,*,#7061,.T.);
#7059=ORIENTED_EDGE('',*,*,#7062,.T.);
#7060=ORIENTED_EDGE('',*,*,#7063,.T.);
#7061=EDGE_CURVE('',#495,#125,#7064,.F.);
#7062=EDGE_CURVE('',#125,#129,#7065,.T.);
#7063=EDGE_CURVE('',#129,#495,#7066,.T.);
#7064=LINE('',#494,#7067);
#7065=LINE('',#124,#7068);
#7066=LINE('',#128,#7069);
#7067=VECTOR('',#7070,1.0);
#7068=VECTOR('',#7071,1.0);
#7069=VECTOR('',#7072,1.0);
#7070=DIRECTION('',(-0.992932884624695,0.11867723720613885,0));
#7071=DIRECTION('',(-0.111965070093279,0.9937121429664665,0));
#7072=DIRECTION('',(0.9913201323268976,-0.1314701306129341,0));
#7073=FACE_SURFACE('',(#7078),#7074,.T.);
#7074=PLANE('',#7075);
#7075=AXIS2_PLACEMENT_3D('',#494,#7076,#7077);
#7076=DIRECTION('',(0,0,-1));
#7077=DIRECTION('',(-0.9913201323268976,0.1314701306129341,0));
#7078=FACE_BOUND('',#7079,.T.);
#7079=EDGE_LOOP('',(#7080,#7081,#7082));
#7080=ORIENTED_EDGE('',*,*,#7083,.T.);
#7081=ORIENTED_EDGE('',*,*,#7084,.T.);
#7082=ORIENTED_EDGE('',*,*,#7085,.T.);
#7083=EDGE_CURVE('',#495,#129,#7086,.F.);
#7084=EDGE_CURVE('',#129,#377,#7087,.T.);
#7085=EDGE_CURVE('',#377,#495,#7088,.T.);
#7086=LINE('',#494,#7089);
#7087=LINE('',#128,#7090);
#7088=LINE('',#376,#7091);
#7089=VECTOR('',#7092,1.0);
#7090=VECTOR('',#7093,1.0);
#7091=VECTOR('',#7094,1.0);
#7092=DIRECTION('',(-0.9913201323268976,0.1314701306129341,0));
#7093=DIRECTION('',(0.9916640399676003,0.12885042427224505,0));
#7094=DIRECTION('',(0,-1,0));
#7095=FACE_SURFACE('',(#7100),#7096,.T.);
#7096=PLANE('',#7097);
#7097=AXIS2_PLACEMENT_3D('',#376,#7098,#7099);
#7098=DIRECTION('',(0,0,-1));
#7099=DIRECTION('',(-0.9916640399676003,-0.12885042427224505,0));
#7100=FACE_BOUND('',#7101,.T.);
#7101=EDGE_LOOP('',(#7102,#7103,#7104));
#7102=ORIENTED_EDGE('',*,*,#7105,.T.);
#7103=ORIENTED_EDGE('',*,*,#7106,.T.);
#7104=ORIENTED_EDGE('',*,*,#7107,.T.);
#7105=EDGE_CURVE('',#377,#129,#7108,.F.);
#7106=EDGE_CURVE('',#129,#133,#7109,.T.);
#7107=EDGE_CURVE('',#133,#377,#7110,.T.);
#7108=LINE('',#376,#7111);
#7109=LINE('',#128,#7112);
#7110=LINE('',#132,#7113);
#7111=VECTOR('',#7114,1.0);
#7112=VECTOR('',#7115,1.0);
#7113=VECTOR('',#7116,1.0);
#7114=DIRECTION('',(-0.9916640399676003,-0.12885042427224505,0));
#7115=DIRECTION('',(-0.33027838728055997,0.9438835663869525,0));
#7116=DIRECTION('',(0.9932472335251737,0.11601695175528834,0));
#7117=FACE_SURFACE('',(#7122),#7118,.T.);
#7118=PLANE('',#7119);
#7119=AXIS2_PLACEMENT_3D('',#376,#7120,#7121);
#7120=DIRECTION('',(0,0,-1));
#7121=DIRECTION('',(-0.9932472335251737,-0.11601695175528834,0));
#7122=FACE_BOUND('',#7123,.T.);
#7123=EDGE_LOOP('',(#7124,#7125,#7126));
#7124=ORIENTED_EDGE('',*,*,#7127,.T.);
#7125=ORIENTED_EDGE('',*,*,#7128,.T.);
#7126=ORIENTED_EDGE('',*,*,#7129,.T.);
#7127=EDGE_CURVE('',#377,#133,#7130,.F.);
#7128=EDGE_CURVE('',#133,#137,#7131,.T.);
#7129=EDGE_CURVE('',#137,#377,#7132,.T.);
#7130=LINE('',#376,#7133);
#7131=LINE('',#132,#7134);
#7132=LINE('',#136,#7135);
#7133=VECTOR('',#7136,1.0);
#7134=VECTOR('',#7137,1.0);
#7135=VECTOR('',#7138,1.0);
#7136=DIRECTION('',(-0.9932472335251737,-0.11601695175528834,0));
#7137=DIRECTION('',(-0.5320323583957993,0.846724022110985,0));
#7138=DIRECTION('',(0.9945533494802986,0.10422876300483948,0));
#7139=FACE_SURFACE('',(#7144),#7140,.T.);
#7140=PLANE('',#7141);
#7141=AXIS2_PLACEMENT_3D('',#136,#7142,#7143);
#7142=DIRECTION('',(0,0,-1));
#7143=DIRECTION('',(-0.7071067811865475,0.7071067811865475,0));
#7144=FACE_BOUND('',#7145,.T.);
#7145=EDGE_LOOP('',(#7146,#7147,#7148));
#7146=ORIENTED_EDGE('',*,*,#7149,.T.);
#7147=ORIENTED_EDGE('',*,*,#7150,.T.);
#7148=ORIENTED_EDGE('',*,*,#7151,.T.);
#7149=EDGE_CURVE('',#137,#141,#7152,.F.);
#7150=EDGE_CURVE('',#141,#377,#7153,.T.);
#7151=EDGE_CURVE('',#377,#137,#7154,.T.);
#7152=LINE('',#136,#7155);
#7153=LINE('',#140,#7156);
#7154=LINE('',#376,#7157);
#7155=VECTOR('',#7158,1.0);
#7156=VECTOR('',#7159,1.0);
#7157=VECTOR('',#7160,1.0);
#7158=DIRECTION('',(-0.7071067811865475,0.7071067811865475,0));
#7159=DIRECTION('',(0.9955575355278208,0.09415515627819747,0));
#7160=DIRECTION('',(-0.9945533494802986,-0.10422876300483948,0));
#7161=FACE_SURFACE('',(#7166),#7162,.T.);
#7162=PLANE('',#7163);
#7163=AXIS2_PLACEMENT_3D('',#376,#7164,#7165);
#7164=DIRECTION('',(0,0,-1));
#7165=DIRECTION('',(-0.9955575355278208,-0.09415515627819747,0));
#7166=FACE_BOUND('',#7167,.T.);
#7167=EDGE_LOOP('',(#7168,#7169,#7170));
#7168=ORIENTED_EDGE('',*,*,#7171,.T.);
#7169=ORIENTED_EDGE('',*,*,#7172,.T.);
#7170=ORIENTED_EDGE('',*,*,#7173,.T.);
#7171=EDGE_CURVE('',#377,#141,#7174,.F.);
#7172=EDGE_CURVE('',#141,#145,#7175,.T.);
#7173=EDGE_CURVE('',#145,#377,#7176,.T.);
#7174=LINE('',#376,#7177);
#7175=LINE('',#140,#7178);
#7176=LINE('',#144,#7179);
#7177=VECTOR('',#7180,1.0);
#7178=VECTOR('',#7181,1.0);
#7179=VECTOR('',#7182,1.0);
#7180=DIRECTION('',(-0.9955575355278208,-0.09415515627819747,0));
#7181=DIRECTION('',(-0.846724022110985,0.5320323583957993,0));
#7182=DIRECTION('',(0.9962667301899757,0.08632845600712503,0));
#7183=FACE_SURFACE('',(#7188),#7184,.T.);
#7184=PLANE('',#7185);
#7185=AXIS2_PLACEMENT_3D('',#376,#7186,#7187);
#7186=DIRECTION('',(0,0,-1));
#7187=DIRECTION('',(-0.9962667301899757,-0.08632845600712503,0));
#7188=FACE_BOUND('',#7189,.T.);
#7189=EDGE_LOOP('',(#7190,#7191,#7192));
#7190=ORIENTED_EDGE('',*,*,#7193,.T.);
#7191=ORIENTED_EDGE('',*,*,#7194,.T.);
#7192=ORIENTED_EDGE('',*,*,#7195,.T.);
#7193=EDGE_CURVE('',#377,#145,#7196,.F.);
#7194=EDGE_CURVE('',#145,#149,#7197,.T.);
#7195=EDGE_CURVE('',#149,#377,#7198,.T.);
#7196=LINE('',#376,#7199);
#7197=LINE('',#144,#7200);
#7198=LINE('',#148,#7201);
#7199=VECTOR('',#7202,1.0);
#7200=VECTOR('',#7203,1.0);
#7201=VECTOR('',#7204,1.0);
#7202=DIRECTION('',(-0.9962667301899757,-0.08632845600712503,0));
#7203=DIRECTION('',(-0.9438835663869525,0.33027838728055997,0));
#7204=DIRECTION('',(0.9967048104158264,0.08111424593714521,0));
#7205=FACE_SURFACE('',(#7210),#7206,.T.);
#7206=PLANE('',#7207);
#7207=AXIS2_PLACEMENT_3D('',#376,#7208,#7209);
#7208=DIRECTION('',(-0,0,-1));
#7209=DIRECTION('',(-0.9967048104158264,-0.08111424593714521,0));
#7210=FACE_BOUND('',#7211,.T.);
#7211=EDGE_LOOP('',(#7212,#7213,#7214));
#7212=ORIENTED_EDGE('',*,*,#7215,.T.);
#7213=ORIENTED_EDGE('',*,*,#7216,.T.);
#7214=ORIENTED_EDGE('',*,*,#7217,.T.);
#7215=EDGE_CURVE('',#377,#149,#7218,.F.);
#7216=EDGE_CURVE('',#149,#385,#7219,.T.);
#7217=EDGE_CURVE('',#385,#377,#7220,.T.);
#7218=LINE('',#376,#7221);
#7219=LINE('',#148,#7222);
#7220=LINE('',#384,#7223);
#7221=VECTOR('',#7224,1.0);
#7222=VECTOR('',#7225,1.0);
#7223=VECTOR('',#7226,1.0);
#7224=DIRECTION('',(-0.9967048104158264,-0.08111424593714521,0));
#7225=DIRECTION('',(-0.8082182699654885,0.588883034306468,0));
#7226=DIRECTION('',(1,0,0));
#7227=FACE_SURFACE('',(#7232),#7228,.T.);
#7228=PLANE('',#7229);
#7229=AXIS2_PLACEMENT_3D('',#384,#7230,#7231);
#7230=DIRECTION('',(0,0,-1));
#7231=DIRECTION('',(0.8082182699654885,-0.588883034306468,0));
#7232=FACE_BOUND('',#7233,.T.);
#7233=EDGE_LOOP('',(#7234,#7235,#7236));
#7234=ORIENTED_EDGE('',*,*,#7237,.T.);
#7235=ORIENTED_EDGE('',*,*,#7238,.T.);
#7236=ORIENTED_EDGE('',*,*,#7239,.T.);
#7237=EDGE_CURVE('',#385,#149,#7240,.F.);
#7238=EDGE_CURVE('',#149,#153,#7241,.T.);
#7239=EDGE_CURVE('',#153,#385,#7242,.T.);
#7240=LINE('',#384,#7243);
#7241=LINE('',#148,#7244);
#7242=LINE('',#152,#7245);
#7243=VECTOR('',#7246,1.0);
#7244=VECTOR('',#7247,1.0);
#7245=VECTOR('',#7248,1.0);
#7246=DIRECTION('',(0.8082182699654885,-0.588883034306468,0));
#7247=DIRECTION('',(-0.9937121429664665,0.111965070093279,0));
#7248=DIRECTION('',(-0.7779411802037216,0.6283371070876212,0));
#7249=FACE_SURFACE('',(#7254),#7250,.T.);
#7250=PLANE('',#7251);
#7251=AXIS2_PLACEMENT_3D('',#384,#7252,#7253);
#7252=DIRECTION('',(0,0,-1));
#7253=DIRECTION('',(0.7779411802037216,-0.6283371070876212,0));
#7254=FACE_BOUND('',#7255,.T.);
#7255=EDGE_LOOP('',(#7256,#7257,#7258));
#7256=ORIENTED_EDGE('',*,*,#7259,.T.);
#7257=ORIENTED_EDGE('',*,*,#7260,.T.);
#7258=ORIENTED_EDGE('',*,*,#7261,.T.);
#7259=EDGE_CURVE('',#385,#153,#7262,.F.);
#7260=EDGE_CURVE('',#153,#157,#7263,.T.);
#7261=EDGE_CURVE('',#157,#385,#7264,.T.);
#7262=LINE('',#384,#7265);
#7263=LINE('',#152,#7266);
#7264=LINE('',#156,#7267);
#7265=VECTOR('',#7268,1.0);
#7266=VECTOR('',#7269,1.0);
#7267=VECTOR('',#7270,1.0);
#7268=DIRECTION('',(0.7779411802037216,-0.6283371070876212,0));
#7269=DIRECTION('',(-0.9937121429664665,-0.111965070093279,0));
#7270=DIRECTION('',(-0.7274471187876685,0.686163748217231,0));
#7271=FACE_SURFACE('',(#7276),#7272,.T.);
#7272=PLANE('',#7273);
#7273=AXIS2_PLACEMENT_3D('',#156,#7274,#7275);
#7274=DIRECTION('',(-0,0,-1));
#7275=DIRECTION('',(-0.9438835663869525,-0.33027838728055997,0));
#7276=FACE_BOUND('',#7277,.T.);
#7277=EDGE_LOOP('',(#7278,#7279,#7280));
#7278=ORIENTED_EDGE('',*,*,#7281,.T.);
#7279=ORIENTED_EDGE('',*,*,#7282,.T.);
#7280=ORIENTED_EDGE('',*,*,#7283,.T.);
#7281=EDGE_CURVE('',#157,#161,#7284,.F.);
#7282=EDGE_CURVE('',#161,#385,#7285,.T.);
#7283=EDGE_CURVE('',#385,#157,#7286,.T.);
#7284=LINE('',#156,#7287);
#7285=LINE('',#160,#7288);
#7286=LINE('',#384,#7289);
#7287=VECTOR('',#7290,1.0);
#7288=VECTOR('',#7291,1.0);
#7289=VECTOR('',#7292,1.0);
#7290=DIRECTION('',(-0.9438835663869525,-0.33027838728055997,0));
#7291=DIRECTION('',(-0.6550138427613749,0.755616877650954,0));
#7292=DIRECTION('',(0.7274471187876685,-0.686163748217231,0));
#7293=FACE_SURFACE('',(#7298),#7294,.T.);
#7294=PLANE('',#7295);
#7295=AXIS2_PLACEMENT_3D('',#384,#7296,#7297);
#7296=DIRECTION('',(0,0,-1));
#7297=DIRECTION('',(0.6550138427613749,-0.755616877650954,0));
#7298=FACE_BOUND('',#7299,.T.);
#7299=EDGE_LOOP('',(#7300,#7301,#7302));
#7300=ORIENTED_EDGE('',*,*,#7303,.T.);
#7301=ORIENTED_EDGE('',*,*,#7304,.T.);
#7302=ORIENTED_EDGE('',*,*,#7305,.T.);
#7303=EDGE_CURVE('',#385,#161,#7306,.F.);
#7304=EDGE_CURVE('',#161,#165,#7307,.T.);
#7305=EDGE_CURVE('',#165,#385,#7308,.T.);
#7306=LINE('',#384,#7309);
#7307=LINE('',#160,#7310);
#7308=LINE('',#164,#7311);
#7309=VECTOR('',#7312,1.0);
#7310=VECTOR('',#7313,1.0);
#7311=VECTOR('',#7314,1.0);
#7312=DIRECTION('',(0.6550138427613749,-0.755616877650954,0));
#7313=DIRECTION('',(-0.8467233791783675,-0.5320333816150699,0));
#7314=DIRECTION('',(-0.5656124476926422,0.8246711823600593,0));
#7315=FACE_SURFACE('',(#7320),#7316,.T.);
#7316=PLANE('',#7317);
#7317=AXIS2_PLACEMENT_3D('',#384,#7318,#7319);
#7318=DIRECTION('',(0,0,-1));
#7319=DIRECTION('',(0.5656124476926422,-0.8246711823600593,0));
#7320=FACE_BOUND('',#7321,.T.);
#7321=EDGE_LOOP('',(#7322,#7323,#7324));
#7322=ORIENTED_EDGE('',*,*,#7325,.T.);
#7323=ORIENTED_EDGE('',*,*,#7326,.T.);
#7324=ORIENTED_EDGE('',*,*,#7327,.T.);
#7325=EDGE_CURVE('',#385,#165,#7328,.F.);
#7326=EDGE_CURVE('',#165,#169,#7329,.T.);
#7327=EDGE_CURVE('',#169,#385,#7330,.T.);
#7328=LINE('',#384,#7331);
#7329=LINE('',#164,#7332);
#7330=LINE('',#168,#7333);
#7331=VECTOR('',#7334,1.0);
#7332=VECTOR('',#7335,1.0);
#7333=VECTOR('',#7336,1.0);
#7334=DIRECTION('',(0.5656124476926422,-0.8246711823600593,0));
#7335=DIRECTION('',(-0.7071090525521684,-0.7071045098136307,0));
#7336=DIRECTION('',(-0.4721441523001399,0.8815213550724579,0));
#7337=FACE_SURFACE('',(#7342),#7338,.T.);
#7338=PLANE('',#7339);
#7339=AXIS2_PLACEMENT_3D('',#168,#7340,#7341);
#7340=DIRECTION('',(-0,0,-1));
#7341=DIRECTION('',(-0.5320291015031454,-0.8467260685450495,0));
#7342=FACE_BOUND('',#7343,.T.);
#7343=EDGE_LOOP('',(#7344,#7345,#7346));
#7344=ORIENTED_EDGE('',*,*,#7347,.T.);
#7345=ORIENTED_EDGE('',*,*,#7348,.T.);
#7346=ORIENTED_EDGE('',*,*,#7349,.T.);
#7347=EDGE_CURVE('',#169,#173,#7350,.F.);
#7348=EDGE_CURVE('',#173,#385,#7351,.T.);
#7349=EDGE_CURVE('',#385,#169,#7352,.T.);
#7350=LINE('',#168,#7353);
#7351=LINE('',#172,#7354);
#7352=LINE('',#384,#7355);
#7353=VECTOR('',#7356,1.0);
#7354=VECTOR('',#7357,1.0);
#7355=VECTOR('',#7358,1.0);
#7356=DIRECTION('',(-0.5320291015031454,-0.8467260685450495,0));
#7357=DIRECTION('',(-0.3898570694132244,0.920875379966547,0));
#7358=DIRECTION('',(0.4721441523001399,-0.8815213550724579,0));
#7359=FACE_SURFACE('',(#7364),#7360,.T.);
#7360=PLANE('',#7361);
#7361=AXIS2_PLACEMENT_3D('',#384,#7362,#7363);
#7362=DIRECTION('',(0,0,-1));
#7363=DIRECTION('',(0.3898570694132244,-0.920875379966547,0));
#7364=FACE_BOUND('',#7365,.T.);
#7365=EDGE_LOOP('',(#7366,#7367,#7368));
#7366=ORIENTED_EDGE('',*,*,#7369,.T.);
#7367=ORIENTED_EDGE('',*,*,#7370,.T.);
#7368=ORIENTED_EDGE('',*,*,#7371,.T.);
#7369=EDGE_CURVE('',#385,#173,#7372,.F.);
#7370=EDGE_CURVE('',#173,#177,#7373,.T.);
#7371=EDGE_CURVE('',#177,#385,#7374,.T.);
#7372=LINE('',#384,#7375);
#7373=LINE('',#172,#7376);
#7374=LINE('',#176,#7377);
#7375=VECTOR('',#7378,1.0);
#7376=VECTOR('',#7379,1.0);
#7377=VECTOR('',#7380,1.0);
#7378=DIRECTION('',(0.3898570694132244,-0.920875379966547,0));
#7379=DIRECTION('',(-0.3302804108831588,-0.9438828582969667,0));
#7380=DIRECTION('',(-0.32891581787766955,0.9443592455998214,0));
#7381=FACE_SURFACE('',(#7386),#7382,.T.);
#7382=PLANE('',#7383);
#7383=AXIS2_PLACEMENT_3D('',#384,#7384,#7385);
#7384=DIRECTION('',(0,0,-1));
#7385=DIRECTION('',(0.32891581787766955,-0.9443592455998214,0));
#7386=FACE_BOUND('',#7387,.T.);
#7387=EDGE_LOOP('',(#7388,#7389,#7390));
#7388=ORIENTED_EDGE('',*,*,#7391,.T.);
#7389=ORIENTED_EDGE('',*,*,#7392,.T.);
#7390=ORIENTED_EDGE('',*,*,#7393,.T.);
#7391=EDGE_CURVE('',#385,#177,#7394,.F.);
#7392=EDGE_CURVE('',#177,#181,#7395,.T.);
#7393=EDGE_CURVE('',#181,#385,#7396,.T.);
#7394=LINE('',#384,#7397);
#7395=LINE('',#176,#7398);
#7396=LINE('',#180,#7399);
#7397=VECTOR('',#7400,1.0);
#7398=VECTOR('',#7401,1.0);
#7399=VECTOR('',#7402,1.0);
#7400=DIRECTION('',(0.32891581787766955,-0.9443592455998214,0));
#7401=DIRECTION('',(-0.111965070093279,-0.9937121429664665,0));
#7402=DIRECTION('',(-0.2922185355990202,0.956351571051339,0));
#7403=FACE_SURFACE('',(#7408),#7404,.T.);
#7404=PLANE('',#7405);
#7405=AXIS2_PLACEMENT_3D('',#384,#7406,#7407);
#7406=DIRECTION('',(0,0,-1));
#7407=DIRECTION('',(0.2922185355990202,-0.956351571051339,0));
#7408=FACE_BOUND('',#7409,.T.);
#7409=EDGE_LOOP('',(#7410,#7411,#7412));
#7410=ORIENTED_EDGE('',*,*,#7413,.T.);
#7411=ORIENTED_EDGE('',*,*,#7414,.T.);
#7412=ORIENTED_EDGE('',*,*,#7415,.T.);
#7413=EDGE_CURVE('',#385,#181,#7416,.F.);
#7414=EDGE_CURVE('',#181,#493,#7417,.T.);
#7415=EDGE_CURVE('',#493,#385,#7418,.T.);
#7416=LINE('',#384,#7419);
#7417=LINE('',#180,#7420);
#7418=LINE('',#492,#7421);
#7419=VECTOR('',#7422,1.0);
#7420=VECTOR('',#7423,1.0);
#7421=VECTOR('',#7424,1.0);
#7422=DIRECTION('',(0.2922185355990202,-0.956351571051339,0));
#7423=DIRECTION('',(-0.3442546491584232,-0.9388763158866086,0));
#7424=DIRECTION('',(0,1,0));
#7425=FACE_SURFACE('',(#7430),#7426,.T.);
#7426=PLANE('',#7427);
#7427=AXIS2_PLACEMENT_3D('',#492,#7428,#7429);
#7428=DIRECTION('',(0,0,-1));
#7429=DIRECTION('',(0.3442546491584232,0.9388763158866086,0));
#7430=FACE_BOUND('',#7431,.T.);
#7431=EDGE_LOOP('',(#7432,#7433,#7434));
#7432=ORIENTED_EDGE('',*,*,#7435,.T.);
#7433=ORIENTED_EDGE('',*,*,#7436,.T.);
#7434=ORIENTED_EDGE('',*,*,#7437,.T.);
#7435=EDGE_CURVE('',#493,#181,#7438,.F.);
#7436=EDGE_CURVE('',#181,#185,#7439,.T.);
#7437=EDGE_CURVE('',#185,#493,#7440,.T.);
#7438=LINE('',#492,#7441);
#7439=LINE('',#180,#7442);
#7440=LINE('',#184,#7443);
#7441=VECTOR('',#7444,1.0);
#7442=VECTOR('',#7445,1.0);
#7443=VECTOR('',#7446,1.0);
#7444=DIRECTION('',(0.3442546491584232,0.9388763158866086,0));
#7445=DIRECTION('',(0.111965070093279,-0.9937121429664665,0));
#7446=DIRECTION('',(-0.3924450323347765,-0.9197754598790707,0));
#7447=FACE_SURFACE('',(#7452),#7448,.T.);
#7448=PLANE('',#7449);
#7449=AXIS2_PLACEMENT_3D('',#492,#7450,#7451);
#7450=DIRECTION('',(0,0,-1));
#7451=DIRECTION('',(0.3924450323347765,0.9197754598790707,0));
#7452=FACE_BOUND('',#7453,.T.);
#7453=EDGE_LOOP('',(#7454,#7455,#7456));
#7454=ORIENTED_EDGE('',*,*,#7457,.T.);
#7455=ORIENTED_EDGE('',*,*,#7458,.T.);
#7456=ORIENTED_EDGE('',*,*,#7459,.T.);
#7457=EDGE_CURVE('',#493,#185,#7460,.F.);
#7458=EDGE_CURVE('',#185,#189,#7461,.T.);
#7459=EDGE_CURVE('',#189,#493,#7462,.T.);
#7460=LINE('',#492,#7463);
#7461=LINE('',#184,#7464);
#7462=LINE('',#188,#7465);
#7463=VECTOR('',#7466,1.0);
#7464=VECTOR('',#7467,1.0);
#7465=VECTOR('',#7468,1.0);
#7466=DIRECTION('',(0.3924450323347765,0.9197754598790707,0));
#7467=DIRECTION('',(0.3302804108831588,-0.9438828582969667,0));
#7468=DIRECTION('',(-0.46931598679559255,-0.8830302965006801,0));
#7469=FACE_SURFACE('',(#7474),#7470,.T.);
#7470=PLANE('',#7471);
#7471=AXIS2_PLACEMENT_3D('',#188,#7472,#7473);
#7472=DIRECTION('',(0,-0,-1));
#7473=DIRECTION('',(0.5320301247210981,-0.8467254256187496,0));
#7474=FACE_BOUND('',#7475,.T.);
#7475=EDGE_LOOP('',(#7476,#7477,#7478));
#7476=ORIENTED_EDGE('',*,*,#7479,.T.);
#7477=ORIENTED_EDGE('',*,*,#7480,.T.);
#7478=ORIENTED_EDGE('',*,*,#7481,.T.);
#7479=EDGE_CURVE('',#189,#193,#7482,.F.);
#7480=EDGE_CURVE('',#193,#493,#7483,.T.);
#7481=EDGE_CURVE('',#493,#189,#7484,.T.);
#7482=LINE('',#188,#7485);
#7483=LINE('',#192,#7486);
#7484=LINE('',#492,#7487);
#7485=VECTOR('',#7488,1.0);
#7486=VECTOR('',#7489,1.0);
#7487=VECTOR('',#7490,1.0);
#7488=DIRECTION('',(0.5320301247210981,-0.8467254256187496,0));
#7489=DIRECTION('',(-0.5686170239036078,-0.8226023827627804,0));
#7490=DIRECTION('',(0.46931598679559255,0.8830302965006801,0));
#7491=FACE_SURFACE('',(#7496),#7492,.T.);
#7492=PLANE('',#7493);
#7493=AXIS2_PLACEMENT_3D('',#492,#7494,#7495);
#7494=DIRECTION('',(0,0,-1));
#7495=DIRECTION('',(0.5686170239036078,0.8226023827627804,0));
#7496=FACE_BOUND('',#7497,.T.);
#7497=EDGE_LOOP('',(#7498,#7499,#7500));
#7498=ORIENTED_EDGE('',*,*,#7501,.T.);
#7499=ORIENTED_EDGE('',*,*,#7502,.T.);
#7500=ORIENTED_EDGE('',*,*,#7503,.T.);
#7501=EDGE_CURVE('',#493,#193,#7504,.F.);
#7502=EDGE_CURVE('',#193,#197,#7505,.T.);
#7503=EDGE_CURVE('',#197,#493,#7506,.T.);
#7504=LINE('',#492,#7507);
#7505=LINE('',#192,#7508);
#7506=LINE('',#196,#7509);
#7507=VECTOR('',#7510,1.0);
#7508=VECTOR('',#7511,1.0);
#7509=VECTOR('',#7512,1.0);
#7510=DIRECTION('',(0.5686170239036078,0.8226023827627804,0));
#7511=DIRECTION('',(0.7071067811865476,-0.7071067811865476,0));
#7512=DIRECTION('',(-0.6734758821830173,-0.7392091964510498,0));
#7513=FACE_SURFACE('',(#7518),#7514,.T.);
#7514=PLANE('',#7515);
#7515=AXIS2_PLACEMENT_3D('',#492,#7516,#7517);
#7516=DIRECTION('',(0,0,-1));
#7517=DIRECTION('',(0.6734758821830173,0.7392091964510498,0));
#7518=FACE_BOUND('',#7519,.T.);
#7519=EDGE_LOOP('',(#7520,#7521,#7522));
#7520=ORIENTED_EDGE('',*,*,#7523,.T.);
#7521=ORIENTED_EDGE('',*,*,#7524,.T.);
#7522=ORIENTED_EDGE('',*,*,#7525,.T.);
#7523=EDGE_CURVE('',#493,#197,#7526,.F.);
#7524=EDGE_CURVE('',#197,#201,#7527,.T.);
#7525=EDGE_CURVE('',#201,#493,#7528,.T.);
#7526=LINE('',#492,#7529);
#7527=LINE('',#196,#7530);
#7528=LINE('',#200,#7531);
#7529=VECTOR('',#7532,1.0);
#7530=VECTOR('',#7533,1.0);
#7531=VECTOR('',#7534,1.0);
#7532=DIRECTION('',(0.6734758821830173,0.7392091964510498,0));
#7533=DIRECTION('',(0.8467254256187496,-0.5320301247210981,0));
#7534=DIRECTION('',(-0.7635319340301866,-0.6457700718646867,0));
#7535=FACE_SURFACE('',(#7540),#7536,.T.);
#7536=PLANE('',#7537);
#7537=AXIS2_PLACEMENT_3D('',#200,#7538,#7539);
#7538=DIRECTION('',(0,-0,-1));
#7539=DIRECTION('',(0.9438828582969667,-0.3302804108831588,0));
#7540=FACE_BOUND('',#7541,.T.);
#7541=EDGE_LOOP('',(#7542,#7543,#7544));
#7542=ORIENTED_EDGE('',*,*,#7545,.T.);
#7543=ORIENTED_EDGE('',*,*,#7546,.T.);
#7544=ORIENTED_EDGE('',*,*,#7547,.T.);
#7545=EDGE_CURVE('',#201,#205,#7548,.F.);
#7546=EDGE_CURVE('',#205,#493,#7549,.T.);
#7547=EDGE_CURVE('',#493,#201,#7550,.T.);
#7548=LINE('',#200,#7551);
#7549=LINE('',#204,#7552);
#7550=LINE('',#492,#7553);
#7551=VECTOR('',#7554,1.0);
#7552=VECTOR('',#7555,1.0);
#7553=VECTOR('',#7556,1.0);
#7554=DIRECTION('',(0.9438828582969667,-0.3302804108831588,0));
#7555=DIRECTION('',(-0.8275067923211809,-0.5614557049868762,0));
#7556=DIRECTION('',(0.7635319340301866,0.6457700718646867,0));
#7557=FACE_SURFACE('',(#7562),#7558,.T.);
#7558=PLANE('',#7559);
#7559=AXIS2_PLACEMENT_3D('',#492,#7560,#7561);
#7560=DIRECTION('',(0,0,-1));
#7561=DIRECTION('',(0.8275067923211809,0.5614557049868762,0));
#7562=FACE_BOUND('',#7563,.T.);
#7563=EDGE_LOOP('',(#7564,#7565,#7566));
#7564=ORIENTED_EDGE('',*,*,#7567,.T.);
#7565=ORIENTED_EDGE('',*,*,#7568,.T.);
#7566=ORIENTED_EDGE('',*,*,#7569,.T.);
#7567=EDGE_CURVE('',#493,#205,#7570,.F.);
#7568=EDGE_CURVE('',#205,#209,#7571,.T.);
#7569=EDGE_CURVE('',#209,#493,#7572,.T.);
#7570=LINE('',#492,#7573);
#7571=LINE('',#204,#7574);
#7572=LINE('',#208,#7575);
#7573=VECTOR('',#7576,1.0);
#7574=VECTOR('',#7577,1.0);
#7575=VECTOR('',#7578,1.0);
#7576=DIRECTION('',(0.8275067923211809,0.5614557049868762,0));
#7577=DIRECTION('',(0.9937121429664665,-0.111965070093279,0));
#7578=DIRECTION('',(-0.8661855860486004,-0.49972245348957717,0));
#7579=FACE_SURFACE('',(#7584),#7580,.T.);
#7580=PLANE('',#7581);
#7581=AXIS2_PLACEMENT_3D('',#492,#7582,#7583);
#7582=DIRECTION('',(0,0,-1));
#7583=DIRECTION('',(0.8661855860486004,0.49972245348957717,0));
#7584=FACE_BOUND('',#7585,.T.);
#7585=EDGE_LOOP('',(#7586,#7587,#7588));
#7586=ORIENTED_EDGE('',*,*,#7589,.T.);
#7587=ORIENTED_EDGE('',*,*,#7590,.T.);
#7588=ORIENTED_EDGE('',*,*,#7591,.T.);
#7589=EDGE_CURVE('',#493,#209,#7592,.F.);
#7590=EDGE_CURVE('',#209,#213,#7593,.T.);
#7591=EDGE_CURVE('',#213,#493,#7594,.T.);
#7592=LINE('',#492,#7595);
#7593=LINE('',#208,#7596);
#7594=LINE('',#212,#7597);
#7595=VECTOR('',#7598,1.0);
#7596=VECTOR('',#7599,1.0);
#7597=VECTOR('',#7600,1.0);
#7598=DIRECTION('',(0.8661855860486004,0.49972245348957717,0));
#7599=DIRECTION('',(0.9937121429664665,0.111965070093279,0));
#7600=DIRECTION('',(-0.8857240866954922,-0.4642120660295641,0));
#7601=FACE_SURFACE('',(#7606),#7602,.T.);
#7602=PLANE('',#7603);
#7603=AXIS2_PLACEMENT_3D('',#492,#7604,#7605);
#7604=DIRECTION('',(0,0,-1));
#7605=DIRECTION('',(0.8857240866954922,0.4642120660295641,0));
#7606=FACE_BOUND('',#7607,.T.);
#7607=EDGE_LOOP('',(#7608,#7609,#7610));
#7608=ORIENTED_EDGE('',*,*,#7611,.T.);
#7609=ORIENTED_EDGE('',*,*,#7612,.T.);
#7610=ORIENTED_EDGE('',*,*,#7613,.T.);
#7611=EDGE_CURVE('',#493,#213,#7614,.F.);
#7612=EDGE_CURVE('',#213,#495,#7615,.T.);
#7613=EDGE_CURVE('',#495,#493,#7616,.T.);
#7614=LINE('',#492,#7617);
#7615=LINE('',#212,#7618);
#7616=LINE('',#494,#7619);
#7617=VECTOR('',#7620,1.0);
#7618=VECTOR('',#7621,1.0);
#7619=VECTOR('',#7622,1.0);
#7620=DIRECTION('',(0.8857240866954922,0.4642120660295641,0));
#7621=DIRECTION('',(0.9982909613014592,-0.05843934106240881,0));
#7622=DIRECTION('',(-1,0,0));
#7623=FACE_SURFACE('',(#7628),#7624,.T.);
#7624=PLANE('',#7625);
#7625=AXIS2_PLACEMENT_3D('',#494,#7626,#7627);
#7626=DIRECTION('',(0,0,-1));
#7627=DIRECTION('',(-0.9982909613014592,0.05843934106240881,0));
#7628=FACE_BOUND('',#7629,.T.);
#7629=EDGE_LOOP('',(#7630,#7631,#7632));
#7630=ORIENTED_EDGE('',*,*,#7633,.T.);
#7631=ORIENTED_EDGE('',*,*,#7634,.T.);
#7632=ORIENTED_EDGE('',*,*,#7635,.T.);
#7633=EDGE_CURVE('',#495,#213,#7636,.F.);
#7634=EDGE_CURVE('',#213,#217,#7637,.T.);
#7635=EDGE_CURVE('',#217,#495,#7638,.T.);
#7636=LINE('',#494,#7639);
#7637=LINE('',#212,#7640);
#7638=LINE('',#216,#7641);
#7639=VECTOR('',#7642,1.0);
#7640=VECTOR('',#7643,1.0);
#7641=VECTOR('',#7644,1.0);
#7642=DIRECTION('',(-0.9982909613014592,0.05843934106240881,0));
#7643=DIRECTION('',(0.9438828582969667,0.3302804108831588,0));
#7644=DIRECTION('',(0.997988066732946,-0.06340203986179632,0));
#7645=FACE_SURFACE('',(#7650),#7646,.T.);
#7646=PLANE('',#7647);
#7647=AXIS2_PLACEMENT_3D('',#494,#7648,#7649);
#7648=DIRECTION('',(0,0,-1));
#7649=DIRECTION('',(-0.997988066732946,0.06340203986179632,0));
#7650=FACE_BOUND('',#7651,.T.);
#7651=EDGE_LOOP('',(#7652,#7653,#7654));
#7652=ORIENTED_EDGE('',*,*,#7655,.T.);
#7653=ORIENTED_EDGE('',*,*,#7656,.T.);
#7654=ORIENTED_EDGE('',*,*,#7657,.T.);
#7655=EDGE_CURVE('',#495,#217,#7658,.F.);
#7656=EDGE_CURVE('',#217,#221,#7659,.T.);
#7657=EDGE_CURVE('',#221,#495,#7660,.T.);
#7658=LINE('',#494,#7661);
#7659=LINE('',#216,#7662);
#7660=LINE('',#220,#7663);
#7661=VECTOR('',#7664,1.0);
#7662=VECTOR('',#7665,1.0);
#7663=VECTOR('',#7666,1.0);
#7664=DIRECTION('',(-0.997988066732946,0.06340203986179632,0));
#7665=DIRECTION('',(0.8467260685450495,0.5320291015031454,0));
#7666=DIRECTION('',(0.997475094406403,-0.07101715313174263,0));
#7667=FACE_SURFACE('',(#7672),#7668,.T.);
#7668=PLANE('',#7669);
#7669=AXIS2_PLACEMENT_3D('',#220,#7670,#7671);
#7670=DIRECTION('',(0,0,-1));
#7671=DIRECTION('',(0.7071045098136307,0.7071090525521684,0));
#7672=FACE_BOUND('',#7673,.T.);
#7673=EDGE_LOOP('',(#7674,#7675,#7676));
#7674=ORIENTED_EDGE('',*,*,#7677,.T.);
#7675=ORIENTED_EDGE('',*,*,#7678,.T.);
#7676=ORIENTED_EDGE('',*,*,#7679,.T.);
#7677=EDGE_CURVE('',#221,#225,#7680,.F.);
#7678=EDGE_CURVE('',#225,#495,#7681,.T.);
#7679=EDGE_CURVE('',#495,#221,#7682,.T.);
#7680=LINE('',#220,#7683);
#7681=LINE('',#224,#7684);
#7682=LINE('',#494,#7685);
#7683=VECTOR('',#7686,1.0);
#7684=VECTOR('',#7687,1.0);
#7685=VECTOR('',#7688,1.0);
#7686=DIRECTION('',(0.7071045098136307,0.7071090525521684,0));
#7687=DIRECTION('',(0.9967192626780135,-0.08093646524649546,0));
#7688=DIRECTION('',(-0.997475094406403,0.07101715313174263,0));
#7689=FACE_SURFACE('',(#7694),#7690,.T.);
#7690=PLANE('',#7691);
#7691=AXIS2_PLACEMENT_3D('',#494,#7692,#7693);
#7692=DIRECTION('',(0,0,-1));
#7693=DIRECTION('',(-0.9967192626780135,0.08093646524649546,0));
#7694=FACE_BOUND('',#7695,.T.);
#7695=EDGE_LOOP('',(#7696,#7697,#7698));
#7696=ORIENTED_EDGE('',*,*,#7699,.T.);
#7697=ORIENTED_EDGE('',*,*,#7700,.T.);
#7698=ORIENTED_EDGE('',*,*,#7701,.T.);
#7699=EDGE_CURVE('',#495,#225,#7702,.F.);
#7700=EDGE_CURVE('',#225,#229,#7703,.T.);
#7701=EDGE_CURVE('',#229,#495,#7704,.T.);
#7702=LINE('',#494,#7705);
#7703=LINE('',#224,#7706);
#7704=LINE('',#228,#7707);
#7705=VECTOR('',#7708,1.0);
#7706=VECTOR('',#7709,1.0);
#7707=VECTOR('',#7710,1.0);
#7708=DIRECTION('',(-0.9967192626780135,0.08093646524649546,0));
#7709=DIRECTION('',(0.5320333816150699,0.8467233791783675,0));
#7710=DIRECTION('',(0.9956994973810259,-0.09264184214042946,0));
#7711=FACE_SURFACE('',(#7716),#7712,.T.);
#7712=PLANE('',#7713);
#7713=AXIS2_PLACEMENT_3D('',#494,#7714,#7715);
#7714=DIRECTION('',(0,0,-1));
#7715=DIRECTION('',(-0.9956994973810259,0.09264184214042946,0));
#7716=FACE_BOUND('',#7717,.T.);
#7717=EDGE_LOOP('',(#7718,#7719,#7720));
#7718=ORIENTED_EDGE('',*,*,#7721,.T.);
#7719=ORIENTED_EDGE('',*,*,#7722,.T.);
#7720=ORIENTED_EDGE('',*,*,#7723,.T.);
#7721=EDGE_CURVE('',#495,#229,#7724,.F.);
#7722=EDGE_CURVE('',#229,#121,#7725,.T.);
#7723=EDGE_CURVE('',#121,#495,#7726,.T.);
#7724=LINE('',#494,#7727);
#7725=LINE('',#228,#7728);
#7726=LINE('',#120,#7729);
#7727=VECTOR('',#7730,1.0);
#7728=VECTOR('',#7731,1.0);
#7729=VECTOR('',#7732,1.0);
#7730=DIRECTION('',(-0.9956994973810259,0.09264184214042946,0));
#7731=DIRECTION('',(0.33027838728055997,0.9438835663869525,0));
#7732=DIRECTION('',(0.9944221341427415,-0.10547331002199253,0));
#7733=FACE_SURFACE('',(#7738),#7734,.T.);
#7734=PLANE('',#7735);
#7735=AXIS2_PLACEMENT_3D('',#346,#7736,#7737);
#7736=DIRECTION('',(-1,0,0));
#7737=DIRECTION('',(0,-1,0));
#7738=FACE_BOUND('',#7739,.T.);
#7739=EDGE_LOOP('',(#7740,#7741,#7742));
#7740=ORIENTED_EDGE('',*,*,#7743,.T.);
#7741=ORIENTED_EDGE('',*,*,#7744,.T.);
#7742=ORIENTED_EDGE('',*,*,#7745,.T.);
#7743=EDGE_CURVE('',#347,#345,#7746,.F.);
#7744=EDGE_CURVE('',#345,#377,#7747,.T.);
#7745=EDGE_CURVE('',#377,#347,#7748,.T.);
#7746=LINE('',#346,#7749);
#7747=LINE('',#344,#7750);
#7748=LINE('',#376,#7751);
#7749=VECTOR('',#7752,1.0);
#7750=VECTOR('',#7753,1.0);
#7751=VECTOR('',#7754,1.0);
#7752=DIRECTION('',(0,-1,0));
#7753=DIRECTION('',(0,0.19274530403092788,0.9812488205210873));
#7754=DIRECTION('',(0,0,-1));
#7755=FACE_SURFACE('',(#7760),#7756,.T.);
#7756=PLANE('',#7757);
#7757=AXIS2_PLACEMENT_3D('',#376,#7758,#7759);
#7758=DIRECTION('',(-1,-0,0));
#7759=DIRECTION('',(0,-0.19274530403092788,-0.9812488205210873));
#7760=FACE_BOUND('',#7761,.T.);
#7761=EDGE_LOOP('',(#7762,#7763,#7764));
#7762=ORIENTED_EDGE('',*,*,#7765,.T.);
#7763=ORIENTED_EDGE('',*,*,#7766,.T.);
#7764=ORIENTED_EDGE('',*,*,#7767,.T.);
#7765=EDGE_CURVE('',#377,#345,#7768,.F.);
#7766=EDGE_CURVE('',#345,#495,#7769,.T.);
#7767=EDGE_CURVE('',#495,#377,#7770,.T.);
#7768=LINE('',#376,#7771);
#7769=LINE('',#344,#7772);
#7770=LINE('',#494,#7773);
#7771=VECTOR('',#7774,1.0);
#7772=VECTOR('',#7775,1.0);
#7773=VECTOR('',#7776,1.0);
#7774=DIRECTION('',(0,-0.19274530403092788,-0.9812488205210873));
#7775=DIRECTION('',(0,0,1));
#7776=DIRECTION('',(0,1,0));
#7777=FACE_SURFACE('',(#7782),#7778,.T.);
#7778=PLANE('',#7779);
#7779=AXIS2_PLACEMENT_3D('',#490,#7780,#7781);
#7780=DIRECTION('',(-0.0560711754692502,0,0.998426774120915));
#7781=DIRECTION('',(0,1,0));
#7782=FACE_BOUND('',#7783,.T.);
#7783=EDGE_LOOP('',(#7784,#7785,#7786));
#7784=ORIENTED_EDGE('',*,*,#7787,.T.);
#7785=ORIENTED_EDGE('',*,*,#7788,.T.);
#7786=ORIENTED_EDGE('',*,*,#7789,.T.);
#7787=EDGE_CURVE('',#491,#497,#7790,.F.);
#7788=EDGE_CURVE('',#497,#399,#7791,.T.);
#7789=EDGE_CURVE('',#399,#491,#7792,.T.);
#7790=LINE('',#490,#7793);
#7791=LINE('',#496,#7794);
#7792=LINE('',#398,#7795);
#7793=VECTOR('',#7796,1.0);
#7794=VECTOR('',#7797,1.0);
#7795=VECTOR('',#7798,1.0);
#7796=DIRECTION('',(0,1,0));
#7797=DIRECTION('',(-0.8618901469174277,-0.5047796460117616,-0.0484033430549532));
#7798=DIRECTION('',(0.998426774120915,0,0.0560711754692502));
#7799=FACE_SURFACE('',(#7804),#7800,.T.);
#7800=PLANE('',#7801);
#7801=AXIS2_PLACEMENT_3D('',#398,#7802,#7803);
#7802=DIRECTION('',(-0.0560711754692502,0,0.998426774120915));
#7803=DIRECTION('',(0.8618901469174277,0.5047796460117616,0.0484033430549532));
#7804=FACE_BOUND('',#7805,.T.);
#7805=EDGE_LOOP('',(#7806,#7807,#7808));
#7806=ORIENTED_EDGE('',*,*,#7809,.T.);
#7807=ORIENTED_EDGE('',*,*,#7810,.T.);
#7808=ORIENTED_EDGE('',*,*,#7811,.T.);
#7809=EDGE_CURVE('',#399,#497,#7812,.F.);
#7810=EDGE_CURVE('',#497,#499,#7813,.T.);
#7811=EDGE_CURVE('',#499,#399,#7814,.T.);
#7812=LINE('',#398,#7815);
#7813=LINE('',#496,#7816);
#7814=LINE('',#498,#7817);
#7815=VECTOR('',#7818,1.0);
#7816=VECTOR('',#7819,1.0);
#7817=VECTOR('',#7820,1.0);
#7818=DIRECTION('',(0.8618901469174277,0.5047796460117616,0.0484033430549532));
#7819=DIRECTION('',(-0.998426774120915,0,-0.0560711754692502));
#7820=DIRECTION('',(0,-1,0));
#7821=FACE_SURFACE('',(#7826),#7822,.T.);
#7822=PLANE('',#7823);
#7823=AXIS2_PLACEMENT_3D('',#398,#7824,#7825);
#7824=DIRECTION('',(0.05607117184123515,-0,0.9984267743246626));
#7825=DIRECTION('',(0,1,0));
#7826=FACE_BOUND('',#7827,.T.);
#7827=EDGE_LOOP('',(#7828,#7829,#7830));
#7828=ORIENTED_EDGE('',*,*,#7831,.T.);
#7829=ORIENTED_EDGE('',*,*,#7832,.T.);
#7830=ORIENTED_EDGE('',*,*,#7833,.T.);
#7831=EDGE_CURVE('',#399,#499,#7834,.F.);
#7832=EDGE_CURVE('',#499,#401,#7835,.T.);
#7833=EDGE_CURVE('',#401,#399,#7836,.T.);
#7834=LINE('',#398,#7837);
#7835=LINE('',#498,#7838);
#7836=LINE('',#400,#7839);
#7837=VECTOR('',#7840,1.0);
#7838=VECTOR('',#7841,1.0);
#7839=VECTOR('',#7842,1.0);
#7840=DIRECTION('',(0,1,0));
#7841=DIRECTION('',(-0.8618901613030154,-0.5047796216727657,0.04840334072108578));
#7842=DIRECTION('',(0.9984267743246626,0,-0.05607117184123515));
#7843=FACE_SURFACE('',(#7848),#7844,.T.);
#7844=PLANE('',#7845);
#7845=AXIS2_PLACEMENT_3D('',#400,#7846,#7847);
#7846=DIRECTION('',(0.05607117184123515,-0,0.9984267743246626));
#7847=DIRECTION('',(0.8618901613030154,0.5047796216727657,-0.04840334072108578));
#7848=FACE_BOUND('',#7849,.T.);
#7849=EDGE_LOOP('',(#7850,#7851,#7852));
#7850=ORIENTED_EDGE('',*,*,#7853,.T.);
#7851=ORIENTED_EDGE('',*,*,#7854,.T.);
#7852=ORIENTED_EDGE('',*,*,#7855,.T.);
#7853=EDGE_CURVE('',#401,#499,#7856,.F.);
#7854=EDGE_CURVE('',#499,#501,#7857,.T.);
#7855=EDGE_CURVE('',#501,#401,#7858,.T.);
#7856=LINE('',#400,#7859);
#7857=LINE('',#498,#7860);
#7858=LINE('',#500,#7861);
#7859=VECTOR('',#7862,1.0);
#7860=VECTOR('',#7863,1.0);
#7861=VECTOR('',#7864,1.0);
#7862=DIRECTION('',(0.8618901613030154,0.5047796216727657,-0.04840334072108578));
#7863=DIRECTION('',(-0.9984267743246626,0,0.05607117184123515));
#7864=DIRECTION('',(0,-1,0));
#7865=FACE_SURFACE('',(#7870),#7866,.T.);
#7866=PLANE('',#7867);
#7867=AXIS2_PLACEMENT_3D('',#400,#7868,#7869);
#7868=DIRECTION('',(0.16750640870286568,-0,0.9858709870178088));
#7869=DIRECTION('',(0,1,0));
#7870=FACE_BOUND('',#7871,.T.);
#7871=EDGE_LOOP('',(#7872,#7873,#7874));
#7872=ORIENTED_EDGE('',*,*,#7875,.T.);
#7873=ORIENTED_EDGE('',*,*,#7876,.T.);
#7874=ORIENTED_EDGE('',*,*,#7877,.T.);
#7875=EDGE_CURVE('',#401,#501,#7878,.F.);
#7876=EDGE_CURVE('',#501,#403,#7879,.T.);
#7877=EDGE_CURVE('',#403,#401,#7880,.T.);
#7878=LINE('',#400,#7881);
#7879=LINE('',#500,#7882);
#7880=LINE('',#402,#7883);
#7881=VECTOR('',#7884,1.0);
#7882=VECTOR('',#7885,1.0);
#7883=VECTOR('',#7886,1.0);
#7884=DIRECTION('',(0,1,0));
#7885=DIRECTION('',(-0.8510513990462534,-0.504779623219913,0.14459961328916987));
#7886=DIRECTION('',(0.9858709870178088,0,-0.16750640870286568));
#7887=FACE_SURFACE('',(#7892),#7888,.T.);
#7888=PLANE('',#7889);
#7889=AXIS2_PLACEMENT_3D('',#402,#7890,#7891);
#7890=DIRECTION('',(0.16750640870286568,-0,0.9858709870178088));
#7891=DIRECTION('',(0.8510513990462534,0.504779623219913,-0.14459961328916987));
#7892=FACE_BOUND('',#7893,.T.);
#7893=EDGE_LOOP('',(#7894,#7895,#7896));
#7894=ORIENTED_EDGE('',*,*,#7897,.T.);
#7895=ORIENTED_EDGE('',*,*,#7898,.T.);
#7896=ORIENTED_EDGE('',*,*,#7899,.T.);
#7897=EDGE_CURVE('',#403,#501,#7900,.F.);
#7898=EDGE_CURVE('',#501,#503,#7901,.T.);
#7899=EDGE_CURVE('',#503,#403,#7902,.T.);
#7900=LINE('',#402,#7903);
#7901=LINE('',#500,#7904);
#7902=LINE('',#502,#7905);
#7903=VECTOR('',#7906,1.0);
#7904=VECTOR('',#7907,1.0);
#7905=VECTOR('',#7908,1.0);
#7906=DIRECTION('',(0.8510513990462534,0.504779623219913,-0.14459961328916987));
#7907=DIRECTION('',(-0.9858709870178088,0,0.16750640870286568));
#7908=DIRECTION('',(0,-1,0));
#7909=FACE_SURFACE('',(#7914),#7910,.T.);
#7910=PLANE('',#7911);
#7911=AXIS2_PLACEMENT_3D('',#402,#7912,#7913);
#7912=DIRECTION('',(0.27683595129035893,-0,0.9609171952219202));
#7913=DIRECTION('',(0,1,0));
#7914=FACE_BOUND('',#7915,.T.);
#7915=EDGE_LOOP('',(#7916,#7917,#7918));
#7916=ORIENTED_EDGE('',*,*,#7919,.T.);
#7917=ORIENTED_EDGE('',*,*,#7920,.T.);
#7918=ORIENTED_EDGE('',*,*,#7921,.T.);
#7919=EDGE_CURVE('',#403,#503,#7922,.F.);
#7920=EDGE_CURVE('',#503,#407,#7923,.T.);
#7921=EDGE_CURVE('',#407,#403,#7924,.T.);
#7922=LINE('',#402,#7925);
#7923=LINE('',#502,#7926);
#7924=LINE('',#406,#7927);
#7925=VECTOR('',#7928,1.0);
#7926=VECTOR('',#7929,1.0);
#7927=VECTOR('',#7930,1.0);
#7928=DIRECTION('',(0,1,0));
#7929=DIRECTION('',(-0.8295100712893064,-0.5047796424237692,0.23897814591326416));
#7930=DIRECTION('',(0.9609171952219202,0,-0.27683595129035893));
#7931=FACE_SURFACE('',(#7936),#7932,.T.);
#7932=PLANE('',#7933);
#7933=AXIS2_PLACEMENT_3D('',#406,#7934,#7935);
#7934=DIRECTION('',(0.27683595129035893,-0,0.9609171952219202));
#7935=DIRECTION('',(0.8295100712893064,0.5047796424237692,-0.23897814591326416));
#7936=FACE_BOUND('',#7937,.T.);
#7937=EDGE_LOOP('',(#7938,#7939,#7940));
#7938=ORIENTED_EDGE('',*,*,#7941,.T.);
#7939=ORIENTED_EDGE('',*,*,#7942,.T.);
#7940=ORIENTED_EDGE('',*,*,#7943,.T.);
#7941=EDGE_CURVE('',#407,#503,#7944,.F.);
#7942=EDGE_CURVE('',#503,#505,#7945,.T.);
#7943=EDGE_CURVE('',#505,#407,#7946,.T.);
#7944=LINE('',#406,#7947);
#7945=LINE('',#502,#7948);
#7946=LINE('',#504,#7949);
#7947=VECTOR('',#7950,1.0);
#7948=VECTOR('',#7951,1.0);
#7949=VECTOR('',#7952,1.0);
#7950=DIRECTION('',(0.8295100712893064,0.5047796424237692,-0.23897814591326416));
#7951=DIRECTION('',(-0.9609171952219202,0,0.27683595129035893));
#7952=DIRECTION('',(0,-1,0));
#7953=FACE_SURFACE('',(#7958),#7954,.T.);
#7954=PLANE('',#7955);
#7955=AXIS2_PLACEMENT_3D('',#406,#7956,#7957);
#7956=DIRECTION('',(0.38268348326984947,-0,0.9238795114258432));
#7957=DIRECTION('',(0,1,0));
#7958=FACE_BOUND('',#7959,.T.);
#7959=EDGE_LOOP('',(#7960,#7961,#7962));
#7960=ORIENTED_EDGE('',*,*,#7963,.T.);
#7961=ORIENTED_EDGE('',*,*,#7964,.T.);
#7962=ORIENTED_EDGE('',*,*,#7965,.T.);
#7963=EDGE_CURVE('',#407,#505,#7966,.F.);
#7964=EDGE_CURVE('',#505,#409,#7967,.T.);
#7965=EDGE_CURVE('',#409,#407,#7968,.T.);
#7966=LINE('',#406,#7969);
#7967=LINE('',#504,#7970);
#7968=LINE('',#408,#7971);
#7969=VECTOR('',#7972,1.0);
#7970=VECTOR('',#7973,1.0);
#7971=VECTOR('',#7974,1.0);
#7972=DIRECTION('',(0,1,0));
#7973=DIRECTION('',(-0.7975373557921137,-0.5047796431425174,0.33035084075121746));
#7974=DIRECTION('',(0.9238795114258432,0,-0.38268348326984947));
#7975=FACE_SURFACE('',(#7980),#7976,.T.);
#7976=PLANE('',#7977);
#7977=AXIS2_PLACEMENT_3D('',#408,#7978,#7979);
#7978=DIRECTION('',(0.38268348326984947,-0,0.9238795114258432));
#7979=DIRECTION('',(0.7975373557921137,0.5047796431425174,-0.33035084075121746));
#7980=FACE_BOUND('',#7981,.T.);
#7981=EDGE_LOOP('',(#7982,#7983,#7984));
#7982=ORIENTED_EDGE('',*,*,#7985,.T.);
#7983=ORIENTED_EDGE('',*,*,#7986,.T.);
#7984=ORIENTED_EDGE('',*,*,#7987,.T.);
#7985=EDGE_CURVE('',#409,#505,#7988,.F.);
#7986=EDGE_CURVE('',#505,#507,#7989,.T.);
#7987=EDGE_CURVE('',#507,#409,#7990,.T.);
#7988=LINE('',#408,#7991);
#7989=LINE('',#504,#7992);
#7990=LINE('',#506,#7993);
#7991=VECTOR('',#7994,1.0);
#7992=VECTOR('',#7995,1.0);
#7993=VECTOR('',#7996,1.0);
#7994=DIRECTION('',(0.7975373557921137,0.5047796431425174,-0.33035084075121746));
#7995=DIRECTION('',(-0.9238795114258432,0,0.38268348326984947));
#7996=DIRECTION('',(0,-1,0));
#7997=FACE_SURFACE('',(#8002),#7998,.T.);
#7998=PLANE('',#7999);
#7999=AXIS2_PLACEMENT_3D('',#408,#8000,#8001);
#8000=DIRECTION('',(0.4837177853649558,-0,0.87522403081818));
#8001=DIRECTION('',(0,1,0));
#8002=FACE_BOUND('',#8003,.T.);
#8003=EDGE_LOOP('',(#8004,#8005,#8006));
#8004=ORIENTED_EDGE('',*,*,#8007,.T.);
#8005=ORIENTED_EDGE('',*,*,#8008,.T.);
#8006=ORIENTED_EDGE('',*,*,#8009,.T.);
#8007=EDGE_CURVE('',#409,#507,#8010,.F.);
#8008=EDGE_CURVE('',#507,#411,#8011,.T.);
#8009=EDGE_CURVE('',#411,#409,#8012,.T.);
#8010=LINE('',#408,#8013);
#8011=LINE('',#506,#8014);
#8012=LINE('',#410,#8015);
#8013=VECTOR('',#8016,1.0);
#8014=VECTOR('',#8017,1.0);
#8015=VECTOR('',#8018,1.0);
#8016=DIRECTION('',(0,1,0));
#8017=DIRECTION('',(-0.7555354168543774,-0.5047799973452769,0.41756842332578786));
#8018=DIRECTION('',(0.87522403081818,0,-0.4837177853649558));
#8019=FACE_SURFACE('',(#8024),#8020,.T.);
#8020=PLANE('',#8021);
#8021=AXIS2_PLACEMENT_3D('',#410,#8022,#8023);
#8022=DIRECTION('',(0.4837177853649558,-0,0.87522403081818));
#8023=DIRECTION('',(0.7555354168543774,0.5047799973452769,-0.41756842332578786));
#8024=FACE_BOUND('',#8025,.T.);
#8025=EDGE_LOOP('',(#8026,#8027,#8028));
#8026=ORIENTED_EDGE('',*,*,#8029,.T.);
#8027=ORIENTED_EDGE('',*,*,#8030,.T.);
#8028=ORIENTED_EDGE('',*,*,#8031,.T.);
#8029=EDGE_CURVE('',#411,#507,#8032,.F.);
#8030=EDGE_CURVE('',#507,#509,#8033,.T.);
#8031=EDGE_CURVE('',#509,#411,#8034,.T.);
#8032=LINE('',#410,#8035);
#8033=LINE('',#506,#8036);
#8034=LINE('',#508,#8037);
#8035=VECTOR('',#8038,1.0);
#8036=VECTOR('',#8039,1.0);
#8037=VECTOR('',#8040,1.0);
#8038=DIRECTION('',(0.7555354168543774,0.5047799973452769,-0.41756842332578786));
#8039=DIRECTION('',(-0.87522403081818,0,0.4837177853649558));
#8040=DIRECTION('',(0,-1,0));
#8041=FACE_SURFACE('',(#8046),#8042,.T.);
#8042=PLANE('',#8043);
#8043=AXIS2_PLACEMENT_3D('',#410,#8044,#8045);
#8044=DIRECTION('',(0.5786721835343116,-0,0.8155602393469363));
#8045=DIRECTION('',(0,1,0));
#8046=FACE_BOUND('',#8047,.T.);
#8047=EDGE_LOOP('',(#8048,#8049,#8050));
#8048=ORIENTED_EDGE('',*,*,#8051,.T.);
#8049=ORIENTED_EDGE('',*,*,#8052,.T.);
#8050=ORIENTED_EDGE('',*,*,#8053,.T.);
#8051=EDGE_CURVE('',#411,#509,#8054,.F.);
#8052=EDGE_CURVE('',#509,#413,#8055,.T.);
#8053=EDGE_CURVE('',#413,#411,#8056,.T.);
#8054=LINE('',#410,#8057);
#8055=LINE('',#508,#8058);
#8056=LINE('',#412,#8059);
#8057=VECTOR('',#8060,1.0);
#8058=VECTOR('',#8061,1.0);
#8059=VECTOR('',#8062,1.0);
#8060=DIRECTION('',(0,1,0));
#8061=DIRECTION('',(-0.7040311044463965,-0.5047792890136588,0.4995378597812705));
#8062=DIRECTION('',(0.8155602393469363,0,-0.5786721835343116));
#8063=FACE_SURFACE('',(#8068),#8064,.T.);
#8064=PLANE('',#8065);
#8065=AXIS2_PLACEMENT_3D('',#412,#8066,#8067);
#8066=DIRECTION('',(0.5786721835343116,-0,0.8155602393469363));
#8067=DIRECTION('',(0.7040311044463965,0.5047792890136588,-0.4995378597812705));
#8068=FACE_BOUND('',#8069,.T.);
#8069=EDGE_LOOP('',(#8070,#8071,#8072));
#8070=ORIENTED_EDGE('',*,*,#8073,.T.);
#8071=ORIENTED_EDGE('',*,*,#8074,.T.);
#8072=ORIENTED_EDGE('',*,*,#8075,.T.);
#8073=EDGE_CURVE('',#413,#509,#8076,.F.);
#8074=EDGE_CURVE('',#509,#511,#8077,.T.);
#8075=EDGE_CURVE('',#511,#413,#8078,.T.);
#8076=LINE('',#412,#8079);
#8077=LINE('',#508,#8080);
#8078=LINE('',#510,#8081);
#8079=VECTOR('',#8082,1.0);
#8080=VECTOR('',#8083,1.0);
#8081=VECTOR('',#8084,1.0);
#8082=DIRECTION('',(0.7040311044463965,0.5047792890136588,-0.4995378597812705));
#8083=DIRECTION('',(-0.8155602393469363,0,0.5786721835343116));
#8084=DIRECTION('',(0,-1,0));
#8085=FACE_SURFACE('',(#8090),#8086,.T.);
#8086=PLANE('',#8087);
#8087=AXIS2_PLACEMENT_3D('',#412,#8088,#8089);
#8088=DIRECTION('',(0.6663458002422262,-0,0.7456428598863849));
#8089=DIRECTION('',(0,1,0));
#8090=FACE_BOUND('',#8091,.T.);
#8091=EDGE_LOOP('',(#8092,#8093,#8094));
#8092=ORIENTED_EDGE('',*,*,#8095,.T.);
#8093=ORIENTED_EDGE('',*,*,#8096,.T.);
#8094=ORIENTED_EDGE('',*,*,#8097,.T.);
#8095=EDGE_CURVE('',#413,#511,#8098,.F.);
#8096=EDGE_CURVE('',#511,#415,#8099,.T.);
#8097=EDGE_CURVE('',#415,#413,#8100,.T.);
#8098=LINE('',#412,#8101);
#8099=LINE('',#510,#8102);
#8100=LINE('',#414,#8103);
#8101=VECTOR('',#8104,1.0);
#8102=VECTOR('',#8105,1.0);
#8103=VECTOR('',#8106,1.0);
#8104=DIRECTION('',(0,1,0));
#8105=DIRECTION('',(-0.6436747192797218,-0.5047800147060345,0.5752216898844714));
#8106=DIRECTION('',(0.7456428598863849,0,-0.6663458002422262));
#8107=FACE_SURFACE('',(#8112),#8108,.T.);
#8108=PLANE('',#8109);
#8109=AXIS2_PLACEMENT_3D('',#414,#8110,#8111);
#8110=DIRECTION('',(0.6663458002422262,-0,0.7456428598863849));
#8111=DIRECTION('',(0.6436747192797218,0.5047800147060345,-0.5752216898844714));
#8112=FACE_BOUND('',#8113,.T.);
#8113=EDGE_LOOP('',(#8114,#8115,#8116));
#8114=ORIENTED_EDGE('',*,*,#8117,.T.);
#8115=ORIENTED_EDGE('',*,*,#8118,.T.);
#8116=ORIENTED_EDGE('',*,*,#8119,.T.);
#8117=EDGE_CURVE('',#415,#511,#8120,.F.);
#8118=EDGE_CURVE('',#511,#513,#8121,.T.);
#8119=EDGE_CURVE('',#513,#415,#8122,.T.);
#8120=LINE('',#414,#8123);
#8121=LINE('',#510,#8124);
#8122=LINE('',#512,#8125);
#8123=VECTOR('',#8126,1.0);
#8124=VECTOR('',#8127,1.0);
#8125=VECTOR('',#8128,1.0);
#8126=DIRECTION('',(0.6436747192797218,0.5047800147060345,-0.5752216898844714));
#8127=DIRECTION('',(-0.7456428598863849,0,0.6663458002422262));
#8128=DIRECTION('',(0,-1,0));
#8129=FACE_SURFACE('',(#8134),#8130,.T.);
#8130=PLANE('',#8131);
#8131=AXIS2_PLACEMENT_3D('',#414,#8132,#8133);
#8132=DIRECTION('',(0.7456427714881366,-0,0.6663458991601063));
#8133=DIRECTION('',(0,1,0));
#8134=FACE_BOUND('',#8135,.T.);
#8135=EDGE_LOOP('',(#8136,#8137,#8138));
#8136=ORIENTED_EDGE('',*,*,#8139,.T.);
#8137=ORIENTED_EDGE('',*,*,#8140,.T.);
#8138=ORIENTED_EDGE('',*,*,#8141,.T.);
#8139=EDGE_CURVE('',#415,#513,#8142,.F.);
#8140=EDGE_CURVE('',#513,#417,#8143,.T.);
#8141=EDGE_CURVE('',#417,#415,#8144,.T.);
#8142=LINE('',#414,#8145);
#8143=LINE('',#512,#8146);
#8144=LINE('',#416,#8147);
#8145=VECTOR('',#8148,1.0);
#8146=VECTOR('',#8149,1.0);
#8147=VECTOR('',#8150,1.0);
#8148=DIRECTION('',(0,1,0));
#8149=DIRECTION('',(-0.5752221214994706,-0.5047791261356983,0.6436750303960292));
#8150=DIRECTION('',(0.6663458991601063,0,-0.7456427714881366));
#8151=FACE_SURFACE('',(#8156),#8152,.T.);
#8152=PLANE('',#8153);
#8153=AXIS2_PLACEMENT_3D('',#416,#8154,#8155);
#8154=DIRECTION('',(0.7456427714881366,-0,0.6663458991601063));
#8155=DIRECTION('',(0.5752221214994706,0.5047791261356983,-0.6436750303960292));
#8156=FACE_BOUND('',#8157,.T.);
#8157=EDGE_LOOP('',(#8158,#8159,#8160));
#8158=ORIENTED_EDGE('',*,*,#8161,.T.);
#8159=ORIENTED_EDGE('',*,*,#8162,.T.);
#8160=ORIENTED_EDGE('',*,*,#8163,.T.);
#8161=EDGE_CURVE('',#417,#513,#8164,.F.);
#8162=EDGE_CURVE('',#513,#515,#8165,.T.);
#8163=EDGE_CURVE('',#515,#417,#8166,.T.);
#8164=LINE('',#416,#8167);
#8165=LINE('',#512,#8168);
#8166=LINE('',#514,#8169);
#8167=VECTOR('',#8170,1.0);
#8168=VECTOR('',#8171,1.0);
#8169=VECTOR('',#8172,1.0);
#8170=DIRECTION('',(0.5752221214994706,0.5047791261356983,-0.6436750303960292));
#8171=DIRECTION('',(-0.6663458991601063,0,0.7456427714881366));
#8172=DIRECTION('',(0,-1,0));
#8173=FACE_SURFACE('',(#8178),#8174,.T.);
#8174=PLANE('',#8175);
#8175=AXIS2_PLACEMENT_3D('',#416,#8176,#8177);
#8176=DIRECTION('',(0.8155608421529467,-0,0.5786713339597672));
#8177=DIRECTION('',(0,1,0));
#8178=FACE_BOUND('',#8179,.T.);
#8179=EDGE_LOOP('',(#8180,#8181,#8182));
#8180=ORIENTED_EDGE('',*,*,#8183,.T.);
#8181=ORIENTED_EDGE('',*,*,#8184,.T.);
#8182=ORIENTED_EDGE('',*,*,#8185,.T.);
#8183=EDGE_CURVE('',#417,#515,#8186,.F.);
#8184=EDGE_CURVE('',#515,#419,#8187,.T.);
#8185=EDGE_CURVE('',#419,#417,#8188,.T.);
#8186=LINE('',#416,#8189);
#8187=LINE('',#514,#8190);
#8188=LINE('',#418,#8191);
#8189=VECTOR('',#8192,1.0);
#8190=VECTOR('',#8193,1.0);
#8191=VECTOR('',#8194,1.0);
#8192=DIRECTION('',(0,1,0));
#8193=DIRECTION('',(-0.49953694527596243,-0.5047798242527237,0.7040313695651277));
#8194=DIRECTION('',(0.5786713339597672,0,-0.8155608421529467));
#8195=FACE_SURFACE('',(#8200),#8196,.T.);
#8196=PLANE('',#8197);
#8197=AXIS2_PLACEMENT_3D('',#418,#8198,#8199);
#8198=DIRECTION('',(0.8155608421529467,-0,0.5786713339597672));
#8199=DIRECTION('',(0.49953694527596243,0.5047798242527237,-0.7040313695651277));
#8200=FACE_BOUND('',#8201,.T.);
#8201=EDGE_LOOP('',(#8202,#8203,#8204));
#8202=ORIENTED_EDGE('',*,*,#8205,.T.);
#8203=ORIENTED_EDGE('',*,*,#8206,.T.);
#8204=ORIENTED_EDGE('',*,*,#8207,.T.);
#8205=EDGE_CURVE('',#419,#515,#8208,.F.);
#8206=EDGE_CURVE('',#515,#517,#8209,.T.);
#8207=EDGE_CURVE('',#517,#419,#8210,.T.);
#8208=LINE('',#418,#8211);
#8209=LINE('',#514,#8212);
#8210=LINE('',#516,#8213);
#8211=VECTOR('',#8214,1.0);
#8212=VECTOR('',#8215,1.0);
#8213=VECTOR('',#8216,1.0);
#8214=DIRECTION('',(0.49953694527596243,0.5047798242527237,-0.7040313695651277));
#8215=DIRECTION('',(-0.5786713339597672,0,0.8155608421529467));
#8216=DIRECTION('',(0,-1,0));
#8217=FACE_SURFACE('',(#8222),#8218,.T.);
#8218=PLANE('',#8219);
#8219=AXIS2_PLACEMENT_3D('',#418,#8220,#8221);
#8220=DIRECTION('',(0.8752232573059444,-0,0.48371918493147725));
#8221=DIRECTION('',(0,1,0));
#8222=FACE_BOUND('',#8223,.T.);
#8223=EDGE_LOOP('',(#8224,#8225,#8226));
#8224=ORIENTED_EDGE('',*,*,#8227,.T.);
#8225=ORIENTED_EDGE('',*,*,#8228,.T.);
#8226=ORIENTED_EDGE('',*,*,#8229,.T.);
#8227=EDGE_CURVE('',#419,#517,#8230,.F.);
#8228=EDGE_CURVE('',#517,#421,#8231,.T.);
#8229=EDGE_CURVE('',#421,#419,#8232,.T.);
#8230=LINE('',#418,#8233);
#8231=LINE('',#516,#8234);
#8232=LINE('',#420,#8235);
#8233=VECTOR('',#8236,1.0);
#8234=VECTOR('',#8237,1.0);
#8235=VECTOR('',#8238,1.0);
#8236=DIRECTION('',(0,1,0));
#8237=DIRECTION('',(-0.41756969163585606,-0.5047797847359792,0.7555348579311445));
#8238=DIRECTION('',(0.48371918493147725,0,-0.8752232573059444));
#8239=FACE_SURFACE('',(#8244),#8240,.T.);
#8240=PLANE('',#8241);
#8241=AXIS2_PLACEMENT_3D('',#420,#8242,#8243);
#8242=DIRECTION('',(0.8752232573059444,-0,0.48371918493147725));
#8243=DIRECTION('',(0.41756969163585606,0.5047797847359792,-0.7555348579311445));
#8244=FACE_BOUND('',#8245,.T.);
#8245=EDGE_LOOP('',(#8246,#8247,#8248));
#8246=ORIENTED_EDGE('',*,*,#8249,.T.);
#8247=ORIENTED_EDGE('',*,*,#8250,.T.);
#8248=ORIENTED_EDGE('',*,*,#8251,.T.);
#8249=EDGE_CURVE('',#421,#517,#8252,.F.);
#8250=EDGE_CURVE('',#517,#519,#8253,.T.);
#8251=EDGE_CURVE('',#519,#421,#8254,.T.);
#8252=LINE('',#420,#8255);
#8253=LINE('',#516,#8256);
#8254=LINE('',#518,#8257);
#8255=VECTOR('',#8258,1.0);
#8256=VECTOR('',#8259,1.0);
#8257=VECTOR('',#8260,1.0);
#8258=DIRECTION('',(0.41756969163585606,0.5047797847359792,-0.7555348579311445));
#8259=DIRECTION('',(-0.48371918493147725,0,0.8752232573059444));
#8260=DIRECTION('',(0,-1,0));
#8261=FACE_SURFACE('',(#8266),#8262,.T.);
#8262=PLANE('',#8263);
#8263=AXIS2_PLACEMENT_3D('',#420,#8264,#8265);
#8264=DIRECTION('',(0.9238795114258432,-0,0.38268348326984947));
#8265=DIRECTION('',(0,1,0));
#8266=FACE_BOUND('',#8267,.T.);
#8267=EDGE_LOOP('',(#8268,#8269,#8270));
#8268=ORIENTED_EDGE('',*,*,#8271,.T.);
#8269=ORIENTED_EDGE('',*,*,#8272,.T.);
#8270=ORIENTED_EDGE('',*,*,#8273,.T.);
#8271=EDGE_CURVE('',#421,#519,#8274,.F.);
#8272=EDGE_CURVE('',#519,#423,#8275,.T.);
#8273=EDGE_CURVE('',#423,#421,#8276,.T.);
#8274=LINE('',#420,#8277);
#8275=LINE('',#518,#8278);
#8276=LINE('',#422,#8279);
#8277=VECTOR('',#8280,1.0);
#8278=VECTOR('',#8281,1.0);
#8279=VECTOR('',#8282,1.0);
#8280=DIRECTION('',(0,1,0));
#8281=DIRECTION('',(-0.33035084075121746,-0.5047796431425174,0.7975373557921137));
#8282=DIRECTION('',(0.38268348326984947,0,-0.9238795114258432));
#8283=FACE_SURFACE('',(#8288),#8284,.T.);
#8284=PLANE('',#8285);
#8285=AXIS2_PLACEMENT_3D('',#422,#8286,#8287);
#8286=DIRECTION('',(0.9238795114258432,-0,0.38268348326984947));
#8287=DIRECTION('',(0.33035084075121746,0.5047796431425174,-0.7975373557921137));
#8288=FACE_BOUND('',#8289,.T.);
#8289=EDGE_LOOP('',(#8290,#8291,#8292));
#8290=ORIENTED_EDGE('',*,*,#8293,.T.);
#8291=ORIENTED_EDGE('',*,*,#8294,.T.);
#8292=ORIENTED_EDGE('',*,*,#8295,.T.);
#8293=EDGE_CURVE('',#423,#519,#8296,.F.);
#8294=EDGE_CURVE('',#519,#521,#8297,.T.);
#8295=EDGE_CURVE('',#521,#423,#8298,.T.);
#8296=LINE('',#422,#8299);
#8297=LINE('',#518,#8300);
#8298=LINE('',#520,#8301);
#8299=VECTOR('',#8302,1.0);
#8300=VECTOR('',#8303,1.0);
#8301=VECTOR('',#8304,1.0);
#8302=DIRECTION('',(0.33035084075121746,0.5047796431425174,-0.7975373557921137));
#8303=DIRECTION('',(-0.38268348326984947,0,0.9238795114258432));
#8304=DIRECTION('',(0,-1,0));
#8305=FACE_SURFACE('',(#8310),#8306,.T.);
#8306=PLANE('',#8307);
#8307=AXIS2_PLACEMENT_3D('',#422,#8308,#8309);
#8308=DIRECTION('',(0.960917311514223,-0,0.2768355476312207));
#8309=DIRECTION('',(0,1,0));
#8310=FACE_BOUND('',#8311,.T.);
#8311=EDGE_LOOP('',(#8312,#8313,#8314));
#8312=ORIENTED_EDGE('',*,*,#8315,.T.);
#8313=ORIENTED_EDGE('',*,*,#8316,.T.);
#8314=ORIENTED_EDGE('',*,*,#8317,.T.);
#8315=EDGE_CURVE('',#423,#521,#8318,.F.);
#8316=EDGE_CURVE('',#521,#425,#8319,.T.);
#8317=EDGE_CURVE('',#425,#423,#8320,.T.);
#8318=LINE('',#422,#8321);
#8319=LINE('',#520,#8322);
#8320=LINE('',#424,#8323);
#8321=VECTOR('',#8324,1.0);
#8322=VECTOR('',#8325,1.0);
#8323=VECTOR('',#8326,1.0);
#8324=DIRECTION('',(0,1,0));
#8325=DIRECTION('',(-0.2389777635824396,-0.5047798516724921,0.8295100541034043));
#8326=DIRECTION('',(0.2768355476312207,0,-0.960917311514223));
#8327=FACE_SURFACE('',(#8332),#8328,.T.);
#8328=PLANE('',#8329);
#8329=AXIS2_PLACEMENT_3D('',#424,#8330,#8331);
#8330=DIRECTION('',(0.960917311514223,-0,0.2768355476312207));
#8331=DIRECTION('',(0.2389777635824396,0.5047798516724921,-0.8295100541034043));
#8332=FACE_BOUND('',#8333,.T.);
#8333=EDGE_LOOP('',(#8334,#8335,#8336));
#8334=ORIENTED_EDGE('',*,*,#8337,.T.);
#8335=ORIENTED_EDGE('',*,*,#8338,.T.);
#8336=ORIENTED_EDGE('',*,*,#8339,.T.);
#8337=EDGE_CURVE('',#425,#521,#8340,.F.);
#8338=EDGE_CURVE('',#521,#523,#8341,.T.);
#8339=EDGE_CURVE('',#523,#425,#8342,.T.);
#8340=LINE('',#424,#8343);
#8341=LINE('',#520,#8344);
#8342=LINE('',#522,#8345);
#8343=VECTOR('',#8346,1.0);
#8344=VECTOR('',#8347,1.0);
#8345=VECTOR('',#8348,1.0);
#8346=DIRECTION('',(0.2389777635824396,0.5047798516724921,-0.8295100541034043));
#8347=DIRECTION('',(-0.2768355476312207,0,0.960917311514223));
#8348=DIRECTION('',(0,-1,0));
#8349=FACE_SURFACE('',(#8354),#8350,.T.);
#8350=PLANE('',#8351);
#8351=AXIS2_PLACEMENT_3D('',#424,#8352,#8353);
#8352=DIRECTION('',(0.9858710417818948,-0,0.16750608638458908));
#8353=DIRECTION('',(0,1,0));
#8354=FACE_BOUND('',#8355,.T.);
#8355=EDGE_LOOP('',(#8356,#8357,#8358));
#8356=ORIENTED_EDGE('',*,*,#8359,.T.);
#8357=ORIENTED_EDGE('',*,*,#8360,.T.);
#8358=ORIENTED_EDGE('',*,*,#8361,.T.);
#8359=EDGE_CURVE('',#425,#523,#8362,.F.);
#8360=EDGE_CURVE('',#523,#427,#8363,.T.);
#8361=EDGE_CURVE('',#427,#425,#8364,.T.);
#8362=LINE('',#424,#8365);
#8363=LINE('',#522,#8366);
#8364=LINE('',#426,#8367);
#8365=VECTOR('',#8368,1.0);
#8366=VECTOR('',#8369,1.0);
#8367=VECTOR('',#8370,1.0);
#8368=DIRECTION('',(0,1,0));
#8369=DIRECTION('',(-0.1445994059447445,-0.5047788994057995,0.8510518635871123));
#8370=DIRECTION('',(0.16750608638458908,0,-0.9858710417818948));
#8371=FACE_SURFACE('',(#8376),#8372,.T.);
#8372=PLANE('',#8373);
#8373=AXIS2_PLACEMENT_3D('',#426,#8374,#8375);
#8374=DIRECTION('',(0.9858710417818948,-0,0.16750608638458908));
#8375=DIRECTION('',(0.1445994059447445,0.5047788994057995,-0.8510518635871123));
#8376=FACE_BOUND('',#8377,.T.);
#8377=EDGE_LOOP('',(#8378,#8379,#8380));
#8378=ORIENTED_EDGE('',*,*,#8381,.T.);
#8379=ORIENTED_EDGE('',*,*,#8382,.T.);
#8380=ORIENTED_EDGE('',*,*,#8383,.T.);
#8381=EDGE_CURVE('',#427,#523,#8384,.F.);
#8382=EDGE_CURVE('',#523,#525,#8385,.T.);
#8383=EDGE_CURVE('',#525,#427,#8386,.T.);
#8384=LINE('',#426,#8387);
#8385=LINE('',#522,#8388);
#8386=LINE('',#524,#8389);
#8387=VECTOR('',#8390,1.0);
#8388=VECTOR('',#8391,1.0);
#8389=VECTOR('',#8392,1.0);
#8390=DIRECTION('',(0.1445994059447445,0.5047788994057995,-0.8510518635871123));
#8391=DIRECTION('',(-0.16750608638458908,0,0.9858710417818948));
#8392=DIRECTION('',(0,-1,0));
#8393=FACE_SURFACE('',(#8398),#8394,.T.);
#8394=PLANE('',#8395);
#8395=AXIS2_PLACEMENT_3D('',#426,#8396,#8397);
#8396=DIRECTION('',(0.9984268370989143,-0,0.056070054045435344));
#8397=DIRECTION('',(0,1,0));
#8398=FACE_BOUND('',#8399,.T.);
#8399=EDGE_LOOP('',(#8400,#8401,#8402));
#8400=ORIENTED_EDGE('',*,*,#8403,.T.);
#8401=ORIENTED_EDGE('',*,*,#8404,.T.);
#8402=ORIENTED_EDGE('',*,*,#8405,.T.);
#8403=EDGE_CURVE('',#427,#525,#8406,.F.);
#8404=EDGE_CURVE('',#525,#393,#8407,.T.);
#8405=EDGE_CURVE('',#393,#427,#8408,.T.);
#8406=LINE('',#426,#8409);
#8407=LINE('',#524,#8410);
#8408=LINE('',#392,#8411);
#8409=VECTOR('',#8412,1.0);
#8410=VECTOR('',#8413,1.0);
#8411=VECTOR('',#8414,1.0);
#8412=DIRECTION('',(0,1,0));
#8413=DIRECTION('',(-0.04840237633225718,-0.5047796050063941,0.8618902252230148));
#8414=DIRECTION('',(0.056070054045435344,0,-0.9984268370989143));
#8415=FACE_SURFACE('',(#8420),#8416,.T.);
#8416=PLANE('',#8417);
#8417=AXIS2_PLACEMENT_3D('',#392,#8418,#8419);
#8418=DIRECTION('',(0.9984268370989143,-0,0.056070054045435344));
#8419=DIRECTION('',(0.04840237633225718,0.5047796050063941,-0.8618902252230148));
#8420=FACE_BOUND('',#8421,.T.);
#8421=EDGE_LOOP('',(#8422,#8423,#8424));
#8422=ORIENTED_EDGE('',*,*,#8425,.T.);
#8423=ORIENTED_EDGE('',*,*,#8426,.T.);
#8424=ORIENTED_EDGE('',*,*,#8427,.T.);
#8425=EDGE_CURVE('',#393,#525,#8428,.F.);
#8426=EDGE_CURVE('',#525,#527,#8429,.T.);
#8427=EDGE_CURVE('',#527,#393,#8430,.T.);
#8428=LINE('',#392,#8431);
#8429=LINE('',#524,#8432);
#8430=LINE('',#526,#8433);
#8431=VECTOR('',#8434,1.0);
#8432=VECTOR('',#8435,1.0);
#8433=VECTOR('',#8436,1.0);
#8434=DIRECTION('',(0.04840237633225718,0.5047796050063941,-0.8618902252230148));
#8435=DIRECTION('',(-0.056070054045435344,0,0.9984268370989143));
#8436=DIRECTION('',(0,-1,0));
#8437=FACE_SURFACE('',(#8442),#8438,.T.);
#8438=PLANE('',#8439);
#8439=AXIS2_PLACEMENT_3D('',#392,#8440,#8441);
#8440=DIRECTION('',(0.9984268370989143,0,-0.056070054045435344));
#8441=DIRECTION('',(0,1,0));
#8442=FACE_BOUND('',#8443,.T.);
#8443=EDGE_LOOP('',(#8444,#8445,#8446));
#8444=ORIENTED_EDGE('',*,*,#8447,.T.);
#8445=ORIENTED_EDGE('',*,*,#8448,.T.);
#8446=ORIENTED_EDGE('',*,*,#8449,.T.);
#8447=EDGE_CURVE('',#393,#527,#8450,.F.);
#8448=EDGE_CURVE('',#527,#395,#8451,.T.);
#8449=EDGE_CURVE('',#395,#393,#8452,.T.);
#8450=LINE('',#392,#8453);
#8451=LINE('',#526,#8454);
#8452=LINE('',#394,#8455);
#8453=VECTOR('',#8456,1.0);
#8454=VECTOR('',#8457,1.0);
#8455=VECTOR('',#8458,1.0);
#8456=DIRECTION('',(0,1,0));
#8457=DIRECTION('',(0.04840237633225718,-0.5047796050063941,0.8618902252230148));
#8458=DIRECTION('',(-0.056070054045435344,0,-0.9984268370989143));
#8459=FACE_SURFACE('',(#8464),#8460,.T.);
#8460=PLANE('',#8461);
#8461=AXIS2_PLACEMENT_3D('',#394,#8462,#8463);
#8462=DIRECTION('',(0.9984268370989143,0,-0.056070054045435344));
#8463=DIRECTION('',(-0.04840237633225718,0.5047796050063941,-0.8618902252230148));
#8464=FACE_BOUND('',#8465,.T.);
#8465=EDGE_LOOP('',(#8466,#8467,#8468));
#8466=ORIENTED_EDGE('',*,*,#8469,.T.);
#8467=ORIENTED_EDGE('',*,*,#8470,.T.);
#8468=ORIENTED_EDGE('',*,*,#8471,.T.);
#8469=EDGE_CURVE('',#395,#527,#8472,.F.);
#8470=EDGE_CURVE('',#527,#529,#8473,.T.);
#8471=EDGE_CURVE('',#529,#395,#8474,.T.);
#8472=LINE('',#394,#8475);
#8473=LINE('',#526,#8476);
#8474=LINE('',#528,#8477);
#8475=VECTOR('',#8478,1.0);
#8476=VECTOR('',#8479,1.0);
#8477=VECTOR('',#8480,1.0);
#8478=DIRECTION('',(-0.04840237633225718,0.5047796050063941,-0.8618902252230148));
#8479=DIRECTION('',(0.056070054045435344,0,0.9984268370989143));
#8480=DIRECTION('',(0,-1,0));
#8481=FACE_SURFACE('',(#8486),#8482,.T.);
#8482=PLANE('',#8483);
#8483=AXIS2_PLACEMENT_3D('',#394,#8484,#8485);
#8484=DIRECTION('',(0.9858709166063766,0,-0.1675068231138748));
#8485=DIRECTION('',(0,1,0));
#8486=FACE_BOUND('',#8487,.T.);
#8487=EDGE_LOOP('',(#8488,#8489,#8490));
#8488=ORIENTED_EDGE('',*,*,#8491,.T.);
#8489=ORIENTED_EDGE('',*,*,#8492,.T.);
#8490=ORIENTED_EDGE('',*,*,#8493,.T.);
#8491=EDGE_CURVE('',#395,#529,#8494,.F.);
#8492=EDGE_CURVE('',#529,#397,#8495,.T.);
#8493=EDGE_CURVE('',#397,#395,#8496,.T.);
#8494=LINE('',#394,#8497);
#8495=LINE('',#528,#8498);
#8496=LINE('',#396,#8499);
#8497=VECTOR('',#8500,1.0);
#8498=VECTOR('',#8501,1.0);
#8499=VECTOR('',#8502,1.0);
#8500=DIRECTION('',(0,1,0));
#8501=DIRECTION('',(0.14459987987556708,-0.5047805538405286,0.8510508017764985));
#8502=DIRECTION('',(-0.1675068231138748,0,-0.9858709166063766));
#8503=FACE_SURFACE('',(#8508),#8504,.T.);
#8504=PLANE('',#8505);
#8505=AXIS2_PLACEMENT_3D('',#396,#8506,#8507);
#8506=DIRECTION('',(0.9858709166063766,0,-0.1675068231138748));
#8507=DIRECTION('',(-0.14459987987556708,0.5047805538405286,-0.8510508017764985));
#8508=FACE_BOUND('',#8509,.T.);
#8509=EDGE_LOOP('',(#8510,#8511,#8512));
#8510=ORIENTED_EDGE('',*,*,#8513,.T.);
#8511=ORIENTED_EDGE('',*,*,#8514,.T.);
#8512=ORIENTED_EDGE('',*,*,#8515,.T.);
#8513=EDGE_CURVE('',#397,#529,#8516,.F.);
#8514=EDGE_CURVE('',#529,#531,#8517,.T.);
#8515=EDGE_CURVE('',#531,#397,#8518,.T.);
#8516=LINE('',#396,#8519);
#8517=LINE('',#528,#8520);
#8518=LINE('',#530,#8521);
#8519=VECTOR('',#8522,1.0);
#8520=VECTOR('',#8523,1.0);
#8521=VECTOR('',#8524,1.0);
#8522=DIRECTION('',(-0.14459987987556708,0.5047805538405286,-0.8510508017764985));
#8523=DIRECTION('',(0.1675068231138748,0,0.9858709166063766));
#8524=DIRECTION('',(0,-1,0));
#8525=FACE_SURFACE('',(#8530),#8526,.T.);
#8526=PLANE('',#8527);
#8527=AXIS2_PLACEMENT_3D('',#396,#8528,#8529);
#8528=DIRECTION('',(0.960917311514223,0,-0.2768355476312207));
#8529=DIRECTION('',(0,1,0));
#8530=FACE_BOUND('',#8531,.T.);
#8531=EDGE_LOOP('',(#8532,#8533,#8534));
#8532=ORIENTED_EDGE('',*,*,#8535,.T.);
#8533=ORIENTED_EDGE('',*,*,#8536,.T.);
#8534=ORIENTED_EDGE('',*,*,#8537,.T.);
#8535=EDGE_CURVE('',#397,#531,#8538,.F.);
#8536=EDGE_CURVE('',#531,#429,#8539,.T.);
#8537=EDGE_CURVE('',#429,#397,#8540,.T.);
#8538=LINE('',#396,#8541);
#8539=LINE('',#530,#8542);
#8540=LINE('',#428,#8543);
#8541=VECTOR('',#8544,1.0);
#8542=VECTOR('',#8545,1.0);
#8543=VECTOR('',#8546,1.0);
#8544=DIRECTION('',(0,1,0));
#8545=DIRECTION('',(0.2389777635824396,-0.5047798516724921,0.8295100541034043));
#8546=DIRECTION('',(-0.2768355476312207,0,-0.960917311514223));
#8547=FACE_SURFACE('',(#8552),#8548,.T.);
#8548=PLANE('',#8549);
#8549=AXIS2_PLACEMENT_3D('',#428,#8550,#8551);
#8550=DIRECTION('',(0.960917311514223,0,-0.2768355476312207));
#8551=DIRECTION('',(-0.2389777635824396,0.5047798516724921,-0.8295100541034043));
#8552=FACE_BOUND('',#8553,.T.);
#8553=EDGE_LOOP('',(#8554,#8555,#8556));
#8554=ORIENTED_EDGE('',*,*,#8557,.T.);
#8555=ORIENTED_EDGE('',*,*,#8558,.T.);
#8556=ORIENTED_EDGE('',*,*,#8559,.T.);
#8557=EDGE_CURVE('',#429,#531,#8560,.F.);
#8558=EDGE_CURVE('',#531,#533,#8561,.T.);
#8559=EDGE_CURVE('',#533,#429,#8562,.T.);
#8560=LINE('',#428,#8563);
#8561=LINE('',#530,#8564);
#8562=LINE('',#532,#8565);
#8563=VECTOR('',#8566,1.0);
#8564=VECTOR('',#8567,1.0);
#8565=VECTOR('',#8568,1.0);
#8566=DIRECTION('',(-0.2389777635824396,0.5047798516724921,-0.8295100541034043));
#8567=DIRECTION('',(0.2768355476312207,0,0.960917311514223));
#8568=DIRECTION('',(0,-1,0));
#8569=FACE_SURFACE('',(#8574),#8570,.T.);
#8570=PLANE('',#8571);
#8571=AXIS2_PLACEMENT_3D('',#428,#8572,#8573);
#8572=DIRECTION('',(0.9238795114258432,0,-0.38268348326984947));
#8573=DIRECTION('',(0,1,0));
#8574=FACE_BOUND('',#8575,.T.);
#8575=EDGE_LOOP('',(#8576,#8577,#8578));
#8576=ORIENTED_EDGE('',*,*,#8579,.T.);
#8577=ORIENTED_EDGE('',*,*,#8580,.T.);
#8578=ORIENTED_EDGE('',*,*,#8581,.T.);
#8579=EDGE_CURVE('',#429,#533,#8582,.F.);
#8580=EDGE_CURVE('',#533,#431,#8583,.T.);
#8581=EDGE_CURVE('',#431,#429,#8584,.T.);
#8582=LINE('',#428,#8585);
#8583=LINE('',#532,#8586);
#8584=LINE('',#430,#8587);
#8585=VECTOR('',#8588,1.0);
#8586=VECTOR('',#8589,1.0);
#8587=VECTOR('',#8590,1.0);
#8588=DIRECTION('',(0,1,0));
#8589=DIRECTION('',(0.33035084075121746,-0.5047796431425174,0.7975373557921137));
#8590=DIRECTION('',(-0.38268348326984947,0,-0.9238795114258432));
#8591=FACE_SURFACE('',(#8596),#8592,.T.);
#8592=PLANE('',#8593);
#8593=AXIS2_PLACEMENT_3D('',#430,#8594,#8595);
#8594=DIRECTION('',(0.9238795114258432,0,-0.38268348326984947));
#8595=DIRECTION('',(-0.33035084075121746,0.5047796431425174,-0.7975373557921137));
#8596=FACE_BOUND('',#8597,.T.);
#8597=EDGE_LOOP('',(#8598,#8599,#8600));
#8598=ORIENTED_EDGE('',*,*,#8601,.T.);
#8599=ORIENTED_EDGE('',*,*,#8602,.T.);
#8600=ORIENTED_EDGE('',*,*,#8603,.T.);
#8601=EDGE_CURVE('',#431,#533,#8604,.F.);
#8602=EDGE_CURVE('',#533,#535,#8605,.T.);
#8603=EDGE_CURVE('',#535,#431,#8606,.T.);
#8604=LINE('',#430,#8607);
#8605=LINE('',#532,#8608);
#8606=LINE('',#534,#8609);
#8607=VECTOR('',#8610,1.0);
#8608=VECTOR('',#8611,1.0);
#8609=VECTOR('',#8612,1.0);
#8610=DIRECTION('',(-0.33035084075121746,0.5047796431425174,-0.7975373557921137));
#8611=DIRECTION('',(0.38268348326984947,0,0.9238795114258432));
#8612=DIRECTION('',(0,-1,0));
#8613=FACE_SURFACE('',(#8618),#8614,.T.);
#8614=PLANE('',#8615);
#8615=AXIS2_PLACEMENT_3D('',#430,#8616,#8617);
#8616=DIRECTION('',(0.8752237792353055,0,-0.4837182405709643));
#8617=DIRECTION('',(0,1,0));
#8618=FACE_BOUND('',#8619,.T.);
#8619=EDGE_LOOP('',(#8620,#8621,#8622));
#8620=ORIENTED_EDGE('',*,*,#8623,.T.);
#8621=ORIENTED_EDGE('',*,*,#8624,.T.);
#8622=ORIENTED_EDGE('',*,*,#8625,.T.);
#8623=EDGE_CURVE('',#431,#535,#8626,.F.);
#8624=EDGE_CURVE('',#535,#433,#8627,.T.);
#8625=EDGE_CURVE('',#433,#431,#8628,.T.);
#8626=LINE('',#430,#8629);
#8627=LINE('',#534,#8630);
#8628=LINE('',#432,#8631);
#8629=VECTOR('',#8632,1.0);
#8630=VECTOR('',#8633,1.0);
#8631=VECTOR('',#8634,1.0);
#8632=DIRECTION('',(0,1,0));
#8633=DIRECTION('',(0.417569084137492,-0.5047790503606172,0.75553568432577));
#8634=DIRECTION('',(-0.4837182405709643,0,-0.8752237792353055));
#8635=FACE_SURFACE('',(#8640),#8636,.T.);
#8636=PLANE('',#8637);
#8637=AXIS2_PLACEMENT_3D('',#432,#8638,#8639);
#8638=DIRECTION('',(0.8752237792353055,0,-0.4837182405709643));
#8639=DIRECTION('',(-0.417569084137492,0.5047790503606172,-0.75553568432577));
#8640=FACE_BOUND('',#8641,.T.);
#8641=EDGE_LOOP('',(#8642,#8643,#8644));
#8642=ORIENTED_EDGE('',*,*,#8645,.T.);
#8643=ORIENTED_EDGE('',*,*,#8646,.T.);
#8644=ORIENTED_EDGE('',*,*,#8647,.T.);
#8645=EDGE_CURVE('',#433,#535,#8648,.F.);
#8646=EDGE_CURVE('',#535,#537,#8649,.T.);
#8647=EDGE_CURVE('',#537,#433,#8650,.T.);
#8648=LINE('',#432,#8651);
#8649=LINE('',#534,#8652);
#8650=LINE('',#536,#8653);
#8651=VECTOR('',#8654,1.0);
#8652=VECTOR('',#8655,1.0);
#8653=VECTOR('',#8656,1.0);
#8654=DIRECTION('',(-0.417569084137492,0.5047790503606172,-0.75553568432577));
#8655=DIRECTION('',(0.4837182405709643,0,0.8752237792353055));
#8656=DIRECTION('',(0,-1,0));
#8657=FACE_SURFACE('',(#8662),#8658,.T.);
#8658=PLANE('',#8659);
#8659=AXIS2_PLACEMENT_3D('',#432,#8660,#8661);
#8660=DIRECTION('',(0.8155608421529467,0,-0.5786713339597672));
#8661=DIRECTION('',(0,1,0));
#8662=FACE_BOUND('',#8663,.T.);
#8663=EDGE_LOOP('',(#8664,#8665,#8666));
#8664=ORIENTED_EDGE('',*,*,#8667,.T.);
#8665=ORIENTED_EDGE('',*,*,#8668,.T.);
#8666=ORIENTED_EDGE('',*,*,#8669,.T.);
#8667=EDGE_CURVE('',#433,#537,#8670,.F.);
#8668=EDGE_CURVE('',#537,#435,#8671,.T.);
#8669=EDGE_CURVE('',#435,#433,#8672,.T.);
#8670=LINE('',#432,#8673);
#8671=LINE('',#536,#8674);
#8672=LINE('',#434,#8675);
#8673=VECTOR('',#8676,1.0);
#8674=VECTOR('',#8677,1.0);
#8675=VECTOR('',#8678,1.0);
#8676=DIRECTION('',(0,1,0));
#8677=DIRECTION('',(0.49953694527596243,-0.5047798242527237,0.7040313695651277));
#8678=DIRECTION('',(-0.5786713339597672,0,-0.8155608421529467));
#8679=FACE_SURFACE('',(#8684),#8680,.T.);
#8680=PLANE('',#8681);
#8681=AXIS2_PLACEMENT_3D('',#434,#8682,#8683);
#8682=DIRECTION('',(0.8155608421529467,0,-0.5786713339597672));
#8683=DIRECTION('',(-0.49953694527596243,0.5047798242527237,-0.7040313695651277));
#8684=FACE_BOUND('',#8685,.T.);
#8685=EDGE_LOOP('',(#8686,#8687,#8688));
#8686=ORIENTED_EDGE('',*,*,#8689,.T.);
#8687=ORIENTED_EDGE('',*,*,#8690,.T.);
#8688=ORIENTED_EDGE('',*,*,#8691,.T.);
#8689=EDGE_CURVE('',#435,#537,#8692,.F.);
#8690=EDGE_CURVE('',#537,#539,#8693,.T.);
#8691=EDGE_CURVE('',#539,#435,#8694,.T.);
#8692=LINE('',#434,#8695);
#8693=LINE('',#536,#8696);
#8694=LINE('',#538,#8697);
#8695=VECTOR('',#8698,1.0);
#8696=VECTOR('',#8699,1.0);
#8697=VECTOR('',#8700,1.0);
#8698=DIRECTION('',(-0.49953694527596243,0.5047798242527237,-0.7040313695651277));
#8699=DIRECTION('',(0.5786713339597672,0,0.8155608421529467));
#8700=DIRECTION('',(0,-1,0));
#8701=FACE_SURFACE('',(#8706),#8702,.T.);
#8702=PLANE('',#8703);
#8703=AXIS2_PLACEMENT_3D('',#434,#8704,#8705);
#8704=DIRECTION('',(0.7456427714881366,0,-0.6663458991601063));
#8705=DIRECTION('',(0,1,0));
#8706=FACE_BOUND('',#8707,.T.);
#8707=EDGE_LOOP('',(#8708,#8709,#8710));
#8708=ORIENTED_EDGE('',*,*,#8711,.T.);
#8709=ORIENTED_EDGE('',*,*,#8712,.T.);
#8710=ORIENTED_EDGE('',*,*,#8713,.T.);
#8711=EDGE_CURVE('',#435,#539,#8714,.F.);
#8712=EDGE_CURVE('',#539,#437,#8715,.T.);
#8713=EDGE_CURVE('',#437,#435,#8716,.T.);
#8714=LINE('',#434,#8717);
#8715=LINE('',#538,#8718);
#8716=LINE('',#436,#8719);
#8717=VECTOR('',#8720,1.0);
#8718=VECTOR('',#8721,1.0);
#8719=VECTOR('',#8722,1.0);
#8720=DIRECTION('',(0,1,0));
#8721=DIRECTION('',(0.5752221214994706,-0.5047791261356983,0.6436750303960292));
#8722=DIRECTION('',(-0.6663458991601063,0,-0.7456427714881366));
#8723=FACE_SURFACE('',(#8728),#8724,.T.);
#8724=PLANE('',#8725);
#8725=AXIS2_PLACEMENT_3D('',#436,#8726,#8727);
#8726=DIRECTION('',(0.7456427714881366,0,-0.6663458991601063));
#8727=DIRECTION('',(-0.5752221214994706,0.5047791261356983,-0.6436750303960292));
#8728=FACE_BOUND('',#8729,.T.);
#8729=EDGE_LOOP('',(#8730,#8731,#8732));
#8730=ORIENTED_EDGE('',*,*,#8733,.T.);
#8731=ORIENTED_EDGE('',*,*,#8734,.T.);
#8732=ORIENTED_EDGE('',*,*,#8735,.T.);
#8733=EDGE_CURVE('',#437,#539,#8736,.F.);
#8734=EDGE_CURVE('',#539,#541,#8737,.T.);
#8735=EDGE_CURVE('',#541,#437,#8738,.T.);
#8736=LINE('',#436,#8739);
#8737=LINE('',#538,#8740);
#8738=LINE('',#540,#8741);
#8739=VECTOR('',#8742,1.0);
#8740=VECTOR('',#8743,1.0);
#8741=VECTOR('',#8744,1.0);
#8742=DIRECTION('',(-0.5752221214994706,0.5047791261356983,-0.6436750303960292));
#8743=DIRECTION('',(0.6663458991601063,0,0.7456427714881366));
#8744=DIRECTION('',(0,-1,0));
#8745=FACE_SURFACE('',(#8750),#8746,.T.);
#8746=PLANE('',#8747);
#8747=AXIS2_PLACEMENT_3D('',#436,#8748,#8749);
#8748=DIRECTION('',(0.6663458002422262,0,-0.7456428598863849));
#8749=DIRECTION('',(0,1,0));
#8750=FACE_BOUND('',#8751,.T.);
#8751=EDGE_LOOP('',(#8752,#8753,#8754));
#8752=ORIENTED_EDGE('',*,*,#8755,.T.);
#8753=ORIENTED_EDGE('',*,*,#8756,.T.);
#8754=ORIENTED_EDGE('',*,*,#8757,.T.);
#8755=EDGE_CURVE('',#437,#541,#8758,.F.);
#8756=EDGE_CURVE('',#541,#439,#8759,.T.);
#8757=EDGE_CURVE('',#439,#437,#8760,.T.);
#8758=LINE('',#436,#8761);
#8759=LINE('',#540,#8762);
#8760=LINE('',#438,#8763);
#8761=VECTOR('',#8764,1.0);
#8762=VECTOR('',#8765,1.0);
#8763=VECTOR('',#8766,1.0);
#8764=DIRECTION('',(0,1,0));
#8765=DIRECTION('',(0.6436747192797218,-0.5047800147060345,0.5752216898844714));
#8766=DIRECTION('',(-0.7456428598863849,0,-0.6663458002422262));
#8767=FACE_SURFACE('',(#8772),#8768,.T.);
#8768=PLANE('',#8769);
#8769=AXIS2_PLACEMENT_3D('',#438,#8770,#8771);
#8770=DIRECTION('',(0.6663458002422262,0,-0.7456428598863849));
#8771=DIRECTION('',(-0.6436747192797218,0.5047800147060345,-0.5752216898844714));
#8772=FACE_BOUND('',#8773,.T.);
#8773=EDGE_LOOP('',(#8774,#8775,#8776));
#8774=ORIENTED_EDGE('',*,*,#8777,.T.);
#8775=ORIENTED_EDGE('',*,*,#8778,.T.);
#8776=ORIENTED_EDGE('',*,*,#8779,.T.);
#8777=EDGE_CURVE('',#439,#541,#8780,.F.);
#8778=EDGE_CURVE('',#541,#543,#8781,.T.);
#8779=EDGE_CURVE('',#543,#439,#8782,.T.);
#8780=LINE('',#438,#8783);
#8781=LINE('',#540,#8784);
#8782=LINE('',#542,#8785);
#8783=VECTOR('',#8786,1.0);
#8784=VECTOR('',#8787,1.0);
#8785=VECTOR('',#8788,1.0);
#8786=DIRECTION('',(-0.6436747192797218,0.5047800147060345,-0.5752216898844714));
#8787=DIRECTION('',(0.7456428598863849,0,0.6663458002422262));
#8788=DIRECTION('',(0,-1,0));
#8789=FACE_SURFACE('',(#8794),#8790,.T.);
#8790=PLANE('',#8791);
#8791=AXIS2_PLACEMENT_3D('',#438,#8792,#8793);
#8792=DIRECTION('',(0.5786721835343116,0,-0.8155602393469363));
#8793=DIRECTION('',(0,1,0));
#8794=FACE_BOUND('',#8795,.T.);
#8795=EDGE_LOOP('',(#8796,#8797,#8798));
#8796=ORIENTED_EDGE('',*,*,#8799,.T.);
#8797=ORIENTED_EDGE('',*,*,#8800,.T.);
#8798=ORIENTED_EDGE('',*,*,#8801,.T.);
#8799=EDGE_CURVE('',#439,#543,#8802,.F.);
#8800=EDGE_CURVE('',#543,#441,#8803,.T.);
#8801=EDGE_CURVE('',#441,#439,#8804,.T.);
#8802=LINE('',#438,#8805);
#8803=LINE('',#542,#8806);
#8804=LINE('',#440,#8807);
#8805=VECTOR('',#8808,1.0);
#8806=VECTOR('',#8809,1.0);
#8807=VECTOR('',#8810,1.0);
#8808=DIRECTION('',(0,1,0));
#8809=DIRECTION('',(0.7040311044463965,-0.5047792890136588,0.4995378597812705));
#8810=DIRECTION('',(-0.8155602393469363,0,-0.5786721835343116));
#8811=FACE_SURFACE('',(#8816),#8812,.T.);
#8812=PLANE('',#8813);
#8813=AXIS2_PLACEMENT_3D('',#440,#8814,#8815);
#8814=DIRECTION('',(0.5786721835343116,0,-0.8155602393469363));
#8815=DIRECTION('',(-0.7040311044463965,0.5047792890136588,-0.4995378597812705));
#8816=FACE_BOUND('',#8817,.T.);
#8817=EDGE_LOOP('',(#8818,#8819,#8820));
#8818=ORIENTED_EDGE('',*,*,#8821,.T.);
#8819=ORIENTED_EDGE('',*,*,#8822,.T.);
#8820=ORIENTED_EDGE('',*,*,#8823,.T.);
#8821=EDGE_CURVE('',#441,#543,#8824,.F.);
#8822=EDGE_CURVE('',#543,#545,#8825,.T.);
#8823=EDGE_CURVE('',#545,#441,#8826,.T.);
#8824=LINE('',#440,#8827);
#8825=LINE('',#542,#8828);
#8826=LINE('',#544,#8829);
#8827=VECTOR('',#8830,1.0);
#8828=VECTOR('',#8831,1.0);
#8829=VECTOR('',#8832,1.0);
#8830=DIRECTION('',(-0.7040311044463965,0.5047792890136588,-0.4995378597812705));
#8831=DIRECTION('',(0.8155602393469363,0,0.5786721835343116));
#8832=DIRECTION('',(0,-1,0));
#8833=FACE_SURFACE('',(#8838),#8834,.T.);
#8834=PLANE('',#8835);
#8835=AXIS2_PLACEMENT_3D('',#440,#8836,#8837);
#8836=DIRECTION('',(0.48371607666506755,0,-0.875224975178242));
#8837=DIRECTION('',(0,1,0));
#8838=FACE_BOUND('',#8839,.T.);
#8839=EDGE_LOOP('',(#8840,#8841,#8842));
#8840=ORIENTED_EDGE('',*,*,#8843,.T.);
#8841=ORIENTED_EDGE('',*,*,#8844,.T.);
#8842=ORIENTED_EDGE('',*,*,#8845,.T.);
#8843=EDGE_CURVE('',#441,#545,#8846,.F.);
#8844=EDGE_CURVE('',#545,#443,#8847,.T.);
#8845=EDGE_CURVE('',#443,#441,#8848,.T.);
#8846=LINE('',#440,#8849);
#8847=LINE('',#544,#8850);
#8848=LINE('',#442,#8851);
#8849=VECTOR('',#8852,1.0);
#8850=VECTOR('',#8853,1.0);
#8851=VECTOR('',#8854,1.0);
#8852=DIRECTION('',(0,1,0));
#8853=DIRECTION('',(0.7555360243514851,-0.5047804032195503,0.41756683349214907));
#8854=DIRECTION('',(-0.875224975178242,0,-0.48371607666506755));
#8855=FACE_SURFACE('',(#8860),#8856,.T.);
#8856=PLANE('',#8857);
#8857=AXIS2_PLACEMENT_3D('',#442,#8858,#8859);
#8858=DIRECTION('',(0.48371607666506755,0,-0.875224975178242));
#8859=DIRECTION('',(-0.7555360243514851,0.5047804032195503,-0.41756683349214907));
#8860=FACE_BOUND('',#8861,.T.);
#8861=EDGE_LOOP('',(#8862,#8863,#8864));
#8862=ORIENTED_EDGE('',*,*,#8865,.T.);
#8863=ORIENTED_EDGE('',*,*,#8866,.T.);
#8864=ORIENTED_EDGE('',*,*,#8867,.T.);
#8865=EDGE_CURVE('',#443,#545,#8868,.F.);
#8866=EDGE_CURVE('',#545,#547,#8869,.T.);
#8867=EDGE_CURVE('',#547,#443,#8870,.T.);
#8868=LINE('',#442,#8871);
#8869=LINE('',#544,#8872);
#8870=LINE('',#546,#8873);
#8871=VECTOR('',#8874,1.0);
#8872=VECTOR('',#8875,1.0);
#8873=VECTOR('',#8876,1.0);
#8874=DIRECTION('',(-0.7555360243514851,0.5047804032195503,-0.41756683349214907));
#8875=DIRECTION('',(0.875224975178242,0,0.48371607666506755));
#8876=DIRECTION('',(0,-1,0));
#8877=FACE_SURFACE('',(#8882),#8878,.T.);
#8878=PLANE('',#8879);
#8879=AXIS2_PLACEMENT_3D('',#442,#8880,#8881);
#8880=DIRECTION('',(0.3826853872233087,0,-0.9238787227800769));
#8881=DIRECTION('',(0,1,0));
#8882=FACE_BOUND('',#8883,.T.);
#8883=EDGE_LOOP('',(#8884,#8885,#8886));
#8884=ORIENTED_EDGE('',*,*,#8887,.T.);
#8885=ORIENTED_EDGE('',*,*,#8888,.T.);
#8886=ORIENTED_EDGE('',*,*,#8889,.T.);
#8887=EDGE_CURVE('',#443,#547,#8890,.F.);
#8888=EDGE_CURVE('',#547,#445,#8891,.T.);
#8889=EDGE_CURVE('',#445,#443,#8892,.T.);
#8890=LINE('',#442,#8893);
#8891=LINE('',#546,#8894);
#8892=LINE('',#444,#8895);
#8893=VECTOR('',#8896,1.0);
#8894=VECTOR('',#8897,1.0);
#8895=VECTOR('',#8898,1.0);
#8896=DIRECTION('',(0,1,0));
#8897=DIRECTION('',(0.7975368484636698,-0.5047793220427357,0.33035255618916215));
#8898=DIRECTION('',(-0.9238787227800769,0,-0.3826853872233087));
#8899=FACE_SURFACE('',(#8904),#8900,.T.);
#8900=PLANE('',#8901);
#8901=AXIS2_PLACEMENT_3D('',#444,#8902,#8903);
#8902=DIRECTION('',(0.3826853872233087,0,-0.9238787227800769));
#8903=DIRECTION('',(-0.7975368484636698,0.5047793220427357,-0.33035255618916215));
#8904=FACE_BOUND('',#8905,.T.);
#8905=EDGE_LOOP('',(#8906,#8907,#8908));
#8906=ORIENTED_EDGE('',*,*,#8909,.T.);
#8907=ORIENTED_EDGE('',*,*,#8910,.T.);
#8908=ORIENTED_EDGE('',*,*,#8911,.T.);
#8909=EDGE_CURVE('',#445,#547,#8912,.F.);
#8910=EDGE_CURVE('',#547,#549,#8913,.T.);
#8911=EDGE_CURVE('',#549,#445,#8914,.T.);
#8912=LINE('',#444,#8915);
#8913=LINE('',#546,#8916);
#8914=LINE('',#548,#8917);
#8915=VECTOR('',#8918,1.0);
#8916=VECTOR('',#8919,1.0);
#8917=VECTOR('',#8920,1.0);
#8918=DIRECTION('',(-0.7975368484636698,0.5047793220427357,-0.33035255618916215));
#8919=DIRECTION('',(0.9238787227800769,0,0.3826853872233087));
#8920=DIRECTION('',(0,-1,0));
#8921=FACE_SURFACE('',(#8926),#8922,.T.);
#8922=PLANE('',#8923);
#8923=AXIS2_PLACEMENT_3D('',#444,#8924,#8925);
#8924=DIRECTION('',(0.2768338916160893,0,-0.9609177886024858));
#8925=DIRECTION('',(0,1,0));
#8926=FACE_BOUND('',#8927,.T.);
#8927=EDGE_LOOP('',(#8928,#8929,#8930));
#8928=ORIENTED_EDGE('',*,*,#8931,.T.);
#8929=ORIENTED_EDGE('',*,*,#8932,.T.);
#8930=ORIENTED_EDGE('',*,*,#8933,.T.);
#8931=EDGE_CURVE('',#445,#549,#8934,.F.);
#8932=EDGE_CURVE('',#549,#447,#8935,.T.);
#8933=EDGE_CURVE('',#447,#445,#8936,.T.);
#8934=LINE('',#444,#8937);
#8935=LINE('',#548,#8938);
#8936=LINE('',#446,#8939);
#8937=VECTOR('',#8940,1.0);
#8938=VECTOR('',#8941,1.0);
#8939=VECTOR('',#8942,1.0);
#8940=DIRECTION('',(0,1,0));
#8941=DIRECTION('',(0.8295104530052592,-0.5047798747084018,0.23897633030151716));
#8942=DIRECTION('',(-0.9609177886024858,0,-0.2768338916160893));
#8943=FACE_SURFACE('',(#8948),#8944,.T.);
#8944=PLANE('',#8945);
#8945=AXIS2_PLACEMENT_3D('',#446,#8946,#8947);
#8946=DIRECTION('',(0.2768338916160893,0,-0.9609177886024858));
#8947=DIRECTION('',(-0.8295104530052592,0.5047798747084018,-0.23897633030151716));
#8948=FACE_BOUND('',#8949,.T.);
#8949=EDGE_LOOP('',(#8950,#8951,#8952));
#8950=ORIENTED_EDGE('',*,*,#8953,.T.);
#8951=ORIENTED_EDGE('',*,*,#8954,.T.);
#8952=ORIENTED_EDGE('',*,*,#8955,.T.);
#8953=EDGE_CURVE('',#447,#549,#8956,.F.);
#8954=EDGE_CURVE('',#549,#551,#8957,.T.);
#8955=EDGE_CURVE('',#551,#447,#8958,.T.);
#8956=LINE('',#446,#8959);
#8957=LINE('',#548,#8960);
#8958=LINE('',#550,#8961);
#8959=VECTOR('',#8962,1.0);
#8960=VECTOR('',#8963,1.0);
#8961=VECTOR('',#8964,1.0);
#8962=DIRECTION('',(-0.8295104530052592,0.5047798747084018,-0.23897633030151716));
#8963=DIRECTION('',(0.9609177886024858,0,0.2768338916160893));
#8964=DIRECTION('',(0,-1,0));
#8965=FACE_SURFACE('',(#8970),#8966,.T.);
#8966=PLANE('',#8967);
#8967=AXIS2_PLACEMENT_3D('',#446,#8968,#8969);
#8968=DIRECTION('',(0.16750640870286568,0,-0.9858709870178088));
#8969=DIRECTION('',(0,1,0));
#8970=FACE_BOUND('',#8971,.T.);
#8971=EDGE_LOOP('',(#8972,#8973,#8974));
#8972=ORIENTED_EDGE('',*,*,#8975,.T.);
#8973=ORIENTED_EDGE('',*,*,#8976,.T.);
#8974=ORIENTED_EDGE('',*,*,#8977,.T.);
#8975=EDGE_CURVE('',#447,#551,#8978,.F.);
#8976=EDGE_CURVE('',#551,#449,#8979,.T.);
#8977=EDGE_CURVE('',#449,#447,#8980,.T.);
#8978=LINE('',#446,#8981);
#8979=LINE('',#550,#8982);
#8980=LINE('',#448,#8983);
#8981=VECTOR('',#8984,1.0);
#8982=VECTOR('',#8985,1.0);
#8983=VECTOR('',#8986,1.0);
#8984=DIRECTION('',(0,1,0));
#8985=DIRECTION('',(0.8510513990462534,-0.504779623219913,0.14459961328916987));
#8986=DIRECTION('',(-0.9858709870178088,0,-0.16750640870286568));
#8987=FACE_SURFACE('',(#8992),#8988,.T.);
#8988=PLANE('',#8989);
#8989=AXIS2_PLACEMENT_3D('',#448,#8990,#8991);
#8990=DIRECTION('',(0.16750640870286568,0,-0.9858709870178088));
#8991=DIRECTION('',(-0.8510513990462534,0.504779623219913,-0.14459961328916987));
#8992=FACE_BOUND('',#8993,.T.);
#8993=EDGE_LOOP('',(#8994,#8995,#8996));
#8994=ORIENTED_EDGE('',*,*,#8997,.T.);
#8995=ORIENTED_EDGE('',*,*,#8998,.T.);
#8996=ORIENTED_EDGE('',*,*,#8999,.T.);
#8997=EDGE_CURVE('',#449,#551,#9000,.F.);
#8998=EDGE_CURVE('',#551,#553,#9001,.T.);
#8999=EDGE_CURVE('',#553,#449,#9002,.T.);
#9000=LINE('',#448,#9003);
#9001=LINE('',#550,#9004);
#9002=LINE('',#552,#9005);
#9003=VECTOR('',#9006,1.0);
#9004=VECTOR('',#9007,1.0);
#9005=VECTOR('',#9008,1.0);
#9006=DIRECTION('',(-0.8510513990462534,0.504779623219913,-0.14459961328916987));
#9007=DIRECTION('',(0.9858709870178088,0,0.16750640870286568));
#9008=DIRECTION('',(0,-1,0));
#9009=FACE_SURFACE('',(#9014),#9010,.T.);
#9010=PLANE('',#9011);
#9011=AXIS2_PLACEMENT_3D('',#448,#9012,#9013);
#9012=DIRECTION('',(0.056073395450851195,0,-0.9984266494453223));
#9013=DIRECTION('',(0,1,0));
#9014=FACE_BOUND('',#9015,.T.);
#9015=EDGE_LOOP('',(#9016,#9017,#9018));
#9016=ORIENTED_EDGE('',*,*,#9019,.T.);
#9017=ORIENTED_EDGE('',*,*,#9020,.T.);
#9018=ORIENTED_EDGE('',*,*,#9021,.T.);
#9019=EDGE_CURVE('',#449,#553,#9022,.F.);
#9020=EDGE_CURVE('',#553,#387,#9023,.T.);
#9021=EDGE_CURVE('',#387,#449,#9024,.T.);
#9022=LINE('',#448,#9025);
#9023=LINE('',#552,#9026);
#9024=LINE('',#386,#9027);
#9025=VECTOR('',#9028,1.0);
#9026=VECTOR('',#9029,1.0);
#9027=VECTOR('',#9030,1.0);
#9028=DIRECTION('',(0,1,0));
#9029=DIRECTION('',(0.861890080969323,-0.5047795746240665,0.048405261790846955));
#9030=DIRECTION('',(-0.9984266494453223,0,-0.056073395450851195));
#9031=FACE_SURFACE('',(#9036),#9032,.T.);
#9032=PLANE('',#9033);
#9033=AXIS2_PLACEMENT_3D('',#386,#9034,#9035);
#9034=DIRECTION('',(0.056073395450851195,0,-0.9984266494453223));
#9035=DIRECTION('',(-0.861890080969323,0.5047795746240665,-0.048405261790846955));
#9036=FACE_BOUND('',#9037,.T.);
#9037=EDGE_LOOP('',(#9038,#9039,#9040));
#9038=ORIENTED_EDGE('',*,*,#9041,.T.);
#9039=ORIENTED_EDGE('',*,*,#9042,.T.);
#9040=ORIENTED_EDGE('',*,*,#9043,.T.);
#9041=EDGE_CURVE('',#387,#553,#9044,.F.);
#9042=EDGE_CURVE('',#553,#555,#9045,.T.);
#9043=EDGE_CURVE('',#555,#387,#9046,.T.);
#9044=LINE('',#386,#9047);
#9045=LINE('',#552,#9048);
#9046=LINE('',#554,#9049);
#9047=VECTOR('',#9050,1.0);
#9048=VECTOR('',#9051,1.0);
#9049=VECTOR('',#9052,1.0);
#9050=DIRECTION('',(-0.861890080969323,0.5047795746240665,-0.048405261790846955));
#9051=DIRECTION('',(0.9984266494453223,0,0.056073395450851195));
#9052=DIRECTION('',(0,-1,0));
#9053=FACE_SURFACE('',(#9058),#9054,.T.);
#9054=PLANE('',#9055);
#9055=AXIS2_PLACEMENT_3D('',#386,#9056,#9057);
#9056=DIRECTION('',(-0.05607339907900922,0,-0.9984266492415586));
#9057=DIRECTION('',(0,1,0));
#9058=FACE_BOUND('',#9059,.T.);
#9059=EDGE_LOOP('',(#9060,#9061,#9062));
#9060=ORIENTED_EDGE('',*,*,#9063,.T.);
#9061=ORIENTED_EDGE('',*,*,#9064,.T.);
#9062=ORIENTED_EDGE('',*,*,#9065,.T.);
#9063=EDGE_CURVE('',#387,#555,#9066,.F.);
#9064=EDGE_CURVE('',#555,#389,#9067,.T.);
#9065=EDGE_CURVE('',#389,#387,#9068,.T.);
#9066=LINE('',#386,#9069);
#9067=LINE('',#554,#9070);
#9068=LINE('',#388,#9071);
#9069=VECTOR('',#9072,1.0);
#9070=VECTOR('',#9073,1.0);
#9071=VECTOR('',#9074,1.0);
#9072=DIRECTION('',(0,1,0));
#9073=DIRECTION('',(0.8618900665837288,-0.5047795989630557,-0.04840526412480657));
#9074=DIRECTION('',(-0.9984266492415586,0,0.05607339907900922));
#9075=FACE_SURFACE('',(#9080),#9076,.T.);
#9076=PLANE('',#9077);
#9077=AXIS2_PLACEMENT_3D('',#388,#9078,#9079);
#9078=DIRECTION('',(-0.05607339907900922,0,-0.9984266492415586));
#9079=DIRECTION('',(-0.8618900665837288,0.5047795989630557,0.04840526412480657));
#9080=FACE_BOUND('',#9081,.T.);
#9081=EDGE_LOOP('',(#9082,#9083,#9084));
#9082=ORIENTED_EDGE('',*,*,#9085,.T.);
#9083=ORIENTED_EDGE('',*,*,#9086,.T.);
#9084=ORIENTED_EDGE('',*,*,#9087,.T.);
#9085=EDGE_CURVE('',#389,#555,#9088,.F.);
#9086=EDGE_CURVE('',#555,#557,#9089,.T.);
#9087=EDGE_CURVE('',#557,#389,#9090,.T.);
#9088=LINE('',#388,#9091);
#9089=LINE('',#554,#9092);
#9090=LINE('',#556,#9093);
#9091=VECTOR('',#9094,1.0);
#9092=VECTOR('',#9095,1.0);
#9093=VECTOR('',#9096,1.0);
#9094=DIRECTION('',(-0.8618900665837288,0.5047795989630557,0.04840526412480657));
#9095=DIRECTION('',(0.9984266492415586,0,-0.05607339907900922));
#9096=DIRECTION('',(0,-1,0));
#9097=FACE_SURFACE('',(#9102),#9098,.T.);
#9098=PLANE('',#9099);
#9099=AXIS2_PLACEMENT_3D('',#388,#9100,#9101);
#9100=DIRECTION('',(-0.16750640870286568,0,-0.9858709870178088));
#9101=DIRECTION('',(0,1,0));
#9102=FACE_BOUND('',#9103,.T.);
#9103=EDGE_LOOP('',(#9104,#9105,#9106));
#9104=ORIENTED_EDGE('',*,*,#9107,.T.);
#9105=ORIENTED_EDGE('',*,*,#9108,.T.);
#9106=ORIENTED_EDGE('',*,*,#9109,.T.);
#9107=EDGE_CURVE('',#389,#557,#9110,.F.);
#9108=EDGE_CURVE('',#557,#391,#9111,.T.);
#9109=EDGE_CURVE('',#391,#389,#9112,.T.);
#9110=LINE('',#388,#9113);
#9111=LINE('',#556,#9114);
#9112=LINE('',#390,#9115);
#9113=VECTOR('',#9116,1.0);
#9114=VECTOR('',#9117,1.0);
#9115=VECTOR('',#9118,1.0);
#9116=DIRECTION('',(0,1,0));
#9117=DIRECTION('',(0.8510513990462534,-0.504779623219913,-0.14459961328916987));
#9118=DIRECTION('',(-0.9858709870178088,0,0.16750640870286568));
#9119=FACE_SURFACE('',(#9124),#9120,.T.);
#9120=PLANE('',#9121);
#9121=AXIS2_PLACEMENT_3D('',#390,#9122,#9123);
#9122=DIRECTION('',(-0.16750640870286568,0,-0.9858709870178088));
#9123=DIRECTION('',(-0.8510513990462534,0.504779623219913,0.14459961328916987));
#9124=FACE_BOUND('',#9125,.T.);
#9125=EDGE_LOOP('',(#9126,#9127,#9128));
#9126=ORIENTED_EDGE('',*,*,#9129,.T.);
#9127=ORIENTED_EDGE('',*,*,#9130,.T.);
#9128=ORIENTED_EDGE('',*,*,#9131,.T.);
#9129=EDGE_CURVE('',#391,#557,#9132,.F.);
#9130=EDGE_CURVE('',#557,#559,#9133,.T.);
#9131=EDGE_CURVE('',#559,#391,#9134,.T.);
#9132=LINE('',#390,#9135);
#9133=LINE('',#556,#9136);
#9134=LINE('',#558,#9137);
#9135=VECTOR('',#9138,1.0);
#9136=VECTOR('',#9139,1.0);
#9137=VECTOR('',#9140,1.0);
#9138=DIRECTION('',(-0.8510513990462534,0.504779623219913,0.14459961328916987));
#9139=DIRECTION('',(0.9858709870178088,0,-0.16750640870286568));
#9140=DIRECTION('',(0,-1,0));
#9141=FACE_SURFACE('',(#9146),#9142,.T.);
#9142=PLANE('',#9143);
#9143=AXIS2_PLACEMENT_3D('',#390,#9144,#9145);
#9144=DIRECTION('',(-0.2768338916160893,0,-0.9609177886024858));
#9145=DIRECTION('',(0,1,0));
#9146=FACE_BOUND('',#9147,.T.);
#9147=EDGE_LOOP('',(#9148,#9149,#9150));
#9148=ORIENTED_EDGE('',*,*,#9151,.T.);
#9149=ORIENTED_EDGE('',*,*,#9152,.T.);
#9150=ORIENTED_EDGE('',*,*,#9153,.T.);
#9151=EDGE_CURVE('',#391,#559,#9154,.F.);
#9152=EDGE_CURVE('',#559,#451,#9155,.T.);
#9153=EDGE_CURVE('',#451,#391,#9156,.T.);
#9154=LINE('',#390,#9157);
#9155=LINE('',#558,#9158);
#9156=LINE('',#450,#9159);
#9157=VECTOR('',#9160,1.0);
#9158=VECTOR('',#9161,1.0);
#9159=VECTOR('',#9162,1.0);
#9160=DIRECTION('',(0,1,0));
#9161=DIRECTION('',(0.8295104530052592,-0.5047798747084018,-0.23897633030151716));
#9162=DIRECTION('',(-0.9609177886024858,0,0.2768338916160893));
#9163=FACE_SURFACE('',(#9168),#9164,.T.);
#9164=PLANE('',#9165);
#9165=AXIS2_PLACEMENT_3D('',#450,#9166,#9167);
#9166=DIRECTION('',(-0.2768338916160893,0,-0.9609177886024858));
#9167=DIRECTION('',(-0.8295104530052592,0.5047798747084018,0.23897633030151716));
#9168=FACE_BOUND('',#9169,.T.);
#9169=EDGE_LOOP('',(#9170,#9171,#9172));
#9170=ORIENTED_EDGE('',*,*,#9173,.T.);
#9171=ORIENTED_EDGE('',*,*,#9174,.T.);
#9172=ORIENTED_EDGE('',*,*,#9175,.T.);
#9173=EDGE_CURVE('',#451,#559,#9176,.F.);
#9174=EDGE_CURVE('',#559,#561,#9177,.T.);
#9175=EDGE_CURVE('',#561,#451,#9178,.T.);
#9176=LINE('',#450,#9179);
#9177=LINE('',#558,#9180);
#9178=LINE('',#560,#9181);
#9179=VECTOR('',#9182,1.0);
#9180=VECTOR('',#9183,1.0);
#9181=VECTOR('',#9184,1.0);
#9182=DIRECTION('',(-0.8295104530052592,0.5047798747084018,0.23897633030151716));
#9183=DIRECTION('',(0.9609177886024858,0,-0.2768338916160893));
#9184=DIRECTION('',(0,-1,0));
#9185=FACE_SURFACE('',(#9190),#9186,.T.);
#9186=PLANE('',#9187);
#9187=AXIS2_PLACEMENT_3D('',#450,#9188,#9189);
#9188=DIRECTION('',(-0.3826853872233087,0,-0.9238787227800769));
#9189=DIRECTION('',(0,1,0));
#9190=FACE_BOUND('',#9191,.T.);
#9191=EDGE_LOOP('',(#9192,#9193,#9194));
#9192=ORIENTED_EDGE('',*,*,#9195,.T.);
#9193=ORIENTED_EDGE('',*,*,#9196,.T.);
#9194=ORIENTED_EDGE('',*,*,#9197,.T.);
#9195=EDGE_CURVE('',#451,#561,#9198,.F.);
#9196=EDGE_CURVE('',#561,#453,#9199,.T.);
#9197=EDGE_CURVE('',#453,#451,#9200,.T.);
#9198=LINE('',#450,#9201);
#9199=LINE('',#560,#9202);
#9200=LINE('',#452,#9203);
#9201=VECTOR('',#9204,1.0);
#9202=VECTOR('',#9205,1.0);
#9203=VECTOR('',#9206,1.0);
#9204=DIRECTION('',(0,1,0));
#9205=DIRECTION('',(0.7975368484636698,-0.5047793220427357,-0.33035255618916215));
#9206=DIRECTION('',(-0.9238787227800769,0,0.3826853872233087));
#9207=FACE_SURFACE('',(#9212),#9208,.T.);
#9208=PLANE('',#9209);
#9209=AXIS2_PLACEMENT_3D('',#452,#9210,#9211);
#9210=DIRECTION('',(-0.3826853872233087,0,-0.9238787227800769));
#9211=DIRECTION('',(-0.7975368484636698,0.5047793220427357,0.33035255618916215));
#9212=FACE_BOUND('',#9213,.T.);
#9213=EDGE_LOOP('',(#9214,#9215,#9216));
#9214=ORIENTED_EDGE('',*,*,#9217,.T.);
#9215=ORIENTED_EDGE('',*,*,#9218,.T.);
#9216=ORIENTED_EDGE('',*,*,#9219,.T.);
#9217=EDGE_CURVE('',#453,#561,#9220,.F.);
#9218=EDGE_CURVE('',#561,#563,#9221,.T.);
#9219=EDGE_CURVE('',#563,#453,#9222,.T.);
#9220=LINE('',#452,#9223);
#9221=LINE('',#560,#9224);
#9222=LINE('',#562,#9225);
#9223=VECTOR('',#9226,1.0);
#9224=VECTOR('',#9227,1.0);
#9225=VECTOR('',#9228,1.0);
#9226=DIRECTION('',(-0.7975368484636698,0.5047793220427357,0.33035255618916215));
#9227=DIRECTION('',(0.9238787227800769,0,-0.3826853872233087));
#9228=DIRECTION('',(0,-1,0));
#9229=FACE_SURFACE('',(#9234),#9230,.T.);
#9230=PLANE('',#9231);
#9231=AXIS2_PLACEMENT_3D('',#452,#9232,#9233);
#9232=DIRECTION('',(-0.4837158405753119,0,-0.8752251056594066));
#9233=DIRECTION('',(0,1,0));
#9234=FACE_BOUND('',#9235,.T.);
#9235=EDGE_LOOP('',(#9236,#9237,#9238));
#9236=ORIENTED_EDGE('',*,*,#9239,.T.);
#9237=ORIENTED_EDGE('',*,*,#9240,.T.);
#9238=ORIENTED_EDGE('',*,*,#9241,.T.);
#9239=EDGE_CURVE('',#453,#563,#9242,.F.);
#9240=EDGE_CURVE('',#563,#455,#9243,.T.);
#9241=EDGE_CURVE('',#455,#453,#9244,.T.);
#9242=LINE('',#452,#9245);
#9243=LINE('',#562,#9246);
#9244=LINE('',#454,#9247);
#9245=VECTOR('',#9248,1.0);
#9246=VECTOR('',#9249,1.0);
#9247=VECTOR('',#9250,1.0);
#9248=DIRECTION('',(0,1,0));
#9249=DIRECTION('',(0.7555362309498843,-0.5047802196248515,-0.41756668161807364));
#9250=DIRECTION('',(-0.8752251056594066,0,0.4837158405753119));
#9251=FACE_SURFACE('',(#9256),#9252,.T.);
#9252=PLANE('',#9253);
#9253=AXIS2_PLACEMENT_3D('',#454,#9254,#9255);
#9254=DIRECTION('',(-0.4837158405753119,0,-0.8752251056594066));
#9255=DIRECTION('',(-0.7555362309498843,0.5047802196248515,0.41756668161807364));
#9256=FACE_BOUND('',#9257,.T.);
#9257=EDGE_LOOP('',(#9258,#9259,#9260));
#9258=ORIENTED_EDGE('',*,*,#9261,.T.);
#9259=ORIENTED_EDGE('',*,*,#9262,.T.);
#9260=ORIENTED_EDGE('',*,*,#9263,.T.);
#9261=EDGE_CURVE('',#455,#563,#9264,.F.);
#9262=EDGE_CURVE('',#563,#565,#9265,.T.);
#9263=EDGE_CURVE('',#565,#455,#9266,.T.);
#9264=LINE('',#454,#9267);
#9265=LINE('',#562,#9268);
#9266=LINE('',#564,#9269);
#9267=VECTOR('',#9270,1.0);
#9268=VECTOR('',#9271,1.0);
#9269=VECTOR('',#9272,1.0);
#9270=DIRECTION('',(-0.7555362309498843,0.5047802196248515,0.41756668161807364));
#9271=DIRECTION('',(0.8752251056594066,0,-0.4837158405753119));
#9272=DIRECTION('',(0,-1,0));
#9273=FACE_SURFACE('',(#9278),#9274,.T.);
#9274=PLANE('',#9275);
#9275=AXIS2_PLACEMENT_3D('',#454,#9276,#9277);
#9276=DIRECTION('',(-0.5786724467153591,0,-0.8155600526095304));
#9277=DIRECTION('',(0,1,0));
#9278=FACE_BOUND('',#9279,.T.);
#9279=EDGE_LOOP('',(#9280,#9281,#9282));
#9280=ORIENTED_EDGE('',*,*,#9283,.T.);
#9281=ORIENTED_EDGE('',*,*,#9284,.T.);
#9282=ORIENTED_EDGE('',*,*,#9285,.T.);
#9283=EDGE_CURVE('',#455,#565,#9286,.F.);
#9284=EDGE_CURVE('',#565,#457,#9287,.T.);
#9285=EDGE_CURVE('',#457,#455,#9288,.T.);
#9286=LINE('',#454,#9289);
#9287=LINE('',#564,#9290);
#9288=LINE('',#456,#9291);
#9289=VECTOR('',#9292,1.0);
#9290=VECTOR('',#9293,1.0);
#9291=VECTOR('',#9294,1.0);
#9292=DIRECTION('',(0,1,0));
#9293=DIRECTION('',(0.7040308616593987,-0.5047794600920119,-0.49953802908321354));
#9294=DIRECTION('',(-0.8155600526095304,0,0.5786724467153591));
#9295=FACE_SURFACE('',(#9300),#9296,.T.);
#9296=PLANE('',#9297);
#9297=AXIS2_PLACEMENT_3D('',#456,#9298,#9299);
#9298=DIRECTION('',(-0.5786724467153591,0,-0.8155600526095304));
#9299=DIRECTION('',(-0.7040308616593987,0.5047794600920119,0.49953802908321354));
#9300=FACE_BOUND('',#9301,.T.);
#9301=EDGE_LOOP('',(#9302,#9303,#9304));
#9302=ORIENTED_EDGE('',*,*,#9305,.T.);
#9303=ORIENTED_EDGE('',*,*,#9306,.T.);
#9304=ORIENTED_EDGE('',*,*,#9307,.T.);
#9305=EDGE_CURVE('',#457,#565,#9308,.F.);
#9306=EDGE_CURVE('',#565,#567,#9309,.T.);
#9307=EDGE_CURVE('',#567,#457,#9310,.T.);
#9308=LINE('',#456,#9311);
#9309=LINE('',#564,#9312);
#9310=LINE('',#566,#9313);
#9311=VECTOR('',#9314,1.0);
#9312=VECTOR('',#9315,1.0);
#9313=VECTOR('',#9316,1.0);
#9314=DIRECTION('',(-0.7040308616593987,0.5047794600920119,0.49953802908321354));
#9315=DIRECTION('',(0.8155600526095304,0,-0.5786724467153591));
#9316=DIRECTION('',(0,-1,0));
#9317=FACE_SURFACE('',(#9322),#9318,.T.);
#9318=PLANE('',#9319);
#9319=AXIS2_PLACEMENT_3D('',#456,#9320,#9321);
#9320=DIRECTION('',(-0.6663458002422262,0,-0.7456428598863849));
#9321=DIRECTION('',(0,1,0));
#9322=FACE_BOUND('',#9323,.T.);
#9323=EDGE_LOOP('',(#9324,#9325,#9326));
#9324=ORIENTED_EDGE('',*,*,#9327,.T.);
#9325=ORIENTED_EDGE('',*,*,#9328,.T.);
#9326=ORIENTED_EDGE('',*,*,#9329,.T.);
#9327=EDGE_CURVE('',#457,#567,#9330,.F.);
#9328=EDGE_CURVE('',#567,#459,#9331,.T.);
#9329=EDGE_CURVE('',#459,#457,#9332,.T.);
#9330=LINE('',#456,#9333);
#9331=LINE('',#566,#9334);
#9332=LINE('',#458,#9335);
#9333=VECTOR('',#9336,1.0);
#9334=VECTOR('',#9337,1.0);
#9335=VECTOR('',#9338,1.0);
#9336=DIRECTION('',(0,1,0));
#9337=DIRECTION('',(0.6436747192797218,-0.5047800147060345,-0.5752216898844714));
#9338=DIRECTION('',(-0.7456428598863849,0,0.6663458002422262));
#9339=FACE_SURFACE('',(#9344),#9340,.T.);
#9340=PLANE('',#9341);
#9341=AXIS2_PLACEMENT_3D('',#458,#9342,#9343);
#9342=DIRECTION('',(-0.6663458002422262,0,-0.7456428598863849));
#9343=DIRECTION('',(-0.6436747192797218,0.5047800147060345,0.5752216898844714));
#9344=FACE_BOUND('',#9345,.T.);
#9345=EDGE_LOOP('',(#9346,#9347,#9348));
#9346=ORIENTED_EDGE('',*,*,#9349,.T.);
#9347=ORIENTED_EDGE('',*,*,#9350,.T.);
#9348=ORIENTED_EDGE('',*,*,#9351,.T.);
#9349=EDGE_CURVE('',#459,#567,#9352,.F.);
#9350=EDGE_CURVE('',#567,#569,#9353,.T.);
#9351=EDGE_CURVE('',#569,#459,#9354,.T.);
#9352=LINE('',#458,#9355);
#9353=LINE('',#566,#9356);
#9354=LINE('',#568,#9357);
#9355=VECTOR('',#9358,1.0);
#9356=VECTOR('',#9359,1.0);
#9357=VECTOR('',#9360,1.0);
#9358=DIRECTION('',(-0.6436747192797218,0.5047800147060345,0.5752216898844714));
#9359=DIRECTION('',(0.7456428598863849,0,-0.6663458002422262));
#9360=DIRECTION('',(0,-1,0));
#9361=FACE_SURFACE('',(#9366),#9362,.T.);
#9362=PLANE('',#9363);
#9363=AXIS2_PLACEMENT_3D('',#458,#9364,#9365);
#9364=DIRECTION('',(-0.7456427714881366,0,-0.6663458991601063));
#9365=DIRECTION('',(0,1,0));
#9366=FACE_BOUND('',#9367,.T.);
#9367=EDGE_LOOP('',(#9368,#9369,#9370));
#9368=ORIENTED_EDGE('',*,*,#9371,.T.);
#9369=ORIENTED_EDGE('',*,*,#9372,.T.);
#9370=ORIENTED_EDGE('',*,*,#9373,.T.);
#9371=EDGE_CURVE('',#459,#569,#9374,.F.);
#9372=EDGE_CURVE('',#569,#461,#9375,.T.);
#9373=EDGE_CURVE('',#461,#459,#9376,.T.);
#9374=LINE('',#458,#9377);
#9375=LINE('',#568,#9378);
#9376=LINE('',#460,#9379);
#9377=VECTOR('',#9380,1.0);
#9378=VECTOR('',#9381,1.0);
#9379=VECTOR('',#9382,1.0);
#9380=DIRECTION('',(0,1,0));
#9381=DIRECTION('',(0.5752221214994706,-0.5047791261356983,-0.6436750303960292));
#9382=DIRECTION('',(-0.6663458991601063,0,0.7456427714881366));
#9383=FACE_SURFACE('',(#9388),#9384,.T.);
#9384=PLANE('',#9385);
#9385=AXIS2_PLACEMENT_3D('',#460,#9386,#9387);
#9386=DIRECTION('',(-0.7456427714881366,0,-0.6663458991601063));
#9387=DIRECTION('',(-0.5752221214994706,0.5047791261356983,0.6436750303960292));
#9388=FACE_BOUND('',#9389,.T.);
#9389=EDGE_LOOP('',(#9390,#9391,#9392));
#9390=ORIENTED_EDGE('',*,*,#9393,.T.);
#9391=ORIENTED_EDGE('',*,*,#9394,.T.);
#9392=ORIENTED_EDGE('',*,*,#9395,.T.);
#9393=EDGE_CURVE('',#461,#569,#9396,.F.);
#9394=EDGE_CURVE('',#569,#571,#9397,.T.);
#9395=EDGE_CURVE('',#571,#461,#9398,.T.);
#9396=LINE('',#460,#9399);
#9397=LINE('',#568,#9400);
#9398=LINE('',#570,#9401);
#9399=VECTOR('',#9402,1.0);
#9400=VECTOR('',#9403,1.0);
#9401=VECTOR('',#9404,1.0);
#9402=DIRECTION('',(-0.5752221214994706,0.5047791261356983,0.6436750303960292));
#9403=DIRECTION('',(0.6663458991601063,0,-0.7456427714881366));
#9404=DIRECTION('',(0,-1,0));
#9405=FACE_SURFACE('',(#9410),#9406,.T.);
#9406=PLANE('',#9407);
#9407=AXIS2_PLACEMENT_3D('',#460,#9408,#9409);
#9408=DIRECTION('',(-0.8155608421529467,0,-0.5786713339597672));
#9409=DIRECTION('',(0,1,0));
#9410=FACE_BOUND('',#9411,.T.);
#9411=EDGE_LOOP('',(#9412,#9413,#9414));
#9412=ORIENTED_EDGE('',*,*,#9415,.T.);
#9413=ORIENTED_EDGE('',*,*,#9416,.T.);
#9414=ORIENTED_EDGE('',*,*,#9417,.T.);
#9415=EDGE_CURVE('',#461,#571,#9418,.F.);
#9416=EDGE_CURVE('',#571,#463,#9419,.T.);
#9417=EDGE_CURVE('',#463,#461,#9420,.T.);
#9418=LINE('',#460,#9421);
#9419=LINE('',#570,#9422);
#9420=LINE('',#462,#9423);
#9421=VECTOR('',#9424,1.0);
#9422=VECTOR('',#9425,1.0);
#9423=VECTOR('',#9426,1.0);
#9424=DIRECTION('',(0,1,0));
#9425=DIRECTION('',(0.49953694527596243,-0.5047798242527237,-0.7040313695651277));
#9426=DIRECTION('',(-0.5786713339597672,0,0.8155608421529467));
#9427=FACE_SURFACE('',(#9432),#9428,.T.);
#9428=PLANE('',#9429);
#9429=AXIS2_PLACEMENT_3D('',#462,#9430,#9431);
#9430=DIRECTION('',(-0.8155608421529467,0,-0.5786713339597672));
#9431=DIRECTION('',(-0.49953694527596243,0.5047798242527237,0.7040313695651277));
#9432=FACE_BOUND('',#9433,.T.);
#9433=EDGE_LOOP('',(#9434,#9435,#9436));
#9434=ORIENTED_EDGE('',*,*,#9437,.T.);
#9435=ORIENTED_EDGE('',*,*,#9438,.T.);
#9436=ORIENTED_EDGE('',*,*,#9439,.T.);
#9437=EDGE_CURVE('',#463,#571,#9440,.F.);
#9438=EDGE_CURVE('',#571,#573,#9441,.T.);
#9439=EDGE_CURVE('',#573,#463,#9442,.T.);
#9440=LINE('',#462,#9443);
#9441=LINE('',#570,#9444);
#9442=LINE('',#572,#9445);
#9443=VECTOR('',#9446,1.0);
#9444=VECTOR('',#9447,1.0);
#9445=VECTOR('',#9448,1.0);
#9446=DIRECTION('',(-0.49953694527596243,0.5047798242527237,0.7040313695651277));
#9447=DIRECTION('',(0.5786713339597672,0,-0.8155608421529467));
#9448=DIRECTION('',(0,-1,0));
#9449=FACE_SURFACE('',(#9454),#9450,.T.);
#9450=PLANE('',#9451);
#9451=AXIS2_PLACEMENT_3D('',#462,#9452,#9453);
#9452=DIRECTION('',(-0.8752237792353055,0,-0.4837182405709643));
#9453=DIRECTION('',(0,1,0));
#9454=FACE_BOUND('',#9455,.T.);
#9455=EDGE_LOOP('',(#9456,#9457,#9458));
#9456=ORIENTED_EDGE('',*,*,#9459,.T.);
#9457=ORIENTED_EDGE('',*,*,#9460,.T.);
#9458=ORIENTED_EDGE('',*,*,#9461,.T.);
#9459=EDGE_CURVE('',#463,#573,#9462,.F.);
#9460=EDGE_CURVE('',#573,#465,#9463,.T.);
#9461=EDGE_CURVE('',#465,#463,#9464,.T.);
#9462=LINE('',#462,#9465);
#9463=LINE('',#572,#9466);
#9464=LINE('',#464,#9467);
#9465=VECTOR('',#9468,1.0);
#9466=VECTOR('',#9469,1.0);
#9467=VECTOR('',#9470,1.0);
#9468=DIRECTION('',(0,1,0));
#9469=DIRECTION('',(0.417569084137492,-0.5047790503606172,-0.75553568432577));
#9470=DIRECTION('',(-0.4837182405709643,0,0.8752237792353055));
#9471=FACE_SURFACE('',(#9476),#9472,.T.);
#9472=PLANE('',#9473);
#9473=AXIS2_PLACEMENT_3D('',#464,#9474,#9475);
#9474=DIRECTION('',(-0.8752237792353055,0,-0.4837182405709643));
#9475=DIRECTION('',(-0.417569084137492,0.5047790503606172,0.75553568432577));
#9476=FACE_BOUND('',#9477,.T.);
#9477=EDGE_LOOP('',(#9478,#9479,#9480));
#9478=ORIENTED_EDGE('',*,*,#9481,.T.);
#9479=ORIENTED_EDGE('',*,*,#9482,.T.);
#9480=ORIENTED_EDGE('',*,*,#9483,.T.);
#9481=EDGE_CURVE('',#465,#573,#9484,.F.);
#9482=EDGE_CURVE('',#573,#575,#9485,.T.);
#9483=EDGE_CURVE('',#575,#465,#9486,.T.);
#9484=LINE('',#464,#9487);
#9485=LINE('',#572,#9488);
#9486=LINE('',#574,#9489);
#9487=VECTOR('',#9490,1.0);
#9488=VECTOR('',#9491,1.0);
#9489=VECTOR('',#9492,1.0);
#9490=DIRECTION('',(-0.417569084137492,0.5047790503606172,0.75553568432577));
#9491=DIRECTION('',(0.4837182405709643,0,-0.8752237792353055));
#9492=DIRECTION('',(0,-1,0));
#9493=FACE_SURFACE('',(#9498),#9494,.T.);
#9494=PLANE('',#9495);
#9495=AXIS2_PLACEMENT_3D('',#464,#9496,#9497);
#9496=DIRECTION('',(-0.9238795114258432,0,-0.38268348326984947));
#9497=DIRECTION('',(0,1,0));
#9498=FACE_BOUND('',#9499,.T.);
#9499=EDGE_LOOP('',(#9500,#9501,#9502));
#9500=ORIENTED_EDGE('',*,*,#9503,.T.);
#9501=ORIENTED_EDGE('',*,*,#9504,.T.);
#9502=ORIENTED_EDGE('',*,*,#9505,.T.);
#9503=EDGE_CURVE('',#465,#575,#9506,.F.);
#9504=EDGE_CURVE('',#575,#467,#9507,.T.);
#9505=EDGE_CURVE('',#467,#465,#9508,.T.);
#9506=LINE('',#464,#9509);
#9507=LINE('',#574,#9510);
#9508=LINE('',#466,#9511);
#9509=VECTOR('',#9512,1.0);
#9510=VECTOR('',#9513,1.0);
#9511=VECTOR('',#9514,1.0);
#9512=DIRECTION('',(0,1,0));
#9513=DIRECTION('',(0.33035084075121746,-0.5047796431425174,-0.7975373557921137));
#9514=DIRECTION('',(-0.38268348326984947,0,0.9238795114258432));
#9515=FACE_SURFACE('',(#9520),#9516,.T.);
#9516=PLANE('',#9517);
#9517=AXIS2_PLACEMENT_3D('',#466,#9518,#9519);
#9518=DIRECTION('',(-0.9238795114258432,0,-0.38268348326984947));
#9519=DIRECTION('',(-0.33035084075121746,0.5047796431425174,0.7975373557921137));
#9520=FACE_BOUND('',#9521,.T.);
#9521=EDGE_LOOP('',(#9522,#9523,#9524));
#9522=ORIENTED_EDGE('',*,*,#9525,.T.);
#9523=ORIENTED_EDGE('',*,*,#9526,.T.);
#9524=ORIENTED_EDGE('',*,*,#9527,.T.);
#9525=EDGE_CURVE('',#467,#575,#9528,.F.);
#9526=EDGE_CURVE('',#575,#577,#9529,.T.);
#9527=EDGE_CURVE('',#577,#467,#9530,.T.);
#9528=LINE('',#466,#9531);
#9529=LINE('',#574,#9532);
#9530=LINE('',#576,#9533);
#9531=VECTOR('',#9534,1.0);
#9532=VECTOR('',#9535,1.0);
#9533=VECTOR('',#9536,1.0);
#9534=DIRECTION('',(-0.33035084075121746,0.5047796431425174,0.7975373557921137));
#9535=DIRECTION('',(0.38268348326984947,0,-0.9238795114258432));
#9536=DIRECTION('',(0,-1,0));
#9537=FACE_SURFACE('',(#9542),#9538,.T.);
#9538=PLANE('',#9539);
#9539=AXIS2_PLACEMENT_3D('',#466,#9540,#9541);
#9540=DIRECTION('',(-0.960917311514223,0,-0.2768355476312207));
#9541=DIRECTION('',(0,1,0));
#9542=FACE_BOUND('',#9543,.T.);
#9543=EDGE_LOOP('',(#9544,#9545,#9546));
#9544=ORIENTED_EDGE('',*,*,#9547,.T.);
#9545=ORIENTED_EDGE('',*,*,#9548,.T.);
#9546=ORIENTED_EDGE('',*,*,#9549,.T.);
#9547=EDGE_CURVE('',#467,#577,#9550,.F.);
#9548=EDGE_CURVE('',#577,#469,#9551,.T.);
#9549=EDGE_CURVE('',#469,#467,#9552,.T.);
#9550=LINE('',#466,#9553);
#9551=LINE('',#576,#9554);
#9552=LINE('',#468,#9555);
#9553=VECTOR('',#9556,1.0);
#9554=VECTOR('',#9557,1.0);
#9555=VECTOR('',#9558,1.0);
#9556=DIRECTION('',(0,1,0));
#9557=DIRECTION('',(0.2389777635824396,-0.5047798516724921,-0.8295100541034043));
#9558=DIRECTION('',(-0.2768355476312207,0,0.960917311514223));
#9559=FACE_SURFACE('',(#9564),#9560,.T.);
#9560=PLANE('',#9561);
#9561=AXIS2_PLACEMENT_3D('',#468,#9562,#9563);
#9562=DIRECTION('',(-0.960917311514223,0,-0.2768355476312207));
#9563=DIRECTION('',(-0.2389777635824396,0.5047798516724921,0.8295100541034043));
#9564=FACE_BOUND('',#9565,.T.);
#9565=EDGE_LOOP('',(#9566,#9567,#9568));
#9566=ORIENTED_EDGE('',*,*,#9569,.T.);
#9567=ORIENTED_EDGE('',*,*,#9570,.T.);
#9568=ORIENTED_EDGE('',*,*,#9571,.T.);
#9569=EDGE_CURVE('',#469,#577,#9572,.F.);
#9570=EDGE_CURVE('',#577,#579,#9573,.T.);
#9571=EDGE_CURVE('',#579,#469,#9574,.T.);
#9572=LINE('',#468,#9575);
#9573=LINE('',#576,#9576);
#9574=LINE('',#578,#9577);
#9575=VECTOR('',#9578,1.0);
#9576=VECTOR('',#9579,1.0);
#9577=VECTOR('',#9580,1.0);
#9578=DIRECTION('',(-0.2389777635824396,0.5047798516724921,0.8295100541034043));
#9579=DIRECTION('',(0.2768355476312207,0,-0.960917311514223));
#9580=DIRECTION('',(0,-1,0));
#9581=FACE_SURFACE('',(#9586),#9582,.T.);
#9582=PLANE('',#9583);
#9583=AXIS2_PLACEMENT_3D('',#468,#9584,#9585);
#9584=DIRECTION('',(-0.9858709166063766,0,-0.1675068231138748));
#9585=DIRECTION('',(0,1,0));
#9586=FACE_BOUND('',#9587,.T.);
#9587=EDGE_LOOP('',(#9588,#9589,#9590));
#9588=ORIENTED_EDGE('',*,*,#9591,.T.);
#9589=ORIENTED_EDGE('',*,*,#9592,.T.);
#9590=ORIENTED_EDGE('',*,*,#9593,.T.);
#9591=EDGE_CURVE('',#469,#579,#9594,.F.);
#9592=EDGE_CURVE('',#579,#471,#9595,.T.);
#9593=EDGE_CURVE('',#471,#469,#9596,.T.);
#9594=LINE('',#468,#9597);
#9595=LINE('',#578,#9598);
#9596=LINE('',#470,#9599);
#9597=VECTOR('',#9600,1.0);
#9598=VECTOR('',#9601,1.0);
#9599=VECTOR('',#9602,1.0);
#9600=DIRECTION('',(0,1,0));
#9601=DIRECTION('',(0.14459987987556708,-0.5047805538405286,-0.8510508017764985));
#9602=DIRECTION('',(-0.1675068231138748,0,0.9858709166063766));
#9603=FACE_SURFACE('',(#9608),#9604,.T.);
#9604=PLANE('',#9605);
#9605=AXIS2_PLACEMENT_3D('',#470,#9606,#9607);
#9606=DIRECTION('',(-0.9858709166063766,0,-0.1675068231138748));
#9607=DIRECTION('',(-0.14459987987556708,0.5047805538405286,0.8510508017764985));
#9608=FACE_BOUND('',#9609,.T.);
#9609=EDGE_LOOP('',(#9610,#9611,#9612));
#9610=ORIENTED_EDGE('',*,*,#9613,.T.);
#9611=ORIENTED_EDGE('',*,*,#9614,.T.);
#9612=ORIENTED_EDGE('',*,*,#9615,.T.);
#9613=EDGE_CURVE('',#471,#579,#9616,.F.);
#9614=EDGE_CURVE('',#579,#581,#9617,.T.);
#9615=EDGE_CURVE('',#581,#471,#9618,.T.);
#9616=LINE('',#470,#9619);
#9617=LINE('',#578,#9620);
#9618=LINE('',#580,#9621);
#9619=VECTOR('',#9622,1.0);
#9620=VECTOR('',#9623,1.0);
#9621=VECTOR('',#9624,1.0);
#9622=DIRECTION('',(-0.14459987987556708,0.5047805538405286,0.8510508017764985));
#9623=DIRECTION('',(0.1675068231138748,0,-0.9858709166063766));
#9624=DIRECTION('',(0,-1,0));
#9625=FACE_SURFACE('',(#9630),#9626,.T.);
#9626=PLANE('',#9627);
#9627=AXIS2_PLACEMENT_3D('',#470,#9628,#9629);
#9628=DIRECTION('',(-0.9984268058801624,0,-0.056070609947962854));
#9629=DIRECTION('',(0,1,0));
#9630=FACE_BOUND('',#9631,.T.);
#9631=EDGE_LOOP('',(#9632,#9633,#9634));
#9632=ORIENTED_EDGE('',*,*,#9635,.T.);
#9633=ORIENTED_EDGE('',*,*,#9636,.T.);
#9634=ORIENTED_EDGE('',*,*,#9637,.T.);
#9635=EDGE_CURVE('',#471,#581,#9638,.F.);
#9636=EDGE_CURVE('',#581,#379,#9639,.T.);
#9637=EDGE_CURVE('',#379,#471,#9640,.T.);
#9638=LINE('',#470,#9641);
#9639=LINE('',#580,#9642);
#9640=LINE('',#378,#9643);
#9641=VECTOR('',#9644,1.0);
#9642=VECTOR('',#9645,1.0);
#9643=VECTOR('',#9646,1.0);
#9644=DIRECTION('',(0,1,0));
#9645=DIRECTION('',(0.04840285659977692,-0.5047795932446286,-0.8618902051402885));
#9646=DIRECTION('',(-0.056070609947962854,0,0.9984268058801624));
#9647=FACE_SURFACE('',(#9652),#9648,.T.);
#9648=PLANE('',#9649);
#9649=AXIS2_PLACEMENT_3D('',#378,#9650,#9651);
#9650=DIRECTION('',(-0.9984268058801624,0,-0.056070609947962854));
#9651=DIRECTION('',(-0.04840285659977692,0.5047795932446286,0.8618902051402885));
#9652=FACE_BOUND('',#9653,.T.);
#9653=EDGE_LOOP('',(#9654,#9655,#9656));
#9654=ORIENTED_EDGE('',*,*,#9657,.T.);
#9655=ORIENTED_EDGE('',*,*,#9658,.T.);
#9656=ORIENTED_EDGE('',*,*,#9659,.T.);
#9657=EDGE_CURVE('',#379,#581,#9660,.F.);
#9658=EDGE_CURVE('',#581,#583,#9661,.T.);
#9659=EDGE_CURVE('',#583,#379,#9662,.T.);
#9660=LINE('',#378,#9663);
#9661=LINE('',#580,#9664);
#9662=LINE('',#582,#9665);
#9663=VECTOR('',#9666,1.0);
#9664=VECTOR('',#9667,1.0);
#9665=VECTOR('',#9668,1.0);
#9666=DIRECTION('',(-0.04840285659977692,0.5047795932446286,0.8618902051402885));
#9667=DIRECTION('',(0.056070609947962854,0,-0.9984268058801624));
#9668=DIRECTION('',(0,-1,0));
#9669=FACE_SURFACE('',(#9674),#9670,.T.);
#9670=PLANE('',#9671);
#9671=AXIS2_PLACEMENT_3D('',#378,#9672,#9673);
#9672=DIRECTION('',(-0.9984268058801624,0,0.056070609947962854));
#9673=DIRECTION('',(0,1,0));
#9674=FACE_BOUND('',#9675,.T.);
#9675=EDGE_LOOP('',(#9676,#9677,#9678));
#9676=ORIENTED_EDGE('',*,*,#9679,.T.);
#9677=ORIENTED_EDGE('',*,*,#9680,.T.);
#9678=ORIENTED_EDGE('',*,*,#9681,.T.);
#9679=EDGE_CURVE('',#379,#583,#9682,.F.);
#9680=EDGE_CURVE('',#583,#381,#9683,.T.);
#9681=EDGE_CURVE('',#381,#379,#9684,.T.);
#9682=LINE('',#378,#9685);
#9683=LINE('',#582,#9686);
#9684=LINE('',#380,#9687);
#9685=VECTOR('',#9688,1.0);
#9686=VECTOR('',#9689,1.0);
#9687=VECTOR('',#9690,1.0);
#9688=DIRECTION('',(0,1,0));
#9689=DIRECTION('',(-0.04840285659977692,-0.5047795932446286,-0.8618902051402885));
#9690=DIRECTION('',(0.056070609947962854,0,0.9984268058801624));
#9691=FACE_SURFACE('',(#9696),#9692,.T.);
#9692=PLANE('',#9693);
#9693=AXIS2_PLACEMENT_3D('',#380,#9694,#9695);
#9694=DIRECTION('',(-0.9984268058801624,0,0.056070609947962854));
#9695=DIRECTION('',(0.04840285659977692,0.5047795932446286,0.8618902051402885));
#9696=FACE_BOUND('',#9697,.T.);
#9697=EDGE_LOOP('',(#9698,#9699,#9700));
#9698=ORIENTED_EDGE('',*,*,#9701,.T.);
#9699=ORIENTED_EDGE('',*,*,#9702,.T.);
#9700=ORIENTED_EDGE('',*,*,#9703,.T.);
#9701=EDGE_CURVE('',#381,#583,#9704,.F.);
#9702=EDGE_CURVE('',#583,#585,#9705,.T.);
#9703=EDGE_CURVE('',#585,#381,#9706,.T.);
#9704=LINE('',#380,#9707);
#9705=LINE('',#582,#9708);
#9706=LINE('',#584,#9709);
#9707=VECTOR('',#9710,1.0);
#9708=VECTOR('',#9711,1.0);
#9709=VECTOR('',#9712,1.0);
#9710=DIRECTION('',(0.04840285659977692,0.5047795932446286,0.8618902051402885));
#9711=DIRECTION('',(-0.056070609947962854,0,-0.9984268058801624));
#9712=DIRECTION('',(0,-1,0));
#9713=FACE_SURFACE('',(#9718),#9714,.T.);
#9714=PLANE('',#9715);
#9715=AXIS2_PLACEMENT_3D('',#380,#9716,#9717);
#9716=DIRECTION('',(-0.9858710417818948,0,0.16750608638458908));
#9717=DIRECTION('',(0,1,0));
#9718=FACE_BOUND('',#9719,.T.);
#9719=EDGE_LOOP('',(#9720,#9721,#9722));
#9720=ORIENTED_EDGE('',*,*,#9723,.T.);
#9721=ORIENTED_EDGE('',*,*,#9724,.T.);
#9722=ORIENTED_EDGE('',*,*,#9725,.T.);
#9723=EDGE_CURVE('',#381,#585,#9726,.F.);
#9724=EDGE_CURVE('',#585,#383,#9727,.T.);
#9725=EDGE_CURVE('',#383,#381,#9728,.T.);
#9726=LINE('',#380,#9729);
#9727=LINE('',#584,#9730);
#9728=LINE('',#382,#9731);
#9729=VECTOR('',#9732,1.0);
#9730=VECTOR('',#9733,1.0);
#9731=VECTOR('',#9734,1.0);
#9732=DIRECTION('',(0,1,0));
#9733=DIRECTION('',(-0.1445994059447445,-0.5047788994057995,-0.8510518635871123));
#9734=DIRECTION('',(0.16750608638458908,0,0.9858710417818948));
#9735=FACE_SURFACE('',(#9740),#9736,.T.);
#9736=PLANE('',#9737);
#9737=AXIS2_PLACEMENT_3D('',#382,#9738,#9739);
#9738=DIRECTION('',(-0.9858710417818948,0,0.16750608638458908));
#9739=DIRECTION('',(0.1445994059447445,0.5047788994057995,0.8510518635871123));
#9740=FACE_BOUND('',#9741,.T.);
#9741=EDGE_LOOP('',(#9742,#9743,#9744));
#9742=ORIENTED_EDGE('',*,*,#9745,.T.);
#9743=ORIENTED_EDGE('',*,*,#9746,.T.);
#9744=ORIENTED_EDGE('',*,*,#9747,.T.);
#9745=EDGE_CURVE('',#383,#585,#9748,.F.);
#9746=EDGE_CURVE('',#585,#587,#9749,.T.);
#9747=EDGE_CURVE('',#587,#383,#9750,.T.);
#9748=LINE('',#382,#9751);
#9749=LINE('',#584,#9752);
#9750=LINE('',#586,#9753);
#9751=VECTOR('',#9754,1.0);
#9752=VECTOR('',#9755,1.0);
#9753=VECTOR('',#9756,1.0);
#9754=DIRECTION('',(0.1445994059447445,0.5047788994057995,0.8510518635871123));
#9755=DIRECTION('',(-0.16750608638458908,0,-0.9858710417818948));
#9756=DIRECTION('',(0,-1,0));
#9757=FACE_SURFACE('',(#9762),#9758,.T.);
#9758=PLANE('',#9759);
#9759=AXIS2_PLACEMENT_3D('',#382,#9760,#9761);
#9760=DIRECTION('',(-0.960917311514223,0,0.2768355476312207));
#9761=DIRECTION('',(0,1,0));
#9762=FACE_BOUND('',#9763,.T.);
#9763=EDGE_LOOP('',(#9764,#9765,#9766));
#9764=ORIENTED_EDGE('',*,*,#9767,.T.);
#9765=ORIENTED_EDGE('',*,*,#9768,.T.);
#9766=ORIENTED_EDGE('',*,*,#9769,.T.);
#9767=EDGE_CURVE('',#383,#587,#9770,.F.);
#9768=EDGE_CURVE('',#587,#405,#9771,.T.);
#9769=EDGE_CURVE('',#405,#383,#9772,.T.);
#9770=LINE('',#382,#9773);
#9771=LINE('',#586,#9774);
#9772=LINE('',#404,#9775);
#9773=VECTOR('',#9776,1.0);
#9774=VECTOR('',#9777,1.0);
#9775=VECTOR('',#9778,1.0);
#9776=DIRECTION('',(0,1,0));
#9777=DIRECTION('',(-0.2389777635824396,-0.5047798516724921,-0.8295100541034043));
#9778=DIRECTION('',(0.2768355476312207,0,0.960917311514223));
#9779=FACE_SURFACE('',(#9784),#9780,.T.);
#9780=PLANE('',#9781);
#9781=AXIS2_PLACEMENT_3D('',#404,#9782,#9783);
#9782=DIRECTION('',(-0.960917311514223,0,0.2768355476312207));
#9783=DIRECTION('',(0.2389777635824396,0.5047798516724921,0.8295100541034043));
#9784=FACE_BOUND('',#9785,.T.);
#9785=EDGE_LOOP('',(#9786,#9787,#9788));
#9786=ORIENTED_EDGE('',*,*,#9789,.T.);
#9787=ORIENTED_EDGE('',*,*,#9790,.T.);
#9788=ORIENTED_EDGE('',*,*,#9791,.T.);
#9789=EDGE_CURVE('',#405,#587,#9792,.F.);
#9790=EDGE_CURVE('',#587,#589,#9793,.T.);
#9791=EDGE_CURVE('',#589,#405,#9794,.T.);
#9792=LINE('',#404,#9795);
#9793=LINE('',#586,#9796);
#9794=LINE('',#588,#9797);
#9795=VECTOR('',#9798,1.0);
#9796=VECTOR('',#9799,1.0);
#9797=VECTOR('',#9800,1.0);
#9798=DIRECTION('',(0.2389777635824396,0.5047798516724921,0.8295100541034043));
#9799=DIRECTION('',(-0.2768355476312207,0,-0.960917311514223));
#9800=DIRECTION('',(0,-1,0));
#9801=FACE_SURFACE('',(#9806),#9802,.T.);
#9802=PLANE('',#9803);
#9803=AXIS2_PLACEMENT_3D('',#404,#9804,#9805);
#9804=DIRECTION('',(-0.9238795114258432,0,0.38268348326984947));
#9805=DIRECTION('',(0,1,0));
#9806=FACE_BOUND('',#9807,.T.);
#9807=EDGE_LOOP('',(#9808,#9809,#9810));
#9808=ORIENTED_EDGE('',*,*,#9811,.T.);
#9809=ORIENTED_EDGE('',*,*,#9812,.T.);
#9810=ORIENTED_EDGE('',*,*,#9813,.T.);
#9811=EDGE_CURVE('',#405,#589,#9814,.F.);
#9812=EDGE_CURVE('',#589,#473,#9815,.T.);
#9813=EDGE_CURVE('',#473,#405,#9816,.T.);
#9814=LINE('',#404,#9817);
#9815=LINE('',#588,#9818);
#9816=LINE('',#472,#9819);
#9817=VECTOR('',#9820,1.0);
#9818=VECTOR('',#9821,1.0);
#9819=VECTOR('',#9822,1.0);
#9820=DIRECTION('',(0,1,0));
#9821=DIRECTION('',(-0.33035084075121746,-0.5047796431425174,-0.7975373557921137));
#9822=DIRECTION('',(0.38268348326984947,0,0.9238795114258432));
#9823=FACE_SURFACE('',(#9828),#9824,.T.);
#9824=PLANE('',#9825);
#9825=AXIS2_PLACEMENT_3D('',#472,#9826,#9827);
#9826=DIRECTION('',(-0.9238795114258432,0,0.38268348326984947));
#9827=DIRECTION('',(0.33035084075121746,0.5047796431425174,0.7975373557921137));
#9828=FACE_BOUND('',#9829,.T.);
#9829=EDGE_LOOP('',(#9830,#9831,#9832));
#9830=ORIENTED_EDGE('',*,*,#9833,.T.);
#9831=ORIENTED_EDGE('',*,*,#9834,.T.);
#9832=ORIENTED_EDGE('',*,*,#9835,.T.);
#9833=EDGE_CURVE('',#473,#589,#9836,.F.);
#9834=EDGE_CURVE('',#589,#591,#9837,.T.);
#9835=EDGE_CURVE('',#591,#473,#9838,.T.);
#9836=LINE('',#472,#9839);
#9837=LINE('',#588,#9840);
#9838=LINE('',#590,#9841);
#9839=VECTOR('',#9842,1.0);
#9840=VECTOR('',#9843,1.0);
#9841=VECTOR('',#9844,1.0);
#9842=DIRECTION('',(0.33035084075121746,0.5047796431425174,0.7975373557921137));
#9843=DIRECTION('',(-0.38268348326984947,0,-0.9238795114258432));
#9844=DIRECTION('',(0,-1,0));
#9845=FACE_SURFACE('',(#9850),#9846,.T.);
#9846=PLANE('',#9847);
#9847=AXIS2_PLACEMENT_3D('',#472,#9848,#9849);
#9848=DIRECTION('',(-0.8752232573059444,0,0.48371918493147725));
#9849=DIRECTION('',(0,1,0));
#9850=FACE_BOUND('',#9851,.T.);
#9851=EDGE_LOOP('',(#9852,#9853,#9854));
#9852=ORIENTED_EDGE('',*,*,#9855,.T.);
#9853=ORIENTED_EDGE('',*,*,#9856,.T.);
#9854=ORIENTED_EDGE('',*,*,#9857,.T.);
#9855=EDGE_CURVE('',#473,#591,#9858,.F.);
#9856=EDGE_CURVE('',#591,#475,#9859,.T.);
#9857=EDGE_CURVE('',#475,#473,#9860,.T.);
#9858=LINE('',#472,#9861);
#9859=LINE('',#590,#9862);
#9860=LINE('',#474,#9863);
#9861=VECTOR('',#9864,1.0);
#9862=VECTOR('',#9865,1.0);
#9863=VECTOR('',#9866,1.0);
#9864=DIRECTION('',(0,1,0));
#9865=DIRECTION('',(-0.41756969163585606,-0.5047797847359792,-0.7555348579311445));
#9866=DIRECTION('',(0.48371918493147725,0,0.8752232573059444));
#9867=FACE_SURFACE('',(#9872),#9868,.T.);
#9868=PLANE('',#9869);
#9869=AXIS2_PLACEMENT_3D('',#474,#9870,#9871);
#9870=DIRECTION('',(-0.8752232573059444,0,0.48371918493147725));
#9871=DIRECTION('',(0.41756969163585606,0.5047797847359792,0.7555348579311445));
#9872=FACE_BOUND('',#9873,.T.);
#9873=EDGE_LOOP('',(#9874,#9875,#9876));
#9874=ORIENTED_EDGE('',*,*,#9877,.T.);
#9875=ORIENTED_EDGE('',*,*,#9878,.T.);
#9876=ORIENTED_EDGE('',*,*,#9879,.T.);
#9877=EDGE_CURVE('',#475,#591,#9880,.F.);
#9878=EDGE_CURVE('',#591,#593,#9881,.T.);
#9879=EDGE_CURVE('',#593,#475,#9882,.T.);
#9880=LINE('',#474,#9883);
#9881=LINE('',#590,#9884);
#9882=LINE('',#592,#9885);
#9883=VECTOR('',#9886,1.0);
#9884=VECTOR('',#9887,1.0);
#9885=VECTOR('',#9888,1.0);
#9886=DIRECTION('',(0.41756969163585606,0.5047797847359792,0.7555348579311445));
#9887=DIRECTION('',(-0.48371918493147725,0,-0.8752232573059444));
#9888=DIRECTION('',(0,-1,0));
#9889=FACE_SURFACE('',(#9894),#9890,.T.);
#9890=PLANE('',#9891);
#9891=AXIS2_PLACEMENT_3D('',#474,#9892,#9893);
#9892=DIRECTION('',(-0.8155608421529467,0,0.5786713339597672));
#9893=DIRECTION('',(0,1,0));
#9894=FACE_BOUND('',#9895,.T.);
#9895=EDGE_LOOP('',(#9896,#9897,#9898));
#9896=ORIENTED_EDGE('',*,*,#9899,.T.);
#9897=ORIENTED_EDGE('',*,*,#9900,.T.);
#9898=ORIENTED_EDGE('',*,*,#9901,.T.);
#9899=EDGE_CURVE('',#475,#593,#9902,.F.);
#9900=EDGE_CURVE('',#593,#477,#9903,.T.);
#9901=EDGE_CURVE('',#477,#475,#9904,.T.);
#9902=LINE('',#474,#9905);
#9903=LINE('',#592,#9906);
#9904=LINE('',#476,#9907);
#9905=VECTOR('',#9908,1.0);
#9906=VECTOR('',#9909,1.0);
#9907=VECTOR('',#9910,1.0);
#9908=DIRECTION('',(0,1,0));
#9909=DIRECTION('',(-0.49953694527596243,-0.5047798242527237,-0.7040313695651277));
#9910=DIRECTION('',(0.5786713339597672,0,0.8155608421529467));
#9911=FACE_SURFACE('',(#9916),#9912,.T.);
#9912=PLANE('',#9913);
#9913=AXIS2_PLACEMENT_3D('',#476,#9914,#9915);
#9914=DIRECTION('',(-0.8155608421529467,0,0.5786713339597672));
#9915=DIRECTION('',(0.49953694527596243,0.5047798242527237,0.7040313695651277));
#9916=FACE_BOUND('',#9917,.T.);
#9917=EDGE_LOOP('',(#9918,#9919,#9920));
#9918=ORIENTED_EDGE('',*,*,#9921,.T.);
#9919=ORIENTED_EDGE('',*,*,#9922,.T.);
#9920=ORIENTED_EDGE('',*,*,#9923,.T.);
#9921=EDGE_CURVE('',#477,#593,#9924,.F.);
#9922=EDGE_CURVE('',#593,#595,#9925,.T.);
#9923=EDGE_CURVE('',#595,#477,#9926,.T.);
#9924=LINE('',#476,#9927);
#9925=LINE('',#592,#9928);
#9926=LINE('',#594,#9929);
#9927=VECTOR('',#9930,1.0);
#9928=VECTOR('',#9931,1.0);
#9929=VECTOR('',#9932,1.0);
#9930=DIRECTION('',(0.49953694527596243,0.5047798242527237,0.7040313695651277));
#9931=DIRECTION('',(-0.5786713339597672,0,-0.8155608421529467));
#9932=DIRECTION('',(0,-1,0));
#9933=FACE_SURFACE('',(#9938),#9934,.T.);
#9934=PLANE('',#9935);
#9935=AXIS2_PLACEMENT_3D('',#476,#9936,#9937);
#9936=DIRECTION('',(-0.7456427714881366,0,0.6663458991601063));
#9937=DIRECTION('',(0,1,0));
#9938=FACE_BOUND('',#9939,.T.);
#9939=EDGE_LOOP('',(#9940,#9941,#9942));
#9940=ORIENTED_EDGE('',*,*,#9943,.T.);
#9941=ORIENTED_EDGE('',*,*,#9944,.T.);
#9942=ORIENTED_EDGE('',*,*,#9945,.T.);
#9943=EDGE_CURVE('',#477,#595,#9946,.F.);
#9944=EDGE_CURVE('',#595,#479,#9947,.T.);
#9945=EDGE_CURVE('',#479,#477,#9948,.T.);
#9946=LINE('',#476,#9949);
#9947=LINE('',#594,#9950);
#9948=LINE('',#478,#9951);
#9949=VECTOR('',#9952,1.0);
#9950=VECTOR('',#9953,1.0);
#9951=VECTOR('',#9954,1.0);
#9952=DIRECTION('',(0,1,0));
#9953=DIRECTION('',(-0.5752221214994706,-0.5047791261356983,-0.6436750303960292));
#9954=DIRECTION('',(0.6663458991601063,0,0.7456427714881366));
#9955=FACE_SURFACE('',(#9960),#9956,.T.);
#9956=PLANE('',#9957);
#9957=AXIS2_PLACEMENT_3D('',#478,#9958,#9959);
#9958=DIRECTION('',(-0.7456427714881366,0,0.6663458991601063));
#9959=DIRECTION('',(0.5752221214994706,0.5047791261356983,0.6436750303960292));
#9960=FACE_BOUND('',#9961,.T.);
#9961=EDGE_LOOP('',(#9962,#9963,#9964));
#9962=ORIENTED_EDGE('',*,*,#9965,.T.);
#9963=ORIENTED_EDGE('',*,*,#9966,.T.);
#9964=ORIENTED_EDGE('',*,*,#9967,.T.);
#9965=EDGE_CURVE('',#479,#595,#9968,.F.);
#9966=EDGE_CURVE('',#595,#597,#9969,.T.);
#9967=EDGE_CURVE('',#597,#479,#9970,.T.);
#9968=LINE('',#478,#9971);
#9969=LINE('',#594,#9972);
#9970=LINE('',#596,#9973);
#9971=VECTOR('',#9974,1.0);
#9972=VECTOR('',#9975,1.0);
#9973=VECTOR('',#9976,1.0);
#9974=DIRECTION('',(0.5752221214994706,0.5047791261356983,0.6436750303960292));
#9975=DIRECTION('',(-0.6663458991601063,0,-0.7456427714881366));
#9976=DIRECTION('',(0,-1,0));
#9977=FACE_SURFACE('',(#9982),#9978,.T.);
#9978=PLANE('',#9979);
#9979=AXIS2_PLACEMENT_3D('',#478,#9980,#9981);
#9980=DIRECTION('',(-0.6663458002422262,0,0.7456428598863849));
#9981=DIRECTION('',(0,1,0));
#9982=FACE_BOUND('',#9983,.T.);
#9983=EDGE_LOOP('',(#9984,#9985,#9986));
#9984=ORIENTED_EDGE('',*,*,#9987,.T.);
#9985=ORIENTED_EDGE('',*,*,#9988,.T.);
#9986=ORIENTED_EDGE('',*,*,#9989,.T.);
#9987=EDGE_CURVE('',#479,#597,#9990,.F.);
#9988=EDGE_CURVE('',#597,#481,#9991,.T.);
#9989=EDGE_CURVE('',#481,#479,#9992,.T.);
#9990=LINE('',#478,#9993);
#9991=LINE('',#596,#9994);
#9992=LINE('',#480,#9995);
#9993=VECTOR('',#9996,1.0);
#9994=VECTOR('',#9997,1.0);
#9995=VECTOR('',#9998,1.0);
#9996=DIRECTION('',(0,1,0));
#9997=DIRECTION('',(-0.6436747192797218,-0.5047800147060345,-0.5752216898844714));
#9998=DIRECTION('',(0.7456428598863849,0,0.6663458002422262));
#9999=FACE_SURFACE('',(#10004),#10000,.T.);
#10000=PLANE('',#10001);
#10001=AXIS2_PLACEMENT_3D('',#480,#10002,#10003);
#10002=DIRECTION('',(-0.6663458002422262,0,0.7456428598863849));
#10003=DIRECTION('',(0.6436747192797218,0.5047800147060345,0.5752216898844714));
#10004=FACE_BOUND('',#10005,.T.);
#10005=EDGE_LOOP('',(#10006,#10007,#10008));
#10006=ORIENTED_EDGE('',*,*,#10009,.T.);
#10007=ORIENTED_EDGE('',*,*,#10010,.T.);
#10008=ORIENTED_EDGE('',*,*,#10011,.T.);
#10009=EDGE_CURVE('',#481,#597,#10012,.F.);
#10010=EDGE_CURVE('',#597,#599,#10013,.T.);
#10011=EDGE_CURVE('',#599,#481,#10014,.T.);
#10012=LINE('',#480,#10015);
#10013=LINE('',#596,#10016);
#10014=LINE('',#598,#10017);
#10015=VECTOR('',#10018,1.0);
#10016=VECTOR('',#10019,1.0);
#10017=VECTOR('',#10020,1.0);
#10018=DIRECTION('',(0.6436747192797218,0.5047800147060345,0.5752216898844714));
#10019=DIRECTION('',(-0.7456428598863849,0,-0.6663458002422262));
#10020=DIRECTION('',(0,-1,0));
#10021=FACE_SURFACE('',(#10026),#10022,.T.);
#10022=PLANE('',#10023);
#10023=AXIS2_PLACEMENT_3D('',#480,#10024,#10025);
#10024=DIRECTION('',(-0.5786724467153591,0,0.8155600526095304));
#10025=DIRECTION('',(0,1,0));
#10026=FACE_BOUND('',#10027,.T.);
#10027=EDGE_LOOP('',(#10028,#10029,#10030));
#10028=ORIENTED_EDGE('',*,*,#10031,.T.);
#10029=ORIENTED_EDGE('',*,*,#10032,.T.);
#10030=ORIENTED_EDGE('',*,*,#10033,.T.);
#10031=EDGE_CURVE('',#481,#599,#10034,.F.);
#10032=EDGE_CURVE('',#599,#483,#10035,.T.);
#10033=EDGE_CURVE('',#483,#481,#10036,.T.);
#10034=LINE('',#480,#10037);
#10035=LINE('',#598,#10038);
#10036=LINE('',#482,#10039);
#10037=VECTOR('',#10040,1.0);
#10038=VECTOR('',#10041,1.0);
#10039=VECTOR('',#10042,1.0);
#10040=DIRECTION('',(0,1,0));
#10041=DIRECTION('',(-0.7040308616593987,-0.5047794600920119,-0.49953802908321354));
#10042=DIRECTION('',(0.8155600526095304,0,0.5786724467153591));
#10043=FACE_SURFACE('',(#10048),#10044,.T.);
#10044=PLANE('',#10045);
#10045=AXIS2_PLACEMENT_3D('',#482,#10046,#10047);
#10046=DIRECTION('',(-0.5786724467153591,0,0.8155600526095304));
#10047=DIRECTION('',(0.7040308616593987,0.5047794600920119,0.49953802908321354));
#10048=FACE_BOUND('',#10049,.T.);
#10049=EDGE_LOOP('',(#10050,#10051,#10052));
#10050=ORIENTED_EDGE('',*,*,#10053,.T.);
#10051=ORIENTED_EDGE('',*,*,#10054,.T.);
#10052=ORIENTED_EDGE('',*,*,#10055,.T.);
#10053=EDGE_CURVE('',#483,#599,#10056,.F.);
#10054=EDGE_CURVE('',#599,#601,#10057,.T.);
#10055=EDGE_CURVE('',#601,#483,#10058,.T.);
#10056=LINE('',#482,#10059);
#10057=LINE('',#598,#10060);
#10058=LINE('',#600,#10061);
#10059=VECTOR('',#10062,1.0);
#10060=VECTOR('',#10063,1.0);
#10061=VECTOR('',#10064,1.0);
#10062=DIRECTION('',(0.7040308616593987,0.5047794600920119,0.49953802908321354));
#10063=DIRECTION('',(-0.8155600526095304,0,-0.5786724467153591));
#10064=DIRECTION('',(0,-1,0));
#10065=FACE_SURFACE('',(#10070),#10066,.T.);
#10066=PLANE('',#10067);
#10067=AXIS2_PLACEMENT_3D('',#482,#10068,#10069);
#10068=DIRECTION('',(-0.4837175492748757,0,0.8752241613001256));
#10069=DIRECTION('',(0,1,0));
#10070=FACE_BOUND('',#10071,.T.);
#10071=EDGE_LOOP('',(#10072,#10073,#10074));
#10072=ORIENTED_EDGE('',*,*,#10075,.T.);
#10073=ORIENTED_EDGE('',*,*,#10076,.T.);
#10074=ORIENTED_EDGE('',*,*,#10077,.T.);
#10075=EDGE_CURVE('',#483,#601,#10078,.F.);
#10076=EDGE_CURVE('',#601,#485,#10079,.T.);
#10077=EDGE_CURVE('',#485,#483,#10080,.T.);
#10078=LINE('',#482,#10081);
#10079=LINE('',#600,#10082);
#10080=LINE('',#484,#10083);
#10081=VECTOR('',#10084,1.0);
#10082=VECTOR('',#10085,1.0);
#10083=VECTOR('',#10086,1.0);
#10084=DIRECTION('',(0,1,0));
#10085=DIRECTION('',(-0.7555356234530525,-0.5047798137510209,-0.41756827145137837));
#10086=DIRECTION('',(0.8752241613001256,0,0.4837175492748757));
#10087=FACE_SURFACE('',(#10092),#10088,.T.);
#10088=PLANE('',#10089);
#10089=AXIS2_PLACEMENT_3D('',#484,#10090,#10091);
#10090=DIRECTION('',(-0.4837175492748757,0,0.8752241613001256));
#10091=DIRECTION('',(0.7555356234530525,0.5047798137510209,0.41756827145137837));
#10092=FACE_BOUND('',#10093,.T.);
#10093=EDGE_LOOP('',(#10094,#10095,#10096));
#10094=ORIENTED_EDGE('',*,*,#10097,.T.);
#10095=ORIENTED_EDGE('',*,*,#10098,.T.);
#10096=ORIENTED_EDGE('',*,*,#10099,.T.);
#10097=EDGE_CURVE('',#485,#601,#10100,.F.);
#10098=EDGE_CURVE('',#601,#603,#10101,.T.);
#10099=EDGE_CURVE('',#603,#485,#10102,.T.);
#10100=LINE('',#484,#10103);
#10101=LINE('',#600,#10104);
#10102=LINE('',#602,#10105);
#10103=VECTOR('',#10106,1.0);
#10104=VECTOR('',#10107,1.0);
#10105=VECTOR('',#10108,1.0);
#10106=DIRECTION('',(0.7555356234530525,0.5047798137510209,0.41756827145137837));
#10107=DIRECTION('',(-0.8752241613001256,0,-0.4837175492748757));
#10108=DIRECTION('',(0,-1,0));
#10109=FACE_SURFACE('',(#10114),#10110,.T.);
#10110=PLANE('',#10111);
#10111=AXIS2_PLACEMENT_3D('',#484,#10112,#10113);
#10112=DIRECTION('',(-0.38268348326984947,0,0.9238795114258432));
#10113=DIRECTION('',(0,1,0));
#10114=FACE_BOUND('',#10115,.T.);
#10115=EDGE_LOOP('',(#10116,#10117,#10118));
#10116=ORIENTED_EDGE('',*,*,#10119,.T.);
#10117=ORIENTED_EDGE('',*,*,#10120,.T.);
#10118=ORIENTED_EDGE('',*,*,#10121,.T.);
#10119=EDGE_CURVE('',#485,#603,#10122,.F.);
#10120=EDGE_CURVE('',#603,#487,#10123,.T.);
#10121=EDGE_CURVE('',#487,#485,#10124,.T.);
#10122=LINE('',#484,#10125);
#10123=LINE('',#602,#10126);
#10124=LINE('',#486,#10127);
#10125=VECTOR('',#10128,1.0);
#10126=VECTOR('',#10129,1.0);
#10127=VECTOR('',#10130,1.0);
#10128=DIRECTION('',(0,1,0));
#10129=DIRECTION('',(-0.7975373557921137,-0.5047796431425174,-0.33035084075121746));
#10130=DIRECTION('',(0.9238795114258432,0,0.38268348326984947));
#10131=FACE_SURFACE('',(#10136),#10132,.T.);
#10132=PLANE('',#10133);
#10133=AXIS2_PLACEMENT_3D('',#486,#10134,#10135);
#10134=DIRECTION('',(-0.38268348326984947,0,0.9238795114258432));
#10135=DIRECTION('',(0.7975373557921137,0.5047796431425174,0.33035084075121746));
#10136=FACE_BOUND('',#10137,.T.);
#10137=EDGE_LOOP('',(#10138,#10139,#10140));
#10138=ORIENTED_EDGE('',*,*,#10141,.T.);
#10139=ORIENTED_EDGE('',*,*,#10142,.T.);
#10140=ORIENTED_EDGE('',*,*,#10143,.T.);
#10141=EDGE_CURVE('',#487,#603,#10144,.F.);
#10142=EDGE_CURVE('',#603,#605,#10145,.T.);
#10143=EDGE_CURVE('',#605,#487,#10146,.T.);
#10144=LINE('',#486,#10147);
#10145=LINE('',#602,#10148);
#10146=LINE('',#604,#10149);
#10147=VECTOR('',#10150,1.0);
#10148=VECTOR('',#10151,1.0);
#10149=VECTOR('',#10152,1.0);
#10150=DIRECTION('',(0.7975373557921137,0.5047796431425174,0.33035084075121746));
#10151=DIRECTION('',(-0.9238795114258432,0,-0.38268348326984947));
#10152=DIRECTION('',(0,-1,0));
#10153=FACE_SURFACE('',(#10158),#10154,.T.);
#10154=PLANE('',#10155);
#10155=AXIS2_PLACEMENT_3D('',#486,#10156,#10157);
#10156=DIRECTION('',(-0.27683595129035893,0,0.9609171952219202));
#10157=DIRECTION('',(0,1,0));
#10158=FACE_BOUND('',#10159,.T.);
#10159=EDGE_LOOP('',(#10160,#10161,#10162));
#10160=ORIENTED_EDGE('',*,*,#10163,.T.);
#10161=ORIENTED_EDGE('',*,*,#10164,.T.);
#10162=ORIENTED_EDGE('',*,*,#10165,.T.);
#10163=EDGE_CURVE('',#487,#605,#10166,.F.);
#10164=EDGE_CURVE('',#605,#489,#10167,.T.);
#10165=EDGE_CURVE('',#489,#487,#10168,.T.);
#10166=LINE('',#486,#10169);
#10167=LINE('',#604,#10170);
#10168=LINE('',#488,#10171);
#10169=VECTOR('',#10172,1.0);
#10170=VECTOR('',#10173,1.0);
#10171=VECTOR('',#10174,1.0);
#10172=DIRECTION('',(0,1,0));
#10173=DIRECTION('',(-0.8295100712893064,-0.5047796424237692,-0.23897814591326416));
#10174=DIRECTION('',(0.9609171952219202,0,0.27683595129035893));
#10175=FACE_SURFACE('',(#10180),#10176,.T.);
#10176=PLANE('',#10177);
#10177=AXIS2_PLACEMENT_3D('',#488,#10178,#10179);
#10178=DIRECTION('',(-0.27683595129035893,0,0.9609171952219202));
#10179=DIRECTION('',(0.8295100712893064,0.5047796424237692,0.23897814591326416));
#10180=FACE_BOUND('',#10181,.T.);
#10181=EDGE_LOOP('',(#10182,#10183,#10184));
#10182=ORIENTED_EDGE('',*,*,#10185,.T.);
#10183=ORIENTED_EDGE('',*,*,#10186,.T.);
#10184=ORIENTED_EDGE('',*,*,#10187,.T.);
#10185=EDGE_CURVE('',#489,#605,#10188,.F.);
#10186=EDGE_CURVE('',#605,#607,#10189,.T.);
#10187=EDGE_CURVE('',#607,#489,#10190,.T.);
#10188=LINE('',#488,#10191);
#10189=LINE('',#604,#10192);
#10190=LINE('',#606,#10193);
#10191=VECTOR('',#10194,1.0);
#10192=VECTOR('',#10195,1.0);
#10193=VECTOR('',#10196,1.0);
#10194=DIRECTION('',(0.8295100712893064,0.5047796424237692,0.23897814591326416));
#10195=DIRECTION('',(-0.9609171952219202,0,-0.27683595129035893));
#10196=DIRECTION('',(0,-1,0));
#10197=FACE_SURFACE('',(#10202),#10198,.T.);
#10198=PLANE('',#10199);
#10199=AXIS2_PLACEMENT_3D('',#488,#10200,#10201);
#10200=DIRECTION('',(-0.16750640870286568,0,0.9858709870178088));
#10201=DIRECTION('',(0,1,0));
#10202=FACE_BOUND('',#10203,.T.);
#10203=EDGE_LOOP('',(#10204,#10205,#10206));
#10204=ORIENTED_EDGE('',*,*,#10207,.T.);
#10205=ORIENTED_EDGE('',*,*,#10208,.T.);
#10206=ORIENTED_EDGE('',*,*,#10209,.T.);
#10207=EDGE_CURVE('',#489,#607,#10210,.F.);
#10208=EDGE_CURVE('',#607,#491,#10211,.T.);
#10209=EDGE_CURVE('',#491,#489,#10212,.T.);
#10210=LINE('',#488,#10213);
#10211=LINE('',#606,#10214);
#10212=LINE('',#490,#10215);
#10213=VECTOR('',#10216,1.0);
#10214=VECTOR('',#10217,1.0);
#10215=VECTOR('',#10218,1.0);
#10216=DIRECTION('',(0,1,0));
#10217=DIRECTION('',(-0.8510513990462534,-0.504779623219913,-0.14459961328916987));
#10218=DIRECTION('',(0.9858709870178088,0,0.16750640870286568));
#10219=FACE_SURFACE('',(#10224),#10220,.T.);
#10220=PLANE('',#10221);
#10221=AXIS2_PLACEMENT_3D('',#490,#10222,#10223);
#10222=DIRECTION('',(-0.16750640870286568,0,0.9858709870178088));
#10223=DIRECTION('',(0.8510513990462534,0.504779623219913,0.14459961328916987));
#10224=FACE_BOUND('',#10225,.T.);
#10225=EDGE_LOOP('',(#10226,#10227,#10228));
#10226=ORIENTED_EDGE('',*,*,#10229,.T.);
#10227=ORIENTED_EDGE('',*,*,#10230,.T.);
#10228=ORIENTED_EDGE('',*,*,#10231,.T.);
#10229=EDGE_CURVE('',#491,#607,#10232,.F.);
#10230=EDGE_CURVE('',#607,#497,#10233,.T.);
#10231=EDGE_CURVE('',#497,#491,#10234,.T.);
#10232=LINE('',#490,#10235);
#10233=LINE('',#606,#10236);
#10234=LINE('',#496,#10237);
#10235=VECTOR('',#10238,1.0);
#10236=VECTOR('',#10239,1.0);
#10237=VECTOR('',#10240,1.0);
#10238=DIRECTION('',(0.8510513990462534,0.504779623219913,0.14459961328916987));
#10239=DIRECTION('',(-0.9858709870178088,0,-0.16750640870286568));
#10240=DIRECTION('',(0,-1,0));
#10241=FACE_SURFACE('',(#10246),#10242,.T.);
#10242=PLANE('',#10243);
#10243=AXIS2_PLACEMENT_3D('',#82,#10244,#10245);
#10244=DIRECTION('',(-1,0,-0));
#10245=DIRECTION('',(0,0,-1));
#10246=FACE_BOUND('',#10247,.T.);
#10247=EDGE_LOOP('',(#10248,#10249,#10250));
#10248=ORIENTED_EDGE('',*,*,#10251,.T.);
#10249=ORIENTED_EDGE('',*,*,#10252,.T.);
#10250=ORIENTED_EDGE('',*,*,#10253,.T.);
#10251=EDGE_CURVE('',#83,#609,#10254,.F.);
#10252=EDGE_CURVE('',#609,#69,#10255,.T.);
#10253=EDGE_CURVE('',#69,#83,#10256,.T.);
#10254=LINE('',#82,#10257);
#10255=LINE('',#608,#10258);
#10256=LINE('',#68,#10259);
#10257=VECTOR('',#10260,1.0);
#10258=VECTOR('',#10261,1.0);
#10259=VECTOR('',#10262,1.0);
#10260=DIRECTION('',(0,0,-1));
#10261=DIRECTION('',(0,-0.7682213796838099,0.6401842795607399));
#10262=DIRECTION('',(0,0.08363090774155206,0.9964967994280384));
#10263=FACE_SURFACE('',(#10268),#10264,.T.);
#10264=PLANE('',#10265);
#10265=AXIS2_PLACEMENT_3D('',#68,#10266,#10267);
#10266=DIRECTION('',(-1,0,-0));
#10267=DIRECTION('',(0,0.7682213796838099,-0.6401842795607399));
#10268=FACE_BOUND('',#10269,.T.);
#10269=EDGE_LOOP('',(#10270,#10271,#10272));
#10270=ORIENTED_EDGE('',*,*,#10273,.T.);
#10271=ORIENTED_EDGE('',*,*,#10274,.T.);
#10272=ORIENTED_EDGE('',*,*,#10275,.T.);
#10273=EDGE_CURVE('',#69,#609,#10276,.F.);
#10274=EDGE_CURVE('',#609,#611,#10277,.T.);
#10275=EDGE_CURVE('',#611,#69,#10278,.T.);
#10276=LINE('',#68,#10279);
#10277=LINE('',#608,#10280);
#10278=LINE('',#610,#10281);
#10279=VECTOR('',#10282,1.0);
#10280=VECTOR('',#10283,1.0);
#10281=VECTOR('',#10284,1.0);
#10282=DIRECTION('',(0,0.7682213796838099,-0.6401842795607399));
#10283=DIRECTION('',(0,-1,0));
#10284=DIRECTION('',(0,0.9950703574119021,0.09917148683038567));
#10285=FACE_SURFACE('',(#10290),#10286,.T.);
#10286=PLANE('',#10287);
#10287=AXIS2_PLACEMENT_3D('',#68,#10288,#10289);
#10288=DIRECTION('',(-1,-0,0));
#10289=DIRECTION('',(0,-0.9950703574119021,-0.09917148683038567));
#10290=FACE_BOUND('',#10291,.T.);
#10291=EDGE_LOOP('',(#10292,#10293,#10294));
#10292=ORIENTED_EDGE('',*,*,#10295,.T.);
#10293=ORIENTED_EDGE('',*,*,#10296,.T.);
#10294=ORIENTED_EDGE('',*,*,#10297,.T.);
#10295=EDGE_CURVE('',#69,#611,#10298,.F.);
#10296=EDGE_CURVE('',#611,#87,#10299,.T.);
#10297=EDGE_CURVE('',#87,#69,#10300,.T.);
#10298=LINE('',#68,#10301);
#10299=LINE('',#610,#10302);
#10300=LINE('',#86,#10303);
#10301=VECTOR('',#10304,1.0);
#10302=VECTOR('',#10305,1.0);
#10303=VECTOR('',#10306,1.0);
#10304=DIRECTION('',(0,-0.9950703574119021,-0.09917148683038567));
#10305=DIRECTION('',(0,0,1));
#10306=DIRECTION('',(0,1,0));
#10307=FACE_SURFACE('',(#10312),#10308,.T.);
#10308=PLANE('',#10309);
#10309=AXIS2_PLACEMENT_3D('',#68,#10310,#10311);
#10310=DIRECTION('',(-1,0,0));
#10311=DIRECTION('',(0,0,1));
#10312=FACE_BOUND('',#10313,.T.);
#10313=EDGE_LOOP('',(#10314,#10315,#10316));
#10314=ORIENTED_EDGE('',*,*,#10317,.T.);
#10315=ORIENTED_EDGE('',*,*,#10318,.T.);
#10316=ORIENTED_EDGE('',*,*,#10319,.T.);
#10317=EDGE_CURVE('',#69,#73,#10320,.F.);
#10318=EDGE_CURVE('',#73,#83,#10321,.T.);
#10319=EDGE_CURVE('',#83,#69,#10322,.T.);
#10320=LINE('',#68,#10323);
#10321=LINE('',#72,#10324);
#10322=LINE('',#82,#10325);
#10323=VECTOR('',#10326,1.0);
#10324=VECTOR('',#10327,1.0);
#10325=VECTOR('',#10328,1.0);
#10326=DIRECTION('',(0,0,1));
#10327=DIRECTION('',(0,1,0));
#10328=DIRECTION('',(0,-0.08363090774155206,-0.9964967994280384));
#10329=FACE_SURFACE('',(#10334),#10330,.T.);
#10330=PLANE('',#10331);
#10331=AXIS2_PLACEMENT_3D('',#58,#10332,#10333);
#10332=DIRECTION('',(0,1,0));
#10333=DIRECTION('',(0,0,-1));
#10334=FACE_BOUND('',#10335,.T.);
#10335=EDGE_LOOP('',(#10336,#10337,#10338));
#10336=ORIENTED_EDGE('',*,*,#10339,.T.);
#10337=ORIENTED_EDGE('',*,*,#10340,.T.);
#10338=ORIENTED_EDGE('',*,*,#10341,.T.);
#10339=EDGE_CURVE('',#59,#613,#10342,.F.);
#10340=EDGE_CURVE('',#613,#41,#10343,.T.);
#10341=EDGE_CURVE('',#41,#59,#10344,.T.);
#10342=LINE('',#58,#10345);
#10343=LINE('',#612,#10346);
#10344=LINE('',#40,#10347);
#10345=VECTOR('',#10348,1.0);
#10346=VECTOR('',#10349,1.0);
#10347=VECTOR('',#10350,1.0);
#10348=DIRECTION('',(0,0,-1));
#10349=DIRECTION('',(-0.7682212795973759,0,0.6401843996644799));
#10350=DIRECTION('',(0.08363088134195353,0,0.9964968016436219));
#10351=FACE_SURFACE('',(#10356),#10352,.T.);
#10352=PLANE('',#10353);
#10353=AXIS2_PLACEMENT_3D('',#40,#10354,#10355);
#10354=DIRECTION('',(0,1,0));
#10355=DIRECTION('',(0.7682212795973759,0,-0.6401843996644799));
#10356=FACE_BOUND('',#10357,.T.);
#10357=EDGE_LOOP('',(#10358,#10359,#10360));
#10358=ORIENTED_EDGE('',*,*,#10361,.T.);
#10359=ORIENTED_EDGE('',*,*,#10362,.T.);
#10360=ORIENTED_EDGE('',*,*,#10363,.T.);
#10361=EDGE_CURVE('',#41,#613,#10364,.F.);
#10362=EDGE_CURVE('',#613,#609,#10365,.T.);
#10363=EDGE_CURVE('',#609,#41,#10366,.T.);
#10364=LINE('',#40,#10367);
#10365=LINE('',#612,#10368);
#10366=LINE('',#608,#10369);
#10367=VECTOR('',#10370,1.0);
#10368=VECTOR('',#10371,1.0);
#10369=VECTOR('',#10372,1.0);
#10370=DIRECTION('',(0.7682212795973759,0,-0.6401843996644799));
#10371=DIRECTION('',(-1,0,0));
#10372=DIRECTION('',(0.995239296385914,0,0.09746149459797268));
#10373=FACE_SURFACE('',(#10378),#10374,.T.);
#10374=PLANE('',#10375);
#10375=AXIS2_PLACEMENT_3D('',#40,#10376,#10377);
#10376=DIRECTION('',(0,1,0));
#10377=DIRECTION('',(-0.995239296385914,0,-0.09746149459797268));
#10378=FACE_BOUND('',#10379,.T.);
#10379=EDGE_LOOP('',(#10380,#10381,#10382));
#10380=ORIENTED_EDGE('',*,*,#10383,.T.);
#10381=ORIENTED_EDGE('',*,*,#10384,.T.);
#10382=ORIENTED_EDGE('',*,*,#10385,.T.);
#10383=EDGE_CURVE('',#41,#609,#10386,.F.);
#10384=EDGE_CURVE('',#609,#61,#10387,.T.);
#10385=EDGE_CURVE('',#61,#41,#10388,.T.);
#10386=LINE('',#40,#10389);
#10387=LINE('',#608,#10390);
#10388=LINE('',#60,#10391);
#10389=VECTOR('',#10392,1.0);
#10390=VECTOR('',#10393,1.0);
#10391=VECTOR('',#10394,1.0);
#10392=DIRECTION('',(-0.995239296385914,0,-0.09746149459797268));
#10393=DIRECTION('',(0.7682212795973759,0,0.6401843996644799));
#10394=DIRECTION('',(1,0,0));
#10395=FACE_SURFACE('',(#10400),#10396,.T.);
#10396=PLANE('',#10397);
#10397=AXIS2_PLACEMENT_3D('',#60,#10398,#10399);
#10398=DIRECTION('',(0,1,0));
#10399=DIRECTION('',(-0.7682212795973759,0,-0.6401843996644799));
#10400=FACE_BOUND('',#10401,.T.);
#10401=EDGE_LOOP('',(#10402,#10403,#10404));
#10402=ORIENTED_EDGE('',*,*,#10405,.T.);
#10403=ORIENTED_EDGE('',*,*,#10406,.T.);
#10404=ORIENTED_EDGE('',*,*,#10407,.T.);
#10405=EDGE_CURVE('',#61,#609,#10408,.F.);
#10406=EDGE_CURVE('',#609,#83,#10409,.T.);
#10407=EDGE_CURVE('',#83,#61,#10410,.T.);
#10408=LINE('',#60,#10411);
#10409=LINE('',#608,#10412);
#10410=LINE('',#82,#10413);
#10411=VECTOR('',#10414,1.0);
#10412=VECTOR('',#10415,1.0);
#10413=VECTOR('',#10416,1.0);
#10414=DIRECTION('',(-0.7682212795973759,0,-0.6401843996644799));
#10415=DIRECTION('',(0,0,1));
#10416=DIRECTION('',(0.08363088134195353,0,-0.9964968016436219));
#10417=FACE_SURFACE('',(#10422),#10418,.T.);
#10418=PLANE('',#10419);
#10419=AXIS2_PLACEMENT_3D('',#60,#10420,#10421);
#10420=DIRECTION('',(0,1,-0));
#10421=DIRECTION('',(-0.08363088134195353,0,0.9964968016436219));
#10422=FACE_BOUND('',#10423,.T.);
#10423=EDGE_LOOP('',(#10424,#10425,#10426));
#10424=ORIENTED_EDGE('',*,*,#10427,.T.);
#10425=ORIENTED_EDGE('',*,*,#10428,.T.);
#10426=ORIENTED_EDGE('',*,*,#10429,.T.);
#10427=EDGE_CURVE('',#61,#83,#10430,.F.);
#10428=EDGE_CURVE('',#83,#79,#10431,.T.);
#10429=EDGE_CURVE('',#79,#61,#10432,.T.);
#10430=LINE('',#60,#10433);
#10431=LINE('',#82,#10434);
#10432=LINE('',#78,#10435);
#10433=VECTOR('',#10436,1.0);
#10434=VECTOR('',#10437,1.0);
#10435=VECTOR('',#10438,1.0);
#10436=DIRECTION('',(-0.08363088134195353,0,0.9964968016436219));
#10437=DIRECTION('',(1,0,0));
#10438=DIRECTION('',(0,0,-1));
#10439=FACE_SURFACE('',(#10444),#10440,.T.);
#10440=PLANE('',#10441);
#10441=AXIS2_PLACEMENT_3D('',#40,#10442,#10443);
#10442=DIRECTION('',(0,1,0));
#10443=DIRECTION('',(0,0,1));
#10444=FACE_BOUND('',#10445,.T.);
#10445=EDGE_LOOP('',(#10446,#10447,#10448));
#10446=ORIENTED_EDGE('',*,*,#10449,.T.);
#10447=ORIENTED_EDGE('',*,*,#10450,.T.);
#10448=ORIENTED_EDGE('',*,*,#10451,.T.);
#10449=EDGE_CURVE('',#41,#45,#10452,.F.);
#10450=EDGE_CURVE('',#45,#59,#10453,.T.);
#10451=EDGE_CURVE('',#59,#41,#10454,.T.);
#10452=LINE('',#40,#10455);
#10453=LINE('',#44,#10456);
#10454=LINE('',#58,#10457);
#10455=VECTOR('',#10458,1.0);
#10456=VECTOR('',#10459,1.0);
#10457=VECTOR('',#10460,1.0);
#10458=DIRECTION('',(0,0,1));
#10459=DIRECTION('',(1,0,0));
#10460=DIRECTION('',(-0.08363088134195353,0,-0.9964968016436219));
#10461=FACE_SURFACE('',(#10466),#10462,.T.);
#10462=PLANE('',#10463);
#10463=AXIS2_PLACEMENT_3D('',#64,#10464,#10465);
#10464=DIRECTION('',(1,-0,0));
#10465=DIRECTION('',(0,0,-1));
#10466=FACE_BOUND('',#10467,.T.);
#10467=EDGE_LOOP('',(#10468,#10469,#10470));
#10468=ORIENTED_EDGE('',*,*,#10471,.T.);
#10469=ORIENTED_EDGE('',*,*,#10472,.T.);
#10470=ORIENTED_EDGE('',*,*,#10473,.T.);
#10471=EDGE_CURVE('',#65,#615,#10474,.F.);
#10472=EDGE_CURVE('',#615,#51,#10475,.T.);
#10473=EDGE_CURVE('',#51,#65,#10476,.T.);
#10474=LINE('',#64,#10477);
#10475=LINE('',#614,#10478);
#10476=LINE('',#50,#10479);
#10477=VECTOR('',#10480,1.0);
#10478=VECTOR('',#10481,1.0);
#10479=VECTOR('',#10482,1.0);
#10480=DIRECTION('',(0,0,-1));
#10481=DIRECTION('',(0,0.9950703574119021,0.09917148683038567));
#10482=DIRECTION('',(0,-1,0));
#10483=FACE_SURFACE('',(#10488),#10484,.T.);
#10484=PLANE('',#10485);
#10485=AXIS2_PLACEMENT_3D('',#50,#10486,#10487);
#10486=DIRECTION('',(1,0,0));
#10487=DIRECTION('',(0,-0.9950703574119021,-0.09917148683038567));
#10488=FACE_BOUND('',#10489,.T.);
#10489=EDGE_LOOP('',(#10490,#10491,#10492));
#10490=ORIENTED_EDGE('',*,*,#10493,.T.);
#10491=ORIENTED_EDGE('',*,*,#10494,.T.);
#10492=ORIENTED_EDGE('',*,*,#10495,.T.);
#10493=EDGE_CURVE('',#51,#615,#10496,.F.);
#10494=EDGE_CURVE('',#615,#613,#10497,.T.);
#10495=EDGE_CURVE('',#613,#51,#10498,.T.);
#10496=LINE('',#50,#10499);
#10497=LINE('',#614,#10500);
#10498=LINE('',#612,#10501);
#10499=VECTOR('',#10502,1.0);
#10500=VECTOR('',#10503,1.0);
#10501=VECTOR('',#10504,1.0);
#10502=DIRECTION('',(0,-0.9950703574119021,-0.09917148683038567));
#10503=DIRECTION('',(0,1,0));
#10504=DIRECTION('',(0,-0.7682213796838099,0.6401842795607399));
#10505=FACE_SURFACE('',(#10510),#10506,.T.);
#10506=PLANE('',#10507);
#10507=AXIS2_PLACEMENT_3D('',#50,#10508,#10509);
#10508=DIRECTION('',(1,-0,0));
#10509=DIRECTION('',(0,0.7682213796838099,-0.6401842795607399));
#10510=FACE_BOUND('',#10511,.T.);
#10511=EDGE_LOOP('',(#10512,#10513,#10514));
#10512=ORIENTED_EDGE('',*,*,#10515,.T.);
#10513=ORIENTED_EDGE('',*,*,#10516,.T.);
#10514=ORIENTED_EDGE('',*,*,#10517,.T.);
#10515=EDGE_CURVE('',#51,#613,#10518,.F.);
#10516=EDGE_CURVE('',#613,#59,#10519,.T.);
#10517=EDGE_CURVE('',#59,#51,#10520,.T.);
#10518=LINE('',#50,#10521);
#10519=LINE('',#612,#10522);
#10520=LINE('',#58,#10523);
#10521=VECTOR('',#10524,1.0);
#10522=VECTOR('',#10525,1.0);
#10523=VECTOR('',#10526,1.0);
#10524=DIRECTION('',(0,0.7682213796838099,-0.6401842795607399));
#10525=DIRECTION('',(0,0,1));
#10526=DIRECTION('',(0,-0.08363090774155206,-0.9964967994280384));
#10527=FACE_SURFACE('',(#10532),#10528,.T.);
#10528=PLANE('',#10529);
#10529=AXIS2_PLACEMENT_3D('',#58,#10530,#10531);
#10530=DIRECTION('',(1,0,0));
#10531=DIRECTION('',(0,-1,0));
#10532=FACE_BOUND('',#10533,.T.);
#10533=EDGE_LOOP('',(#10534,#10535,#10536));
#10534=ORIENTED_EDGE('',*,*,#10537,.T.);
#10535=ORIENTED_EDGE('',*,*,#10538,.T.);
#10536=ORIENTED_EDGE('',*,*,#10539,.T.);
#10537=EDGE_CURVE('',#59,#55,#10540,.F.);
#10538=EDGE_CURVE('',#55,#51,#10541,.T.);
#10539=EDGE_CURVE('',#51,#59,#10542,.T.);
#10540=LINE('',#58,#10543);
#10541=LINE('',#54,#10544);
#10542=LINE('',#50,#10545);
#10543=VECTOR('',#10546,1.0);
#10544=VECTOR('',#10547,1.0);
#10545=VECTOR('',#10548,1.0);
#10546=DIRECTION('',(0,-1,0));
#10547=DIRECTION('',(0,0,-1));
#10548=DIRECTION('',(0,0.08363090774155206,0.9964967994280384));
#10549=FACE_SURFACE('',(#10554),#10550,.T.);
#10550=PLANE('',#10551);
#10551=AXIS2_PLACEMENT_3D('',#56,#10552,#10553);
#10552=DIRECTION('',(-1,0,-0));
#10553=DIRECTION('',(0,0,-1));
#10554=FACE_BOUND('',#10555,.T.);
#10555=EDGE_LOOP('',(#10556,#10557,#10558));
#10556=ORIENTED_EDGE('',*,*,#10559,.T.);
#10557=ORIENTED_EDGE('',*,*,#10560,.T.);
#10558=ORIENTED_EDGE('',*,*,#10561,.T.);
#10559=EDGE_CURVE('',#57,#617,#10562,.F.);
#10560=EDGE_CURVE('',#617,#49,#10563,.T.);
#10561=EDGE_CURVE('',#49,#57,#10564,.T.);
#10562=LINE('',#56,#10565);
#10563=LINE('',#616,#10566);
#10564=LINE('',#48,#10567);
#10565=VECTOR('',#10568,1.0);
#10566=VECTOR('',#10569,1.0);
#10567=VECTOR('',#10570,1.0);
#10568=DIRECTION('',(0,0,-1));
#10569=DIRECTION('',(0,-0.6948354868325287,0.7191687188957837));
#10570=DIRECTION('',(0,0.06741732484585541,0.997724864033481));
#10571=FACE_SURFACE('',(#10576),#10572,.T.);
#10572=PLANE('',#10573);
#10573=AXIS2_PLACEMENT_3D('',#48,#10574,#10575);
#10574=DIRECTION('',(-1,0,-0));
#10575=DIRECTION('',(0,0.6948354868325287,-0.7191687188957837));
#10576=FACE_BOUND('',#10577,.T.);
#10577=EDGE_LOOP('',(#10578,#10579,#10580));
#10578=ORIENTED_EDGE('',*,*,#10581,.T.);
#10579=ORIENTED_EDGE('',*,*,#10582,.T.);
#10580=ORIENTED_EDGE('',*,*,#10583,.T.);
#10581=EDGE_CURVE('',#49,#617,#10584,.F.);
#10582=EDGE_CURVE('',#617,#619,#10585,.T.);
#10583=EDGE_CURVE('',#619,#49,#10586,.T.);
#10584=LINE('',#48,#10587);
#10585=LINE('',#616,#10588);
#10586=LINE('',#618,#10589);
#10587=VECTOR('',#10590,1.0);
#10588=VECTOR('',#10591,1.0);
#10589=VECTOR('',#10592,1.0);
#10590=DIRECTION('',(0,0.6948354868325287,-0.7191687188957837));
#10591=DIRECTION('',(0,-1,0));
#10592=DIRECTION('',(0,0.9950703574119021,0.09917148683038567));
#10593=FACE_SURFACE('',(#10598),#10594,.T.);
#10594=PLANE('',#10595);
#10595=AXIS2_PLACEMENT_3D('',#48,#10596,#10597);
#10596=DIRECTION('',(-1,-0,0));
#10597=DIRECTION('',(0,-0.9950703574119021,-0.09917148683038567));
#10598=FACE_BOUND('',#10599,.T.);
#10599=EDGE_LOOP('',(#10600,#10601,#10602));
#10600=ORIENTED_EDGE('',*,*,#10603,.T.);
#10601=ORIENTED_EDGE('',*,*,#10604,.T.);
#10602=ORIENTED_EDGE('',*,*,#10605,.T.);
#10603=EDGE_CURVE('',#49,#619,#10606,.F.);
#10604=EDGE_CURVE('',#619,#67,#10607,.T.);
#10605=EDGE_CURVE('',#67,#49,#10608,.T.);
#10606=LINE('',#48,#10609);
#10607=LINE('',#618,#10610);
#10608=LINE('',#66,#10611);
#10609=VECTOR('',#10612,1.0);
#10610=VECTOR('',#10613,1.0);
#10611=VECTOR('',#10614,1.0);
#10612=DIRECTION('',(0,-0.9950703574119021,-0.09917148683038567));
#10613=DIRECTION('',(0,0,1));
#10614=DIRECTION('',(0,1,0));
#10615=FACE_SURFACE('',(#10620),#10616,.T.);
#10616=PLANE('',#10617);
#10617=AXIS2_PLACEMENT_3D('',#48,#10618,#10619);
#10618=DIRECTION('',(-1,0,0));
#10619=DIRECTION('',(0,0,1));
#10620=FACE_BOUND('',#10621,.T.);
#10621=EDGE_LOOP('',(#10622,#10623,#10624));
#10622=ORIENTED_EDGE('',*,*,#10625,.T.);
#10623=ORIENTED_EDGE('',*,*,#10626,.T.);
#10624=ORIENTED_EDGE('',*,*,#10627,.T.);
#10625=EDGE_CURVE('',#49,#53,#10628,.F.);
#10626=EDGE_CURVE('',#53,#57,#10629,.T.);
#10627=EDGE_CURVE('',#57,#49,#10630,.T.);
#10628=LINE('',#48,#10631);
#10629=LINE('',#52,#10632);
#10630=LINE('',#56,#10633);
#10631=VECTOR('',#10634,1.0);
#10632=VECTOR('',#10635,1.0);
#10633=VECTOR('',#10636,1.0);
#10634=DIRECTION('',(0,0,1));
#10635=DIRECTION('',(0,1,0));
#10636=DIRECTION('',(0,-0.06741732484585541,-0.997724864033481));
#10637=FACE_SURFACE('',(#10642),#10638,.T.);
#10638=PLANE('',#10639);
#10639=AXIS2_PLACEMENT_3D('',#616,#10640,#10641);
#10640=DIRECTION('',(0,-1,0));
#10641=DIRECTION('',(-0.7071067811865475,0,0.7071067811865475));
#10642=FACE_BOUND('',#10643,.T.);
#10643=EDGE_LOOP('',(#10644,#10645,#10646));
#10644=ORIENTED_EDGE('',*,*,#10647,.T.);
#10645=ORIENTED_EDGE('',*,*,#10648,.T.);
#10646=ORIENTED_EDGE('',*,*,#10649,.T.);
#10647=EDGE_CURVE('',#617,#43,#10650,.F.);
#10648=EDGE_CURVE('',#43,#621,#10651,.T.);
#10649=EDGE_CURVE('',#621,#617,#10652,.T.);
#10650=LINE('',#616,#10653);
#10651=LINE('',#42,#10654);
#10652=LINE('',#620,#10655);
#10653=VECTOR('',#10656,1.0);
#10654=VECTOR('',#10657,1.0);
#10655=VECTOR('',#10658,1.0);
#10656=DIRECTION('',(-0.7071067811865475,0,0.7071067811865475));
#10657=DIRECTION('',(-0.9950371902099892,0,-0.09950371902099892));
#10658=DIRECTION('',(1,0,0));
#10659=FACE_SURFACE('',(#10664),#10660,.T.);
#10660=PLANE('',#10661);
#10661=AXIS2_PLACEMENT_3D('',#620,#10662,#10663);
#10662=DIRECTION('',(0,-1,0));
#10663=DIRECTION('',(0.9950371902099892,0,0.09950371902099892));
#10664=FACE_BOUND('',#10665,.T.);
#10665=EDGE_LOOP('',(#10666,#10667,#10668));
#10666=ORIENTED_EDGE('',*,*,#10669,.T.);
#10667=ORIENTED_EDGE('',*,*,#10670,.T.);
#10668=ORIENTED_EDGE('',*,*,#10671,.T.);
#10669=EDGE_CURVE('',#621,#43,#10672,.F.);
#10670=EDGE_CURVE('',#43,#63,#10673,.T.);
#10671=EDGE_CURVE('',#63,#621,#10674,.T.);
#10672=LINE('',#620,#10675);
#10673=LINE('',#42,#10676);
#10674=LINE('',#62,#10677);
#10675=VECTOR('',#10678,1.0);
#10676=VECTOR('',#10679,1.0);
#10677=VECTOR('',#10680,1.0);
#10678=DIRECTION('',(0.9950371902099892,0,0.09950371902099892));
#10679=DIRECTION('',(-1,0,0));
#10680=DIRECTION('',(-0.7029641436338664,0,-0.7112252897395486));
#10681=FACE_SURFACE('',(#10686),#10682,.T.);
#10682=PLANE('',#10683);
#10683=AXIS2_PLACEMENT_3D('',#620,#10684,#10685);
#10684=DIRECTION('',(0,-1,0));
#10685=DIRECTION('',(0.7029641436338664,0,0.7112252897395486));
#10686=FACE_BOUND('',#10687,.T.);
#10687=EDGE_LOOP('',(#10688,#10689,#10690));
#10688=ORIENTED_EDGE('',*,*,#10691,.T.);
#10689=ORIENTED_EDGE('',*,*,#10692,.T.);
#10690=ORIENTED_EDGE('',*,*,#10693,.T.);
#10691=EDGE_CURVE('',#621,#63,#10694,.F.);
#10692=EDGE_CURVE('',#63,#81,#10695,.T.);
#10693=EDGE_CURVE('',#81,#621,#10696,.T.);
#10694=LINE('',#620,#10697);
#10695=LINE('',#62,#10698);
#10696=LINE('',#80,#10699);
#10697=VECTOR('',#10700,1.0);
#10698=VECTOR('',#10701,1.0);
#10699=VECTOR('',#10702,1.0);
#10700=DIRECTION('',(0.7029641436338664,0,0.7112252897395486));
#10701=DIRECTION('',(-0.06896049704631409,0,0.997619391274611));
#10702=DIRECTION('',(0,0,-1));
#10703=FACE_SURFACE('',(#10708),#10704,.T.);
#10704=PLANE('',#10705);
#10705=AXIS2_PLACEMENT_3D('',#80,#10706,#10707);
#10706=DIRECTION('',(0,-1,0));
#10707=DIRECTION('',(0.06896049704631409,0,-0.997619391274611));
#10708=FACE_BOUND('',#10709,.T.);
#10709=EDGE_LOOP('',(#10710,#10711,#10712));
#10710=ORIENTED_EDGE('',*,*,#10713,.T.);
#10711=ORIENTED_EDGE('',*,*,#10714,.T.);
#10712=ORIENTED_EDGE('',*,*,#10715,.T.);
#10713=EDGE_CURVE('',#81,#63,#10716,.F.);
#10714=EDGE_CURVE('',#63,#77,#10717,.T.);
#10715=EDGE_CURVE('',#77,#81,#10718,.T.);
#10716=LINE('',#80,#10719);
#10717=LINE('',#62,#10720);
#10718=LINE('',#76,#10721);
#10719=VECTOR('',#10722,1.0);
#10720=VECTOR('',#10723,1.0);
#10721=VECTOR('',#10724,1.0);
#10722=DIRECTION('',(0.06896049704631409,0,-0.997619391274611));
#10723=DIRECTION('',(0,0,1));
#10724=DIRECTION('',(-1,0,0));
#10725=FACE_SURFACE('',(#10730),#10726,.T.);
#10726=PLANE('',#10727);
#10727=AXIS2_PLACEMENT_3D('',#616,#10728,#10729);
#10728=DIRECTION('',(0,-1,0));
#10729=DIRECTION('',(0,0,1));
#10730=FACE_BOUND('',#10731,.T.);
#10731=EDGE_LOOP('',(#10732,#10733,#10734));
#10732=ORIENTED_EDGE('',*,*,#10735,.T.);
#10733=ORIENTED_EDGE('',*,*,#10736,.T.);
#10734=ORIENTED_EDGE('',*,*,#10737,.T.);
#10735=EDGE_CURVE('',#617,#57,#10738,.F.);
#10736=EDGE_CURVE('',#57,#43,#10739,.T.);
#10737=EDGE_CURVE('',#43,#617,#10740,.T.);
#10738=LINE('',#616,#10741);
#10739=LINE('',#56,#10742);
#10740=LINE('',#42,#10743);
#10741=VECTOR('',#10744,1.0);
#10742=VECTOR('',#10745,1.0);
#10743=VECTOR('',#10746,1.0);
#10744=DIRECTION('',(0,0,1));
#10745=DIRECTION('',(-0.06976699028274726,0,-0.9975633148161007));
#10746=DIRECTION('',(0.7071067811865475,0,-0.7071067811865475));
#10747=FACE_SURFACE('',(#10752),#10748,.T.);
#10748=PLANE('',#10749);
#10749=AXIS2_PLACEMENT_3D('',#42,#10750,#10751);
#10750=DIRECTION('',(0,-1,0));
#10751=DIRECTION('',(0.06976699028274726,0,0.9975633148161007));
#10752=FACE_BOUND('',#10753,.T.);
#10753=EDGE_LOOP('',(#10754,#10755,#10756));
#10754=ORIENTED_EDGE('',*,*,#10757,.T.);
#10755=ORIENTED_EDGE('',*,*,#10758,.T.);
#10756=ORIENTED_EDGE('',*,*,#10759,.T.);
#10757=EDGE_CURVE('',#43,#57,#10760,.F.);
#10758=EDGE_CURVE('',#57,#47,#10761,.T.);
#10759=EDGE_CURVE('',#47,#43,#10762,.T.);
#10760=LINE('',#42,#10763);
#10761=LINE('',#56,#10764);
#10762=LINE('',#46,#10765);
#10763=VECTOR('',#10766,1.0);
#10764=VECTOR('',#10767,1.0);
#10765=VECTOR('',#10768,1.0);
#10766=DIRECTION('',(0.06976699028274726,0,0.9975633148161007));
#10767=DIRECTION('',(-1,0,0));
#10768=DIRECTION('',(0,0,-1));
#10769=FACE_SURFACE('',(#10774),#10770,.T.);
#10770=PLANE('',#10771);
#10771=AXIS2_PLACEMENT_3D('',#84,#10772,#10773);
#10772=DIRECTION('',(1,-0,0));
#10773=DIRECTION('',(0,0,-1));
#10774=FACE_BOUND('',#10775,.T.);
#10775=EDGE_LOOP('',(#10776,#10777,#10778));
#10776=ORIENTED_EDGE('',*,*,#10779,.T.);
#10777=ORIENTED_EDGE('',*,*,#10780,.T.);
#10778=ORIENTED_EDGE('',*,*,#10781,.T.);
#10779=EDGE_CURVE('',#85,#623,#10782,.F.);
#10780=EDGE_CURVE('',#623,#71,#10783,.T.);
#10781=EDGE_CURVE('',#71,#85,#10784,.T.);
#10782=LINE('',#84,#10785);
#10783=LINE('',#622,#10786);
#10784=LINE('',#70,#10787);
#10785=VECTOR('',#10788,1.0);
#10786=VECTOR('',#10789,1.0);
#10787=VECTOR('',#10790,1.0);
#10788=DIRECTION('',(0,0,-1));
#10789=DIRECTION('',(0,0.9950703574119021,0.09917148683038567));
#10790=DIRECTION('',(0,-1,0));
#10791=FACE_SURFACE('',(#10796),#10792,.T.);
#10792=PLANE('',#10793);
#10793=AXIS2_PLACEMENT_3D('',#70,#10794,#10795);
#10794=DIRECTION('',(1,0,0));
#10795=DIRECTION('',(0,-0.9950703574119021,-0.09917148683038567));
#10796=FACE_BOUND('',#10797,.T.);
#10797=EDGE_LOOP('',(#10798,#10799,#10800));
#10798=ORIENTED_EDGE('',*,*,#10801,.T.);
#10799=ORIENTED_EDGE('',*,*,#10802,.T.);
#10800=ORIENTED_EDGE('',*,*,#10803,.T.);
#10801=EDGE_CURVE('',#71,#623,#10804,.F.);
#10802=EDGE_CURVE('',#623,#621,#10805,.T.);
#10803=EDGE_CURVE('',#621,#71,#10806,.T.);
#10804=LINE('',#70,#10807);
#10805=LINE('',#622,#10808);
#10806=LINE('',#620,#10809);
#10807=VECTOR('',#10810,1.0);
#10808=VECTOR('',#10811,1.0);
#10809=VECTOR('',#10812,1.0);
#10810=DIRECTION('',(0,-0.9950703574119021,-0.09917148683038567));
#10811=DIRECTION('',(0,1,0));
#10812=DIRECTION('',(0,-0.6948354868325287,0.7191687188957837));
#10813=FACE_SURFACE('',(#10818),#10814,.T.);
#10814=PLANE('',#10815);
#10815=AXIS2_PLACEMENT_3D('',#70,#10816,#10817);
#10816=DIRECTION('',(1,-0,0));
#10817=DIRECTION('',(0,0.6948354868325287,-0.7191687188957837));
#10818=FACE_BOUND('',#10819,.T.);
#10819=EDGE_LOOP('',(#10820,#10821,#10822));
#10820=ORIENTED_EDGE('',*,*,#10823,.T.);
#10821=ORIENTED_EDGE('',*,*,#10824,.T.);
#10822=ORIENTED_EDGE('',*,*,#10825,.T.);
#10823=EDGE_CURVE('',#71,#621,#10826,.F.);
#10824=EDGE_CURVE('',#621,#81,#10827,.T.);
#10825=EDGE_CURVE('',#81,#71,#10828,.T.);
#10826=LINE('',#70,#10829);
#10827=LINE('',#620,#10830);
#10828=LINE('',#80,#10831);
#10829=VECTOR('',#10832,1.0);
#10830=VECTOR('',#10833,1.0);
#10831=VECTOR('',#10834,1.0);
#10832=DIRECTION('',(0,0.6948354868325287,-0.7191687188957837));
#10833=DIRECTION('',(0,0,1));
#10834=DIRECTION('',(0,-0.06741732484585541,-0.997724864033481));
#10835=FACE_SURFACE('',(#10840),#10836,.T.);
#10836=PLANE('',#10837);
#10837=AXIS2_PLACEMENT_3D('',#80,#10838,#10839);
#10838=DIRECTION('',(1,0,0));
#10839=DIRECTION('',(0,-1,0));
#10840=FACE_BOUND('',#10841,.T.);
#10841=EDGE_LOOP('',(#10842,#10843,#10844));
#10842=ORIENTED_EDGE('',*,*,#10845,.T.);
#10843=ORIENTED_EDGE('',*,*,#10846,.T.);
#10844=ORIENTED_EDGE('',*,*,#10847,.T.);
#10845=EDGE_CURVE('',#81,#75,#10848,.F.);
#10846=EDGE_CURVE('',#75,#71,#10849,.T.);
#10847=EDGE_CURVE('',#71,#81,#10850,.T.);
#10848=LINE('',#80,#10851);
#10849=LINE('',#74,#10852);
#10850=LINE('',#70,#10853);
#10851=VECTOR('',#10854,1.0);
#10852=VECTOR('',#10855,1.0);
#10853=VECTOR('',#10856,1.0);
#10854=DIRECTION('',(0,-1,0));
#10855=DIRECTION('',(0,0,-1));
#10856=DIRECTION('',(0,0.06741732484585541,0.997724864033481));
#10857=FACE_SURFACE('',(#10862),#10858,.T.);
#10858=PLANE('',#10859);
#10859=AXIS2_PLACEMENT_3D('',#610,#10860,#10861);
#10860=DIRECTION('',(0,-0,1));
#10861=DIRECTION('',(0,1,0));
#10862=FACE_BOUND('',#10863,.T.);
#10863=EDGE_LOOP('',(#10864,#10865,#10866));
#10864=ORIENTED_EDGE('',*,*,#10867,.T.);
#10865=ORIENTED_EDGE('',*,*,#10868,.T.);
#10866=ORIENTED_EDGE('',*,*,#10869,.T.);
#10867=EDGE_CURVE('',#611,#609,#10870,.F.);
#10868=EDGE_CURVE('',#609,#625,#10871,.T.);
#10869=EDGE_CURVE('',#625,#611,#10872,.T.);
#10870=LINE('',#610,#10873);
#10871=LINE('',#608,#10874);
#10872=LINE('',#624,#10875);
#10873=VECTOR('',#10876,1.0);
#10874=VECTOR('',#10877,1.0);
#10875=VECTOR('',#10878,1.0);
#10876=DIRECTION('',(0,1,0));
#10877=DIRECTION('',(-0.15721652171539183,-0.9875641575612765,0));
#10878=DIRECTION('',(1,0,0));
#10879=FACE_SURFACE('',(#10884),#10880,.T.);
#10880=PLANE('',#10881);
#10881=AXIS2_PLACEMENT_3D('',#624,#10882,#10883);
#10882=DIRECTION('',(0,0,1));
#10883=DIRECTION('',(0.15721652171539183,0.9875641575612765,0));
#10884=FACE_BOUND('',#10885,.T.);
#10885=EDGE_LOOP('',(#10886,#10887,#10888));
#10886=ORIENTED_EDGE('',*,*,#10889,.T.);
#10887=ORIENTED_EDGE('',*,*,#10890,.T.);
#10888=ORIENTED_EDGE('',*,*,#10891,.T.);
#10889=EDGE_CURVE('',#625,#609,#10892,.F.);
#10890=EDGE_CURVE('',#609,#627,#10893,.T.);
#10891=EDGE_CURVE('',#627,#625,#10894,.T.);
#10892=LINE('',#624,#10895);
#10893=LINE('',#608,#10896);
#10894=LINE('',#626,#10897);
#10895=VECTOR('',#10898,1.0);
#10896=VECTOR('',#10899,1.0);
#10897=VECTOR('',#10900,1.0);
#10898=DIRECTION('',(0.15721652171539183,0.9875641575612765,0));
#10899=DIRECTION('',(-0.9891055448084468,0.14720808819214276,0));
#10900=DIRECTION('',(0,-1,0));
#10901=FACE_SURFACE('',(#10906),#10902,.T.);
#10902=PLANE('',#10903);
#10903=AXIS2_PLACEMENT_3D('',#626,#10904,#10905);
#10904=DIRECTION('',(0,0,1));
#10905=DIRECTION('',(0.9891055448084468,-0.14720808819214276,0));
#10906=FACE_BOUND('',#10907,.T.);
#10907=EDGE_LOOP('',(#10908,#10909,#10910));
#10908=ORIENTED_EDGE('',*,*,#10911,.T.);
#10909=ORIENTED_EDGE('',*,*,#10912,.T.);
#10910=ORIENTED_EDGE('',*,*,#10913,.T.);
#10911=EDGE_CURVE('',#627,#609,#10914,.F.);
#10912=EDGE_CURVE('',#609,#613,#10915,.T.);
#10913=EDGE_CURVE('',#613,#627,#10916,.T.);
#10914=LINE('',#626,#10917);
#10915=LINE('',#608,#10918);
#10916=LINE('',#612,#10919);
#10917=VECTOR('',#10920,1.0);
#10918=VECTOR('',#10921,1.0);
#10919=VECTOR('',#10922,1.0);
#10920=DIRECTION('',(0.9891055448084468,-0.14720808819214276,0));
#10921=DIRECTION('',(1,0,0));
#10922=DIRECTION('',(-0.9997967691367575,0.02015987161916289,0));
#10923=FACE_SURFACE('',(#10928),#10924,.T.);
#10924=PLANE('',#10925);
#10925=AXIS2_PLACEMENT_3D('',#626,#10926,#10927);
#10926=DIRECTION('',(-0,0,1));
#10927=DIRECTION('',(0.9997967691367575,-0.02015987161916289,0));
#10928=FACE_BOUND('',#10929,.T.);
#10929=EDGE_LOOP('',(#10930,#10931,#10932));
#10930=ORIENTED_EDGE('',*,*,#10933,.T.);
#10931=ORIENTED_EDGE('',*,*,#10934,.T.);
#10932=ORIENTED_EDGE('',*,*,#10935,.T.);
#10933=EDGE_CURVE('',#627,#613,#10936,.F.);
#10934=EDGE_CURVE('',#613,#629,#10937,.T.);
#10935=EDGE_CURVE('',#629,#627,#10938,.T.);
#10936=LINE('',#626,#10939);
#10937=LINE('',#612,#10940);
#10938=LINE('',#628,#10941);
#10939=VECTOR('',#10942,1.0);
#10940=VECTOR('',#10943,1.0);
#10941=VECTOR('',#10944,1.0);
#10942=DIRECTION('',(0.9997967691367575,-0.02015987161916289,0));
#10943=DIRECTION('',(0.9892434415135168,0.14627854737620719,0));
#10944=DIRECTION('',(-1,0,0));
#10945=FACE_SURFACE('',(#10950),#10946,.T.);
#10946=PLANE('',#10947);
#10947=AXIS2_PLACEMENT_3D('',#628,#10948,#10949);
#10948=DIRECTION('',(0,0,1));
#10949=DIRECTION('',(-0.9892434415135168,-0.14627854737620719,0));
#10950=FACE_BOUND('',#10951,.T.);
#10951=EDGE_LOOP('',(#10952,#10953,#10954));
#10952=ORIENTED_EDGE('',*,*,#10955,.T.);
#10953=ORIENTED_EDGE('',*,*,#10956,.T.);
#10954=ORIENTED_EDGE('',*,*,#10957,.T.);
#10955=EDGE_CURVE('',#629,#613,#10958,.F.);
#10956=EDGE_CURVE('',#613,#631,#10959,.T.);
#10957=EDGE_CURVE('',#631,#629,#10960,.T.);
#10958=LINE('',#628,#10961);
#10959=LINE('',#612,#10962);
#10960=LINE('',#630,#10963);
#10961=VECTOR('',#10964,1.0);
#10962=VECTOR('',#10965,1.0);
#10963=VECTOR('',#10966,1.0);
#10964=DIRECTION('',(-0.9892434415135168,-0.14627854737620719,0));
#10965=DIRECTION('',(0.15821214768575304,-0.9874051429502793,0));
#10966=DIRECTION('',(0,1,0));
#10967=FACE_SURFACE('',(#10972),#10968,.T.);
#10968=PLANE('',#10969);
#10969=AXIS2_PLACEMENT_3D('',#630,#10970,#10971);
#10970=DIRECTION('',(0,0,1));
#10971=DIRECTION('',(-0.15821214768575304,0.9874051429502793,0));
#10972=FACE_BOUND('',#10973,.T.);
#10973=EDGE_LOOP('',(#10974,#10975,#10976));
#10974=ORIENTED_EDGE('',*,*,#10977,.T.);
#10975=ORIENTED_EDGE('',*,*,#10978,.T.);
#10976=ORIENTED_EDGE('',*,*,#10979,.T.);
#10977=EDGE_CURVE('',#631,#613,#10980,.F.);
#10978=EDGE_CURVE('',#613,#615,#10981,.T.);
#10979=EDGE_CURVE('',#615,#631,#10982,.T.);
#10980=LINE('',#630,#10983);
#10981=LINE('',#612,#10984);
#10982=LINE('',#614,#10985);
#10983=VECTOR('',#10986,1.0);
#10984=VECTOR('',#10987,1.0);
#10985=VECTOR('',#10988,1.0);
#10986=DIRECTION('',(-0.15821214768575304,0.9874051429502793,0));
#10987=DIRECTION('',(0,-1,0));
#10988=DIRECTION('',(1,0,0));
#10989=FACE_SURFACE('',(#10994),#10990,.T.);
#10990=PLANE('',#10991);
#10991=AXIS2_PLACEMENT_3D('',#112,#10992,#10993);
#10992=DIRECTION('',(-0,1,0));
#10993=DIRECTION('',(1,0,0));
#10994=FACE_BOUND('',#10995,.T.);
#10995=EDGE_LOOP('',(#10996,#10997,#10998));
#10996=ORIENTED_EDGE('',*,*,#10999,.T.);
#10997=ORIENTED_EDGE('',*,*,#11000,.T.);
#10998=ORIENTED_EDGE('',*,*,#11001,.T.);
#10999=EDGE_CURVE('',#113,#633,#11002,.F.);
#11000=EDGE_CURVE('',#633,#105,#11003,.T.);
#11001=EDGE_CURVE('',#105,#113,#11004,.T.);
#11002=LINE('',#112,#11005);
#11003=LINE('',#632,#11006);
#11004=LINE('',#104,#11007);
#11005=VECTOR('',#11008,1.0);
#11006=VECTOR('',#11009,1.0);
#11007=VECTOR('',#11010,1.0);
#11008=DIRECTION('',(1,0,0));
#11009=DIRECTION('',(-0.7289305088582853,0,-0.6845876958108443));
#11010=DIRECTION('',(0,0,1));
#11011=FACE_SURFACE('',(#11016),#11012,.T.);
#11012=PLANE('',#11013);
#11013=AXIS2_PLACEMENT_3D('',#104,#11014,#11015);
#11014=DIRECTION('',(-0,1,0));
#11015=DIRECTION('',(0.7289305088582853,0,0.6845876958108443));
#11016=FACE_BOUND('',#11017,.T.);
#11017=EDGE_LOOP('',(#11018,#11019,#11020));
#11018=ORIENTED_EDGE('',*,*,#11021,.T.);
#11019=ORIENTED_EDGE('',*,*,#11022,.T.);
#11020=ORIENTED_EDGE('',*,*,#11023,.T.);
#11021=EDGE_CURVE('',#105,#633,#11024,.F.);
#11022=EDGE_CURVE('',#633,#631,#11025,.T.);
#11023=EDGE_CURVE('',#631,#105,#11026,.T.);
#11024=LINE('',#104,#11027);
#11025=LINE('',#632,#11028);
#11026=LINE('',#630,#11029);
#11027=VECTOR('',#11030,1.0);
#11028=VECTOR('',#11031,1.0);
#11029=VECTOR('',#11032,1.0);
#11030=DIRECTION('',(0.7289305088582853,0,0.6845876958108443));
#11031=DIRECTION('',(0,0,-1));
#11032=DIRECTION('',(-0.11759551738484676,0,0.9930615762836614));
#11033=FACE_SURFACE('',(#11038),#11034,.T.);
#11034=PLANE('',#11035);
#11035=AXIS2_PLACEMENT_3D('',#104,#11036,#11037);
#11036=DIRECTION('',(0,1,0));
#11037=DIRECTION('',(0.11759551738484676,0,-0.9930615762836614));
#11038=FACE_BOUND('',#11039,.T.);
#11039=EDGE_LOOP('',(#11040,#11041,#11042));
#11040=ORIENTED_EDGE('',*,*,#11043,.T.);
#11041=ORIENTED_EDGE('',*,*,#11044,.T.);
#11042=ORIENTED_EDGE('',*,*,#11045,.T.);
#11043=EDGE_CURVE('',#105,#631,#11046,.F.);
#11044=EDGE_CURVE('',#631,#583,#11047,.T.);
#11045=EDGE_CURVE('',#583,#105,#11048,.T.);
#11046=LINE('',#104,#11049);
#11047=LINE('',#630,#11050);
#11048=LINE('',#582,#11051);
#11049=VECTOR('',#11052,1.0);
#11050=VECTOR('',#11053,1.0);
#11051=VECTOR('',#11054,1.0);
#11052=DIRECTION('',(0.11759551738484676,0,-0.9930615762836614));
#11053=DIRECTION('',(-0.46323756363790214,0,0.886234144927186));
#11054=DIRECTION('',(0.3623577740269712,0,0.9320390783664698));
#11055=FACE_SURFACE('',(#11060),#11056,.T.);
#11056=PLANE('',#11057);
#11057=AXIS2_PLACEMENT_3D('',#582,#11058,#11059);
#11058=DIRECTION('',(0,1,0));
#11059=DIRECTION('',(0.46323756363790214,0,-0.886234144927186));
#11060=FACE_BOUND('',#11061,.T.);
#11061=EDGE_LOOP('',(#11062,#11063,#11064));
#11062=ORIENTED_EDGE('',*,*,#11065,.T.);
#11063=ORIENTED_EDGE('',*,*,#11066,.T.);
#11064=ORIENTED_EDGE('',*,*,#11067,.T.);
#11065=EDGE_CURVE('',#583,#631,#11068,.F.);
#11066=EDGE_CURVE('',#631,#585,#11069,.T.);
#11067=EDGE_CURVE('',#585,#583,#11070,.T.);
#11068=LINE('',#582,#11071);
#11069=LINE('',#630,#11072);
#11070=LINE('',#584,#11073);
#11071=VECTOR('',#11074,1.0);
#11072=VECTOR('',#11075,1.0);
#11073=VECTOR('',#11076,1.0);
#11074=DIRECTION('',(0.46323756363790214,0,-0.886234144927186));
#11075=DIRECTION('',(-0.47982552290773667,0,0.877363931083514));
#11076=DIRECTION('',(0.056070609947962854,0,0.9984268058801624));
#11077=FACE_SURFACE('',(#11082),#11078,.T.);
#11078=PLANE('',#11079);
#11079=AXIS2_PLACEMENT_3D('',#584,#11080,#11081);
#11080=DIRECTION('',(0,1,0));
#11081=DIRECTION('',(0.47982552290773667,0,-0.877363931083514));
#11082=FACE_BOUND('',#11083,.T.);
#11083=EDGE_LOOP('',(#11084,#11085,#11086));
#11084=ORIENTED_EDGE('',*,*,#11087,.T.);
#11085=ORIENTED_EDGE('',*,*,#11088,.T.);
#11086=ORIENTED_EDGE('',*,*,#11089,.T.);
#11087=EDGE_CURVE('',#585,#631,#11090,.F.);
#11088=EDGE_CURVE('',#631,#65,#11091,.T.);
#11089=EDGE_CURVE('',#65,#585,#11092,.T.);
#11090=LINE('',#584,#11093);
#11091=LINE('',#630,#11094);
#11092=LINE('',#64,#11095);
#11093=VECTOR('',#11096,1.0);
#11094=VECTOR('',#11097,1.0);
#11095=VECTOR('',#11098,1.0);
#11096=DIRECTION('',(0.47982552290773667,0,-0.877363931083514));
#11097=DIRECTION('',(-0.8741572761215377,0,0.48564293117863205));
#11098=DIRECTION('',(-0.3487880645600477,0,0.9372016250628549));
#11099=FACE_SURFACE('',(#11104),#11100,.T.);
#11100=PLANE('',#11101);
#11101=AXIS2_PLACEMENT_3D('',#584,#11102,#11103);
#11102=DIRECTION('',(0,1,0));
#11103=DIRECTION('',(0.3487880645600477,0,-0.9372016250628549));
#11104=FACE_BOUND('',#11105,.T.);
#11105=EDGE_LOOP('',(#11106,#11107,#11108));
#11106=ORIENTED_EDGE('',*,*,#11109,.T.);
#11107=ORIENTED_EDGE('',*,*,#11110,.T.);
#11108=ORIENTED_EDGE('',*,*,#11111,.T.);
#11109=EDGE_CURVE('',#585,#65,#11112,.F.);
#11110=EDGE_CURVE('',#65,#587,#11113,.T.);
#11111=EDGE_CURVE('',#587,#585,#11114,.T.);
#11112=LINE('',#584,#11115);
#11113=LINE('',#64,#11116);
#11114=LINE('',#586,#11117);
#11115=VECTOR('',#11118,1.0);
#11116=VECTOR('',#11119,1.0);
#11117=VECTOR('',#11120,1.0);
#11118=DIRECTION('',(0.3487880645600477,0,-0.9372016250628549));
#11119=DIRECTION('',(-0.3705131460870966,0,0.9288272221337195));
#11120=DIRECTION('',(0.16750608638458908,0,0.9858710417818948));
#11121=FACE_SURFACE('',(#11126),#11122,.T.);
#11122=PLANE('',#11123);
#11123=AXIS2_PLACEMENT_3D('',#586,#11124,#11125);
#11124=DIRECTION('',(0,1,0));
#11125=DIRECTION('',(0.3705131460870966,0,-0.9288272221337195));
#11126=FACE_BOUND('',#11127,.T.);
#11127=EDGE_LOOP('',(#11128,#11129,#11130));
#11128=ORIENTED_EDGE('',*,*,#11131,.T.);
#11129=ORIENTED_EDGE('',*,*,#11132,.T.);
#11130=ORIENTED_EDGE('',*,*,#11133,.T.);
#11131=EDGE_CURVE('',#587,#65,#11134,.F.);
#11132=EDGE_CURVE('',#65,#589,#11135,.T.);
#11133=EDGE_CURVE('',#589,#587,#11136,.T.);
#11134=LINE('',#586,#11137);
#11135=LINE('',#64,#11138);
#11136=LINE('',#588,#11139);
#11137=VECTOR('',#11140,1.0);
#11138=VECTOR('',#11141,1.0);
#11139=VECTOR('',#11142,1.0);
#11140=DIRECTION('',(0.3705131460870966,0,-0.9288272221337195));
#11141=DIRECTION('',(-0.39782227506213225,0,0.9174624992142126));
#11142=DIRECTION('',(0.2768355476312207,0,0.960917311514223));
#11143=FACE_SURFACE('',(#11148),#11144,.T.);
#11144=PLANE('',#11145);
#11145=AXIS2_PLACEMENT_3D('',#588,#11146,#11147);
#11146=DIRECTION('',(0,1,0));
#11147=DIRECTION('',(0.39782227506213225,0,-0.9174624992142126));
#11148=FACE_BOUND('',#11149,.T.);
#11149=EDGE_LOOP('',(#11150,#11151,#11152));
#11150=ORIENTED_EDGE('',*,*,#11153,.T.);
#11151=ORIENTED_EDGE('',*,*,#11154,.T.);
#11152=ORIENTED_EDGE('',*,*,#11155,.T.);
#11153=EDGE_CURVE('',#589,#65,#11156,.F.);
#11154=EDGE_CURVE('',#65,#591,#11157,.T.);
#11155=EDGE_CURVE('',#591,#589,#11158,.T.);
#11156=LINE('',#588,#11159);
#11157=LINE('',#64,#11160);
#11158=LINE('',#590,#11161);
#11159=VECTOR('',#11162,1.0);
#11160=VECTOR('',#11163,1.0);
#11161=VECTOR('',#11164,1.0);
#11162=DIRECTION('',(0.39782227506213225,0,-0.9174624992142126));
#11163=DIRECTION('',(-0.43045196078636905,0,0.9026134884075079));
#11164=DIRECTION('',(0.38268348326984947,0,0.9238795114258432));
#11165=FACE_SURFACE('',(#11170),#11166,.T.);
#11166=PLANE('',#11167);
#11167=AXIS2_PLACEMENT_3D('',#590,#11168,#11169);
#11168=DIRECTION('',(0,1,0));
#11169=DIRECTION('',(0.43045196078636905,0,-0.9026134884075079));
#11170=FACE_BOUND('',#11171,.T.);
#11171=EDGE_LOOP('',(#11172,#11173,#11174));
#11172=ORIENTED_EDGE('',*,*,#11175,.T.);
#11173=ORIENTED_EDGE('',*,*,#11176,.T.);
#11174=ORIENTED_EDGE('',*,*,#11177,.T.);
#11175=EDGE_CURVE('',#591,#65,#11178,.F.);
#11176=EDGE_CURVE('',#65,#593,#11179,.T.);
#11177=EDGE_CURVE('',#593,#591,#11180,.T.);
#11178=LINE('',#590,#11181);
#11179=LINE('',#64,#11182);
#11180=LINE('',#592,#11183);
#11181=VECTOR('',#11184,1.0);
#11182=VECTOR('',#11185,1.0);
#11183=VECTOR('',#11186,1.0);
#11184=DIRECTION('',(0.43045196078636905,0,-0.9026134884075079));
#11185=DIRECTION('',(-0.46775532057939884,0,0.8838579976838268));
#11186=DIRECTION('',(0.48371918493147725,0,0.8752232573059444));
#11187=FACE_SURFACE('',(#11192),#11188,.T.);
#11188=PLANE('',#11189);
#11189=AXIS2_PLACEMENT_3D('',#592,#11190,#11191);
#11190=DIRECTION('',(0,1,0));
#11191=DIRECTION('',(0.46775532057939884,0,-0.8838579976838268));
#11192=FACE_BOUND('',#11193,.T.);
#11193=EDGE_LOOP('',(#11194,#11195,#11196));
#11194=ORIENTED_EDGE('',*,*,#11197,.T.);
#11195=ORIENTED_EDGE('',*,*,#11198,.T.);
#11196=ORIENTED_EDGE('',*,*,#11199,.T.);
#11197=EDGE_CURVE('',#593,#65,#11200,.F.);
#11198=EDGE_CURVE('',#65,#67,#11201,.T.);
#11199=EDGE_CURVE('',#67,#593,#11202,.T.);
#11200=LINE('',#592,#11203);
#11201=LINE('',#64,#11204);
#11202=LINE('',#66,#11205);
#11203=VECTOR('',#11206,1.0);
#11204=VECTOR('',#11207,1.0);
#11205=VECTOR('',#11208,1.0);
#11206=DIRECTION('',(0.46775532057939884,0,-0.8838579976838268));
#11207=DIRECTION('',(-1,0,0));
#11208=DIRECTION('',(-0.4438162373492474,0,0.8961178200801257));
#11209=FACE_SURFACE('',(#11214),#11210,.T.);
#11210=PLANE('',#11211);
#11211=AXIS2_PLACEMENT_3D('',#592,#11212,#11213);
#11212=DIRECTION('',(0,1,0));
#11213=DIRECTION('',(0.4438162373492474,0,-0.8961178200801257));
#11214=FACE_BOUND('',#11215,.T.);
#11215=EDGE_LOOP('',(#11216,#11217,#11218));
#11216=ORIENTED_EDGE('',*,*,#11219,.T.);
#11217=ORIENTED_EDGE('',*,*,#11220,.T.);
#11218=ORIENTED_EDGE('',*,*,#11221,.T.);
#11219=EDGE_CURVE('',#593,#67,#11222,.F.);
#11220=EDGE_CURVE('',#67,#595,#11223,.T.);
#11221=EDGE_CURVE('',#595,#593,#11224,.T.);
#11222=LINE('',#592,#11225);
#11223=LINE('',#66,#11226);
#11224=LINE('',#594,#11227);
#11225=VECTOR('',#11228,1.0);
#11226=VECTOR('',#11229,1.0);
#11227=VECTOR('',#11230,1.0);
#11228=DIRECTION('',(0.4438162373492474,0,-0.8961178200801257));
#11229=DIRECTION('',(-0.4853773907691159,0,0.8743047458010079));
#11230=DIRECTION('',(0.5786713339597672,0,0.8155608421529467));
#11231=FACE_SURFACE('',(#11236),#11232,.T.);
#11232=PLANE('',#11233);
#11233=AXIS2_PLACEMENT_3D('',#594,#11234,#11235);
#11234=DIRECTION('',(0,1,0));
#11235=DIRECTION('',(0.4853773907691159,0,-0.8743047458010079));
#11236=FACE_BOUND('',#11237,.T.);
#11237=EDGE_LOOP('',(#11238,#11239,#11240));
#11238=ORIENTED_EDGE('',*,*,#11241,.T.);
#11239=ORIENTED_EDGE('',*,*,#11242,.T.);
#11240=ORIENTED_EDGE('',*,*,#11243,.T.);
#11241=EDGE_CURVE('',#595,#67,#11244,.F.);
#11242=EDGE_CURVE('',#67,#597,#11245,.T.);
#11243=EDGE_CURVE('',#597,#595,#11246,.T.);
#11244=LINE('',#594,#11247);
#11245=LINE('',#66,#11248);
#11246=LINE('',#596,#11249);
#11247=VECTOR('',#11250,1.0);
#11248=VECTOR('',#11251,1.0);
#11249=VECTOR('',#11252,1.0);
#11250=DIRECTION('',(0.4853773907691159,0,-0.8743047458010079));
#11251=DIRECTION('',(-0.5294752372003318,0,0.8483253934615257));
#11252=DIRECTION('',(0.6663458991601063,0,0.7456427714881366));
#11253=FACE_SURFACE('',(#11258),#11254,.T.);
#11254=PLANE('',#11255);
#11255=AXIS2_PLACEMENT_3D('',#596,#11256,#11257);
#11256=DIRECTION('',(0,1,0));
#11257=DIRECTION('',(0.5294752372003318,0,-0.8483253934615257));
#11258=FACE_BOUND('',#11259,.T.);
#11259=EDGE_LOOP('',(#11260,#11261,#11262));
#11260=ORIENTED_EDGE('',*,*,#11263,.T.);
#11261=ORIENTED_EDGE('',*,*,#11264,.T.);
#11262=ORIENTED_EDGE('',*,*,#11265,.T.);
#11263=EDGE_CURVE('',#597,#67,#11266,.F.);
#11264=EDGE_CURVE('',#67,#599,#11267,.T.);
#11265=EDGE_CURVE('',#599,#597,#11268,.T.);
#11266=LINE('',#596,#11269);
#11267=LINE('',#66,#11270);
#11268=LINE('',#598,#11271);
#11269=VECTOR('',#11272,1.0);
#11270=VECTOR('',#11273,1.0);
#11271=VECTOR('',#11274,1.0);
#11272=DIRECTION('',(0.5294752372003318,0,-0.8483253934615257));
#11273=DIRECTION('',(-0.5743460453090757,0,0.8186126191537882));
#11274=DIRECTION('',(0.7456428598863849,0,0.6663458002422262));
#11275=FACE_SURFACE('',(#11280),#11276,.T.);
#11276=PLANE('',#11277);
#11277=AXIS2_PLACEMENT_3D('',#598,#11278,#11279);
#11278=DIRECTION('',(0,1,0));
#11279=DIRECTION('',(0.5743460453090757,0,-0.8186126191537882));
#11280=FACE_BOUND('',#11281,.T.);
#11281=EDGE_LOOP('',(#11282,#11283,#11284));
#11282=ORIENTED_EDGE('',*,*,#11285,.T.);
#11283=ORIENTED_EDGE('',*,*,#11286,.T.);
#11284=ORIENTED_EDGE('',*,*,#11287,.T.);
#11285=EDGE_CURVE('',#599,#67,#11288,.F.);
#11286=EDGE_CURVE('',#67,#601,#11289,.T.);
#11287=EDGE_CURVE('',#601,#599,#11290,.T.);
#11288=LINE('',#598,#11291);
#11289=LINE('',#66,#11292);
#11290=LINE('',#600,#11293);
#11291=VECTOR('',#11294,1.0);
#11292=VECTOR('',#11295,1.0);
#11293=VECTOR('',#11296,1.0);
#11294=DIRECTION('',(0.5743460453090757,0,-0.8186126191537882));
#11295=DIRECTION('',(-0.618130667349263,0,0.7860753641237935));
#11296=DIRECTION('',(0.8155600526095304,0,0.5786724467153591));
#11297=FACE_SURFACE('',(#11302),#11298,.T.);
#11298=PLANE('',#11299);
#11299=AXIS2_PLACEMENT_3D('',#600,#11300,#11301);
#11300=DIRECTION('',(0,1,0));
#11301=DIRECTION('',(0.618130667349263,0,-0.7860753641237935));
#11302=FACE_BOUND('',#11303,.T.);
#11303=EDGE_LOOP('',(#11304,#11305,#11306));
#11304=ORIENTED_EDGE('',*,*,#11307,.T.);
#11305=ORIENTED_EDGE('',*,*,#11308,.T.);
#11306=ORIENTED_EDGE('',*,*,#11309,.T.);
#11307=EDGE_CURVE('',#601,#67,#11310,.F.);
#11308=EDGE_CURVE('',#67,#603,#11311,.T.);
#11309=EDGE_CURVE('',#603,#601,#11312,.T.);
#11310=LINE('',#600,#11313);
#11311=LINE('',#66,#11314);
#11312=LINE('',#602,#11315);
#11313=VECTOR('',#11316,1.0);
#11314=VECTOR('',#11317,1.0);
#11315=VECTOR('',#11318,1.0);
#11316=DIRECTION('',(0.618130667349263,0,-0.7860753641237935));
#11317=DIRECTION('',(-0.6591334157813957,0,0.7520260236190964));
#11318=DIRECTION('',(0.8752241613001256,0,0.4837175492748757));
#11319=FACE_SURFACE('',(#11324),#11320,.T.);
#11320=PLANE('',#11321);
#11321=AXIS2_PLACEMENT_3D('',#602,#11322,#11323);
#11322=DIRECTION('',(0,1,0));
#11323=DIRECTION('',(0.6591334157813957,0,-0.7520260236190964));
#11324=FACE_BOUND('',#11325,.T.);
#11325=EDGE_LOOP('',(#11326,#11327,#11328));
#11326=ORIENTED_EDGE('',*,*,#11329,.T.);
#11327=ORIENTED_EDGE('',*,*,#11330,.T.);
#11328=ORIENTED_EDGE('',*,*,#11331,.T.);
#11329=EDGE_CURVE('',#603,#67,#11332,.F.);
#11330=EDGE_CURVE('',#67,#605,#11333,.T.);
#11331=EDGE_CURVE('',#605,#603,#11334,.T.);
#11332=LINE('',#602,#11335);
#11333=LINE('',#66,#11336);
#11334=LINE('',#604,#11337);
#11335=VECTOR('',#11338,1.0);
#11336=VECTOR('',#11339,1.0);
#11337=VECTOR('',#11340,1.0);
#11338=DIRECTION('',(0.6591334157813957,0,-0.7520260236190964));
#11339=DIRECTION('',(-0.696044032392206,0,0.7179990981687913));
#11340=DIRECTION('',(0.9238795114258432,0,0.38268348326984947));
#11341=FACE_SURFACE('',(#11346),#11342,.T.);
#11342=PLANE('',#11343);
#11343=AXIS2_PLACEMENT_3D('',#604,#11344,#11345);
#11344=DIRECTION('',(0,1,0));
#11345=DIRECTION('',(0.696044032392206,0,-0.7179990981687913));
#11346=FACE_BOUND('',#11347,.T.);
#11347=EDGE_LOOP('',(#11348,#11349,#11350));
#11348=ORIENTED_EDGE('',*,*,#11351,.T.);
#11349=ORIENTED_EDGE('',*,*,#11352,.T.);
#11350=ORIENTED_EDGE('',*,*,#11353,.T.);
#11351=EDGE_CURVE('',#605,#67,#11354,.F.);
#11352=EDGE_CURVE('',#67,#607,#11355,.T.);
#11353=EDGE_CURVE('',#607,#605,#11356,.T.);
#11354=LINE('',#604,#11357);
#11355=LINE('',#66,#11358);
#11356=LINE('',#606,#11359);
#11357=VECTOR('',#11360,1.0);
#11358=VECTOR('',#11361,1.0);
#11359=VECTOR('',#11362,1.0);
#11360=DIRECTION('',(0.696044032392206,0,-0.7179990981687913));
#11361=DIRECTION('',(-0.7280534098541337,0,0.685520409907516));
#11362=DIRECTION('',(0.9609171952219202,0,0.27683595129035893));
#11363=FACE_SURFACE('',(#11368),#11364,.T.);
#11364=PLANE('',#11365);
#11365=AXIS2_PLACEMENT_3D('',#606,#11366,#11367);
#11366=DIRECTION('',(0,1,0));
#11367=DIRECTION('',(0.7280534098541337,0,-0.685520409907516));
#11368=FACE_BOUND('',#11369,.T.);
#11369=EDGE_LOOP('',(#11370,#11371,#11372));
#11370=ORIENTED_EDGE('',*,*,#11373,.T.);
#11371=ORIENTED_EDGE('',*,*,#11374,.T.);
#11372=ORIENTED_EDGE('',*,*,#11375,.T.);
#11373=EDGE_CURVE('',#607,#67,#11376,.F.);
#11374=EDGE_CURVE('',#67,#497,#11377,.T.);
#11375=EDGE_CURVE('',#497,#607,#11378,.T.);
#11376=LINE('',#606,#11379);
#11377=LINE('',#66,#11380);
#11378=LINE('',#496,#11381);
#11379=VECTOR('',#11382,1.0);
#11380=VECTOR('',#11383,1.0);
#11381=VECTOR('',#11384,1.0);
#11382=DIRECTION('',(0.7280534098541337,0,-0.685520409907516));
#11383=DIRECTION('',(-0.7548461111293313,0,0.6559019351343044));
#11384=DIRECTION('',(0.9858709870178088,0,0.16750640870286568));
#11385=FACE_SURFACE('',(#11390),#11386,.T.);
#11386=PLANE('',#11387);
#11387=AXIS2_PLACEMENT_3D('',#496,#11388,#11389);
#11388=DIRECTION('',(0,1,0));
#11389=DIRECTION('',(0.7548461111293313,0,-0.6559019351343044));
#11390=FACE_BOUND('',#11391,.T.);
#11391=EDGE_LOOP('',(#11392,#11393,#11394));
#11392=ORIENTED_EDGE('',*,*,#11395,.T.);
#11393=ORIENTED_EDGE('',*,*,#11396,.T.);
#11394=ORIENTED_EDGE('',*,*,#11397,.T.);
#11395=EDGE_CURVE('',#497,#67,#11398,.F.);
#11396=EDGE_CURVE('',#67,#619,#11399,.T.);
#11397=EDGE_CURVE('',#619,#497,#11400,.T.);
#11398=LINE('',#496,#11401);
#11399=LINE('',#66,#11402);
#11400=LINE('',#618,#11403);
#11401=VECTOR('',#11404,1.0);
#11402=VECTOR('',#11405,1.0);
#11403=VECTOR('',#11406,1.0);
#11404=DIRECTION('',(0.7548461111293313,0,-0.6559019351343044));
#11405=DIRECTION('',(0,0,-1));
#11406=DIRECTION('',(-0.6852669944149546,0,0.728291937594736));
#11407=FACE_SURFACE('',(#11412),#11408,.T.);
#11408=PLANE('',#11409);
#11409=AXIS2_PLACEMENT_3D('',#496,#11410,#11411);
#11410=DIRECTION('',(0,1,0));
#11411=DIRECTION('',(0.6852669944149546,0,-0.728291937594736));
#11412=FACE_BOUND('',#11413,.T.);
#11413=EDGE_LOOP('',(#11414,#11415,#11416));
#11414=ORIENTED_EDGE('',*,*,#11417,.T.);
#11415=ORIENTED_EDGE('',*,*,#11418,.T.);
#11416=ORIENTED_EDGE('',*,*,#11419,.T.);
#11417=EDGE_CURVE('',#497,#619,#11420,.F.);
#11418=EDGE_CURVE('',#619,#499,#11421,.T.);
#11419=EDGE_CURVE('',#499,#497,#11422,.T.);
#11420=LINE('',#496,#11423);
#11421=LINE('',#618,#11424);
#11422=LINE('',#498,#11425);
#11423=VECTOR('',#11426,1.0);
#11424=VECTOR('',#11427,1.0);
#11425=VECTOR('',#11428,1.0);
#11426=DIRECTION('',(0.6852669944149546,0,-0.728291937594736));
#11427=DIRECTION('',(-0.7094767931136021,0,0.7047287989242661));
#11428=DIRECTION('',(0.998426774120915,0,0.0560711754692502));
#11429=FACE_SURFACE('',(#11434),#11430,.T.);
#11430=PLANE('',#11431);
#11431=AXIS2_PLACEMENT_3D('',#498,#11432,#11433);
#11432=DIRECTION('',(0,1,0));
#11433=DIRECTION('',(0.7094767931136021,0,-0.7047287989242661));
#11434=FACE_BOUND('',#11435,.T.);
#11435=EDGE_LOOP('',(#11436,#11437,#11438));
#11436=ORIENTED_EDGE('',*,*,#11439,.T.);
#11437=ORIENTED_EDGE('',*,*,#11440,.T.);
#11438=ORIENTED_EDGE('',*,*,#11441,.T.);
#11439=EDGE_CURVE('',#499,#619,#11442,.F.);
#11440=EDGE_CURVE('',#619,#623,#11443,.T.);
#11441=EDGE_CURVE('',#623,#499,#11444,.T.);
#11442=LINE('',#498,#11445);
#11443=LINE('',#618,#11446);
#11444=LINE('',#622,#11447);
#11445=VECTOR('',#11448,1.0);
#11446=VECTOR('',#11449,1.0);
#11447=VECTOR('',#11450,1.0);
#11448=DIRECTION('',(0.7094767931136021,0,-0.7047287989242661));
#11449=DIRECTION('',(-1,0,0));
#11450=DIRECTION('',(0.7095101404516315,0,0.7046952253253218));
#11451=FACE_SURFACE('',(#11456),#11452,.T.);
#11452=PLANE('',#11453);
#11453=AXIS2_PLACEMENT_3D('',#498,#11454,#11455);
#11454=DIRECTION('',(0,1,0));
#11455=DIRECTION('',(-0.7095101404516315,0,-0.7046952253253218));
#11456=FACE_BOUND('',#11457,.T.);
#11457=EDGE_LOOP('',(#11458,#11459,#11460));
#11458=ORIENTED_EDGE('',*,*,#11461,.T.);
#11459=ORIENTED_EDGE('',*,*,#11462,.T.);
#11460=ORIENTED_EDGE('',*,*,#11463,.T.);
#11461=EDGE_CURVE('',#499,#623,#11464,.F.);
#11462=EDGE_CURVE('',#623,#501,#11465,.T.);
#11463=EDGE_CURVE('',#501,#499,#11466,.T.);
#11464=LINE('',#498,#11467);
#11465=LINE('',#622,#11468);
#11466=LINE('',#500,#11469);
#11467=VECTOR('',#11470,1.0);
#11468=VECTOR('',#11471,1.0);
#11469=VECTOR('',#11472,1.0);
#11470=DIRECTION('',(-0.7095101404516315,0,-0.7046952253253218));
#11471=DIRECTION('',(0.6853036695179465,0,0.7282574273876219));
#11472=DIRECTION('',(0.9984267743246626,0,-0.05607117184123515));
#11473=FACE_SURFACE('',(#11478),#11474,.T.);
#11474=PLANE('',#11475);
#11475=AXIS2_PLACEMENT_3D('',#500,#11476,#11477);
#11476=DIRECTION('',(0,1,0));
#11477=DIRECTION('',(-0.6853036695179465,0,-0.7282574273876219));
#11478=FACE_BOUND('',#11479,.T.);
#11479=EDGE_LOOP('',(#11480,#11481,#11482));
#11480=ORIENTED_EDGE('',*,*,#11483,.T.);
#11481=ORIENTED_EDGE('',*,*,#11484,.T.);
#11482=ORIENTED_EDGE('',*,*,#11485,.T.);
#11483=EDGE_CURVE('',#501,#623,#11486,.F.);
#11484=EDGE_CURVE('',#623,#85,#11487,.T.);
#11485=EDGE_CURVE('',#85,#501,#11488,.T.);
#11486=LINE('',#500,#11489);
#11487=LINE('',#622,#11490);
#11488=LINE('',#84,#11491);
#11489=VECTOR('',#11492,1.0);
#11490=VECTOR('',#11493,1.0);
#11491=VECTOR('',#11494,1.0);
#11492=DIRECTION('',(-0.6853036695179465,0,-0.7282574273876219));
#11493=DIRECTION('',(0,0,1));
#11494=DIRECTION('',(0.7548788776390474,0,0.6558642238256421));
#11495=FACE_SURFACE('',(#11500),#11496,.T.);
#11496=PLANE('',#11497);
#11497=AXIS2_PLACEMENT_3D('',#500,#11498,#11499);
#11498=DIRECTION('',(0,1,0));
#11499=DIRECTION('',(-0.7548788776390474,0,-0.6558642238256421));
#11500=FACE_BOUND('',#11501,.T.);
#11501=EDGE_LOOP('',(#11502,#11503,#11504));
#11502=ORIENTED_EDGE('',*,*,#11505,.T.);
#11503=ORIENTED_EDGE('',*,*,#11506,.T.);
#11504=ORIENTED_EDGE('',*,*,#11507,.T.);
#11505=EDGE_CURVE('',#501,#85,#11508,.F.);
#11506=EDGE_CURVE('',#85,#503,#11509,.T.);
#11507=EDGE_CURVE('',#503,#501,#11510,.T.);
#11508=LINE('',#500,#11511);
#11509=LINE('',#84,#11512);
#11510=LINE('',#502,#11513);
#11511=VECTOR('',#11514,1.0);
#11512=VECTOR('',#11515,1.0);
#11513=VECTOR('',#11516,1.0);
#11514=DIRECTION('',(-0.7548788776390474,0,-0.6558642238256421));
#11515=DIRECTION('',(0.7280903466008393,0,0.685481179308863));
#11516=DIRECTION('',(0.9858709870178088,0,-0.16750640870286568));
#11517=FACE_SURFACE('',(#11522),#11518,.T.);
#11518=PLANE('',#11519);
#11519=AXIS2_PLACEMENT_3D('',#502,#11520,#11521);
#11520=DIRECTION('',(0,1,0));
#11521=DIRECTION('',(-0.7280903466008393,0,-0.685481179308863));
#11522=FACE_BOUND('',#11523,.T.);
#11523=EDGE_LOOP('',(#11524,#11525,#11526));
#11524=ORIENTED_EDGE('',*,*,#11527,.T.);
#11525=ORIENTED_EDGE('',*,*,#11528,.T.);
#11526=ORIENTED_EDGE('',*,*,#11529,.T.);
#11527=EDGE_CURVE('',#503,#85,#11530,.F.);
#11528=EDGE_CURVE('',#85,#505,#11531,.T.);
#11529=EDGE_CURVE('',#505,#503,#11532,.T.);
#11530=LINE('',#502,#11533);
#11531=LINE('',#84,#11534);
#11532=LINE('',#504,#11535);
#11533=VECTOR('',#11536,1.0);
#11534=VECTOR('',#11537,1.0);
#11535=VECTOR('',#11538,1.0);
#11536=DIRECTION('',(-0.7280903466008393,0,-0.685481179308863));
#11537=DIRECTION('',(0.6960856047103943,0,0.7179587947194219));
#11538=DIRECTION('',(0.9609171952219202,0,-0.27683595129035893));
#11539=FACE_SURFACE('',(#11544),#11540,.T.);
#11540=PLANE('',#11541);
#11541=AXIS2_PLACEMENT_3D('',#504,#11542,#11543);
#11542=DIRECTION('',(0,1,0));
#11543=DIRECTION('',(-0.6960856047103943,0,-0.7179587947194219));
#11544=FACE_BOUND('',#11545,.T.);
#11545=EDGE_LOOP('',(#11546,#11547,#11548));
#11546=ORIENTED_EDGE('',*,*,#11549,.T.);
#11547=ORIENTED_EDGE('',*,*,#11550,.T.);
#11548=ORIENTED_EDGE('',*,*,#11551,.T.);
#11549=EDGE_CURVE('',#505,#85,#11552,.F.);
#11550=EDGE_CURVE('',#85,#507,#11553,.T.);
#11551=EDGE_CURVE('',#507,#505,#11554,.T.);
#11552=LINE('',#504,#11555);
#11553=LINE('',#84,#11556);
#11554=LINE('',#506,#11557);
#11555=VECTOR('',#11558,1.0);
#11556=VECTOR('',#11559,1.0);
#11557=VECTOR('',#11560,1.0);
#11558=DIRECTION('',(-0.6960856047103943,0,-0.7179587947194219));
#11559=DIRECTION('',(0.6591798711501086,0,0.7519853040256347));
#11560=DIRECTION('',(0.9238795114258432,0,-0.38268348326984947));
#11561=FACE_SURFACE('',(#11566),#11562,.T.);
#11562=PLANE('',#11563);
#11563=AXIS2_PLACEMENT_3D('',#506,#11564,#11565);
#11564=DIRECTION('',(0,1,0));
#11565=DIRECTION('',(-0.6591798711501086,0,-0.7519853040256347));
#11566=FACE_BOUND('',#11567,.T.);
#11567=EDGE_LOOP('',(#11568,#11569,#11570));
#11568=ORIENTED_EDGE('',*,*,#11571,.T.);
#11569=ORIENTED_EDGE('',*,*,#11572,.T.);
#11570=ORIENTED_EDGE('',*,*,#11573,.T.);
#11571=EDGE_CURVE('',#507,#85,#11574,.F.);
#11572=EDGE_CURVE('',#85,#509,#11575,.T.);
#11573=EDGE_CURVE('',#509,#507,#11576,.T.);
#11574=LINE('',#506,#11577);
#11575=LINE('',#84,#11578);
#11576=LINE('',#508,#11579);
#11577=VECTOR('',#11580,1.0);
#11578=VECTOR('',#11581,1.0);
#11579=VECTOR('',#11582,1.0);
#11580=DIRECTION('',(-0.6591798711501086,0,-0.7519853040256347));
#11581=DIRECTION('',(0.6181819614566636,0,0.7860350262740154));
#11582=DIRECTION('',(0.87522403081818,0,-0.4837177853649558));
#11583=FACE_SURFACE('',(#11588),#11584,.T.);
#11584=PLANE('',#11585);
#11585=AXIS2_PLACEMENT_3D('',#508,#11586,#11587);
#11586=DIRECTION('',(0,1,0));
#11587=DIRECTION('',(-0.6181819614566636,0,-0.7860350262740154));
#11588=FACE_BOUND('',#11589,.T.);
#11589=EDGE_LOOP('',(#11590,#11591,#11592));
#11590=ORIENTED_EDGE('',*,*,#11593,.T.);
#11591=ORIENTED_EDGE('',*,*,#11594,.T.);
#11592=ORIENTED_EDGE('',*,*,#11595,.T.);
#11593=EDGE_CURVE('',#509,#85,#11596,.F.);
#11594=EDGE_CURVE('',#85,#511,#11597,.T.);
#11595=EDGE_CURVE('',#511,#509,#11598,.T.);
#11596=LINE('',#508,#11599);
#11597=LINE('',#84,#11600);
#11598=LINE('',#510,#11601);
#11599=VECTOR('',#11602,1.0);
#11600=VECTOR('',#11603,1.0);
#11601=VECTOR('',#11604,1.0);
#11602=DIRECTION('',(-0.6181819614566636,0,-0.7860350262740154));
#11603=DIRECTION('',(0.5744017203188854,0,0.8185735542360899));
#11604=DIRECTION('',(0.8155602393469363,0,-0.5786721835343116));
#11605=FACE_SURFACE('',(#11610),#11606,.T.);
#11606=PLANE('',#11607);
#11607=AXIS2_PLACEMENT_3D('',#510,#11608,#11609);
#11608=DIRECTION('',(0,1,0));
#11609=DIRECTION('',(-0.5744017203188854,0,-0.8185735542360899));
#11610=FACE_BOUND('',#11611,.T.);
#11611=EDGE_LOOP('',(#11612,#11613,#11614));
#11612=ORIENTED_EDGE('',*,*,#11615,.T.);
#11613=ORIENTED_EDGE('',*,*,#11616,.T.);
#11614=ORIENTED_EDGE('',*,*,#11617,.T.);
#11615=EDGE_CURVE('',#511,#85,#11618,.F.);
#11616=EDGE_CURVE('',#85,#513,#11619,.T.);
#11617=EDGE_CURVE('',#513,#511,#11620,.T.);
#11618=LINE('',#510,#11621);
#11619=LINE('',#84,#11622);
#11620=LINE('',#512,#11623);
#11621=VECTOR('',#11624,1.0);
#11622=VECTOR('',#11625,1.0);
#11623=VECTOR('',#11626,1.0);
#11624=DIRECTION('',(-0.5744017203188854,0,-0.8185735542360899));
#11625=DIRECTION('',(0.5295345612875106,0,0.8482883639435611));
#11626=DIRECTION('',(0.7456428598863849,0,-0.6663458002422262));
#11627=FACE_SURFACE('',(#11632),#11628,.T.);
#11628=PLANE('',#11629);
#11629=AXIS2_PLACEMENT_3D('',#512,#11630,#11631);
#11630=DIRECTION('',(0,1,0));
#11631=DIRECTION('',(-0.5295345612875106,0,-0.8482883639435611));
#11632=FACE_BOUND('',#11633,.T.);
#11633=EDGE_LOOP('',(#11634,#11635,#11636));
#11634=ORIENTED_EDGE('',*,*,#11637,.T.);
#11635=ORIENTED_EDGE('',*,*,#11638,.T.);
#11636=ORIENTED_EDGE('',*,*,#11639,.T.);
#11637=EDGE_CURVE('',#513,#85,#11640,.F.);
#11638=EDGE_CURVE('',#85,#515,#11641,.T.);
#11639=EDGE_CURVE('',#515,#513,#11642,.T.);
#11640=LINE('',#512,#11643);
#11641=LINE('',#84,#11644);
#11642=LINE('',#514,#11645);
#11643=VECTOR('',#11646,1.0);
#11644=VECTOR('',#11647,1.0);
#11645=VECTOR('',#11648,1.0);
#11646=DIRECTION('',(-0.5295345612875106,0,-0.8482883639435611));
#11647=DIRECTION('',(0.48543938249236906,0,0.8742703277164491));
#11648=DIRECTION('',(0.6663458991601063,0,-0.7456427714881366));
#11649=FACE_SURFACE('',(#11654),#11650,.T.);
#11650=PLANE('',#11651);
#11651=AXIS2_PLACEMENT_3D('',#514,#11652,#11653);
#11652=DIRECTION('',(0,1,0));
#11653=DIRECTION('',(-0.48543938249236906,0,-0.8742703277164491));
#11654=FACE_BOUND('',#11655,.T.);
#11655=EDGE_LOOP('',(#11656,#11657,#11658));
#11656=ORIENTED_EDGE('',*,*,#11659,.T.);
#11657=ORIENTED_EDGE('',*,*,#11660,.T.);
#11658=ORIENTED_EDGE('',*,*,#11661,.T.);
#11659=EDGE_CURVE('',#515,#85,#11662,.F.);
#11660=EDGE_CURVE('',#85,#517,#11663,.T.);
#11661=EDGE_CURVE('',#517,#515,#11664,.T.);
#11662=LINE('',#514,#11665);
#11663=LINE('',#84,#11666);
#11664=LINE('',#516,#11667);
#11665=VECTOR('',#11668,1.0);
#11666=VECTOR('',#11669,1.0);
#11667=VECTOR('',#11670,1.0);
#11668=DIRECTION('',(-0.48543938249236906,0,-0.8742703277164491));
#11669=DIRECTION('',(0.44387982507884444,0,0.8960863244620879));
#11670=DIRECTION('',(0.5786713339597672,0,-0.8155608421529467));
#11671=FACE_SURFACE('',(#11676),#11672,.T.);
#11672=PLANE('',#11673);
#11673=AXIS2_PLACEMENT_3D('',#516,#11674,#11675);
#11674=DIRECTION('',(0,1,0));
#11675=DIRECTION('',(-0.44387982507884444,0,-0.8960863244620879));
#11676=FACE_BOUND('',#11677,.T.);
#11677=EDGE_LOOP('',(#11678,#11679,#11680));
#11678=ORIENTED_EDGE('',*,*,#11681,.T.);
#11679=ORIENTED_EDGE('',*,*,#11682,.T.);
#11680=ORIENTED_EDGE('',*,*,#11683,.T.);
#11681=EDGE_CURVE('',#517,#85,#11684,.F.);
#11682=EDGE_CURVE('',#85,#87,#11685,.T.);
#11683=EDGE_CURVE('',#87,#517,#11686,.T.);
#11684=LINE('',#516,#11687);
#11685=LINE('',#84,#11688);
#11686=LINE('',#86,#11689);
#11687=VECTOR('',#11690,1.0);
#11688=VECTOR('',#11691,1.0);
#11689=VECTOR('',#11692,1.0);
#11690=DIRECTION('',(-0.44387982507884444,0,-0.8960863244620879));
#11691=DIRECTION('',(-1,0,0));
#11692=DIRECTION('',(0.46917611448524976,0,0.8831046221125353));
#11693=FACE_SURFACE('',(#11698),#11694,.T.);
#11694=PLANE('',#11695);
#11695=AXIS2_PLACEMENT_3D('',#516,#11696,#11697);
#11696=DIRECTION('',(0,1,0));
#11697=DIRECTION('',(-0.46917611448524976,0,-0.8831046221125353));
#11698=FACE_BOUND('',#11699,.T.);
#11699=EDGE_LOOP('',(#11700,#11701,#11702));
#11700=ORIENTED_EDGE('',*,*,#11703,.T.);
#11701=ORIENTED_EDGE('',*,*,#11704,.T.);
#11702=ORIENTED_EDGE('',*,*,#11705,.T.);
#11703=EDGE_CURVE('',#517,#87,#11706,.F.);
#11704=EDGE_CURVE('',#87,#519,#11707,.T.);
#11705=EDGE_CURVE('',#519,#517,#11708,.T.);
#11706=LINE('',#516,#11709);
#11707=LINE('',#86,#11710);
#11708=LINE('',#518,#11711);
#11709=VECTOR('',#11712,1.0);
#11710=VECTOR('',#11713,1.0);
#11711=VECTOR('',#11714,1.0);
#11712=DIRECTION('',(-0.46917611448524976,0,-0.8831046221125353));
#11713=DIRECTION('',(0.4318921467842901,0,0.9019252594012749));
#11714=DIRECTION('',(0.48371918493147725,0,-0.8752232573059444));
#11715=FACE_SURFACE('',(#11720),#11716,.T.);
#11716=PLANE('',#11717);
#11717=AXIS2_PLACEMENT_3D('',#518,#11718,#11719);
#11718=DIRECTION('',(0,1,0));
#11719=DIRECTION('',(-0.4318921467842901,0,-0.9019252594012749));
#11720=FACE_BOUND('',#11721,.T.);
#11721=EDGE_LOOP('',(#11722,#11723,#11724));
#11722=ORIENTED_EDGE('',*,*,#11725,.T.);
#11723=ORIENTED_EDGE('',*,*,#11726,.T.);
#11724=ORIENTED_EDGE('',*,*,#11727,.T.);
#11725=EDGE_CURVE('',#519,#87,#11728,.F.);
#11726=EDGE_CURVE('',#87,#521,#11729,.T.);
#11727=EDGE_CURVE('',#521,#519,#11730,.T.);
#11728=LINE('',#518,#11731);
#11729=LINE('',#86,#11732);
#11730=LINE('',#520,#11733);
#11731=VECTOR('',#11734,1.0);
#11732=VECTOR('',#11735,1.0);
#11733=VECTOR('',#11736,1.0);
#11734=DIRECTION('',(-0.4318921467842901,0,-0.9019252594012749));
#11735=DIRECTION('',(0.3992614260345363,0,0.9168371249468841));
#11736=DIRECTION('',(0.38268348326984947,0,-0.9238795114258432));
#11737=FACE_SURFACE('',(#11742),#11738,.T.);
#11738=PLANE('',#11739);
#11739=AXIS2_PLACEMENT_3D('',#520,#11740,#11741);
#11740=DIRECTION('',(0,1,0));
#11741=DIRECTION('',(-0.3992614260345363,0,-0.9168371249468841));
#11742=FACE_BOUND('',#11743,.T.);
#11743=EDGE_LOOP('',(#11744,#11745,#11746));
#11744=ORIENTED_EDGE('',*,*,#11747,.T.);
#11745=ORIENTED_EDGE('',*,*,#11748,.T.);
#11746=ORIENTED_EDGE('',*,*,#11749,.T.);
#11747=EDGE_CURVE('',#521,#87,#11750,.F.);
#11748=EDGE_CURVE('',#87,#523,#11751,.T.);
#11749=EDGE_CURVE('',#523,#521,#11752,.T.);
#11750=LINE('',#520,#11753);
#11751=LINE('',#86,#11754);
#11752=LINE('',#522,#11755);
#11753=VECTOR('',#11756,1.0);
#11754=VECTOR('',#11757,1.0);
#11755=VECTOR('',#11758,1.0);
#11756=DIRECTION('',(-0.3992614260345363,0,-0.9168371249468841));
#11757=DIRECTION('',(0.3719347784531499,0,0.928258865067825));
#11758=DIRECTION('',(0.2768355476312207,0,-0.960917311514223));
#11759=FACE_SURFACE('',(#11764),#11760,.T.);
#11760=PLANE('',#11761);
#11761=AXIS2_PLACEMENT_3D('',#522,#11762,#11763);
#11762=DIRECTION('',(0,1,0));
#11763=DIRECTION('',(-0.3719347784531499,0,-0.928258865067825));
#11764=FACE_BOUND('',#11765,.T.);
#11765=EDGE_LOOP('',(#11766,#11767,#11768));
#11766=ORIENTED_EDGE('',*,*,#11769,.T.);
#11767=ORIENTED_EDGE('',*,*,#11770,.T.);
#11768=ORIENTED_EDGE('',*,*,#11771,.T.);
#11769=EDGE_CURVE('',#523,#87,#11772,.F.);
#11770=EDGE_CURVE('',#87,#525,#11773,.T.);
#11771=EDGE_CURVE('',#525,#523,#11774,.T.);
#11772=LINE('',#522,#11775);
#11773=LINE('',#86,#11776);
#11774=LINE('',#524,#11777);
#11775=VECTOR('',#11778,1.0);
#11776=VECTOR('',#11779,1.0);
#11777=VECTOR('',#11780,1.0);
#11778=DIRECTION('',(-0.3719347784531499,0,-0.928258865067825));
#11779=DIRECTION('',(0.35017994952862513,0,0.9366824450944565));
#11780=DIRECTION('',(0.16750608638458908,0,-0.9858710417818948));
#11781=FACE_SURFACE('',(#11786),#11782,.T.);
#11782=PLANE('',#11783);
#11783=AXIS2_PLACEMENT_3D('',#524,#11784,#11785);
#11784=DIRECTION('',(0,1,0));
#11785=DIRECTION('',(-0.35017994952862513,0,-0.9366824450944565));
#11786=FACE_BOUND('',#11787,.T.);
#11787=EDGE_LOOP('',(#11788,#11789,#11790));
#11788=ORIENTED_EDGE('',*,*,#11791,.T.);
#11789=ORIENTED_EDGE('',*,*,#11792,.T.);
#11790=ORIENTED_EDGE('',*,*,#11793,.T.);
#11791=EDGE_CURVE('',#525,#87,#11794,.F.);
#11792=EDGE_CURVE('',#87,#625,#11795,.T.);
#11793=EDGE_CURVE('',#625,#525,#11796,.T.);
#11794=LINE('',#524,#11797);
#11795=LINE('',#86,#11798);
#11796=LINE('',#624,#11799);
#11797=VECTOR('',#11800,1.0);
#11798=VECTOR('',#11801,1.0);
#11799=VECTOR('',#11802,1.0);
#11800=DIRECTION('',(-0.35017994952862513,0,-0.9366824450944565));
#11801=DIRECTION('',(-0.8728169692427634,0,-0.48804768025458045));
#11802=DIRECTION('',(0.4798685415513267,0,0.8773404030531152));
#11803=FACE_SURFACE('',(#11808),#11804,.T.);
#11804=PLANE('',#11805);
#11805=AXIS2_PLACEMENT_3D('',#524,#11806,#11807);
#11806=DIRECTION('',(0,1,0));
#11807=DIRECTION('',(-0.4798685415513267,0,-0.8773404030531152));
#11808=FACE_BOUND('',#11809,.T.);
#11809=EDGE_LOOP('',(#11810,#11811,#11812));
#11810=ORIENTED_EDGE('',*,*,#11813,.T.);
#11811=ORIENTED_EDGE('',*,*,#11814,.T.);
#11812=ORIENTED_EDGE('',*,*,#11815,.T.);
#11813=EDGE_CURVE('',#525,#625,#11816,.F.);
#11814=EDGE_CURVE('',#625,#527,#11817,.T.);
#11815=EDGE_CURVE('',#527,#525,#11818,.T.);
#11816=LINE('',#524,#11819);
#11817=LINE('',#624,#11820);
#11818=LINE('',#526,#11821);
#11819=VECTOR('',#11822,1.0);
#11820=VECTOR('',#11823,1.0);
#11821=VECTOR('',#11824,1.0);
#11822=DIRECTION('',(-0.4798685415513267,0,-0.8773404030531152));
#11823=DIRECTION('',(0.4632801374457234,0,0.8862118901528413));
#11824=DIRECTION('',(0.056070054045435344,0,-0.9984268370989143));
#11825=FACE_SURFACE('',(#11830),#11826,.T.);
#11826=PLANE('',#11827);
#11827=AXIS2_PLACEMENT_3D('',#526,#11828,#11829);
#11828=DIRECTION('',(0,1,0));
#11829=DIRECTION('',(-0.4632801374457234,0,-0.8862118901528413));
#11830=FACE_BOUND('',#11831,.T.);
#11831=EDGE_LOOP('',(#11832,#11833,#11834));
#11832=ORIENTED_EDGE('',*,*,#11835,.T.);
#11833=ORIENTED_EDGE('',*,*,#11836,.T.);
#11834=ORIENTED_EDGE('',*,*,#11837,.T.);
#11835=EDGE_CURVE('',#527,#625,#11838,.F.);
#11836=EDGE_CURVE('',#625,#111,#11839,.T.);
#11837=EDGE_CURVE('',#111,#527,#11840,.T.);
#11838=LINE('',#526,#11841);
#11839=LINE('',#624,#11842);
#11840=LINE('',#110,#11843);
#11841=VECTOR('',#11844,1.0);
#11842=VECTOR('',#11845,1.0);
#11843=VECTOR('',#11846,1.0);
#11844=DIRECTION('',(-0.4632801374457234,0,-0.8862118901528413));
#11845=DIRECTION('',(0.11610802319201909,0,0.9932365916288232));
#11846=DIRECTION('',(0.3651867491458255,0,-0.930934282454086));
#11847=FACE_SURFACE('',(#11852),#11848,.T.);
#11848=PLANE('',#11849);
#11849=AXIS2_PLACEMENT_3D('',#526,#11850,#11851);
#11850=DIRECTION('',(0,1,-0));
#11851=DIRECTION('',(-0.3651867491458255,0,0.930934282454086));
#11852=FACE_BOUND('',#11853,.T.);
#11853=EDGE_LOOP('',(#11854,#11855,#11856));
#11854=ORIENTED_EDGE('',*,*,#11857,.T.);
#11855=ORIENTED_EDGE('',*,*,#11858,.T.);
#11856=ORIENTED_EDGE('',*,*,#11859,.T.);
#11857=EDGE_CURVE('',#527,#111,#11860,.F.);
#11858=EDGE_CURVE('',#111,#529,#11861,.T.);
#11859=EDGE_CURVE('',#529,#527,#11862,.T.);
#11860=LINE('',#526,#11863);
#11861=LINE('',#110,#11864);
#11862=LINE('',#528,#11865);
#11863=VECTOR('',#11866,1.0);
#11864=VECTOR('',#11867,1.0);
#11865=VECTOR('',#11868,1.0);
#11866=DIRECTION('',(-0.3651867491458255,0,0.930934282454086));
#11867=DIRECTION('',(0.3841252078429191,0,-0.9232810106893968));
#11868=DIRECTION('',(-0.056070054045435344,0,-0.9984268370989143));
#11869=FACE_SURFACE('',(#11874),#11870,.T.);
#11870=PLANE('',#11871);
#11871=AXIS2_PLACEMENT_3D('',#528,#11872,#11873);
#11872=DIRECTION('',(0,1,-0));
#11873=DIRECTION('',(-0.3841252078429191,0,0.9232810106893968));
#11874=FACE_BOUND('',#11875,.T.);
#11875=EDGE_LOOP('',(#11876,#11877,#11878));
#11876=ORIENTED_EDGE('',*,*,#11879,.T.);
#11877=ORIENTED_EDGE('',*,*,#11880,.T.);
#11878=ORIENTED_EDGE('',*,*,#11881,.T.);
#11879=EDGE_CURVE('',#529,#111,#11882,.F.);
#11880=EDGE_CURVE('',#111,#531,#11883,.T.);
#11881=EDGE_CURVE('',#531,#529,#11884,.T.);
#11882=LINE('',#528,#11885);
#11883=LINE('',#110,#11886);
#11884=LINE('',#530,#11887);
#11885=VECTOR('',#11888,1.0);
#11886=VECTOR('',#11889,1.0);
#11887=VECTOR('',#11890,1.0);
#11888=DIRECTION('',(-0.3841252078429191,0,0.9232810106893968));
#11889=DIRECTION('',(0.4091479128434179,0,-0.912468073641963));
#11890=DIRECTION('',(-0.1675068231138748,0,-0.9858709166063766));
#11891=FACE_SURFACE('',(#11896),#11892,.T.);
#11892=PLANE('',#11893);
#11893=AXIS2_PLACEMENT_3D('',#530,#11894,#11895);
#11894=DIRECTION('',(0,1,-0));
#11895=DIRECTION('',(-0.4091479128434179,0,0.912468073641963));
#11896=FACE_BOUND('',#11897,.T.);
#11897=EDGE_LOOP('',(#11898,#11899,#11900));
#11898=ORIENTED_EDGE('',*,*,#11901,.T.);
#11899=ORIENTED_EDGE('',*,*,#11902,.T.);
#11900=ORIENTED_EDGE('',*,*,#11903,.T.);
#11901=EDGE_CURVE('',#531,#111,#11904,.F.);
#11902=EDGE_CURVE('',#111,#533,#11905,.T.);
#11903=EDGE_CURVE('',#533,#531,#11906,.T.);
#11904=LINE('',#530,#11907);
#11905=LINE('',#110,#11908);
#11906=LINE('',#532,#11909);
#11907=VECTOR('',#11910,1.0);
#11908=VECTOR('',#11911,1.0);
#11909=VECTOR('',#11912,1.0);
#11910=DIRECTION('',(-0.4091479128434179,0,0.912468073641963));
#11911=DIRECTION('',(0.44022348968004954,0,-0.8978882330969258));
#11912=DIRECTION('',(-0.2768355476312207,0,-0.960917311514223));
#11913=FACE_SURFACE('',(#11918),#11914,.T.);
#11914=PLANE('',#11915);
#11915=AXIS2_PLACEMENT_3D('',#532,#11916,#11917);
#11916=DIRECTION('',(0,1,-0));
#11917=DIRECTION('',(-0.44022348968004954,0,0.8978882330969258));
#11918=FACE_BOUND('',#11919,.T.);
#11919=EDGE_LOOP('',(#11920,#11921,#11922));
#11920=ORIENTED_EDGE('',*,*,#11923,.T.);
#11921=ORIENTED_EDGE('',*,*,#11924,.T.);
#11922=ORIENTED_EDGE('',*,*,#11925,.T.);
#11923=EDGE_CURVE('',#533,#111,#11926,.F.);
#11924=EDGE_CURVE('',#111,#535,#11927,.T.);
#11925=EDGE_CURVE('',#535,#533,#11928,.T.);
#11926=LINE('',#532,#11929);
#11927=LINE('',#110,#11930);
#11928=LINE('',#534,#11931);
#11929=VECTOR('',#11932,1.0);
#11930=VECTOR('',#11933,1.0);
#11931=VECTOR('',#11934,1.0);
#11932=DIRECTION('',(-0.44022348968004954,0,0.8978882330969258));
#11933=DIRECTION('',(0.47692607908906304,0,-0.878943408351603));
#11934=DIRECTION('',(-0.38268348326984947,0,-0.9238795114258432));
#11935=FACE_SURFACE('',(#11940),#11936,.T.);
#11936=PLANE('',#11937);
#11937=AXIS2_PLACEMENT_3D('',#534,#11938,#11939);
#11938=DIRECTION('',(0,1,0));
#11939=DIRECTION('',(-0.47692607908906304,0,0.878943408351603));
#11940=FACE_BOUND('',#11941,.T.);
#11941=EDGE_LOOP('',(#11942,#11943,#11944));
#11942=ORIENTED_EDGE('',*,*,#11945,.T.);
#11943=ORIENTED_EDGE('',*,*,#11946,.T.);
#11944=ORIENTED_EDGE('',*,*,#11947,.T.);
#11945=EDGE_CURVE('',#535,#111,#11948,.F.);
#11946=EDGE_CURVE('',#111,#91,#11949,.T.);
#11947=EDGE_CURVE('',#91,#535,#11950,.T.);
#11948=LINE('',#534,#11951);
#11949=LINE('',#110,#11952);
#11950=LINE('',#90,#11953);
#11951=VECTOR('',#11954,1.0);
#11952=VECTOR('',#11955,1.0);
#11953=VECTOR('',#11956,1.0);
#11954=DIRECTION('',(-0.47692607908906304,0,0.878943408351603));
#11955=DIRECTION('',(1,0,0));
#11956=DIRECTION('',(0.4514902634407198,0,-0.8922760458614976));
#11957=FACE_SURFACE('',(#11962),#11958,.T.);
#11958=PLANE('',#11959);
#11959=AXIS2_PLACEMENT_3D('',#534,#11960,#11961);
#11960=DIRECTION('',(0,1,-0));
#11961=DIRECTION('',(-0.4514902634407198,0,0.8922760458614976));
#11962=FACE_BOUND('',#11963,.T.);
#11963=EDGE_LOOP('',(#11964,#11965,#11966));
#11964=ORIENTED_EDGE('',*,*,#11967,.T.);
#11965=ORIENTED_EDGE('',*,*,#11968,.T.);
#11966=ORIENTED_EDGE('',*,*,#11969,.T.);
#11967=EDGE_CURVE('',#535,#91,#11970,.F.);
#11968=EDGE_CURVE('',#91,#537,#11971,.T.);
#11969=EDGE_CURVE('',#537,#535,#11972,.T.);
#11970=LINE('',#534,#11973);
#11971=LINE('',#90,#11974);
#11972=LINE('',#536,#11975);
#11973=VECTOR('',#11976,1.0);
#11974=VECTOR('',#11977,1.0);
#11975=VECTOR('',#11978,1.0);
#11976=DIRECTION('',(-0.4514902634407198,0,0.8922760458614976));
#11977=DIRECTION('',(0.49348313106047403,0,-0.8697553675366142));
#11978=DIRECTION('',(-0.4837182405709643,0,-0.8752237792353055));
#11979=FACE_SURFACE('',(#11984),#11980,.T.);
#11980=PLANE('',#11981);
#11981=AXIS2_PLACEMENT_3D('',#536,#11982,#11983);
#11982=DIRECTION('',(0,1,-0));
#11983=DIRECTION('',(-0.49348313106047403,0,0.8697553675366142));
#11984=FACE_BOUND('',#11985,.T.);
#11985=EDGE_LOOP('',(#11986,#11987,#11988));
#11986=ORIENTED_EDGE('',*,*,#11989,.T.);
#11987=ORIENTED_EDGE('',*,*,#11990,.T.);
#11988=ORIENTED_EDGE('',*,*,#11991,.T.);
#11989=EDGE_CURVE('',#537,#91,#11992,.F.);
#11990=EDGE_CURVE('',#91,#539,#11993,.T.);
#11991=EDGE_CURVE('',#539,#537,#11994,.T.);
#11992=LINE('',#536,#11995);
#11993=LINE('',#90,#11996);
#11994=LINE('',#538,#11997);
#11995=VECTOR('',#11998,1.0);
#11996=VECTOR('',#11999,1.0);
#11997=VECTOR('',#12000,1.0);
#11998=DIRECTION('',(-0.49348313106047403,0,0.8697553675366142));
#11999=DIRECTION('',(0.5392398634825452,0,-0.8421522247380968));
#12000=DIRECTION('',(-0.5786713339597672,0,-0.8155608421529467));
#12001=FACE_SURFACE('',(#12006),#12002,.T.);
#12002=PLANE('',#12003);
#12003=AXIS2_PLACEMENT_3D('',#538,#12004,#12005);
#12004=DIRECTION('',(0,1,-0));
#12005=DIRECTION('',(-0.5392398634825452,0,0.8421522247380968));
#12006=FACE_BOUND('',#12007,.T.);
#12007=EDGE_LOOP('',(#12008,#12009,#12010));
#12008=ORIENTED_EDGE('',*,*,#12011,.T.);
#12009=ORIENTED_EDGE('',*,*,#12012,.T.);
#12010=ORIENTED_EDGE('',*,*,#12013,.T.);
#12011=EDGE_CURVE('',#539,#91,#12014,.F.);
#12012=EDGE_CURVE('',#91,#541,#12015,.T.);
#12013=EDGE_CURVE('',#541,#539,#12016,.T.);
#12014=LINE('',#538,#12017);
#12015=LINE('',#90,#12018);
#12016=LINE('',#540,#12019);
#12017=VECTOR('',#12020,1.0);
#12018=VECTOR('',#12021,1.0);
#12019=VECTOR('',#12022,1.0);
#12020=DIRECTION('',(-0.5392398634825452,0,0.8421522247380968));
#12021=DIRECTION('',(0.5868746854157341,0,-0.8096777776487282));
#12022=DIRECTION('',(-0.6663458991601063,0,-0.7456427714881366));
#12023=FACE_SURFACE('',(#12028),#12024,.T.);
#12024=PLANE('',#12025);
#12025=AXIS2_PLACEMENT_3D('',#540,#12026,#12027);
#12026=DIRECTION('',(0,1,-0));
#12027=DIRECTION('',(-0.5868746854157341,0,0.8096777776487282));
#12028=FACE_BOUND('',#12029,.T.);
#12029=EDGE_LOOP('',(#12030,#12031,#12032));
#12030=ORIENTED_EDGE('',*,*,#12033,.T.);
#12031=ORIENTED_EDGE('',*,*,#12034,.T.);
#12032=ORIENTED_EDGE('',*,*,#12035,.T.);
#12033=EDGE_CURVE('',#541,#91,#12036,.F.);
#12034=EDGE_CURVE('',#91,#543,#12037,.T.);
#12035=EDGE_CURVE('',#543,#541,#12038,.T.);
#12036=LINE('',#540,#12039);
#12037=LINE('',#90,#12040);
#12038=LINE('',#542,#12041);
#12039=VECTOR('',#12042,1.0);
#12040=VECTOR('',#12043,1.0);
#12041=VECTOR('',#12044,1.0);
#12042=DIRECTION('',(-0.5868746854157341,0,0.8096777776487282));
#12043=DIRECTION('',(0.634221876253198,0,-0.7731510924016555));
#12044=DIRECTION('',(-0.7456428598863849,0,-0.6663458002422262));
#12045=FACE_SURFACE('',(#12050),#12046,.T.);
#12046=PLANE('',#12047);
#12047=AXIS2_PLACEMENT_3D('',#542,#12048,#12049);
#12048=DIRECTION('',(0,1,-0));
#12049=DIRECTION('',(-0.634221876253198,0,0.7731510924016555));
#12050=FACE_BOUND('',#12051,.T.);
#12051=EDGE_LOOP('',(#12052,#12053,#12054));
#12052=ORIENTED_EDGE('',*,*,#12055,.T.);
#12053=ORIENTED_EDGE('',*,*,#12056,.T.);
#12054=ORIENTED_EDGE('',*,*,#12057,.T.);
#12055=EDGE_CURVE('',#543,#91,#12058,.F.);
#12056=EDGE_CURVE('',#91,#545,#12059,.T.);
#12057=EDGE_CURVE('',#545,#543,#12060,.T.);
#12058=LINE('',#542,#12061);
#12059=LINE('',#90,#12062);
#12060=LINE('',#544,#12063);
#12061=VECTOR('',#12064,1.0);
#12062=VECTOR('',#12065,1.0);
#12063=VECTOR('',#12066,1.0);
#12064=DIRECTION('',(-0.634221876253198,0,0.7731510924016555));
#12065=DIRECTION('',(0.6791612549762159,0,-0.7339890937467201));
#12066=DIRECTION('',(-0.8155602393469363,0,-0.5786721835343116));
#12067=FACE_SURFACE('',(#12072),#12068,.T.);
#12068=PLANE('',#12069);
#12069=AXIS2_PLACEMENT_3D('',#544,#12070,#12071);
#12070=DIRECTION('',(0,1,-0));
#12071=DIRECTION('',(-0.6791612549762159,0,0.7339890937467201));
#12072=FACE_BOUND('',#12073,.T.);
#12073=EDGE_LOOP('',(#12074,#12075,#12076));
#12074=ORIENTED_EDGE('',*,*,#12077,.T.);
#12075=ORIENTED_EDGE('',*,*,#12078,.T.);
#12076=ORIENTED_EDGE('',*,*,#12079,.T.);
#12077=EDGE_CURVE('',#545,#91,#12080,.F.);
#12078=EDGE_CURVE('',#91,#547,#12081,.T.);
#12079=EDGE_CURVE('',#547,#545,#12082,.T.);
#12080=LINE('',#544,#12083);
#12081=LINE('',#90,#12084);
#12082=LINE('',#546,#12085);
#12083=VECTOR('',#12086,1.0);
#12084=VECTOR('',#12087,1.0);
#12085=VECTOR('',#12088,1.0);
#12086=DIRECTION('',(-0.6791612549762159,0,0.7339890937467201));
#12087=DIRECTION('',(0.7199506547689709,0,-0.6940252550863909));
#12088=DIRECTION('',(-0.875224975178242,0,-0.48371607666506755));
#12089=FACE_SURFACE('',(#12094),#12090,.T.);
#12090=PLANE('',#12091);
#12091=AXIS2_PLACEMENT_3D('',#546,#12092,#12093);
#12092=DIRECTION('',(0,1,-0));
#12093=DIRECTION('',(-0.7199506547689709,0,0.6940252550863909));
#12094=FACE_BOUND('',#12095,.T.);
#12095=EDGE_LOOP('',(#12096,#12097,#12098));
#12096=ORIENTED_EDGE('',*,*,#12099,.T.);
#12097=ORIENTED_EDGE('',*,*,#12100,.T.);
#12098=ORIENTED_EDGE('',*,*,#12101,.T.);
#12099=EDGE_CURVE('',#547,#91,#12102,.F.);
#12100=EDGE_CURVE('',#91,#549,#12103,.T.);
#12101=EDGE_CURVE('',#549,#547,#12104,.T.);
#12102=LINE('',#546,#12105);
#12103=LINE('',#90,#12106);
#12104=LINE('',#548,#12107);
#12105=VECTOR('',#12108,1.0);
#12106=VECTOR('',#12109,1.0);
#12107=VECTOR('',#12110,1.0);
#12108=DIRECTION('',(-0.7199506547689709,0,0.6940252550863909));
#12109=DIRECTION('',(0.7554491300886842,0,-0.6552073044832837));
#12110=DIRECTION('',(-0.9238787227800769,0,-0.3826853872233087));
#12111=FACE_SURFACE('',(#12116),#12112,.T.);
#12112=PLANE('',#12113);
#12113=AXIS2_PLACEMENT_3D('',#548,#12114,#12115);
#12114=DIRECTION('',(0,1,-0));
#12115=DIRECTION('',(-0.7554491300886842,0,0.6552073044832837));
#12116=FACE_BOUND('',#12117,.T.);
#12117=EDGE_LOOP('',(#12118,#12119,#12120));
#12118=ORIENTED_EDGE('',*,*,#12121,.T.);
#12119=ORIENTED_EDGE('',*,*,#12122,.T.);
#12120=ORIENTED_EDGE('',*,*,#12123,.T.);
#12121=EDGE_CURVE('',#549,#91,#12124,.F.);
#12122=EDGE_CURVE('',#91,#551,#12125,.T.);
#12123=EDGE_CURVE('',#551,#549,#12126,.T.);
#12124=LINE('',#548,#12127);
#12125=LINE('',#90,#12128);
#12126=LINE('',#550,#12129);
#12127=VECTOR('',#12130,1.0);
#12128=VECTOR('',#12131,1.0);
#12129=VECTOR('',#12132,1.0);
#12130=DIRECTION('',(-0.7554491300886842,0,0.6552073044832837));
#12131=DIRECTION('',(0.7851629760228057,0,-0.6192891901874367));
#12132=DIRECTION('',(-0.9609177886024858,0,-0.2768338916160893));
#12133=FACE_SURFACE('',(#12138),#12134,.T.);
#12134=PLANE('',#12135);
#12135=AXIS2_PLACEMENT_3D('',#550,#12136,#12137);
#12136=DIRECTION('',(0,1,0));
#12137=DIRECTION('',(-0.7851629760228057,0,0.6192891901874367));
#12138=FACE_BOUND('',#12139,.T.);
#12139=EDGE_LOOP('',(#12140,#12141,#12142));
#12140=ORIENTED_EDGE('',*,*,#12143,.T.);
#12141=ORIENTED_EDGE('',*,*,#12144,.T.);
#12142=ORIENTED_EDGE('',*,*,#12145,.T.);
#12143=EDGE_CURVE('',#551,#91,#12146,.F.);
#12144=EDGE_CURVE('',#91,#89,#12147,.T.);
#12145=EDGE_CURVE('',#89,#551,#12148,.T.);
#12146=LINE('',#550,#12149);
#12147=LINE('',#90,#12150);
#12148=LINE('',#88,#12151);
#12149=VECTOR('',#12152,1.0);
#12150=VECTOR('',#12153,1.0);
#12151=VECTOR('',#12154,1.0);
#12152=DIRECTION('',(-0.7851629760228057,0,0.6192891901874367));
#12153=DIRECTION('',(0,0,1));
#12154=DIRECTION('',(0.659187401689137,0,-0.7519787027930541));
#12155=FACE_SURFACE('',(#12160),#12156,.T.);
#12156=PLANE('',#12157);
#12157=AXIS2_PLACEMENT_3D('',#550,#12158,#12159);
#12158=DIRECTION('',(0,1,-0));
#12159=DIRECTION('',(-0.659187401689137,0,0.7519787027930541));
#12160=FACE_BOUND('',#12161,.T.);
#12161=EDGE_LOOP('',(#12162,#12163,#12164));
#12162=ORIENTED_EDGE('',*,*,#12165,.T.);
#12163=ORIENTED_EDGE('',*,*,#12166,.T.);
#12164=ORIENTED_EDGE('',*,*,#12167,.T.);
#12165=EDGE_CURVE('',#551,#89,#12168,.F.);
#12166=EDGE_CURVE('',#89,#553,#12169,.T.);
#12167=EDGE_CURVE('',#553,#551,#12170,.T.);
#12168=LINE('',#550,#12171);
#12169=LINE('',#88,#12172);
#12170=LINE('',#552,#12173);
#12171=VECTOR('',#12174,1.0);
#12172=VECTOR('',#12175,1.0);
#12173=VECTOR('',#12176,1.0);
#12174=DIRECTION('',(-0.659187401689137,0,0.7519787027930541));
#12175=DIRECTION('',(0.6878365432972607,0,-0.7258656140807854));
#12176=DIRECTION('',(-0.9858709870178088,0,-0.16750640870286568));
#12177=FACE_SURFACE('',(#12182),#12178,.T.);
#12178=PLANE('',#12179);
#12179=AXIS2_PLACEMENT_3D('',#552,#12180,#12181);
#12180=DIRECTION('',(0,1,-0));
#12181=DIRECTION('',(-0.6878365432972607,0,0.7258656140807854));
#12182=FACE_BOUND('',#12183,.T.);
#12183=EDGE_LOOP('',(#12184,#12185,#12186));
#12184=ORIENTED_EDGE('',*,*,#12187,.T.);
#12185=ORIENTED_EDGE('',*,*,#12188,.T.);
#12186=ORIENTED_EDGE('',*,*,#12189,.T.);
#12187=EDGE_CURVE('',#553,#89,#12190,.F.);
#12188=EDGE_CURVE('',#89,#555,#12191,.T.);
#12189=EDGE_CURVE('',#555,#553,#12192,.T.);
#12190=LINE('',#552,#12193);
#12191=LINE('',#88,#12194);
#12192=LINE('',#554,#12195);
#12193=VECTOR('',#12196,1.0);
#12194=VECTOR('',#12197,1.0);
#12195=VECTOR('',#12198,1.0);
#12196=DIRECTION('',(-0.6878365432972607,0,0.7258656140807854));
#12197=DIRECTION('',(0.7119215915902076,0,-0.7022589603754912));
#12198=DIRECTION('',(-0.9984266494453223,0,-0.056073395450851195));
#12199=FACE_SURFACE('',(#12204),#12200,.T.);
#12200=PLANE('',#12201);
#12201=AXIS2_PLACEMENT_3D('',#554,#12202,#12203);
#12202=DIRECTION('',(0,1,-0));
#12203=DIRECTION('',(-0.7119215915902076,0,0.7022589603754912));
#12204=FACE_BOUND('',#12205,.T.);
#12205=EDGE_LOOP('',(#12206,#12207,#12208));
#12206=ORIENTED_EDGE('',*,*,#12209,.T.);
#12207=ORIENTED_EDGE('',*,*,#12210,.T.);
#12208=ORIENTED_EDGE('',*,*,#12211,.T.);
#12209=EDGE_CURVE('',#555,#89,#12212,.F.);
#12210=EDGE_CURVE('',#89,#103,#12213,.T.);
#12211=EDGE_CURVE('',#103,#555,#12214,.T.);
#12212=LINE('',#554,#12215);
#12213=LINE('',#88,#12216);
#12214=LINE('',#102,#12217);
#12215=VECTOR('',#12218,1.0);
#12216=VECTOR('',#12219,1.0);
#12217=VECTOR('',#12220,1.0);
#12218=DIRECTION('',(-0.7119215915902076,0,0.7022589603754912));
#12219=DIRECTION('',(1,0,0));
#12220=DIRECTION('',(-0.7104037099080254,0,-0.7037944081540534));
#12221=FACE_SURFACE('',(#12226),#12222,.T.);
#12222=PLANE('',#12223);
#12223=AXIS2_PLACEMENT_3D('',#554,#12224,#12225);
#12224=DIRECTION('',(-0,1,0));
#12225=DIRECTION('',(0.7104037099080254,0,0.7037944081540534));
#12226=FACE_BOUND('',#12227,.T.);
#12227=EDGE_LOOP('',(#12228,#12229,#12230));
#12228=ORIENTED_EDGE('',*,*,#12231,.T.);
#12229=ORIENTED_EDGE('',*,*,#12232,.T.);
#12230=ORIENTED_EDGE('',*,*,#12233,.T.);
#12231=EDGE_CURVE('',#555,#103,#12234,.F.);
#12232=EDGE_CURVE('',#103,#557,#12235,.T.);
#12233=EDGE_CURVE('',#557,#555,#12236,.T.);
#12234=LINE('',#554,#12237);
#12235=LINE('',#102,#12238);
#12236=LINE('',#556,#12239);
#12237=VECTOR('',#12240,1.0);
#12238=VECTOR('',#12241,1.0);
#12239=VECTOR('',#12242,1.0);
#12240=DIRECTION('',(0.7104037099080254,0,0.7037944081540534));
#12241=DIRECTION('',(-0.6861663066686853,0,-0.7274447055224581));
#12242=DIRECTION('',(-0.9984266492415586,0,0.05607339907900922));
#12243=FACE_SURFACE('',(#12248),#12244,.T.);
#12244=PLANE('',#12245);
#12245=AXIS2_PLACEMENT_3D('',#556,#12246,#12247);
#12246=DIRECTION('',(-0,1,0));
#12247=DIRECTION('',(0.6861663066686853,0,0.7274447055224581));
#12248=FACE_BOUND('',#12249,.T.);
#12249=EDGE_LOOP('',(#12250,#12251,#12252));
#12250=ORIENTED_EDGE('',*,*,#12253,.T.);
#12251=ORIENTED_EDGE('',*,*,#12254,.T.);
#12252=ORIENTED_EDGE('',*,*,#12255,.T.);
#12253=EDGE_CURVE('',#557,#103,#12256,.F.);
#12254=EDGE_CURVE('',#103,#559,#12257,.T.);
#12255=EDGE_CURVE('',#559,#557,#12258,.T.);
#12256=LINE('',#556,#12259);
#12257=LINE('',#102,#12260);
#12258=LINE('',#558,#12261);
#12259=VECTOR('',#12262,1.0);
#12260=VECTOR('',#12263,1.0);
#12261=VECTOR('',#12264,1.0);
#12262=DIRECTION('',(0.6861663066686853,0,0.7274447055224581));
#12263=DIRECTION('',(-0.6573497443321227,0,-0.7535856378849672));
#12264=DIRECTION('',(-0.9858709870178088,0,0.16750640870286568));
#12265=FACE_SURFACE('',(#12270),#12266,.T.);
#12266=PLANE('',#12267);
#12267=AXIS2_PLACEMENT_3D('',#558,#12268,#12269);
#12268=DIRECTION('',(0,1,0));
#12269=DIRECTION('',(0.6573497443321227,0,0.7535856378849672));
#12270=FACE_BOUND('',#12271,.T.);
#12271=EDGE_LOOP('',(#12272,#12273,#12274));
#12272=ORIENTED_EDGE('',*,*,#12275,.T.);
#12273=ORIENTED_EDGE('',*,*,#12276,.T.);
#12274=ORIENTED_EDGE('',*,*,#12277,.T.);
#12275=EDGE_CURVE('',#559,#103,#12278,.F.);
#12276=EDGE_CURVE('',#103,#101,#12279,.T.);
#12277=EDGE_CURVE('',#101,#559,#12280,.T.);
#12278=LINE('',#558,#12281);
#12279=LINE('',#102,#12282);
#12280=LINE('',#100,#12283);
#12281=VECTOR('',#12284,1.0);
#12282=VECTOR('',#12285,1.0);
#12283=VECTOR('',#12286,1.0);
#12284=DIRECTION('',(0.6573497443321227,0,0.7535856378849672));
#12285=DIRECTION('',(0,0,-1));
#12286=DIRECTION('',(-0.7836764392274533,0,-0.6211692511705483));
#12287=FACE_SURFACE('',(#12292),#12288,.T.);
#12288=PLANE('',#12289);
#12289=AXIS2_PLACEMENT_3D('',#558,#12290,#12291);
#12290=DIRECTION('',(-0,1,0));
#12291=DIRECTION('',(0.7836764392274533,0,0.6211692511705483));
#12292=FACE_BOUND('',#12293,.T.);
#12293=EDGE_LOOP('',(#12294,#12295,#12296));
#12294=ORIENTED_EDGE('',*,*,#12297,.T.);
#12295=ORIENTED_EDGE('',*,*,#12298,.T.);
#12296=ORIENTED_EDGE('',*,*,#12299,.T.);
#12297=EDGE_CURVE('',#559,#101,#12300,.F.);
#12298=EDGE_CURVE('',#101,#561,#12301,.T.);
#12299=EDGE_CURVE('',#561,#559,#12302,.T.);
#12300=LINE('',#558,#12303);
#12301=LINE('',#100,#12304);
#12302=LINE('',#560,#12305);
#12303=VECTOR('',#12306,1.0);
#12304=VECTOR('',#12307,1.0);
#12305=VECTOR('',#12308,1.0);
#12306=DIRECTION('',(0.7836764392274533,0,0.6211692511705483));
#12307=DIRECTION('',(-0.7537313695225336,0,-0.6571826402132712));
#12308=DIRECTION('',(-0.9609177886024858,0,0.2768338916160893));
#12309=FACE_SURFACE('',(#12314),#12310,.T.);
#12310=PLANE('',#12311);
#12311=AXIS2_PLACEMENT_3D('',#560,#12312,#12313);
#12312=DIRECTION('',(-0,1,0));
#12313=DIRECTION('',(0.7537313695225336,0,0.6571826402132712));
#12314=FACE_BOUND('',#12315,.T.);
#12315=EDGE_LOOP('',(#12316,#12317,#12318));
#12316=ORIENTED_EDGE('',*,*,#12319,.T.);
#12317=ORIENTED_EDGE('',*,*,#12320,.T.);
#12318=ORIENTED_EDGE('',*,*,#12321,.T.);
#12319=EDGE_CURVE('',#561,#101,#12322,.F.);
#12320=EDGE_CURVE('',#101,#563,#12323,.T.);
#12321=EDGE_CURVE('',#563,#561,#12324,.T.);
#12322=LINE('',#560,#12325);
#12323=LINE('',#100,#12326);
#12324=LINE('',#562,#12327);
#12325=VECTOR('',#12328,1.0);
#12326=VECTOR('',#12329,1.0);
#12327=VECTOR('',#12330,1.0);
#12328=DIRECTION('',(0.7537313695225336,0,0.6571826402132712));
#12329=DIRECTION('',(-0.7179755300965666,0,-0.6960683430400741));
#12330=DIRECTION('',(-0.9238787227800769,0,0.3826853872233087));
#12331=FACE_SURFACE('',(#12336),#12332,.T.);
#12332=PLANE('',#12333);
#12333=AXIS2_PLACEMENT_3D('',#562,#12334,#12335);
#12334=DIRECTION('',(-0,1,0));
#12335=DIRECTION('',(0.7179755300965666,0,0.6960683430400741));
#12336=FACE_BOUND('',#12337,.T.);
#12337=EDGE_LOOP('',(#12338,#12339,#12340));
#12338=ORIENTED_EDGE('',*,*,#12341,.T.);
#12339=ORIENTED_EDGE('',*,*,#12342,.T.);
#12340=ORIENTED_EDGE('',*,*,#12343,.T.);
#12341=EDGE_CURVE('',#563,#101,#12344,.F.);
#12342=EDGE_CURVE('',#101,#565,#12345,.T.);
#12343=EDGE_CURVE('',#565,#563,#12346,.T.);
#12344=LINE('',#562,#12347);
#12345=LINE('',#100,#12348);
#12346=LINE('',#564,#12349);
#12347=VECTOR('',#12350,1.0);
#12348=VECTOR('',#12351,1.0);
#12349=VECTOR('',#12352,1.0);
#12350=DIRECTION('',(0.7179755300965666,0,0.6960683430400741));
#12351=DIRECTION('',(-0.6769172671413378,0,-0.7360591100216767));
#12352=DIRECTION('',(-0.8752251056594066,0,0.4837158405753119));
#12353=FACE_SURFACE('',(#12358),#12354,.T.);
#12354=PLANE('',#12355);
#12355=AXIS2_PLACEMENT_3D('',#564,#12356,#12357);
#12356=DIRECTION('',(-0,1,0));
#12357=DIRECTION('',(0.6769172671413378,0,0.7360591100216767));
#12358=FACE_BOUND('',#12359,.T.);
#12359=EDGE_LOOP('',(#12360,#12361,#12362));
#12360=ORIENTED_EDGE('',*,*,#12363,.T.);
#12361=ORIENTED_EDGE('',*,*,#12364,.T.);
#12362=ORIENTED_EDGE('',*,*,#12365,.T.);
#12363=EDGE_CURVE('',#565,#101,#12366,.F.);
#12364=EDGE_CURVE('',#101,#567,#12367,.T.);
#12365=EDGE_CURVE('',#567,#565,#12368,.T.);
#12366=LINE('',#564,#12369);
#12367=LINE('',#100,#12370);
#12368=LINE('',#566,#12371);
#12369=VECTOR('',#12372,1.0);
#12370=VECTOR('',#12373,1.0);
#12371=VECTOR('',#12374,1.0);
#12372=DIRECTION('',(0.6769172671413378,0,0.7360591100216767));
#12373=DIRECTION('',(-0.6317178101091453,0,-0.7751984316230948));
#12374=DIRECTION('',(-0.8155600526095304,0,0.5786724467153591));
#12375=FACE_SURFACE('',(#12380),#12376,.T.);
#12376=PLANE('',#12377);
#12377=AXIS2_PLACEMENT_3D('',#566,#12378,#12379);
#12378=DIRECTION('',(-0,1,0));
#12379=DIRECTION('',(0.6317178101091453,0,0.7751984316230948));
#12380=FACE_BOUND('',#12381,.T.);
#12381=EDGE_LOOP('',(#12382,#12383,#12384));
#12382=ORIENTED_EDGE('',*,*,#12385,.T.);
#12383=ORIENTED_EDGE('',*,*,#12386,.T.);
#12384=ORIENTED_EDGE('',*,*,#12387,.T.);
#12385=EDGE_CURVE('',#567,#101,#12388,.F.);
#12386=EDGE_CURVE('',#101,#569,#12389,.T.);
#12387=EDGE_CURVE('',#569,#567,#12390,.T.);
#12388=LINE('',#566,#12391);
#12389=LINE('',#100,#12392);
#12390=LINE('',#568,#12393);
#12391=VECTOR('',#12394,1.0);
#12392=VECTOR('',#12395,1.0);
#12393=VECTOR('',#12396,1.0);
#12394=DIRECTION('',(0.6317178101091453,0,0.7751984316230948));
#12395=DIRECTION('',(-0.5841411409974979,0,-0.8116520975110834));
#12396=DIRECTION('',(-0.7456428598863849,0,0.6663458002422262));
#12397=FACE_SURFACE('',(#12402),#12398,.T.);
#12398=PLANE('',#12399);
#12399=AXIS2_PLACEMENT_3D('',#568,#12400,#12401);
#12400=DIRECTION('',(-0,1,0));
#12401=DIRECTION('',(0.5841411409974979,0,0.8116520975110834));
#12402=FACE_BOUND('',#12403,.T.);
#12403=EDGE_LOOP('',(#12404,#12405,#12406));
#12404=ORIENTED_EDGE('',*,*,#12407,.T.);
#12405=ORIENTED_EDGE('',*,*,#12408,.T.);
#12406=ORIENTED_EDGE('',*,*,#12409,.T.);
#12407=EDGE_CURVE('',#569,#101,#12410,.F.);
#12408=EDGE_CURVE('',#101,#571,#12411,.T.);
#12409=EDGE_CURVE('',#571,#569,#12412,.T.);
#12410=LINE('',#568,#12413);
#12411=LINE('',#100,#12414);
#12412=LINE('',#570,#12415);
#12413=VECTOR('',#12416,1.0);
#12414=VECTOR('',#12417,1.0);
#12415=VECTOR('',#12418,1.0);
#12416=DIRECTION('',(0.5841411409974979,0,0.8116520975110834));
#12417=DIRECTION('',(-0.536325661525583,0,-0.8440111283562236));
#12418=DIRECTION('',(-0.6663458991601063,0,0.7456427714881366));
#12419=FACE_SURFACE('',(#12424),#12420,.T.);
#12420=PLANE('',#12421);
#12421=AXIS2_PLACEMENT_3D('',#570,#12422,#12423);
#12422=DIRECTION('',(-0,1,0));
#12423=DIRECTION('',(0.536325661525583,0,0.8440111283562236));
#12424=FACE_BOUND('',#12425,.T.);
#12425=EDGE_LOOP('',(#12426,#12427,#12428));
#12426=ORIENTED_EDGE('',*,*,#12429,.T.);
#12427=ORIENTED_EDGE('',*,*,#12430,.T.);
#12428=ORIENTED_EDGE('',*,*,#12431,.T.);
#12429=EDGE_CURVE('',#571,#101,#12432,.F.);
#12430=EDGE_CURVE('',#101,#573,#12433,.T.);
#12431=EDGE_CURVE('',#573,#571,#12434,.T.);
#12432=LINE('',#570,#12435);
#12433=LINE('',#100,#12436);
#12434=LINE('',#572,#12437);
#12435=VECTOR('',#12438,1.0);
#12436=VECTOR('',#12439,1.0);
#12437=VECTOR('',#12440,1.0);
#12438=DIRECTION('',(0.536325661525583,0,0.8440111283562236));
#12439=DIRECTION('',(-0.49044739137435917,0,-0.8714708005975221));
#12440=DIRECTION('',(-0.5786713339597672,0,0.8155608421529467));
#12441=FACE_SURFACE('',(#12446),#12442,.T.);
#12442=PLANE('',#12443);
#12443=AXIS2_PLACEMENT_3D('',#572,#12444,#12445);
#12444=DIRECTION('',(-0,1,0));
#12445=DIRECTION('',(0.49044739137435917,0,0.8714708005975221));
#12446=FACE_BOUND('',#12447,.T.);
#12447=EDGE_LOOP('',(#12448,#12449,#12450));
#12448=ORIENTED_EDGE('',*,*,#12451,.T.);
#12449=ORIENTED_EDGE('',*,*,#12452,.T.);
#12450=ORIENTED_EDGE('',*,*,#12453,.T.);
#12451=EDGE_CURVE('',#573,#101,#12454,.F.);
#12452=EDGE_CURVE('',#101,#575,#12455,.T.);
#12453=EDGE_CURVE('',#575,#573,#12456,.T.);
#12454=LINE('',#572,#12457);
#12455=LINE('',#100,#12458);
#12456=LINE('',#574,#12459);
#12457=VECTOR('',#12460,1.0);
#12458=VECTOR('',#12461,1.0);
#12459=VECTOR('',#12462,1.0);
#12460=DIRECTION('',(0.49044739137435917,0,0.8714708005975221));
#12461=DIRECTION('',(-0.4483932177788231,0,-0.8938364068720589));
#12462=DIRECTION('',(-0.4837182405709643,0,0.8752237792353055));
#12463=FACE_SURFACE('',(#12468),#12464,.T.);
#12464=PLANE('',#12465);
#12465=AXIS2_PLACEMENT_3D('',#574,#12466,#12467);
#12466=DIRECTION('',(0,1,0));
#12467=DIRECTION('',(0.4483932177788231,0,0.8938364068720589));
#12468=FACE_BOUND('',#12469,.T.);
#12469=EDGE_LOOP('',(#12470,#12471,#12472));
#12470=ORIENTED_EDGE('',*,*,#12473,.T.);
#12471=ORIENTED_EDGE('',*,*,#12474,.T.);
#12472=ORIENTED_EDGE('',*,*,#12475,.T.);
#12473=EDGE_CURVE('',#575,#101,#12476,.F.);
#12474=EDGE_CURVE('',#101,#105,#12477,.T.);
#12475=EDGE_CURVE('',#105,#575,#12478,.T.);
#12476=LINE('',#574,#12479);
#12477=LINE('',#100,#12480);
#12478=LINE('',#104,#12481);
#12479=VECTOR('',#12482,1.0);
#12480=VECTOR('',#12483,1.0);
#12481=VECTOR('',#12484,1.0);
#12482=DIRECTION('',(0.4483932177788231,0,0.8938364068720589));
#12483=DIRECTION('',(1,0,0));
#12484=DIRECTION('',(-0.4739654829232374,0,-0.880543423686386));
#12485=FACE_SURFACE('',(#12490),#12486,.T.);
#12486=PLANE('',#12487);
#12487=AXIS2_PLACEMENT_3D('',#574,#12488,#12489);
#12488=DIRECTION('',(-0,1,0));
#12489=DIRECTION('',(0.4739654829232374,0,0.880543423686386));
#12490=FACE_BOUND('',#12491,.T.);
#12491=EDGE_LOOP('',(#12492,#12493,#12494));
#12492=ORIENTED_EDGE('',*,*,#12495,.T.);
#12493=ORIENTED_EDGE('',*,*,#12496,.T.);
#12494=ORIENTED_EDGE('',*,*,#12497,.T.);
#12495=EDGE_CURVE('',#575,#105,#12498,.F.);
#12496=EDGE_CURVE('',#105,#577,#12499,.T.);
#12497=EDGE_CURVE('',#577,#575,#12500,.T.);
#12498=LINE('',#574,#12501);
#12499=LINE('',#104,#12502);
#12500=LINE('',#576,#12503);
#12501=VECTOR('',#12504,1.0);
#12502=VECTOR('',#12505,1.0);
#12503=VECTOR('',#12506,1.0);
#12504=DIRECTION('',(0.4739654829232374,0,0.880543423686386));
#12505=DIRECTION('',(-0.43724078650594433,0,-0.8993444805054753));
#12506=DIRECTION('',(-0.38268348326984947,0,0.9238795114258432));
#12507=FACE_SURFACE('',(#12512),#12508,.T.);
#12508=PLANE('',#12509);
#12509=AXIS2_PLACEMENT_3D('',#576,#12510,#12511);
#12510=DIRECTION('',(-0,1,0));
#12511=DIRECTION('',(0.43724078650594433,0,0.8993444805054753));
#12512=FACE_BOUND('',#12513,.T.);
#12513=EDGE_LOOP('',(#12514,#12515,#12516));
#12514=ORIENTED_EDGE('',*,*,#12517,.T.);
#12515=ORIENTED_EDGE('',*,*,#12518,.T.);
#12516=ORIENTED_EDGE('',*,*,#12519,.T.);
#12517=EDGE_CURVE('',#577,#105,#12520,.F.);
#12518=EDGE_CURVE('',#105,#579,#12521,.T.);
#12519=EDGE_CURVE('',#579,#577,#12522,.T.);
#12520=LINE('',#576,#12523);
#12521=LINE('',#104,#12524);
#12522=LINE('',#578,#12525);
#12523=VECTOR('',#12526,1.0);
#12524=VECTOR('',#12527,1.0);
#12525=VECTOR('',#12528,1.0);
#12526=DIRECTION('',(0.43724078650594433,0,0.8993444805054753));
#12527=DIRECTION('',(-0.40618677601271125,0,-0.913790075997983));
#12528=DIRECTION('',(-0.2768355476312207,0,0.960917311514223));
#12529=FACE_SURFACE('',(#12534),#12530,.T.);
#12530=PLANE('',#12531);
#12531=AXIS2_PLACEMENT_3D('',#578,#12532,#12533);
#12532=DIRECTION('',(-0,1,0));
#12533=DIRECTION('',(0.40618677601271125,0,0.913790075997983));
#12534=FACE_BOUND('',#12535,.T.);
#12535=EDGE_LOOP('',(#12536,#12537,#12538));
#12536=ORIENTED_EDGE('',*,*,#12539,.T.);
#12537=ORIENTED_EDGE('',*,*,#12540,.T.);
#12538=ORIENTED_EDGE('',*,*,#12541,.T.);
#12539=EDGE_CURVE('',#579,#105,#12542,.F.);
#12540=EDGE_CURVE('',#105,#581,#12543,.T.);
#12541=EDGE_CURVE('',#581,#579,#12544,.T.);
#12542=LINE('',#578,#12545);
#12543=LINE('',#104,#12546);
#12544=LINE('',#580,#12547);
#12545=VECTOR('',#12548,1.0);
#12546=VECTOR('',#12549,1.0);
#12547=VECTOR('',#12550,1.0);
#12548=DIRECTION('',(0.40618677601271125,0,0.913790075997983));
#12549=DIRECTION('',(-0.38121869781110523,0,-0.9244848859982542));
#12550=DIRECTION('',(-0.1675068231138748,0,0.9858709166063766));
#12551=FACE_SURFACE('',(#12556),#12552,.T.);
#12552=PLANE('',#12553);
#12553=AXIS2_PLACEMENT_3D('',#580,#12554,#12555);
#12554=DIRECTION('',(-0,1,0));
#12555=DIRECTION('',(0.38121869781110523,0,0.9244848859982542));
#12556=FACE_BOUND('',#12557,.T.);
#12557=EDGE_LOOP('',(#12558,#12559,#12560));
#12558=ORIENTED_EDGE('',*,*,#12561,.T.);
#12559=ORIENTED_EDGE('',*,*,#12562,.T.);
#12560=ORIENTED_EDGE('',*,*,#12563,.T.);
#12561=EDGE_CURVE('',#581,#105,#12564,.F.);
#12562=EDGE_CURVE('',#105,#583,#12565,.T.);
#12563=EDGE_CURVE('',#583,#581,#12566,.T.);
#12564=LINE('',#580,#12567);
#12565=LINE('',#104,#12568);
#12566=LINE('',#582,#12569);
#12567=VECTOR('',#12570,1.0);
#12568=VECTOR('',#12571,1.0);
#12569=VECTOR('',#12572,1.0);
#12570=DIRECTION('',(0.38121869781110523,0,0.9244848859982542));
#12571=DIRECTION('',(-0.3623577740269712,0,-0.9320390783664698));
#12572=DIRECTION('',(-0.056070609947962854,0,0.9984268058801624));
#12573=FACE_SURFACE('',(#12578),#12574,.T.);
#12574=PLANE('',#12575);
#12575=AXIS2_PLACEMENT_3D('',#630,#12576,#12577);
#12576=DIRECTION('',(0,1,0));
#12577=DIRECTION('',(-1,0,0));
#12578=FACE_BOUND('',#12579,.T.);
#12579=EDGE_LOOP('',(#12580,#12581,#12582));
#12580=ORIENTED_EDGE('',*,*,#12583,.T.);
#12581=ORIENTED_EDGE('',*,*,#12584,.T.);
#12582=ORIENTED_EDGE('',*,*,#12585,.T.);
#12583=EDGE_CURVE('',#631,#615,#12586,.F.);
#12584=EDGE_CURVE('',#615,#65,#12587,.T.);
#12585=EDGE_CURVE('',#65,#631,#12588,.T.);
#12586=LINE('',#630,#12589);
#12587=LINE('',#614,#12590);
#12588=LINE('',#64,#12591);
#12589=VECTOR('',#12592,1.0);
#12590=VECTOR('',#12593,1.0);
#12591=VECTOR('',#12594,1.0);
#12592=DIRECTION('',(-1,0,0));
#12593=DIRECTION('',(0,0,1));
#12594=DIRECTION('',(0.8741572761215377,0,-0.48564293117863205));
#12595=FACE_SURFACE('',(#12600),#12596,.T.);
#12596=PLANE('',#12597);
#12597=AXIS2_PLACEMENT_3D('',#86,#12598,#12599);
#12598=DIRECTION('',(0,1,0));
#12599=DIRECTION('',(0,0,-1));
#12600=FACE_BOUND('',#12601,.T.);
#12601=EDGE_LOOP('',(#12602,#12603,#12604));
#12602=ORIENTED_EDGE('',*,*,#12605,.T.);
#12603=ORIENTED_EDGE('',*,*,#12606,.T.);
#12604=ORIENTED_EDGE('',*,*,#12607,.T.);
#12605=EDGE_CURVE('',#87,#611,#12608,.F.);
#12606=EDGE_CURVE('',#611,#625,#12609,.T.);
#12607=EDGE_CURVE('',#625,#87,#12610,.T.);
#12608=LINE('',#86,#12611);
#12609=LINE('',#610,#12612);
#12610=LINE('',#624,#12613);
#12611=VECTOR('',#12614,1.0);
#12612=VECTOR('',#12615,1.0);
#12613=VECTOR('',#12616,1.0);
#12614=DIRECTION('',(0,0,-1));
#12615=DIRECTION('',(-1,0,0));
#12616=DIRECTION('',(0.8728169692427634,0,0.48804768025458045));
#12617=FACE_SURFACE('',(#12622),#12618,.T.);
#12618=PLANE('',#12619);
#12619=AXIS2_PLACEMENT_3D('',#624,#12620,#12621);
#12620=DIRECTION('',(0,1,0));
#12621=DIRECTION('',(0,0,1));
#12622=FACE_BOUND('',#12623,.T.);
#12623=EDGE_LOOP('',(#12624,#12625,#12626));
#12624=ORIENTED_EDGE('',*,*,#12627,.T.);
#12625=ORIENTED_EDGE('',*,*,#12628,.T.);
#12626=ORIENTED_EDGE('',*,*,#12629,.T.);
#12627=EDGE_CURVE('',#625,#635,#12630,.F.);
#12628=EDGE_CURVE('',#635,#111,#12631,.T.);
#12629=EDGE_CURVE('',#111,#625,#12632,.T.);
#12630=LINE('',#624,#12633);
#12631=LINE('',#634,#12634);
#12632=LINE('',#110,#12635);
#12633=VECTOR('',#12636,1.0);
#12634=VECTOR('',#12637,1.0);
#12635=VECTOR('',#12638,1.0);
#12636=DIRECTION('',(0,0,1));
#12637=DIRECTION('',(0.7245047402455524,0,-0.6892698175328184));
#12638=DIRECTION('',(-0.11610802319201909,0,-0.9932365916288232));
#12639=FACE_SURFACE('',(#12644),#12640,.T.);
#12640=PLANE('',#12641);
#12641=AXIS2_PLACEMENT_3D('',#110,#12642,#12643);
#12642=DIRECTION('',(0,1,-0));
#12643=DIRECTION('',(-0.7245047402455524,0,0.6892698175328184));
#12644=FACE_BOUND('',#12645,.T.);
#12645=EDGE_LOOP('',(#12646,#12647,#12648));
#12646=ORIENTED_EDGE('',*,*,#12649,.T.);
#12647=ORIENTED_EDGE('',*,*,#12650,.T.);
#12648=ORIENTED_EDGE('',*,*,#12651,.T.);
#12649=EDGE_CURVE('',#111,#635,#12652,.F.);
#12650=EDGE_CURVE('',#635,#117,#12653,.T.);
#12651=EDGE_CURVE('',#117,#111,#12654,.T.);
#12652=LINE('',#110,#12655);
#12653=LINE('',#634,#12656);
#12654=LINE('',#116,#12657);
#12655=VECTOR('',#12658,1.0);
#12656=VECTOR('',#12659,1.0);
#12657=VECTOR('',#12660,1.0);
#12658=DIRECTION('',(-0.7245047402455524,0,0.6892698175328184));
#12659=DIRECTION('',(1,0,0));
#12660=DIRECTION('',(0,0,-1));
#12661=FACE_SURFACE('',(#12666),#12662,.T.);
#12662=PLANE('',#12663);
#12663=AXIS2_PLACEMENT_3D('',#92,#12664,#12665);
#12664=DIRECTION('',(0,0,1));
#12665=DIRECTION('',(-0.018123144982691172,-0.9998357623209606,0));
#12666=FACE_BOUND('',#12667,.T.);
#12667=EDGE_LOOP('',(#12668,#12669,#12670));
#12668=ORIENTED_EDGE('',*,*,#12671,.T.);
#12669=ORIENTED_EDGE('',*,*,#12672,.T.);
#12670=ORIENTED_EDGE('',*,*,#12673,.T.);
#12671=EDGE_CURVE('',#93,#117,#12674,.F.);
#12672=EDGE_CURVE('',#117,#89,#12675,.T.);
#12673=EDGE_CURVE('',#89,#93,#12676,.T.);
#12674=LINE('',#92,#12677);
#12675=LINE('',#116,#12678);
#12676=LINE('',#88,#12679);
#12677=VECTOR('',#12680,1.0);
#12678=VECTOR('',#12681,1.0);
#12679=VECTOR('',#12682,1.0);
#12680=DIRECTION('',(-0.018123144982691172,-0.9998357623209606,0));
#12681=DIRECTION('',(1,0,0));
#12682=DIRECTION('',(0,1,0));
#12683=FACE_SURFACE('',(#12688),#12684,.T.);
#12684=PLANE('',#12685);
#12685=AXIS2_PLACEMENT_3D('',#88,#12686,#12687);
#12686=DIRECTION('',(0,0,1));
#12687=DIRECTION('',(-1,0,0));
#12688=FACE_BOUND('',#12689,.T.);
#12689=EDGE_LOOP('',(#12690,#12691,#12692));
#12690=ORIENTED_EDGE('',*,*,#12693,.T.);
#12691=ORIENTED_EDGE('',*,*,#12694,.T.);
#12692=ORIENTED_EDGE('',*,*,#12695,.T.);
#12693=EDGE_CURVE('',#89,#117,#12696,.F.);
#12694=EDGE_CURVE('',#117,#151,#12697,.T.);
#12695=EDGE_CURVE('',#151,#89,#12698,.T.);
#12696=LINE('',#88,#12699);
#12697=LINE('',#116,#12700);
#12698=LINE('',#150,#12701);
#12699=VECTOR('',#12702,1.0);
#12700=VECTOR('',#12703,1.0);
#12701=VECTOR('',#12704,1.0);
#12702=DIRECTION('',(-1,0,0));
#12703=DIRECTION('',(-0.09531867078435577,-0.9954468097291305,0));
#12704=DIRECTION('',(0.24562122145982443,0.9693658832291262,0));
#12705=FACE_SURFACE('',(#12710),#12706,.T.);
#12706=PLANE('',#12707);
#12707=AXIS2_PLACEMENT_3D('',#88,#12708,#12709);
#12708=DIRECTION('',(0,0,1));
#12709=DIRECTION('',(-0.24562122145982443,-0.9693658832291262,0));
#12710=FACE_BOUND('',#12711,.T.);
#12711=EDGE_LOOP('',(#12712,#12713,#12714));
#12712=ORIENTED_EDGE('',*,*,#12715,.T.);
#12713=ORIENTED_EDGE('',*,*,#12716,.T.);
#12714=ORIENTED_EDGE('',*,*,#12717,.T.);
#12715=EDGE_CURVE('',#89,#151,#12718,.F.);
#12716=EDGE_CURVE('',#151,#147,#12719,.T.);
#12717=EDGE_CURVE('',#147,#89,#12720,.T.);
#12718=LINE('',#88,#12721);
#12719=LINE('',#150,#12722);
#12720=LINE('',#146,#12723);
#12721=VECTOR('',#12724,1.0);
#12722=VECTOR('',#12725,1.0);
#12723=VECTOR('',#12726,1.0);
#12724=DIRECTION('',(-0.24562122145982443,-0.9693658832291262,0));
#12725=DIRECTION('',(0.9438835663869525,-0.33027838728055997,0));
#12726=DIRECTION('',(0.12214368023205219,0.9925124288286622,0));
#12727=FACE_SURFACE('',(#12732),#12728,.T.);
#12728=PLANE('',#12729);
#12729=AXIS2_PLACEMENT_3D('',#116,#12730,#12731);
#12730=DIRECTION('',(0,0,1));
#12731=DIRECTION('',(0.018123144982691172,0.9998357623209606,0));
#12732=FACE_BOUND('',#12733,.T.);
#12733=EDGE_LOOP('',(#12734,#12735,#12736));
#12734=ORIENTED_EDGE('',*,*,#12737,.T.);
#12735=ORIENTED_EDGE('',*,*,#12738,.T.);
#12736=ORIENTED_EDGE('',*,*,#12739,.T.);
#12737=EDGE_CURVE('',#117,#93,#12740,.F.);
#12738=EDGE_CURVE('',#93,#119,#12741,.T.);
#12739=EDGE_CURVE('',#119,#117,#12742,.T.);
#12740=LINE('',#116,#12743);
#12741=LINE('',#92,#12744);
#12742=LINE('',#118,#12745);
#12743=VECTOR('',#12746,1.0);
#12744=VECTOR('',#12747,1.0);
#12745=VECTOR('',#12748,1.0);
#12746=DIRECTION('',(0.018123144982691172,0.9998357623209606,0));
#12747=DIRECTION('',(-0.7071067811865475,0.7071067811865475,0));
#12748=DIRECTION('',(0,-1,0));
#12749=FACE_SURFACE('',(#12754),#12750,.T.);
#12750=PLANE('',#12751);
#12751=AXIS2_PLACEMENT_3D('',#118,#12752,#12753);
#12752=DIRECTION('',(0,0,1));
#12753=DIRECTION('',(0.7071067811865475,-0.7071067811865475,0));
#12754=FACE_BOUND('',#12755,.T.);
#12755=EDGE_LOOP('',(#12756,#12757,#12758));
#12756=ORIENTED_EDGE('',*,*,#12759,.T.);
#12757=ORIENTED_EDGE('',*,*,#12760,.T.);
#12758=ORIENTED_EDGE('',*,*,#12761,.T.);
#12759=EDGE_CURVE('',#119,#93,#12762,.F.);
#12760=EDGE_CURVE('',#93,#99,#12763,.T.);
#12761=EDGE_CURVE('',#99,#119,#12764,.T.);
#12762=LINE('',#118,#12765);
#12763=LINE('',#92,#12766);
#12764=LINE('',#98,#12767);
#12765=VECTOR('',#12768,1.0);
#12766=VECTOR('',#12769,1.0);
#12767=VECTOR('',#12770,1.0);
#12768=DIRECTION('',(0.7071067811865475,-0.7071067811865475,0));
#12769=DIRECTION('',(1,0,0));
#12770=DIRECTION('',(-0.9998405993454448,0.017854296416882943,0));
#12771=FACE_SURFACE('',(#12776),#12772,.T.);
#12772=PLANE('',#12773);
#12773=AXIS2_PLACEMENT_3D('',#118,#12774,#12775);
#12774=DIRECTION('',(-0,0,1));
#12775=DIRECTION('',(0.9998405993454448,-0.017854296416882943,0));
#12776=FACE_BOUND('',#12777,.T.);
#12777=EDGE_LOOP('',(#12778,#12779,#12780));
#12778=ORIENTED_EDGE('',*,*,#12781,.T.);
#12779=ORIENTED_EDGE('',*,*,#12782,.T.);
#12780=ORIENTED_EDGE('',*,*,#12783,.T.);
#12781=EDGE_CURVE('',#119,#99,#12784,.F.);
#12782=EDGE_CURVE('',#99,#115,#12785,.T.);
#12783=EDGE_CURVE('',#115,#119,#12786,.T.);
#12784=LINE('',#118,#12787);
#12785=LINE('',#98,#12788);
#12786=LINE('',#114,#12789);
#12787=VECTOR('',#12790,1.0);
#12788=VECTOR('',#12791,1.0);
#12789=VECTOR('',#12792,1.0);
#12790=DIRECTION('',(0.9998405993454448,-0.017854296416882943,0));
#12791=DIRECTION('',(0.7071067811865475,0.7071067811865475,0));
#12792=DIRECTION('',(-1,0,0));
#12793=FACE_SURFACE('',(#12798),#12794,.T.);
#12794=PLANE('',#12795);
#12795=AXIS2_PLACEMENT_3D('',#114,#12796,#12797);
#12796=DIRECTION('',(0,0,1));
#12797=DIRECTION('',(-0.7071067811865475,-0.7071067811865475,0));
#12798=FACE_BOUND('',#12799,.T.);
#12799=EDGE_LOOP('',(#12800,#12801,#12802));
#12800=ORIENTED_EDGE('',*,*,#12803,.T.);
#12801=ORIENTED_EDGE('',*,*,#12804,.T.);
#12802=ORIENTED_EDGE('',*,*,#12805,.T.);
#12803=EDGE_CURVE('',#115,#99,#12806,.F.);
#12804=EDGE_CURVE('',#99,#113,#12807,.T.);
#12805=EDGE_CURVE('',#113,#115,#12808,.T.);
#12806=LINE('',#114,#12809);
#12807=LINE('',#98,#12810);
#12808=LINE('',#112,#12811);
#12809=VECTOR('',#12812,1.0);
#12810=VECTOR('',#12813,1.0);
#12811=VECTOR('',#12814,1.0);
#12812=DIRECTION('',(-0.7071067811865475,-0.7071067811865475,0));
#12813=DIRECTION('',(0.018123144982691172,-0.9998357623209606,0));
#12814=DIRECTION('',(0,1,0));
#12815=FACE_SURFACE('',(#12820),#12816,.T.);
#12816=PLANE('',#12817);
#12817=AXIS2_PLACEMENT_3D('',#112,#12818,#12819);
#12818=DIRECTION('',(0,0,1));
#12819=DIRECTION('',(-0.018123144982691172,0.9998357623209606,0));
#12820=FACE_BOUND('',#12821,.T.);
#12821=EDGE_LOOP('',(#12822,#12823,#12824));
#12822=ORIENTED_EDGE('',*,*,#12825,.T.);
#12823=ORIENTED_EDGE('',*,*,#12826,.T.);
#12824=ORIENTED_EDGE('',*,*,#12827,.T.);
#12825=EDGE_CURVE('',#113,#99,#12828,.F.);
#12826=EDGE_CURVE('',#99,#103,#12829,.T.);
#12827=EDGE_CURVE('',#103,#113,#12830,.T.);
#12828=LINE('',#112,#12831);
#12829=LINE('',#98,#12832);
#12830=LINE('',#102,#12833);
#12831=VECTOR('',#12834,1.0);
#12832=VECTOR('',#12835,1.0);
#12833=VECTOR('',#12836,1.0);
#12834=DIRECTION('',(-0.018123144982691172,0.9998357623209606,0));
#12835=DIRECTION('',(0,-1,0));
#12836=DIRECTION('',(1,0,0));
#12837=FACE_SURFACE('',(#12842),#12838,.T.);
#12838=PLANE('',#12839);
#12839=AXIS2_PLACEMENT_3D('',#112,#12840,#12841);
#12840=DIRECTION('',(0,0,1));
#12841=DIRECTION('',(-1,0,0));
#12842=FACE_BOUND('',#12843,.T.);
#12843=EDGE_LOOP('',(#12844,#12845,#12846));
#12844=ORIENTED_EDGE('',*,*,#12847,.T.);
#12845=ORIENTED_EDGE('',*,*,#12848,.T.);
#12846=ORIENTED_EDGE('',*,*,#12849,.T.);
#12847=EDGE_CURVE('',#113,#103,#12850,.F.);
#12848=EDGE_CURVE('',#103,#637,#12851,.T.);
#12849=EDGE_CURVE('',#637,#113,#12852,.T.);
#12850=LINE('',#112,#12853);
#12851=LINE('',#102,#12854);
#12852=LINE('',#636,#12855);
#12853=VECTOR('',#12856,1.0);
#12854=VECTOR('',#12857,1.0);
#12855=VECTOR('',#12858,1.0);
#12856=DIRECTION('',(-1,0,0));
#12857=DIRECTION('',(0.498306429259137,-0.8670009818673844,0));
#12858=DIRECTION('',(-0.459677240552912,0.8880860513022713,0));
#12859=FACE_SURFACE('',(#12864),#12860,.T.);
#12860=PLANE('',#12861);
#12861=AXIS2_PLACEMENT_3D('',#636,#12862,#12863);
#12862=DIRECTION('',(0,0,1));
#12863=DIRECTION('',(-0.498306429259137,0.8670009818673844,0));
#12864=FACE_BOUND('',#12865,.T.);
#12865=EDGE_LOOP('',(#12866,#12867,#12868));
#12866=ORIENTED_EDGE('',*,*,#12869,.T.);
#12867=ORIENTED_EDGE('',*,*,#12870,.T.);
#12868=ORIENTED_EDGE('',*,*,#12871,.T.);
#12869=EDGE_CURVE('',#637,#103,#12872,.F.);
#12870=EDGE_CURVE('',#103,#231,#12873,.T.);
#12871=EDGE_CURVE('',#231,#637,#12874,.T.);
#12872=LINE('',#636,#12875);
#12873=LINE('',#102,#12876);
#12874=LINE('',#230,#12877);
#12875=VECTOR('',#12878,1.0);
#12876=VECTOR('',#12879,1.0);
#12877=VECTOR('',#12880,1.0);
#12878=DIRECTION('',(-0.498306429259137,0.8670009818673844,0));
#12879=DIRECTION('',(-0.9776462674614788,-0.2102564522639885,0));
#12880=DIRECTION('',(0.9958317568064893,-0.09120916694993489,0));
#12881=FACE_SURFACE('',(#12886),#12882,.T.);
#12882=PLANE('',#12883);
#12883=AXIS2_PLACEMENT_3D('',#636,#12884,#12885);
#12884=DIRECTION('',(0,0,1));
#12885=DIRECTION('',(-0.9958317568064893,0.09120916694993489,0));
#12886=FACE_BOUND('',#12887,.T.);
#12887=EDGE_LOOP('',(#12888,#12889,#12890));
#12888=ORIENTED_EDGE('',*,*,#12891,.T.);
#12889=ORIENTED_EDGE('',*,*,#12892,.T.);
#12890=ORIENTED_EDGE('',*,*,#12893,.T.);
#12891=EDGE_CURVE('',#637,#231,#12894,.F.);
#12892=EDGE_CURVE('',#231,#227,#12895,.T.);
#12893=EDGE_CURVE('',#227,#637,#12896,.T.);
#12894=LINE('',#636,#12897);
#12895=LINE('',#230,#12898);
#12896=LINE('',#226,#12899);
#12897=VECTOR('',#12900,1.0);
#12898=VECTOR('',#12901,1.0);
#12899=VECTOR('',#12902,1.0);
#12900=DIRECTION('',(-0.9958317568064893,0.09120916694993489,0));
#12901=DIRECTION('',(-0.5320333816150699,-0.8467233791783675,0));
#12902=DIRECTION('',(0.9968196161768782,-0.07969098321003065,0));
#12903=FACE_SURFACE('',(#12908),#12904,.T.);
#12904=PLANE('',#12905);
#12905=AXIS2_PLACEMENT_3D('',#88,#12906,#12907);
#12906=DIRECTION('',(-0,0,1));
#12907=DIRECTION('',(0.13131171942850384,-0.991341128139416,0));
#12908=FACE_BOUND('',#12909,.T.);
#12909=EDGE_LOOP('',(#12910,#12911,#12912));
#12910=ORIENTED_EDGE('',*,*,#12913,.T.);
#12911=ORIENTED_EDGE('',*,*,#12914,.T.);
#12912=ORIENTED_EDGE('',*,*,#12915,.T.);
#12913=EDGE_CURVE('',#89,#131,#12916,.F.);
#12914=EDGE_CURVE('',#131,#103,#12917,.T.);
#12915=EDGE_CURVE('',#103,#89,#12918,.T.);
#12916=LINE('',#88,#12919);
#12917=LINE('',#130,#12920);
#12918=LINE('',#102,#12921);
#12919=VECTOR('',#12922,1.0);
#12920=VECTOR('',#12923,1.0);
#12921=VECTOR('',#12924,1.0);
#12922=DIRECTION('',(0.13131171942850384,-0.991341128139416,0));
#12923=DIRECTION('',(0.9857893418214931,0.16798623024268197,0));
#12924=DIRECTION('',(-1,0,0));
#12925=FACE_SURFACE('',(#12930),#12926,.T.);
#12926=PLANE('',#12927);
#12927=AXIS2_PLACEMENT_3D('',#102,#12928,#12929);
#12928=DIRECTION('',(0,0,1));
#12929=DIRECTION('',(-0.9857893418214931,-0.16798623024268197,0));
#12930=FACE_BOUND('',#12931,.T.);
#12931=EDGE_LOOP('',(#12932,#12933,#12934));
#12932=ORIENTED_EDGE('',*,*,#12935,.T.);
#12933=ORIENTED_EDGE('',*,*,#12936,.T.);
#12934=ORIENTED_EDGE('',*,*,#12937,.T.);
#12935=EDGE_CURVE('',#103,#131,#12938,.F.);
#12936=EDGE_CURVE('',#131,#127,#12939,.T.);
#12937=EDGE_CURVE('',#127,#103,#12940,.T.);
#12938=LINE('',#102,#12941);
#12939=LINE('',#130,#12942);
#12940=LINE('',#126,#12943);
#12941=VECTOR('',#12944,1.0);
#12942=VECTOR('',#12945,1.0);
#12943=VECTOR('',#12946,1.0);
#12944=DIRECTION('',(-0.9857893418214931,-0.16798623024268197,0));
#12945=DIRECTION('',(0.111965070093279,-0.9937121429664665,0));
#12946=DIRECTION('',(0.9830944551092847,0.18309913253038218,0));
#12947=FACE_SURFACE('',(#12952),#12948,.T.);
#12948=PLANE('',#12949);
#12949=AXIS2_PLACEMENT_3D('',#102,#12950,#12951);
#12950=DIRECTION('',(0,0,1));
#12951=DIRECTION('',(-0.9830944551092847,-0.18309913253038218,0));
#12952=FACE_BOUND('',#12953,.T.);
#12953=EDGE_LOOP('',(#12954,#12955,#12956));
#12954=ORIENTED_EDGE('',*,*,#12957,.T.);
#12955=ORIENTED_EDGE('',*,*,#12958,.T.);
#12956=ORIENTED_EDGE('',*,*,#12959,.T.);
#12957=EDGE_CURVE('',#103,#127,#12960,.F.);
#12958=EDGE_CURVE('',#127,#123,#12961,.T.);
#12959=EDGE_CURVE('',#123,#103,#12962,.T.);
#12960=LINE('',#102,#12963);
#12961=LINE('',#126,#12964);
#12962=LINE('',#122,#12965);
#12963=VECTOR('',#12966,1.0);
#12964=VECTOR('',#12967,1.0);
#12965=VECTOR('',#12968,1.0);
#12966=DIRECTION('',(-0.9830944551092847,-0.18309913253038218,0));
#12967=DIRECTION('',(-0.111965070093279,-0.9937121429664665,0));
#12968=DIRECTION('',(0.9803089259592407,0.19747002224297197,0));
#12969=FACE_SURFACE('',(#12974),#12970,.T.);
#12970=PLANE('',#12971);
#12971=AXIS2_PLACEMENT_3D('',#122,#12972,#12973);
#12972=DIRECTION('',(-0,0,1));
#12973=DIRECTION('',(-0.33027838728055997,-0.9438835663869525,0));
#12974=FACE_BOUND('',#12975,.T.);
#12975=EDGE_LOOP('',(#12976,#12977,#12978));
#12976=ORIENTED_EDGE('',*,*,#12979,.T.);
#12977=ORIENTED_EDGE('',*,*,#12980,.T.);
#12978=ORIENTED_EDGE('',*,*,#12981,.T.);
#12979=EDGE_CURVE('',#123,#231,#12982,.F.);
#12980=EDGE_CURVE('',#231,#103,#12983,.T.);
#12981=EDGE_CURVE('',#103,#123,#12984,.T.);
#12982=LINE('',#122,#12985);
#12983=LINE('',#230,#12986);
#12984=LINE('',#102,#12987);
#12985=VECTOR('',#12988,1.0);
#12986=VECTOR('',#12989,1.0);
#12987=VECTOR('',#12990,1.0);
#12988=DIRECTION('',(-0.33027838728055997,-0.9438835663869525,0));
#12989=DIRECTION('',(0.9776462674614788,0.2102564522639885,0));
#12990=DIRECTION('',(-0.9803089259592407,-0.19747002224297197,0));
#12991=FACE_SURFACE('',(#12996),#12992,.T.);
#12992=PLANE('',#12993);
#12993=AXIS2_PLACEMENT_3D('',#226,#12994,#12995);
#12994=DIRECTION('',(0,0,1));
#12995=DIRECTION('',(-0.7071045098136307,-0.7071090525521684,0));
#12996=FACE_BOUND('',#12997,.T.);
#12997=EDGE_LOOP('',(#12998,#12999,#13000));
#12998=ORIENTED_EDGE('',*,*,#13001,.T.);
#12999=ORIENTED_EDGE('',*,*,#13002,.T.);
#13000=ORIENTED_EDGE('',*,*,#13003,.T.);
#13001=EDGE_CURVE('',#227,#223,#13004,.F.);
#13002=EDGE_CURVE('',#223,#637,#13005,.T.);
#13003=EDGE_CURVE('',#637,#227,#13006,.T.);
#13004=LINE('',#226,#13007);
#13005=LINE('',#222,#13008);
#13006=LINE('',#636,#13009);
#13007=VECTOR('',#13010,1.0);
#13008=VECTOR('',#13011,1.0);
#13009=VECTOR('',#13012,1.0);
#13010=DIRECTION('',(-0.7071045098136307,-0.7071090525521684,0));
#13011=DIRECTION('',(0.9975517139416888,-0.06993266770257696,0));
#13012=DIRECTION('',(-0.9968196161768782,0.07969098321003065,0));
#13013=FACE_SURFACE('',(#13018),#13014,.T.);
#13014=PLANE('',#13015);
#13015=AXIS2_PLACEMENT_3D('',#636,#13016,#13017);
#13016=DIRECTION('',(0,0,1));
#13017=DIRECTION('',(-0.9975517139416888,0.06993266770257696,0));
#13018=FACE_BOUND('',#13019,.T.);
#13019=EDGE_LOOP('',(#13020,#13021,#13022));
#13020=ORIENTED_EDGE('',*,*,#13023,.T.);
#13021=ORIENTED_EDGE('',*,*,#13024,.T.);
#13022=ORIENTED_EDGE('',*,*,#13025,.T.);
#13023=EDGE_CURVE('',#637,#223,#13026,.F.);
#13024=EDGE_CURVE('',#223,#219,#13027,.T.);
#13025=EDGE_CURVE('',#219,#637,#13028,.T.);
#13026=LINE('',#636,#13029);
#13027=LINE('',#222,#13030);
#13028=LINE('',#218,#13031);
#13029=VECTOR('',#13032,1.0);
#13030=VECTOR('',#13033,1.0);
#13031=VECTOR('',#13034,1.0);
#13032=DIRECTION('',(-0.9975517139416888,0.06993266770257696,0));
#13033=DIRECTION('',(-0.8467260685450495,-0.5320291015031454,0));
#13034=DIRECTION('',(0.9980485110132953,-0.06244333162271309,0));
#13035=FACE_SURFACE('',(#13040),#13036,.T.);
#13036=PLANE('',#13037);
#13037=AXIS2_PLACEMENT_3D('',#636,#13038,#13039);
#13038=DIRECTION('',(0,0,1));
#13039=DIRECTION('',(-0.9980485110132953,0.06244333162271309,0));
#13040=FACE_BOUND('',#13041,.T.);
#13041=EDGE_LOOP('',(#13042,#13043,#13044));
#13042=ORIENTED_EDGE('',*,*,#13045,.T.);
#13043=ORIENTED_EDGE('',*,*,#13046,.T.);
#13044=ORIENTED_EDGE('',*,*,#13047,.T.);
#13045=EDGE_CURVE('',#637,#219,#13048,.F.);
#13046=EDGE_CURVE('',#219,#639,#13049,.T.);
#13047=EDGE_CURVE('',#639,#637,#13050,.T.);
#13048=LINE('',#636,#13051);
#13049=LINE('',#218,#13052);
#13050=LINE('',#638,#13053);
#13051=VECTOR('',#13054,1.0);
#13052=VECTOR('',#13055,1.0);
#13053=VECTOR('',#13056,1.0);
#13054=DIRECTION('',(-0.9980485110132953,0.06244333162271309,0));
#13055=DIRECTION('',(-0.9113905012386093,-0.4115426518017741,0));
#13056=DIRECTION('',(1,0,0));
#13057=FACE_SURFACE('',(#13062),#13058,.T.);
#13058=PLANE('',#13059);
#13059=AXIS2_PLACEMENT_3D('',#638,#13060,#13061);
#13060=DIRECTION('',(0,0,1));
#13061=DIRECTION('',(0.9113905012386093,0.4115426518017741,0));
#13062=FACE_BOUND('',#13063,.T.);
#13063=EDGE_LOOP('',(#13064,#13065,#13066));
#13064=ORIENTED_EDGE('',*,*,#13067,.T.);
#13065=ORIENTED_EDGE('',*,*,#13068,.T.);
#13066=ORIENTED_EDGE('',*,*,#13069,.T.);
#13067=EDGE_CURVE('',#639,#219,#13070,.F.);
#13068=EDGE_CURVE('',#219,#215,#13071,.T.);
#13069=EDGE_CURVE('',#215,#639,#13072,.T.);
#13070=LINE('',#638,#13073);
#13071=LINE('',#218,#13074);
#13072=LINE('',#214,#13075);
#13073=VECTOR('',#13076,1.0);
#13074=VECTOR('',#13077,1.0);
#13075=VECTOR('',#13078,1.0);
#13076=DIRECTION('',(0.9113905012386093,0.4115426518017741,0));
#13077=DIRECTION('',(-0.9438828582969667,-0.3302804108831588,0));
#13078=DIRECTION('',(-0.9080692121704952,-0.41882013550933317,0));
#13079=FACE_SURFACE('',(#13084),#13080,.T.);
#13080=PLANE('',#13081);
#13081=AXIS2_PLACEMENT_3D('',#638,#13082,#13083);
#13082=DIRECTION('',(0,0,1));
#13083=DIRECTION('',(0.9080692121704952,0.41882013550933317,0));
#13084=FACE_BOUND('',#13085,.T.);
#13085=EDGE_LOOP('',(#13086,#13087,#13088));
#13086=ORIENTED_EDGE('',*,*,#13089,.T.);
#13087=ORIENTED_EDGE('',*,*,#13090,.T.);
#13088=ORIENTED_EDGE('',*,*,#13091,.T.);
#13089=EDGE_CURVE('',#639,#215,#13092,.F.);
#13090=EDGE_CURVE('',#215,#211,#13093,.T.);
#13091=EDGE_CURVE('',#211,#639,#13094,.T.);
#13092=LINE('',#638,#13095);
#13093=LINE('',#214,#13096);
#13094=LINE('',#210,#13097);
#13095=VECTOR('',#13098,1.0);
#13096=VECTOR('',#13099,1.0);
#13097=VECTOR('',#13100,1.0);
#13098=DIRECTION('',(0.9080692121704952,0.41882013550933317,0));
#13099=DIRECTION('',(-0.9937121429664665,-0.111965070093279,0));
#13100=DIRECTION('',(-0.894427190999916,-0.447213595499958,0));
#13101=FACE_SURFACE('',(#13106),#13102,.T.);
#13102=PLANE('',#13103);
#13103=AXIS2_PLACEMENT_3D('',#210,#13104,#13105);
#13104=DIRECTION('',(0,0,1));
#13105=DIRECTION('',(-0.9937121429664665,0.111965070093279,0));
#13106=FACE_BOUND('',#13107,.T.);
#13107=EDGE_LOOP('',(#13108,#13109,#13110));
#13108=ORIENTED_EDGE('',*,*,#13111,.T.);
#13109=ORIENTED_EDGE('',*,*,#13112,.T.);
#13110=ORIENTED_EDGE('',*,*,#13113,.T.);
#13111=EDGE_CURVE('',#211,#207,#13114,.F.);
#13112=EDGE_CURVE('',#207,#639,#13115,.T.);
#13113=EDGE_CURVE('',#639,#211,#13116,.T.);
#13114=LINE('',#210,#13117);
#13115=LINE('',#206,#13118);
#13116=LINE('',#638,#13119);
#13117=VECTOR('',#13120,1.0);
#13118=VECTOR('',#13121,1.0);
#13119=VECTOR('',#13122,1.0);
#13120=DIRECTION('',(-0.9937121429664665,0.111965070093279,0));
#13121=DIRECTION('',(-0.8662692076945895,-0.49957748127811796,0));
#13122=DIRECTION('',(0.894427190999916,0.447213595499958,0));
#13123=FACE_SURFACE('',(#13128),#13124,.T.);
#13124=PLANE('',#13125);
#13125=AXIS2_PLACEMENT_3D('',#638,#13126,#13127);
#13126=DIRECTION('',(0,0,1));
#13127=DIRECTION('',(0.8662692076945895,0.49957748127811796,0));
#13128=FACE_BOUND('',#13129,.T.);
#13129=EDGE_LOOP('',(#13130,#13131,#13132));
#13130=ORIENTED_EDGE('',*,*,#13133,.T.);
#13131=ORIENTED_EDGE('',*,*,#13134,.T.);
#13132=ORIENTED_EDGE('',*,*,#13135,.T.);
#13133=EDGE_CURVE('',#639,#207,#13136,.F.);
#13134=EDGE_CURVE('',#207,#203,#13137,.T.);
#13135=EDGE_CURVE('',#203,#639,#13138,.T.);
#13136=LINE('',#638,#13139);
#13137=LINE('',#206,#13140);
#13138=LINE('',#202,#13141);
#13139=VECTOR('',#13142,1.0);
#13140=VECTOR('',#13143,1.0);
#13141=VECTOR('',#13144,1.0);
#13142=DIRECTION('',(0.8662692076945895,0.49957748127811796,0));
#13143=DIRECTION('',(-0.9438828582969667,0.3302804108831588,0));
#13144=DIRECTION('',(-0.8185560608889706,-0.5744266490875329,0));
#13145=FACE_SURFACE('',(#13150),#13146,.T.);
#13146=PLANE('',#13147);
#13147=AXIS2_PLACEMENT_3D('',#638,#13148,#13149);
#13148=DIRECTION('',(0,0,1));
#13149=DIRECTION('',(0.8185560608889706,0.5744266490875329,0));
#13150=FACE_BOUND('',#13151,.T.);
#13151=EDGE_LOOP('',(#13152,#13153,#13154));
#13152=ORIENTED_EDGE('',*,*,#13155,.T.);
#13153=ORIENTED_EDGE('',*,*,#13156,.T.);
#13154=ORIENTED_EDGE('',*,*,#13157,.T.);
#13155=EDGE_CURVE('',#639,#203,#13158,.F.);
#13156=EDGE_CURVE('',#203,#199,#13159,.T.);
#13157=EDGE_CURVE('',#199,#639,#13160,.T.);
#13158=LINE('',#638,#13161);
#13159=LINE('',#202,#13162);
#13160=LINE('',#198,#13163);
#13161=VECTOR('',#13164,1.0);
#13162=VECTOR('',#13165,1.0);
#13163=VECTOR('',#13166,1.0);
#13164=DIRECTION('',(0.8185560608889706,0.5744266490875329,0));
#13165=DIRECTION('',(-0.8467254256187496,0.5320301247210981,0));
#13166=DIRECTION('',(-0.7488654273322249,-0.6627220923935795,0));
#13167=FACE_SURFACE('',(#13172),#13168,.T.);
#13168=PLANE('',#13169);
#13169=AXIS2_PLACEMENT_3D('',#198,#13170,#13171);
#13170=DIRECTION('',(0,0,1));
#13171=DIRECTION('',(-0.7071067811865476,0.7071067811865476,0));
#13172=FACE_BOUND('',#13173,.T.);
#13173=EDGE_LOOP('',(#13174,#13175,#13176));
#13174=ORIENTED_EDGE('',*,*,#13177,.T.);
#13175=ORIENTED_EDGE('',*,*,#13178,.T.);
#13176=ORIENTED_EDGE('',*,*,#13179,.T.);
#13177=EDGE_CURVE('',#199,#195,#13180,.F.);
#13178=EDGE_CURVE('',#195,#639,#13181,.T.);
#13179=EDGE_CURVE('',#639,#199,#13182,.T.);
#13180=LINE('',#198,#13183);
#13181=LINE('',#194,#13184);
#13182=LINE('',#638,#13185);
#13183=VECTOR('',#13186,1.0);
#13184=VECTOR('',#13187,1.0);
#13185=VECTOR('',#13188,1.0);
#13186=DIRECTION('',(-0.7071067811865476,0.7071067811865476,0));
#13187=DIRECTION('',(-0.6627220923935795,-0.7488654273322249,0));
#13188=DIRECTION('',(0.7488654273322249,0.6627220923935795,0));
#13189=FACE_SURFACE('',(#13194),#13190,.T.);
#13190=PLANE('',#13191);
#13191=AXIS2_PLACEMENT_3D('',#638,#13192,#13193);
#13192=DIRECTION('',(0,0,1));
#13193=DIRECTION('',(0.6627220923935795,0.7488654273322249,0));
#13194=FACE_BOUND('',#13195,.T.);
#13195=EDGE_LOOP('',(#13196,#13197,#13198));
#13196=ORIENTED_EDGE('',*,*,#13199,.T.);
#13197=ORIENTED_EDGE('',*,*,#13200,.T.);
#13198=ORIENTED_EDGE('',*,*,#13201,.T.);
#13199=EDGE_CURVE('',#639,#195,#13202,.F.);
#13200=EDGE_CURVE('',#195,#191,#13203,.T.);
#13201=EDGE_CURVE('',#191,#639,#13204,.T.);
#13202=LINE('',#638,#13205);
#13203=LINE('',#194,#13206);
#13204=LINE('',#190,#13207);
#13205=VECTOR('',#13208,1.0);
#13206=VECTOR('',#13209,1.0);
#13207=VECTOR('',#13210,1.0);
#13208=DIRECTION('',(0.6627220923935795,0.7488654273322249,0));
#13209=DIRECTION('',(-0.5320301247210981,0.8467254256187496,0));
#13210=DIRECTION('',(-0.5744266490875329,-0.8185560608889706,0));
#13211=FACE_SURFACE('',(#13216),#13212,.T.);
#13212=PLANE('',#13213);
#13213=AXIS2_PLACEMENT_3D('',#638,#13214,#13215);
#13214=DIRECTION('',(0,0,1));
#13215=DIRECTION('',(0.5744266490875329,0.8185560608889706,0));
#13216=FACE_BOUND('',#13217,.T.);
#13217=EDGE_LOOP('',(#13218,#13219,#13220));
#13218=ORIENTED_EDGE('',*,*,#13221,.T.);
#13219=ORIENTED_EDGE('',*,*,#13222,.T.);
#13220=ORIENTED_EDGE('',*,*,#13223,.T.);
#13221=EDGE_CURVE('',#639,#191,#13224,.F.);
#13222=EDGE_CURVE('',#191,#187,#13225,.T.);
#13223=EDGE_CURVE('',#187,#639,#13226,.T.);
#13224=LINE('',#638,#13227);
#13225=LINE('',#190,#13228);
#13226=LINE('',#186,#13229);
#13227=VECTOR('',#13230,1.0);
#13228=VECTOR('',#13231,1.0);
#13229=VECTOR('',#13232,1.0);
#13230=DIRECTION('',(0.5744266490875329,0.8185560608889706,0));
#13231=DIRECTION('',(-0.3302804108831588,0.9438828582969667,0));
#13232=DIRECTION('',(-0.49957748127811796,-0.8662692076945895,0));
#13233=FACE_SURFACE('',(#13238),#13234,.T.);
#13234=PLANE('',#13235);
#13235=AXIS2_PLACEMENT_3D('',#186,#13236,#13237);
#13236=DIRECTION('',(0,0,1));
#13237=DIRECTION('',(-0.111965070093279,0.9937121429664665,0));
#13238=FACE_BOUND('',#13239,.T.);
#13239=EDGE_LOOP('',(#13240,#13241,#13242));
#13240=ORIENTED_EDGE('',*,*,#13243,.T.);
#13241=ORIENTED_EDGE('',*,*,#13244,.T.);
#13242=ORIENTED_EDGE('',*,*,#13245,.T.);
#13243=EDGE_CURVE('',#187,#183,#13246,.F.);
#13244=EDGE_CURVE('',#183,#639,#13247,.T.);
#13245=EDGE_CURVE('',#639,#187,#13248,.T.);
#13246=LINE('',#186,#13249);
#13247=LINE('',#182,#13250);
#13248=LINE('',#638,#13251);
#13249=VECTOR('',#13252,1.0);
#13250=VECTOR('',#13253,1.0);
#13251=VECTOR('',#13254,1.0);
#13252=DIRECTION('',(-0.111965070093279,0.9937121429664665,0));
#13253=DIRECTION('',(-0.447213595499958,-0.894427190999916,0));
#13254=DIRECTION('',(0.49957748127811796,0.8662692076945895,0));
#13255=FACE_SURFACE('',(#13260),#13256,.T.);
#13256=PLANE('',#13257);
#13257=AXIS2_PLACEMENT_3D('',#638,#13258,#13259);
#13258=DIRECTION('',(0,0,1));
#13259=DIRECTION('',(0.447213595499958,0.894427190999916,0));
#13260=FACE_BOUND('',#13261,.T.);
#13261=EDGE_LOOP('',(#13262,#13263,#13264));
#13262=ORIENTED_EDGE('',*,*,#13265,.T.);
#13263=ORIENTED_EDGE('',*,*,#13266,.T.);
#13264=ORIENTED_EDGE('',*,*,#13267,.T.);
#13265=EDGE_CURVE('',#639,#183,#13268,.F.);
#13266=EDGE_CURVE('',#183,#635,#13269,.T.);
#13267=EDGE_CURVE('',#635,#639,#13270,.T.);
#13268=LINE('',#638,#13271);
#13269=LINE('',#182,#13272);
#13270=LINE('',#634,#13273);
#13271=VECTOR('',#13274,1.0);
#13272=VECTOR('',#13275,1.0);
#13273=VECTOR('',#13276,1.0);
#13274=DIRECTION('',(0.447213595499958,0.894427190999916,0));
#13275=DIRECTION('',(-0.3511234415883917,0.9363291775690445,0));
#13276=DIRECTION('',(0,-1,0));
#13277=FACE_SURFACE('',(#13282),#13278,.T.);
#13278=PLANE('',#13279);
#13279=AXIS2_PLACEMENT_3D('',#634,#13280,#13281);
#13280=DIRECTION('',(0,0,1));
#13281=DIRECTION('',(0.3511234415883917,-0.9363291775690445,0));
#13282=FACE_BOUND('',#13283,.T.);
#13283=EDGE_LOOP('',(#13284,#13285,#13286));
#13284=ORIENTED_EDGE('',*,*,#13287,.T.);
#13285=ORIENTED_EDGE('',*,*,#13288,.T.);
#13286=ORIENTED_EDGE('',*,*,#13289,.T.);
#13287=EDGE_CURVE('',#635,#183,#13290,.F.);
#13288=EDGE_CURVE('',#183,#179,#13291,.T.);
#13289=EDGE_CURVE('',#179,#635,#13292,.T.);
#13290=LINE('',#634,#13293);
#13291=LINE('',#182,#13294);
#13292=LINE('',#178,#13295);
#13293=VECTOR('',#13296,1.0);
#13294=VECTOR('',#13297,1.0);
#13295=VECTOR('',#13298,1.0);
#13296=DIRECTION('',(0.3511234415883917,-0.9363291775690445,0));
#13297=DIRECTION('',(0.111965070093279,0.9937121429664665,0));
#13298=DIRECTION('',(-0.38676129640440937,0.922179862935415,0));
#13299=FACE_SURFACE('',(#13304),#13300,.T.);
#13300=PLANE('',#13301);
#13301=AXIS2_PLACEMENT_3D('',#634,#13302,#13303);
#13302=DIRECTION('',(0,0,1));
#13303=DIRECTION('',(0.38676129640440937,-0.922179862935415,0));
#13304=FACE_BOUND('',#13305,.T.);
#13305=EDGE_LOOP('',(#13306,#13307,#13308));
#13306=ORIENTED_EDGE('',*,*,#13309,.T.);
#13307=ORIENTED_EDGE('',*,*,#13310,.T.);
#13308=ORIENTED_EDGE('',*,*,#13311,.T.);
#13309=EDGE_CURVE('',#635,#179,#13312,.F.);
#13310=EDGE_CURVE('',#179,#175,#13313,.T.);
#13311=EDGE_CURVE('',#175,#635,#13314,.T.);
#13312=LINE('',#634,#13315);
#13313=LINE('',#178,#13316);
#13314=LINE('',#174,#13317);
#13315=VECTOR('',#13318,1.0);
#13316=VECTOR('',#13319,1.0);
#13317=VECTOR('',#13320,1.0);
#13318=DIRECTION('',(0.38676129640440937,-0.922179862935415,0));
#13319=DIRECTION('',(0.3302804108831588,0.9438828582969667,0));
#13320=DIRECTION('',(-0.44162429444129586,0.897200079446735,0));
#13321=FACE_SURFACE('',(#13326),#13322,.T.);
#13322=PLANE('',#13323);
#13323=AXIS2_PLACEMENT_3D('',#174,#13324,#13325);
#13324=DIRECTION('',(0,-0,1));
#13325=DIRECTION('',(0.5320291015031454,0.8467260685450495,0));
#13326=FACE_BOUND('',#13327,.T.);
#13327=EDGE_LOOP('',(#13328,#13329,#13330));
#13328=ORIENTED_EDGE('',*,*,#13331,.T.);
#13329=ORIENTED_EDGE('',*,*,#13332,.T.);
#13330=ORIENTED_EDGE('',*,*,#13333,.T.);
#13331=EDGE_CURVE('',#175,#171,#13334,.F.);
#13332=EDGE_CURVE('',#171,#635,#13335,.T.);
#13333=EDGE_CURVE('',#635,#175,#13336,.T.);
#13334=LINE('',#174,#13337);
#13335=LINE('',#170,#13338);
#13336=LINE('',#634,#13339);
#13337=VECTOR('',#13340,1.0);
#13338=VECTOR('',#13341,1.0);
#13339=VECTOR('',#13342,1.0);
#13340=DIRECTION('',(0.5320291015031454,0.8467260685450495,0));
#13341=DIRECTION('',(-0.512101896184596,0.8589247044556009,0));
#13342=DIRECTION('',(0.44162429444129586,-0.897200079446735,0));
#13343=FACE_SURFACE('',(#13348),#13344,.T.);
#13344=PLANE('',#13345);
#13345=AXIS2_PLACEMENT_3D('',#634,#13346,#13347);
#13346=DIRECTION('',(0,0,1));
#13347=DIRECTION('',(0.512101896184596,-0.8589247044556009,0));
#13348=FACE_BOUND('',#13349,.T.);
#13349=EDGE_LOOP('',(#13350,#13351,#13352));
#13350=ORIENTED_EDGE('',*,*,#13353,.T.);
#13351=ORIENTED_EDGE('',*,*,#13354,.T.);
#13352=ORIENTED_EDGE('',*,*,#13355,.T.);
#13353=EDGE_CURVE('',#635,#171,#13356,.F.);
#13354=EDGE_CURVE('',#171,#167,#13357,.T.);
#13355=EDGE_CURVE('',#167,#635,#13358,.T.);
#13356=LINE('',#634,#13359);
#13357=LINE('',#170,#13360);
#13358=LINE('',#166,#13361);
#13359=VECTOR('',#13362,1.0);
#13360=VECTOR('',#13363,1.0);
#13361=VECTOR('',#13364,1.0);
#13362=DIRECTION('',(0.512101896184596,-0.8589247044556009,0));
#13363=DIRECTION('',(0.7071090525521684,0.7071045098136307,0));
#13364=DIRECTION('',(-0.5897738417494021,0.8075684587625691,0));
#13365=FACE_SURFACE('',(#13370),#13366,.T.);
#13366=PLANE('',#13367);
#13367=AXIS2_PLACEMENT_3D('',#634,#13368,#13369);
#13368=DIRECTION('',(0,0,1));
#13369=DIRECTION('',(0.5897738417494021,-0.8075684587625691,0));
#13370=FACE_BOUND('',#13371,.T.);
#13371=EDGE_LOOP('',(#13372,#13373,#13374));
#13372=ORIENTED_EDGE('',*,*,#13375,.T.);
#13373=ORIENTED_EDGE('',*,*,#13376,.T.);
#13374=ORIENTED_EDGE('',*,*,#13377,.T.);
#13375=EDGE_CURVE('',#635,#167,#13378,.F.);
#13376=EDGE_CURVE('',#167,#163,#13379,.T.);
#13377=EDGE_CURVE('',#163,#635,#13380,.T.);
#13378=LINE('',#634,#13381);
#13379=LINE('',#166,#13382);
#13380=LINE('',#162,#13383);
#13381=VECTOR('',#13384,1.0);
#13382=VECTOR('',#13385,1.0);
#13383=VECTOR('',#13386,1.0);
#13384=DIRECTION('',(0.5897738417494021,-0.8075684587625691,0));
#13385=DIRECTION('',(0.8467233791783675,0.5320333816150699,0));
#13386=DIRECTION('',(-0.6635604340732429,0.7481226840114725,0));
#13387=FACE_SURFACE('',(#13392),#13388,.T.);
#13388=PLANE('',#13389);
#13389=AXIS2_PLACEMENT_3D('',#634,#13390,#13391);
#13390=DIRECTION('',(-0,0,1));
#13391=DIRECTION('',(0.6635604340732429,-0.7481226840114725,0));
#13392=FACE_BOUND('',#13393,.T.);
#13393=EDGE_LOOP('',(#13394,#13395,#13396));
#13394=ORIENTED_EDGE('',*,*,#13397,.T.);
#13395=ORIENTED_EDGE('',*,*,#13398,.T.);
#13396=ORIENTED_EDGE('',*,*,#13399,.T.);
#13397=EDGE_CURVE('',#635,#163,#13400,.F.);
#13398=EDGE_CURVE('',#163,#117,#13401,.T.);
#13399=EDGE_CURVE('',#117,#635,#13402,.T.);
#13400=LINE('',#634,#13403);
#13401=LINE('',#162,#13404);
#13402=LINE('',#116,#13405);
#13403=VECTOR('',#13406,1.0);
#13404=VECTOR('',#13407,1.0);
#13405=VECTOR('',#13408,1.0);
#13406=DIRECTION('',(0.6635604340732429,-0.7481226840114725,0));
#13407=DIRECTION('',(0.42052291137003317,0.9072819192582156,0));
#13408=DIRECTION('',(-1,0,0));
#13409=FACE_SURFACE('',(#13414),#13410,.T.);
#13410=PLANE('',#13411);
#13411=AXIS2_PLACEMENT_3D('',#116,#13412,#13413);
#13412=DIRECTION('',(0,0,1));
#13413=DIRECTION('',(-0.42052291137003317,-0.9072819192582156,0));
#13414=FACE_BOUND('',#13415,.T.);
#13415=EDGE_LOOP('',(#13416,#13417,#13418));
#13416=ORIENTED_EDGE('',*,*,#13419,.T.);
#13417=ORIENTED_EDGE('',*,*,#13420,.T.);
#13418=ORIENTED_EDGE('',*,*,#13421,.T.);
#13419=EDGE_CURVE('',#117,#163,#13422,.F.);
#13420=EDGE_CURVE('',#163,#159,#13423,.T.);
#13421=EDGE_CURVE('',#159,#117,#13424,.T.);
#13422=LINE('',#116,#13425);
#13423=LINE('',#162,#13426);
#13424=LINE('',#158,#13427);
#13425=VECTOR('',#13428,1.0);
#13426=VECTOR('',#13429,1.0);
#13427=VECTOR('',#13430,1.0);
#13428=DIRECTION('',(-0.42052291137003317,-0.9072819192582156,0));
#13429=DIRECTION('',(0.9438835663869525,0.33027838728055997,0));
#13430=DIRECTION('',(0.33773803994171797,0.9412401480899157,0));
#13431=FACE_SURFACE('',(#13436),#13432,.T.);
#13432=PLANE('',#13433);
#13433=AXIS2_PLACEMENT_3D('',#116,#13434,#13435);
#13434=DIRECTION('',(0,0,1));
#13435=DIRECTION('',(-0.33773803994171797,-0.9412401480899157,0));
#13436=FACE_BOUND('',#13437,.T.);
#13437=EDGE_LOOP('',(#13438,#13439,#13440));
#13438=ORIENTED_EDGE('',*,*,#13441,.T.);
#13439=ORIENTED_EDGE('',*,*,#13442,.T.);
#13440=ORIENTED_EDGE('',*,*,#13443,.T.);
#13441=EDGE_CURVE('',#117,#159,#13444,.F.);
#13442=EDGE_CURVE('',#159,#155,#13445,.T.);
#13443=EDGE_CURVE('',#155,#117,#13446,.T.);
#13444=LINE('',#116,#13447);
#13445=LINE('',#158,#13448);
#13446=LINE('',#154,#13449);
#13447=VECTOR('',#13450,1.0);
#13448=VECTOR('',#13451,1.0);
#13449=VECTOR('',#13452,1.0);
#13450=DIRECTION('',(-0.33773803994171797,-0.9412401480899157,0));
#13451=DIRECTION('',(0.9937121429664665,0.111965070093279,0));
#13452=DIRECTION('',(0.22480258438189987,0.9744043298627212,0));
#13453=FACE_SURFACE('',(#13458),#13454,.T.);
#13454=PLANE('',#13455);
#13455=AXIS2_PLACEMENT_3D('',#154,#13456,#13457);
#13456=DIRECTION('',(-0,0,1));
#13457=DIRECTION('',(0.9937121429664665,-0.111965070093279,0));
#13458=FACE_BOUND('',#13459,.T.);
#13459=EDGE_LOOP('',(#13460,#13461,#13462));
#13460=ORIENTED_EDGE('',*,*,#13463,.T.);
#13461=ORIENTED_EDGE('',*,*,#13464,.T.);
#13462=ORIENTED_EDGE('',*,*,#13465,.T.);
#13463=EDGE_CURVE('',#155,#151,#13466,.F.);
#13464=EDGE_CURVE('',#151,#117,#13467,.T.);
#13465=EDGE_CURVE('',#117,#155,#13468,.T.);
#13466=LINE('',#154,#13469);
#13467=LINE('',#150,#13470);
#13468=LINE('',#116,#13471);
#13469=VECTOR('',#13472,1.0);
#13470=VECTOR('',#13473,1.0);
#13471=VECTOR('',#13474,1.0);
#13472=DIRECTION('',(0.9937121429664665,-0.111965070093279,0));
#13473=DIRECTION('',(0.09531867078435577,0.9954468097291305,0));
#13474=DIRECTION('',(-0.22480258438189987,-0.9744043298627212,0));
#13475=FACE_SURFACE('',(#13480),#13476,.T.);
#13476=PLANE('',#13477);
#13477=AXIS2_PLACEMENT_3D('',#146,#13478,#13479);
#13478=DIRECTION('',(-0,0,1));
#13479=DIRECTION('',(0.846724022110985,-0.5320323583957993,0));
#13480=FACE_BOUND('',#13481,.T.);
#13481=EDGE_LOOP('',(#13482,#13483,#13484));
#13482=ORIENTED_EDGE('',*,*,#13485,.T.);
#13483=ORIENTED_EDGE('',*,*,#13486,.T.);
#13484=ORIENTED_EDGE('',*,*,#13487,.T.);
#13485=EDGE_CURVE('',#147,#143,#13488,.F.);
#13486=EDGE_CURVE('',#143,#89,#13489,.T.);
#13487=EDGE_CURVE('',#89,#147,#13490,.T.);
#13488=LINE('',#146,#13491);
#13489=LINE('',#142,#13492);
#13490=LINE('',#88,#13493);
#13491=VECTOR('',#13494,1.0);
#13492=VECTOR('',#13495,1.0);
#13493=VECTOR('',#13496,1.0);
#13494=DIRECTION('',(0.846724022110985,-0.5320323583957993,0));
#13495=DIRECTION('',(0.014689149929718112,0.9998921086168958,0));
#13496=DIRECTION('',(-0.12214368023205219,-0.9925124288286622,0));
#13497=FACE_SURFACE('',(#13502),#13498,.T.);
#13498=PLANE('',#13499);
#13499=AXIS2_PLACEMENT_3D('',#88,#13500,#13501);
#13500=DIRECTION('',(0,0,1));
#13501=DIRECTION('',(-0.014689149929718112,-0.9998921086168958,0));
#13502=FACE_BOUND('',#13503,.T.);
#13503=EDGE_LOOP('',(#13504,#13505,#13506));
#13504=ORIENTED_EDGE('',*,*,#13507,.T.);
#13505=ORIENTED_EDGE('',*,*,#13508,.T.);
#13506=ORIENTED_EDGE('',*,*,#13509,.T.);
#13507=EDGE_CURVE('',#89,#143,#13510,.F.);
#13508=EDGE_CURVE('',#143,#139,#13511,.T.);
#13509=EDGE_CURVE('',#139,#89,#13512,.T.);
#13510=LINE('',#88,#13513);
#13511=LINE('',#142,#13514);
#13512=LINE('',#138,#13515);
#13513=VECTOR('',#13516,1.0);
#13514=VECTOR('',#13517,1.0);
#13515=VECTOR('',#13518,1.0);
#13516=DIRECTION('',(-0.014689149929718112,-0.9998921086168958,0));
#13517=DIRECTION('',(0.7071067811865475,-0.7071067811865475,0));
#13518=DIRECTION('',(-0.06381511096954494,0.9979617385511054,0));
#13519=FACE_SURFACE('',(#13524),#13520,.T.);
#13520=PLANE('',#13521);
#13521=AXIS2_PLACEMENT_3D('',#88,#13522,#13523);
#13522=DIRECTION('',(0,0,1));
#13523=DIRECTION('',(0.06381511096954494,-0.9979617385511054,0));
#13524=FACE_BOUND('',#13525,.T.);
#13525=EDGE_LOOP('',(#13526,#13527,#13528));
#13526=ORIENTED_EDGE('',*,*,#13529,.T.);
#13527=ORIENTED_EDGE('',*,*,#13530,.T.);
#13528=ORIENTED_EDGE('',*,*,#13531,.T.);
#13529=EDGE_CURVE('',#89,#139,#13532,.F.);
#13530=EDGE_CURVE('',#139,#135,#13533,.T.);
#13531=EDGE_CURVE('',#135,#89,#13534,.T.);
#13532=LINE('',#88,#13535);
#13533=LINE('',#138,#13536);
#13534=LINE('',#134,#13537);
#13535=VECTOR('',#13538,1.0);
#13536=VECTOR('',#13539,1.0);
#13537=VECTOR('',#13540,1.0);
#13538=DIRECTION('',(0.06381511096954494,-0.9979617385511054,0));
#13539=DIRECTION('',(0.5320323583957993,-0.846724022110985,0));
#13540=DIRECTION('',(-0.11117999632048244,0.993800285982137,0));
#13541=FACE_SURFACE('',(#13546),#13542,.T.);
#13542=PLANE('',#13543);
#13543=AXIS2_PLACEMENT_3D('',#134,#13544,#13545);
#13544=DIRECTION('',(-0,-0,1));
#13545=DIRECTION('',(0.33027838728055997,-0.9438835663869525,0));
#13546=FACE_BOUND('',#13547,.T.);
#13547=EDGE_LOOP('',(#13548,#13549,#13550));
#13548=ORIENTED_EDGE('',*,*,#13551,.T.);
#13549=ORIENTED_EDGE('',*,*,#13552,.T.);
#13550=ORIENTED_EDGE('',*,*,#13553,.T.);
#13551=EDGE_CURVE('',#135,#131,#13554,.F.);
#13552=EDGE_CURVE('',#131,#89,#13555,.T.);
#13553=EDGE_CURVE('',#89,#135,#13556,.T.);
#13554=LINE('',#134,#13557);
#13555=LINE('',#130,#13558);
#13556=LINE('',#88,#13559);
#13557=VECTOR('',#13560,1.0);
#13558=VECTOR('',#13561,1.0);
#13559=VECTOR('',#13562,1.0);
#13560=DIRECTION('',(0.33027838728055997,-0.9438835663869525,0));
#13561=DIRECTION('',(-0.13131171942850384,0.991341128139416,0));
#13562=DIRECTION('',(0.11117999632048244,-0.993800285982137,0));
#13563=FACE_SURFACE('',(#13568),#13564,.T.);
#13564=PLANE('',#13565);
#13565=AXIS2_PLACEMENT_3D('',#636,#13566,#13567);
#13566=DIRECTION('',(0,-0,1));
#13567=DIRECTION('',(0,1,0));
#13568=FACE_BOUND('',#13569,.T.);
#13569=EDGE_LOOP('',(#13570,#13571,#13572));
#13570=ORIENTED_EDGE('',*,*,#13573,.T.);
#13571=ORIENTED_EDGE('',*,*,#13574,.T.);
#13572=ORIENTED_EDGE('',*,*,#13575,.T.);
#13573=EDGE_CURVE('',#637,#633,#13576,.F.);
#13574=EDGE_CURVE('',#633,#113,#13577,.T.);
#13575=EDGE_CURVE('',#113,#637,#13578,.T.);
#13576=LINE('',#636,#13579);
#13577=LINE('',#632,#13580);
#13578=LINE('',#112,#13581);
#13579=VECTOR('',#13582,1.0);
#13580=VECTOR('',#13583,1.0);
#13581=VECTOR('',#13584,1.0);
#13582=DIRECTION('',(0,1,0));
#13583=DIRECTION('',(-1,0,0));
#13584=DIRECTION('',(0.459677240552912,-0.8880860513022713,0));
#13585=FACE_SURFACE('',(#13590),#13586,.T.);
#13586=PLANE('',#13587);
#13587=AXIS2_PLACEMENT_3D('',#232,#13588,#13589);
#13588=DIRECTION('',(0,0,-1));
#13589=DIRECTION('',(0.13052582848644545,0.9914449092601803,0));
#13590=FACE_BOUND('',#13591,.T.);
#13591=EDGE_LOOP('',(#13592,#13593,#13594));
#13592=ORIENTED_EDGE('',*,*,#13595,.T.);
#13593=ORIENTED_EDGE('',*,*,#13596,.T.);
#13594=ORIENTED_EDGE('',*,*,#13597,.T.);
#13595=EDGE_CURVE('',#233,#237,#13598,.F.);
#13596=EDGE_CURVE('',#237,#641,#13599,.T.);
#13597=EDGE_CURVE('',#641,#233,#13600,.T.);
#13598=LINE('',#232,#13601);
#13599=LINE('',#236,#13602);
#13600=LINE('',#640,#13603);
#13601=VECTOR('',#13604,1.0);
#13602=VECTOR('',#13605,1.0);
#13603=VECTOR('',#13606,1.0);
#13604=DIRECTION('',(0.13052582848644545,0.9914449092601803,0));
#13605=DIRECTION('',(0.6139406135149204,-0.7893522173763262,0));
#13606=DIRECTION('',(-0.6401584361913225,0.7682429150816038,0));
#13607=FACE_SURFACE('',(#13612),#13608,.T.);
#13608=PLANE('',#13609);
#13609=AXIS2_PLACEMENT_3D('',#640,#13610,#13611);
#13610=DIRECTION('',(0,0,-1));
#13611=DIRECTION('',(-0.6139406135149204,0.7893522173763262,0));
#13612=FACE_BOUND('',#13613,.T.);
#13613=EDGE_LOOP('',(#13614,#13615,#13616));
#13614=ORIENTED_EDGE('',*,*,#13617,.T.);
#13615=ORIENTED_EDGE('',*,*,#13618,.T.);
#13616=ORIENTED_EDGE('',*,*,#13619,.T.);
#13617=EDGE_CURVE('',#641,#237,#13620,.F.);
#13618=EDGE_CURVE('',#237,#241,#13621,.T.);
#13619=EDGE_CURVE('',#241,#641,#13622,.T.);
#13620=LINE('',#640,#13623);
#13621=LINE('',#236,#13624);
#13622=LINE('',#240,#13625);
#13623=VECTOR('',#13626,1.0);
#13624=VECTOR('',#13627,1.0);
#13625=VECTOR('',#13628,1.0);
#13626=DIRECTION('',(-0.6139406135149204,0.7893522173763262,0));
#13627=DIRECTION('',(-0.1305264588301315,0.991444826273891,0));
#13628=DIRECTION('',(0.5962100624582254,-0.8028284757179199,0));
#13629=FACE_SURFACE('',(#13634),#13630,.T.);
#13630=PLANE('',#13631);
#13631=AXIS2_PLACEMENT_3D('',#640,#13632,#13633);
#13632=DIRECTION('',(0,0,-1));
#13633=DIRECTION('',(-0.5962100624582254,0.8028284757179199,0));
#13634=FACE_BOUND('',#13635,.T.);
#13635=EDGE_LOOP('',(#13636,#13637,#13638));
#13636=ORIENTED_EDGE('',*,*,#13639,.T.);
#13637=ORIENTED_EDGE('',*,*,#13640,.T.);
#13638=ORIENTED_EDGE('',*,*,#13641,.T.);
#13639=EDGE_CURVE('',#641,#241,#13642,.F.);
#13640=EDGE_CURVE('',#241,#245,#13643,.T.);
#13641=EDGE_CURVE('',#245,#641,#13644,.T.);
#13642=LINE('',#640,#13645);
#13643=LINE('',#240,#13646);
#13644=LINE('',#244,#13647);
#13645=VECTOR('',#13648,1.0);
#13646=VECTOR('',#13649,1.0);
#13647=VECTOR('',#13650,1.0);
#13648=DIRECTION('',(-0.5962100624582254,0.8028284757179199,0));
#13649=DIRECTION('',(-0.3826828959706995,0.9238797546929356,0));
#13650=DIRECTION('',(0.5879188837019728,-0.8089198886086473,0));
#13651=FACE_SURFACE('',(#13656),#13652,.T.);
#13652=PLANE('',#13653);
#13653=AXIS2_PLACEMENT_3D('',#640,#13654,#13655);
#13654=DIRECTION('',(0,0,-1));
#13655=DIRECTION('',(-0.5879188837019728,0.8089198886086473,0));
#13656=FACE_BOUND('',#13657,.T.);
#13657=EDGE_LOOP('',(#13658,#13659,#13660));
#13658=ORIENTED_EDGE('',*,*,#13661,.T.);
#13659=ORIENTED_EDGE('',*,*,#13662,.T.);
#13660=ORIENTED_EDGE('',*,*,#13663,.T.);
#13661=EDGE_CURVE('',#641,#245,#13664,.F.);
#13662=EDGE_CURVE('',#245,#643,#13665,.T.);
#13663=EDGE_CURVE('',#643,#641,#13666,.T.);
#13664=LINE('',#640,#13667);
#13665=LINE('',#244,#13668);
#13666=LINE('',#642,#13669);
#13667=VECTOR('',#13670,1.0);
#13668=VECTOR('',#13671,1.0);
#13669=VECTOR('',#13672,1.0);
#13670=DIRECTION('',(-0.5879188837019728,0.8089198886086473,0));
#13671=DIRECTION('',(0.08231008616504552,0.9966067678455243,0));
#13672=DIRECTION('',(0,-1,0));
#13673=FACE_SURFACE('',(#13678),#13674,.T.);
#13674=PLANE('',#13675);
#13675=AXIS2_PLACEMENT_3D('',#642,#13676,#13677);
#13676=DIRECTION('',(0,0,-1));
#13677=DIRECTION('',(-0.08231008616504552,-0.9966067678455243,0));
#13678=FACE_BOUND('',#13679,.T.);
#13679=EDGE_LOOP('',(#13680,#13681,#13682));
#13680=ORIENTED_EDGE('',*,*,#13683,.T.);
#13681=ORIENTED_EDGE('',*,*,#13684,.T.);
#13682=ORIENTED_EDGE('',*,*,#13685,.T.);
#13683=EDGE_CURVE('',#643,#245,#13686,.F.);
#13684=EDGE_CURVE('',#245,#249,#13687,.T.);
#13685=EDGE_CURVE('',#249,#643,#13688,.T.);
#13686=LINE('',#642,#13689);
#13687=LINE('',#244,#13690);
#13688=LINE('',#248,#13691);
#13689=VECTOR('',#13692,1.0);
#13690=VECTOR('',#13693,1.0);
#13691=VECTOR('',#13694,1.0);
#13692=DIRECTION('',(-0.08231008616504552,-0.9966067678455243,0));
#13693=DIRECTION('',(-0.6087602542884663,0.7933542416844079,0));
#13694=DIRECTION('',(0.0862867453793027,0.9962703436175581,0));
#13695=FACE_SURFACE('',(#13700),#13696,.T.);
#13696=PLANE('',#13697);
#13697=AXIS2_PLACEMENT_3D('',#642,#13698,#13699);
#13698=DIRECTION('',(0,0,-1));
#13699=DIRECTION('',(-0.0862867453793027,-0.9962703436175581,0));
#13700=FACE_BOUND('',#13701,.T.);
#13701=EDGE_LOOP('',(#13702,#13703,#13704));
#13702=ORIENTED_EDGE('',*,*,#13705,.T.);
#13703=ORIENTED_EDGE('',*,*,#13706,.T.);
#13704=ORIENTED_EDGE('',*,*,#13707,.T.);
#13705=EDGE_CURVE('',#643,#249,#13708,.F.);
#13706=EDGE_CURVE('',#249,#253,#13709,.T.);
#13707=EDGE_CURVE('',#253,#643,#13710,.T.);
#13708=LINE('',#642,#13711);
#13709=LINE('',#248,#13712);
#13710=LINE('',#252,#13713);
#13711=VECTOR('',#13714,1.0);
#13712=VECTOR('',#13715,1.0);
#13713=VECTOR('',#13716,1.0);
#13714=DIRECTION('',(-0.0862867453793027,-0.9962703436175581,0));
#13715=DIRECTION('',(-0.7933536943234101,0.6087609676247296,0));
#13716=DIRECTION('',(0.09128890566006384,0.9958244502438107,0));
#13717=FACE_SURFACE('',(#13722),#13718,.T.);
#13718=PLANE('',#13719);
#13719=AXIS2_PLACEMENT_3D('',#252,#13720,#13721);
#13720=DIRECTION('',(0,0,-1));
#13721=DIRECTION('',(-0.9238790413621422,0.3826846181018637,0));
#13722=FACE_BOUND('',#13723,.T.);
#13723=EDGE_LOOP('',(#13724,#13725,#13726));
#13724=ORIENTED_EDGE('',*,*,#13727,.T.);
#13725=ORIENTED_EDGE('',*,*,#13728,.T.);
#13726=ORIENTED_EDGE('',*,*,#13729,.T.);
#13727=EDGE_CURVE('',#253,#257,#13730,.F.);
#13728=EDGE_CURVE('',#257,#643,#13731,.T.);
#13729=EDGE_CURVE('',#643,#253,#13732,.T.);
#13730=LINE('',#252,#13733);
#13731=LINE('',#256,#13734);
#13732=LINE('',#642,#13735);
#13733=VECTOR('',#13736,1.0);
#13734=VECTOR('',#13737,1.0);
#13735=VECTOR('',#13738,1.0);
#13736=DIRECTION('',(-0.9238790413621422,0.3826846181018637,0));
#13737=DIRECTION('',(0.09696303390773031,0.9952879834778517,0));
#13738=DIRECTION('',(-0.09128890566006384,-0.9958244502438107,0));
#13739=FACE_SURFACE('',(#13744),#13740,.T.);
#13740=PLANE('',#13741);
#13741=AXIS2_PLACEMENT_3D('',#642,#13742,#13743);
#13742=DIRECTION('',(0,0,-1));
#13743=DIRECTION('',(-0.09696303390773031,-0.9952879834778517,0));
#13744=FACE_BOUND('',#13745,.T.);
#13745=EDGE_LOOP('',(#13746,#13747,#13748));
#13746=ORIENTED_EDGE('',*,*,#13749,.T.);
#13747=ORIENTED_EDGE('',*,*,#13750,.T.);
#13748=ORIENTED_EDGE('',*,*,#13751,.T.);
#13749=EDGE_CURVE('',#643,#257,#13752,.F.);
#13750=EDGE_CURVE('',#257,#261,#13753,.T.);
#13751=EDGE_CURVE('',#261,#643,#13754,.T.);
#13752=LINE('',#642,#13755);
#13753=LINE('',#256,#13756);
#13754=LINE('',#260,#13757);
#13755=VECTOR('',#13758,1.0);
#13756=VECTOR('',#13759,1.0);
#13757=VECTOR('',#13760,1.0);
#13758=DIRECTION('',(-0.09696303390773031,-0.9952879834778517,0));
#13759=DIRECTION('',(-0.9914449092601803,0.13052582848644545,0));
#13760=DIRECTION('',(0.10289915108550529,0.9946917938265512,0));
#13761=FACE_SURFACE('',(#13766),#13762,.T.);
#13762=PLANE('',#13763);
#13763=AXIS2_PLACEMENT_3D('',#642,#13764,#13765);
#13764=DIRECTION('',(0,0,-1));
#13765=DIRECTION('',(-0.10289915108550529,-0.9946917938265512,0));
#13766=FACE_BOUND('',#13767,.T.);
#13767=EDGE_LOOP('',(#13768,#13769,#13770));
#13768=ORIENTED_EDGE('',*,*,#13771,.T.);
#13769=ORIENTED_EDGE('',*,*,#13772,.T.);
#13770=ORIENTED_EDGE('',*,*,#13773,.T.);
#13771=EDGE_CURVE('',#643,#261,#13774,.F.);
#13772=EDGE_CURVE('',#261,#265,#13775,.T.);
#13773=EDGE_CURVE('',#265,#643,#13776,.T.);
#13774=LINE('',#642,#13777);
#13775=LINE('',#260,#13778);
#13776=LINE('',#264,#13779);
#13777=VECTOR('',#13780,1.0);
#13778=VECTOR('',#13781,1.0);
#13779=VECTOR('',#13782,1.0);
#13780=DIRECTION('',(-0.10289915108550529,-0.9946917938265512,0));
#13781=DIRECTION('',(-0.991444826273891,-0.1305264588301315,0));
#13782=DIRECTION('',(0.1086651917695024,0.9940784054075903,0));
#13783=FACE_SURFACE('',(#13788),#13784,.T.);
#13784=PLANE('',#13785);
#13785=AXIS2_PLACEMENT_3D('',#264,#13786,#13787);
#13786=DIRECTION('',(-0,0,-1));
#13787=DIRECTION('',(-0.9238797546929356,-0.3826828959706995,0));
#13788=FACE_BOUND('',#13789,.T.);
#13789=EDGE_LOOP('',(#13790,#13791,#13792));
#13790=ORIENTED_EDGE('',*,*,#13793,.T.);
#13791=ORIENTED_EDGE('',*,*,#13794,.T.);
#13792=ORIENTED_EDGE('',*,*,#13795,.T.);
#13793=EDGE_CURVE('',#265,#269,#13796,.F.);
#13794=EDGE_CURVE('',#269,#643,#13797,.T.);
#13795=EDGE_CURVE('',#643,#265,#13798,.T.);
#13796=LINE('',#264,#13799);
#13797=LINE('',#268,#13800);
#13798=LINE('',#642,#13801);
#13799=VECTOR('',#13802,1.0);
#13800=VECTOR('',#13803,1.0);
#13801=VECTOR('',#13804,1.0);
#13802=DIRECTION('',(-0.9238797546929356,-0.3826828959706995,0));
#13803=DIRECTION('',(0.11384461015059229,0.9934985680612024,0));
#13804=DIRECTION('',(-0.1086651917695024,-0.9940784054075903,0));
#13805=FACE_SURFACE('',(#13810),#13806,.T.);
#13806=PLANE('',#13807);
#13807=AXIS2_PLACEMENT_3D('',#642,#13808,#13809);
#13808=DIRECTION('',(0,0,-1));
#13809=DIRECTION('',(-0.11384461015059229,-0.9934985680612024,0));
#13810=FACE_BOUND('',#13811,.T.);
#13811=EDGE_LOOP('',(#13812,#13813,#13814));
#13812=ORIENTED_EDGE('',*,*,#13815,.T.);
#13813=ORIENTED_EDGE('',*,*,#13816,.T.);
#13814=ORIENTED_EDGE('',*,*,#13817,.T.);
#13815=EDGE_CURVE('',#643,#269,#13818,.F.);
#13816=EDGE_CURVE('',#269,#273,#13819,.T.);
#13817=EDGE_CURVE('',#273,#643,#13820,.T.);
#13818=LINE('',#642,#13821);
#13819=LINE('',#268,#13822);
#13820=LINE('',#272,#13823);
#13821=VECTOR('',#13824,1.0);
#13822=VECTOR('',#13825,1.0);
#13823=VECTOR('',#13826,1.0);
#13824=DIRECTION('',(-0.11384461015059229,-0.9934985680612024,0));
#13825=DIRECTION('',(-0.793351889204283,-0.6087633200973881,0));
#13826=DIRECTION('',(0.11807128412755073,0.99300512177152,0));
#13827=FACE_SURFACE('',(#13832),#13828,.T.);
#13828=PLANE('',#13829);
#13829=AXIS2_PLACEMENT_3D('',#642,#13830,#13831);
#13830=DIRECTION('',(-0,0,-1));
#13831=DIRECTION('',(-0.11807128412755073,-0.99300512177152,0));
#13832=FACE_BOUND('',#13833,.T.);
#13833=EDGE_LOOP('',(#13834,#13835,#13836));
#13834=ORIENTED_EDGE('',*,*,#13837,.T.);
#13835=ORIENTED_EDGE('',*,*,#13838,.T.);
#13836=ORIENTED_EDGE('',*,*,#13839,.T.);
#13837=EDGE_CURVE('',#643,#273,#13840,.F.);
#13838=EDGE_CURVE('',#273,#645,#13841,.T.);
#13839=EDGE_CURVE('',#645,#643,#13842,.T.);
#13840=LINE('',#642,#13843);
#13841=LINE('',#272,#13844);
#13842=LINE('',#644,#13845);
#13843=VECTOR('',#13846,1.0);
#13844=VECTOR('',#13847,1.0);
#13845=VECTOR('',#13848,1.0);
#13846=DIRECTION('',(-0.11807128412755073,-0.99300512177152,0));
#13847=DIRECTION('',(-0.7071067811865476,0.7071067811865476,0));
#13848=DIRECTION('',(1,0,0));
#13849=FACE_SURFACE('',(#13854),#13850,.T.);
#13850=PLANE('',#13851);
#13851=AXIS2_PLACEMENT_3D('',#644,#13852,#13853);
#13852=DIRECTION('',(0,0,-1));
#13853=DIRECTION('',(0.7071067811865476,-0.7071067811865476,0));
#13854=FACE_BOUND('',#13855,.T.);
#13855=EDGE_LOOP('',(#13856,#13857,#13858));
#13856=ORIENTED_EDGE('',*,*,#13859,.T.);
#13857=ORIENTED_EDGE('',*,*,#13860,.T.);
#13858=ORIENTED_EDGE('',*,*,#13861,.T.);
#13859=EDGE_CURVE('',#645,#273,#13862,.F.);
#13860=EDGE_CURVE('',#273,#647,#13863,.T.);
#13861=EDGE_CURVE('',#647,#645,#13864,.T.);
#13862=LINE('',#644,#13865);
#13863=LINE('',#272,#13866);
#13864=LINE('',#646,#13867);
#13865=VECTOR('',#13868,1.0);
#13866=VECTOR('',#13869,1.0);
#13867=VECTOR('',#13870,1.0);
#13868=DIRECTION('',(0.7071067811865476,-0.7071067811865476,0));
#13869=DIRECTION('',(-0.99300512177152,-0.11807128412755073,0));
#13870=DIRECTION('',(0,1,0));
#13871=FACE_SURFACE('',(#13876),#13872,.T.);
#13872=PLANE('',#13873);
#13873=AXIS2_PLACEMENT_3D('',#646,#13874,#13875);
#13874=DIRECTION('',(0,0,-1));
#13875=DIRECTION('',(0.99300512177152,0.11807128412755073,0));
#13876=FACE_BOUND('',#13877,.T.);
#13877=EDGE_LOOP('',(#13878,#13879,#13880));
#13878=ORIENTED_EDGE('',*,*,#13881,.T.);
#13879=ORIENTED_EDGE('',*,*,#13882,.T.);
#13880=ORIENTED_EDGE('',*,*,#13883,.T.);
#13881=EDGE_CURVE('',#647,#273,#13884,.F.);
#13882=EDGE_CURVE('',#273,#277,#13885,.T.);
#13883=EDGE_CURVE('',#277,#647,#13886,.T.);
#13884=LINE('',#646,#13887);
#13885=LINE('',#272,#13888);
#13886=LINE('',#276,#13889);
#13887=VECTOR('',#13890,1.0);
#13888=VECTOR('',#13891,1.0);
#13889=VECTOR('',#13892,1.0);
#13890=DIRECTION('',(0.99300512177152,0.11807128412755073,0));
#13891=DIRECTION('',(-0.6087633200973881,-0.793351889204283,0));
#13892=DIRECTION('',(-0.9934985680612024,-0.11384461015059229,0));
#13893=FACE_SURFACE('',(#13898),#13894,.T.);
#13894=PLANE('',#13895);
#13895=AXIS2_PLACEMENT_3D('',#646,#13896,#13897);
#13896=DIRECTION('',(0,0,-1));
#13897=DIRECTION('',(0.9934985680612024,0.11384461015059229,0));
#13898=FACE_BOUND('',#13899,.T.);
#13899=EDGE_LOOP('',(#13900,#13901,#13902));
#13900=ORIENTED_EDGE('',*,*,#13903,.T.);
#13901=ORIENTED_EDGE('',*,*,#13904,.T.);
#13902=ORIENTED_EDGE('',*,*,#13905,.T.);
#13903=EDGE_CURVE('',#647,#277,#13906,.F.);
#13904=EDGE_CURVE('',#277,#281,#13907,.T.);
#13905=EDGE_CURVE('',#281,#647,#13908,.T.);
#13906=LINE('',#646,#13909);
#13907=LINE('',#276,#13910);
#13908=LINE('',#280,#13911);
#13909=VECTOR('',#13912,1.0);
#13910=VECTOR('',#13913,1.0);
#13911=VECTOR('',#13914,1.0);
#13912=DIRECTION('',(0.9934985680612024,0.11384461015059229,0));
#13913=DIRECTION('',(-0.3826828959706995,-0.9238797546929356,0));
#13914=DIRECTION('',(-0.9940784054075903,-0.1086651917695024,0));
#13915=FACE_SURFACE('',(#13920),#13916,.T.);
#13916=PLANE('',#13917);
#13917=AXIS2_PLACEMENT_3D('',#280,#13918,#13919);
#13918=DIRECTION('',(0,0,-1));
#13919=DIRECTION('',(-0.1305264588301315,-0.991444826273891,0));
#13920=FACE_BOUND('',#13921,.T.);
#13921=EDGE_LOOP('',(#13922,#13923,#13924));
#13922=ORIENTED_EDGE('',*,*,#13925,.T.);
#13923=ORIENTED_EDGE('',*,*,#13926,.T.);
#13924=ORIENTED_EDGE('',*,*,#13927,.T.);
#13925=EDGE_CURVE('',#281,#285,#13928,.F.);
#13926=EDGE_CURVE('',#285,#647,#13929,.T.);
#13927=EDGE_CURVE('',#647,#281,#13930,.T.);
#13928=LINE('',#280,#13931);
#13929=LINE('',#284,#13932);
#13930=LINE('',#646,#13933);
#13931=VECTOR('',#13934,1.0);
#13932=VECTOR('',#13935,1.0);
#13933=VECTOR('',#13936,1.0);
#13934=DIRECTION('',(-0.1305264588301315,-0.991444826273891,0));
#13935=DIRECTION('',(-0.9946917938265512,-0.10289915108550529,0));
#13936=DIRECTION('',(0.9940784054075903,0.1086651917695024,0));
#13937=FACE_SURFACE('',(#13942),#13938,.T.);
#13938=PLANE('',#13939);
#13939=AXIS2_PLACEMENT_3D('',#646,#13940,#13941);
#13940=DIRECTION('',(0,0,-1));
#13941=DIRECTION('',(0.9946917938265512,0.10289915108550529,0));
#13942=FACE_BOUND('',#13943,.T.);
#13943=EDGE_LOOP('',(#13944,#13945,#13946));
#13944=ORIENTED_EDGE('',*,*,#13947,.T.);
#13945=ORIENTED_EDGE('',*,*,#13948,.T.);
#13946=ORIENTED_EDGE('',*,*,#13949,.T.);
#13947=EDGE_CURVE('',#647,#285,#13950,.F.);
#13948=EDGE_CURVE('',#285,#289,#13951,.T.);
#13949=EDGE_CURVE('',#289,#647,#13952,.T.);
#13950=LINE('',#646,#13953);
#13951=LINE('',#284,#13954);
#13952=LINE('',#288,#13955);
#13953=VECTOR('',#13956,1.0);
#13954=VECTOR('',#13957,1.0);
#13955=VECTOR('',#13958,1.0);
#13956=DIRECTION('',(0.9946917938265512,0.10289915108550529,0));
#13957=DIRECTION('',(0.13052582848644545,-0.9914449092601803,0));
#13958=DIRECTION('',(-0.9952879834778517,-0.09696303390773031,0));
#13959=FACE_SURFACE('',(#13964),#13960,.T.);
#13960=PLANE('',#13961);
#13961=AXIS2_PLACEMENT_3D('',#646,#13962,#13963);
#13962=DIRECTION('',(0,0,-1));
#13963=DIRECTION('',(0.9952879834778517,0.09696303390773031,0));
#13964=FACE_BOUND('',#13965,.T.);
#13965=EDGE_LOOP('',(#13966,#13967,#13968));
#13966=ORIENTED_EDGE('',*,*,#13969,.T.);
#13967=ORIENTED_EDGE('',*,*,#13970,.T.);
#13968=ORIENTED_EDGE('',*,*,#13971,.T.);
#13969=EDGE_CURVE('',#647,#289,#13972,.F.);
#13970=EDGE_CURVE('',#289,#293,#13973,.T.);
#13971=EDGE_CURVE('',#293,#647,#13974,.T.);
#13972=LINE('',#646,#13975);
#13973=LINE('',#288,#13976);
#13974=LINE('',#292,#13977);
#13975=VECTOR('',#13978,1.0);
#13976=VECTOR('',#13979,1.0);
#13977=VECTOR('',#13980,1.0);
#13978=DIRECTION('',(0.9952879834778517,0.09696303390773031,0));
#13979=DIRECTION('',(0.3826846181018637,-0.9238790413621422,0));
#13980=DIRECTION('',(-0.9958244502438107,-0.09128890566006384,0));
#13981=FACE_SURFACE('',(#13986),#13982,.T.);
#13982=PLANE('',#13983);
#13983=AXIS2_PLACEMENT_3D('',#292,#13984,#13985);
#13984=DIRECTION('',(0,-0,-1));
#13985=DIRECTION('',(0.6087609676247296,-0.7933536943234101,0));
#13986=FACE_BOUND('',#13987,.T.);
#13987=EDGE_LOOP('',(#13988,#13989,#13990));
#13988=ORIENTED_EDGE('',*,*,#13991,.T.);
#13989=ORIENTED_EDGE('',*,*,#13992,.T.);
#13990=ORIENTED_EDGE('',*,*,#13993,.T.);
#13991=EDGE_CURVE('',#293,#297,#13994,.F.);
#13992=EDGE_CURVE('',#297,#647,#13995,.T.);
#13993=EDGE_CURVE('',#647,#293,#13996,.T.);
#13994=LINE('',#292,#13997);
#13995=LINE('',#296,#13998);
#13996=LINE('',#646,#13999);
#13997=VECTOR('',#14000,1.0);
#13998=VECTOR('',#14001,1.0);
#13999=VECTOR('',#14002,1.0);
#14000=DIRECTION('',(0.6087609676247296,-0.7933536943234101,0));
#14001=DIRECTION('',(-0.9962703436175581,-0.0862867453793027,0));
#14002=DIRECTION('',(0.9958244502438107,0.09128890566006384,0));
#14003=FACE_SURFACE('',(#14008),#14004,.T.);
#14004=PLANE('',#14005);
#14005=AXIS2_PLACEMENT_3D('',#646,#14006,#14007);
#14006=DIRECTION('',(0,0,-1));
#14007=DIRECTION('',(0.9962703436175581,0.0862867453793027,0));
#14008=FACE_BOUND('',#14009,.T.);
#14009=EDGE_LOOP('',(#14010,#14011,#14012));
#14010=ORIENTED_EDGE('',*,*,#14013,.T.);
#14011=ORIENTED_EDGE('',*,*,#14014,.T.);
#14012=ORIENTED_EDGE('',*,*,#14015,.T.);
#14013=EDGE_CURVE('',#647,#297,#14016,.F.);
#14014=EDGE_CURVE('',#297,#301,#14017,.T.);
#14015=EDGE_CURVE('',#301,#647,#14018,.T.);
#14016=LINE('',#646,#14019);
#14017=LINE('',#296,#14020);
#14018=LINE('',#300,#14021);
#14019=VECTOR('',#14022,1.0);
#14020=VECTOR('',#14023,1.0);
#14021=VECTOR('',#14024,1.0);
#14022=DIRECTION('',(0.9962703436175581,0.0862867453793027,0));
#14023=DIRECTION('',(0.7933542416844079,-0.6087602542884663,0));
#14024=DIRECTION('',(-0.9966067678455243,-0.08231008616504552,0));
#14025=FACE_SURFACE('',(#14030),#14026,.T.);
#14026=PLANE('',#14027);
#14027=AXIS2_PLACEMENT_3D('',#646,#14028,#14029);
#14028=DIRECTION('',(0,0,-1));
#14029=DIRECTION('',(0.9966067678455243,0.08231008616504552,0));
#14030=FACE_BOUND('',#14031,.T.);
#14031=EDGE_LOOP('',(#14032,#14033,#14034));
#14032=ORIENTED_EDGE('',*,*,#14035,.T.);
#14033=ORIENTED_EDGE('',*,*,#14036,.T.);
#14034=ORIENTED_EDGE('',*,*,#14037,.T.);
#14035=EDGE_CURVE('',#647,#301,#14038,.F.);
#14036=EDGE_CURVE('',#301,#641,#14039,.T.);
#14037=EDGE_CURVE('',#641,#647,#14040,.T.);
#14038=LINE('',#646,#14041);
#14039=LINE('',#300,#14042);
#14040=LINE('',#640,#14043);
#14041=VECTOR('',#14044,1.0);
#14042=VECTOR('',#14045,1.0);
#14043=VECTOR('',#14046,1.0);
#14044=DIRECTION('',(0.9966067678455243,0.08231008616504552,0));
#14045=DIRECTION('',(0.8089198886086473,-0.5879188837019728,0));
#14046=DIRECTION('',(-1,0,0));
#14047=FACE_SURFACE('',(#14052),#14048,.T.);
#14048=PLANE('',#14049);
#14049=AXIS2_PLACEMENT_3D('',#640,#14050,#14051);
#14050=DIRECTION('',(0,0,-1));
#14051=DIRECTION('',(-0.8089198886086473,0.5879188837019728,0));
#14052=FACE_BOUND('',#14053,.T.);
#14053=EDGE_LOOP('',(#14054,#14055,#14056));
#14054=ORIENTED_EDGE('',*,*,#14057,.T.);
#14055=ORIENTED_EDGE('',*,*,#14058,.T.);
#14056=ORIENTED_EDGE('',*,*,#14059,.T.);
#14057=EDGE_CURVE('',#641,#301,#14060,.F.);
#14058=EDGE_CURVE('',#301,#305,#14061,.T.);
#14059=EDGE_CURVE('',#305,#641,#14062,.T.);
#14060=LINE('',#640,#14063);
#14061=LINE('',#300,#14064);
#14062=LINE('',#304,#14065);
#14063=VECTOR('',#14066,1.0);
#14064=VECTOR('',#14067,1.0);
#14065=VECTOR('',#14068,1.0);
#14066=DIRECTION('',(-0.8089198886086473,0.5879188837019728,0));
#14067=DIRECTION('',(0.9238797546929356,-0.3826828959706995,0));
#14068=DIRECTION('',(0.8028284757179199,-0.5962100624582254,0));
#14069=FACE_SURFACE('',(#14074),#14070,.T.);
#14070=PLANE('',#14071);
#14071=AXIS2_PLACEMENT_3D('',#640,#14072,#14073);
#14072=DIRECTION('',(0,0,-1));
#14073=DIRECTION('',(-0.8028284757179199,0.5962100624582254,0));
#14074=FACE_BOUND('',#14075,.T.);
#14075=EDGE_LOOP('',(#14076,#14077,#14078));
#14076=ORIENTED_EDGE('',*,*,#14079,.T.);
#14077=ORIENTED_EDGE('',*,*,#14080,.T.);
#14078=ORIENTED_EDGE('',*,*,#14081,.T.);
#14079=EDGE_CURVE('',#641,#305,#14082,.F.);
#14080=EDGE_CURVE('',#305,#309,#14083,.T.);
#14081=EDGE_CURVE('',#309,#641,#14084,.T.);
#14082=LINE('',#640,#14085);
#14083=LINE('',#304,#14086);
#14084=LINE('',#308,#14087);
#14085=VECTOR('',#14088,1.0);
#14086=VECTOR('',#14089,1.0);
#14087=VECTOR('',#14090,1.0);
#14088=DIRECTION('',(-0.8028284757179199,0.5962100624582254,0));
#14089=DIRECTION('',(0.991444826273891,-0.1305264588301315,0));
#14090=DIRECTION('',(0.7893522173763262,-0.6139406135149204,0));
#14091=FACE_SURFACE('',(#14096),#14092,.T.);
#14092=PLANE('',#14093);
#14093=AXIS2_PLACEMENT_3D('',#308,#14094,#14095);
#14094=DIRECTION('',(0,0,-1));
#14095=DIRECTION('',(0.9914449092601803,0.13052582848644545,0));
#14096=FACE_BOUND('',#14097,.T.);
#14097=EDGE_LOOP('',(#14098,#14099,#14100));
#14098=ORIENTED_EDGE('',*,*,#14101,.T.);
#14099=ORIENTED_EDGE('',*,*,#14102,.T.);
#14100=ORIENTED_EDGE('',*,*,#14103,.T.);
#14101=EDGE_CURVE('',#309,#313,#14104,.F.);
#14102=EDGE_CURVE('',#313,#641,#14105,.T.);
#14103=EDGE_CURVE('',#641,#309,#14106,.T.);
#14104=LINE('',#308,#14107);
#14105=LINE('',#312,#14108);
#14106=LINE('',#640,#14109);
#14107=VECTOR('',#14110,1.0);
#14108=VECTOR('',#14111,1.0);
#14109=VECTOR('',#14112,1.0);
#14110=DIRECTION('',(0.9914449092601803,0.13052582848644545,0));
#14111=DIRECTION('',(0.7682429150816038,-0.6401584361913225,0));
#14112=DIRECTION('',(-0.7893522173763262,0.6139406135149204,0));
#14113=FACE_SURFACE('',(#14118),#14114,.T.);
#14114=PLANE('',#14115);
#14115=AXIS2_PLACEMENT_3D('',#640,#14116,#14117);
#14116=DIRECTION('',(0,0,-1));
#14117=DIRECTION('',(-0.7682429150816038,0.6401584361913225,0));
#14118=FACE_BOUND('',#14119,.T.);
#14119=EDGE_LOOP('',(#14120,#14121,#14122));
#14120=ORIENTED_EDGE('',*,*,#14123,.T.);
#14121=ORIENTED_EDGE('',*,*,#14124,.T.);
#14122=ORIENTED_EDGE('',*,*,#14125,.T.);
#14123=EDGE_CURVE('',#641,#313,#14126,.F.);
#14124=EDGE_CURVE('',#313,#317,#14127,.T.);
#14125=EDGE_CURVE('',#317,#641,#14128,.T.);
#14126=LINE('',#640,#14129);
#14127=LINE('',#312,#14130);
#14128=LINE('',#316,#14131);
#14129=VECTOR('',#14132,1.0);
#14130=VECTOR('',#14133,1.0);
#14131=VECTOR('',#14134,1.0);
#14132=DIRECTION('',(-0.7682429150816038,0.6401584361913225,0));
#14133=DIRECTION('',(0.9238790413621422,0.3826846181018637,0));
#14134=DIRECTION('',(0.7401600570907061,-0.6724307324085378,0));
#14135=FACE_SURFACE('',(#14140),#14136,.T.);
#14136=PLANE('',#14137);
#14137=AXIS2_PLACEMENT_3D('',#640,#14138,#14139);
#14138=DIRECTION('',(0,0,-1));
#14139=DIRECTION('',(-0.7401600570907061,0.6724307324085378,0));
#14140=FACE_BOUND('',#14141,.T.);
#14141=EDGE_LOOP('',(#14142,#14143,#14144));
#14142=ORIENTED_EDGE('',*,*,#14145,.T.);
#14143=ORIENTED_EDGE('',*,*,#14146,.T.);
#14144=ORIENTED_EDGE('',*,*,#14147,.T.);
#14145=EDGE_CURVE('',#641,#317,#14148,.F.);
#14146=EDGE_CURVE('',#317,#321,#14149,.T.);
#14147=EDGE_CURVE('',#321,#641,#14150,.T.);
#14148=LINE('',#640,#14151);
#14149=LINE('',#316,#14152);
#14150=LINE('',#320,#14153);
#14151=VECTOR('',#14154,1.0);
#14152=VECTOR('',#14155,1.0);
#14153=VECTOR('',#14156,1.0);
#14154=DIRECTION('',(-0.7401600570907061,0.6724307324085378,0));
#14155=DIRECTION('',(0.7933560467907059,0.6087579018137039,0));
#14156=DIRECTION('',(0.7071067811865475,-0.7071067811865475,0));
#14157=FACE_SURFACE('',(#14162),#14158,.T.);
#14158=PLANE('',#14159);
#14159=AXIS2_PLACEMENT_3D('',#320,#14160,#14161);
#14160=DIRECTION('',(0,0,-1));
#14161=DIRECTION('',(0.6087579018137039,0.7933560467907059,0));
#14162=FACE_BOUND('',#14163,.T.);
#14163=EDGE_LOOP('',(#14164,#14165,#14166));
#14164=ORIENTED_EDGE('',*,*,#14167,.T.);
#14165=ORIENTED_EDGE('',*,*,#14168,.T.);
#14166=ORIENTED_EDGE('',*,*,#14169,.T.);
#14167=EDGE_CURVE('',#321,#325,#14170,.F.);
#14168=EDGE_CURVE('',#325,#641,#14171,.T.);
#14169=EDGE_CURVE('',#641,#321,#14172,.T.);
#14170=LINE('',#320,#14173);
#14171=LINE('',#324,#14174);
#14172=LINE('',#640,#14175);
#14173=VECTOR('',#14176,1.0);
#14174=VECTOR('',#14177,1.0);
#14175=VECTOR('',#14178,1.0);
#14176=DIRECTION('',(0.6087579018137039,0.7933560467907059,0));
#14177=DIRECTION('',(0.6724307324085378,-0.7401600570907061,0));
#14178=DIRECTION('',(-0.7071067811865475,0.7071067811865475,0));
#14179=FACE_SURFACE('',(#14184),#14180,.T.);
#14180=PLANE('',#14181);
#14181=AXIS2_PLACEMENT_3D('',#640,#14182,#14183);
#14182=DIRECTION('',(0,0,-1));
#14183=DIRECTION('',(-0.6724307324085378,0.7401600570907061,0));
#14184=FACE_BOUND('',#14185,.T.);
#14185=EDGE_LOOP('',(#14186,#14187,#14188));
#14186=ORIENTED_EDGE('',*,*,#14189,.T.);
#14187=ORIENTED_EDGE('',*,*,#14190,.T.);
#14188=ORIENTED_EDGE('',*,*,#14191,.T.);
#14189=EDGE_CURVE('',#641,#325,#14192,.F.);
#14190=EDGE_CURVE('',#325,#233,#14193,.T.);
#14191=EDGE_CURVE('',#233,#641,#14194,.T.);
#14192=LINE('',#640,#14195);
#14193=LINE('',#324,#14196);
#14194=LINE('',#232,#14197);
#14195=VECTOR('',#14198,1.0);
#14196=VECTOR('',#14199,1.0);
#14197=VECTOR('',#14200,1.0);
#14198=DIRECTION('',(-0.6724307324085378,0.7401600570907061,0));
#14199=DIRECTION('',(0.3826846181018637,0.9238790413621422,0));
#14200=DIRECTION('',(0.6401584361913225,-0.7682429150816038,0));
#14201=FACE_SURFACE('',(#14206),#14202,.T.);
#14202=PLANE('',#14203);
#14203=AXIS2_PLACEMENT_3D('',#622,#14204,#14205);
#14204=DIRECTION('',(0,0,1));
#14205=DIRECTION('',(1,0,0));
#14206=FACE_BOUND('',#14207,.T.);
#14207=EDGE_LOOP('',(#14208,#14209,#14210));
#14208=ORIENTED_EDGE('',*,*,#14211,.T.);
#14209=ORIENTED_EDGE('',*,*,#14212,.T.);
#14210=ORIENTED_EDGE('',*,*,#14213,.T.);
#14211=EDGE_CURVE('',#623,#619,#14214,.F.);
#14212=EDGE_CURVE('',#619,#621,#14215,.T.);
#14213=EDGE_CURVE('',#621,#623,#14216,.T.);
#14214=LINE('',#622,#14217);
#14215=LINE('',#618,#14218);
#14216=LINE('',#620,#14219);
#14217=VECTOR('',#14220,1.0);
#14218=VECTOR('',#14221,1.0);
#14219=VECTOR('',#14222,1.0);
#14220=DIRECTION('',(1,0,0));
#14221=DIRECTION('',(-0.7071067811865475,0.7071067811865475,0));
#14222=DIRECTION('',(0,-1,0));
#14223=FACE_SURFACE('',(#14228),#14224,.T.);
#14224=PLANE('',#14225);
#14225=AXIS2_PLACEMENT_3D('',#620,#14226,#14227);
#14226=DIRECTION('',(-0,0,1));
#14227=DIRECTION('',(0.7071067811865475,-0.7071067811865475,0));
#14228=FACE_BOUND('',#14229,.T.);
#14229=EDGE_LOOP('',(#14230,#14231,#14232));
#14230=ORIENTED_EDGE('',*,*,#14233,.T.);
#14231=ORIENTED_EDGE('',*,*,#14234,.T.);
#14232=ORIENTED_EDGE('',*,*,#14235,.T.);
#14233=EDGE_CURVE('',#621,#619,#14236,.F.);
#14234=EDGE_CURVE('',#619,#617,#14237,.T.);
#14235=EDGE_CURVE('',#617,#621,#14238,.T.);
#14236=LINE('',#620,#14239);
#14237=LINE('',#618,#14240);
#14238=LINE('',#616,#14241);
#14239=VECTOR('',#14242,1.0);
#14240=VECTOR('',#14243,1.0);
#14241=VECTOR('',#14244,1.0);
#14242=DIRECTION('',(0.7071067811865475,-0.7071067811865475,0));
#14243=DIRECTION('',(0,1,0));
#14244=DIRECTION('',(-1,0,0));
#14245=FACE_SURFACE('',(#14250),#14246,.T.);
#14246=PLANE('',#14247);
#14247=AXIS2_PLACEMENT_3D('',#648,#14248,#14249);
#14248=DIRECTION('',(-0.9914447831916002,0,-0.13052678607152238));
#14249=DIRECTION('',(0,1,0));
#14250=FACE_BOUND('',#14251,.T.);
#14251=EDGE_LOOP('',(#14252,#14253,#14254));
#14252=ORIENTED_EDGE('',*,*,#14255,.T.);
#14253=ORIENTED_EDGE('',*,*,#14256,.T.);
#14254=ORIENTED_EDGE('',*,*,#14257,.T.);
#14255=EDGE_CURVE('',#649,#651,#14258,.F.);
#14256=EDGE_CURVE('',#651,#653,#14259,.T.);
#14257=EDGE_CURVE('',#653,#649,#14260,.T.);
#14258=LINE('',#648,#14261);
#14259=LINE('',#650,#14262);
#14260=LINE('',#652,#14263);
#14261=VECTOR('',#14264,1.0);
#14262=VECTOR('',#14265,1.0);
#14263=VECTOR('',#14266,1.0);
#14264=DIRECTION('',(0,1,0));
#14265=DIRECTION('',(0.05207520119876261,-0.9169675480082683,-0.3955485928679465));
#14266=DIRECTION('',(-0.13052678607152235,0,0.9914447831916001));
#14267=FACE_SURFACE('',(#14272),#14268,.T.);
#14268=PLANE('',#14269);
#14269=AXIS2_PLACEMENT_3D('',#652,#14270,#14271);
#14270=DIRECTION('',(-0.9914447831916002,0,-0.13052678607152238));
#14271=DIRECTION('',(-0.05207520119876261,0.9169675480082683,0.3955485928679465));
#14272=FACE_BOUND('',#14273,.T.);
#14273=EDGE_LOOP('',(#14274,#14275,#14276));
#14274=ORIENTED_EDGE('',*,*,#14277,.T.);
#14275=ORIENTED_EDGE('',*,*,#14278,.T.);
#14276=ORIENTED_EDGE('',*,*,#14279,.T.);
#14277=EDGE_CURVE('',#653,#651,#14280,.F.);
#14278=EDGE_CURVE('',#651,#655,#14281,.T.);
#14279=EDGE_CURVE('',#655,#653,#14282,.T.);
#14280=LINE('',#652,#14283);
#14281=LINE('',#650,#14284);
#14282=LINE('',#654,#14285);
#14283=VECTOR('',#14286,1.0);
#14284=VECTOR('',#14287,1.0);
#14285=VECTOR('',#14288,1.0);
#14286=DIRECTION('',(-0.05207520119876261,0.9169675480082683,0.3955485928679465));
#14287=DIRECTION('',(0.13052678607152235,0,-0.9914447831916001));
#14288=DIRECTION('',(0,-1,0));
#14289=FACE_SURFACE('',(#14294),#14290,.T.);
#14290=PLANE('',#14291);
#14291=AXIS2_PLACEMENT_3D('',#652,#14292,#14293);
#14292=DIRECTION('',(-0.9914447831916002,0,0.13052678607152238));
#14293=DIRECTION('',(0,1,0));
#14294=FACE_BOUND('',#14295,.T.);
#14295=EDGE_LOOP('',(#14296,#14297,#14298));
#14296=ORIENTED_EDGE('',*,*,#14299,.T.);
#14297=ORIENTED_EDGE('',*,*,#14300,.T.);
#14298=ORIENTED_EDGE('',*,*,#14301,.T.);
#14299=EDGE_CURVE('',#653,#655,#14302,.F.);
#14300=EDGE_CURVE('',#655,#657,#14303,.T.);
#14301=EDGE_CURVE('',#657,#653,#14304,.T.);
#14302=LINE('',#652,#14305);
#14303=LINE('',#654,#14306);
#14304=LINE('',#656,#14307);
#14305=VECTOR('',#14308,1.0);
#14306=VECTOR('',#14309,1.0);
#14307=VECTOR('',#14310,1.0);
#14308=DIRECTION('',(0,1,0));
#14309=DIRECTION('',(-0.05207520119876261,-0.9169675480082683,-0.3955485928679465));
#14310=DIRECTION('',(0.13052678607152235,0,0.9914447831916001));
#14311=FACE_SURFACE('',(#14316),#14312,.T.);
#14312=PLANE('',#14313);
#14313=AXIS2_PLACEMENT_3D('',#656,#14314,#14315);
#14314=DIRECTION('',(-0.9914447831916002,0,0.13052678607152238));
#14315=DIRECTION('',(0.05207520119876261,0.9169675480082683,0.3955485928679465));
#14316=FACE_BOUND('',#14317,.T.);
#14317=EDGE_LOOP('',(#14318,#14319,#14320));
#14318=ORIENTED_EDGE('',*,*,#14321,.T.);
#14319=ORIENTED_EDGE('',*,*,#14322,.T.);
#14320=ORIENTED_EDGE('',*,*,#14323,.T.);
#14321=EDGE_CURVE('',#657,#655,#14324,.F.);
#14322=EDGE_CURVE('',#655,#659,#14325,.T.);
#14323=EDGE_CURVE('',#659,#657,#14326,.T.);
#14324=LINE('',#656,#14327);
#14325=LINE('',#654,#14328);
#14326=LINE('',#658,#14329);
#14327=VECTOR('',#14330,1.0);
#14328=VECTOR('',#14331,1.0);
#14329=VECTOR('',#14332,1.0);
#14330=DIRECTION('',(0.05207520119876261,0.9169675480082683,0.3955485928679465));
#14331=DIRECTION('',(-0.13052678607152235,0,-0.9914447831916001));
#14332=DIRECTION('',(0,-1,0));
#14333=FACE_SURFACE('',(#14338),#14334,.T.);
#14334=PLANE('',#14335);
#14335=AXIS2_PLACEMENT_3D('',#656,#14336,#14337);
#14336=DIRECTION('',(-0.9238786969342465,0,0.3826854496202838));
#14337=DIRECTION('',(0,1,0));
#14338=FACE_BOUND('',#14339,.T.);
#14339=EDGE_LOOP('',(#14340,#14341,#14342));
#14340=ORIENTED_EDGE('',*,*,#14343,.T.);
#14341=ORIENTED_EDGE('',*,*,#14344,.T.);
#14342=ORIENTED_EDGE('',*,*,#14345,.T.);
#14343=EDGE_CURVE('',#657,#659,#14346,.F.);
#14344=EDGE_CURVE('',#659,#661,#14347,.T.);
#14345=EDGE_CURVE('',#661,#657,#14348,.T.);
#14346=LINE('',#656,#14349);
#14347=LINE('',#658,#14350);
#14348=LINE('',#660,#14351);
#14349=VECTOR('',#14352,1.0);
#14350=VECTOR('',#14353,1.0);
#14351=VECTOR('',#14354,1.0);
#14352=DIRECTION('',(0,1,0));
#14353=DIRECTION('',(-0.152676430751615,-0.9169680529459919,-0.36859123344076405));
#14354=DIRECTION('',(0.3826854496202838,0,0.9238786969342465));
#14355=FACE_SURFACE('',(#14360),#14356,.T.);
#14356=PLANE('',#14357);
#14357=AXIS2_PLACEMENT_3D('',#660,#14358,#14359);
#14358=DIRECTION('',(-0.9238786969342465,0,0.3826854496202838));
#14359=DIRECTION('',(0.152676430751615,0.9169680529459919,0.36859123344076405));
#14360=FACE_BOUND('',#14361,.T.);
#14361=EDGE_LOOP('',(#14362,#14363,#14364));
#14362=ORIENTED_EDGE('',*,*,#14365,.T.);
#14363=ORIENTED_EDGE('',*,*,#14366,.T.);
#14364=ORIENTED_EDGE('',*,*,#14367,.T.);
#14365=EDGE_CURVE('',#661,#659,#14368,.F.);
#14366=EDGE_CURVE('',#659,#663,#14369,.T.);
#14367=EDGE_CURVE('',#663,#661,#14370,.T.);
#14368=LINE('',#660,#14371);
#14369=LINE('',#658,#14372);
#14370=LINE('',#662,#14373);
#14371=VECTOR('',#14374,1.0);
#14372=VECTOR('',#14375,1.0);
#14373=VECTOR('',#14376,1.0);
#14374=DIRECTION('',(0.152676430751615,0.9169680529459919,0.36859123344076405));
#14375=DIRECTION('',(-0.3826854496202838,0,-0.9238786969342465));
#14376=DIRECTION('',(0,-1,0));
#14377=FACE_SURFACE('',(#14382),#14378,.T.);
#14378=PLANE('',#14379);
#14379=AXIS2_PLACEMENT_3D('',#660,#14380,#14381);
#14380=DIRECTION('',(-0.7933569877782133,0,0.6087566754816573));
#14381=DIRECTION('',(0,1,0));
#14382=FACE_BOUND('',#14383,.T.);
#14383=EDGE_LOOP('',(#14384,#14385,#14386));
#14384=ORIENTED_EDGE('',*,*,#14387,.T.);
#14385=ORIENTED_EDGE('',*,*,#14388,.T.);
#14386=ORIENTED_EDGE('',*,*,#14389,.T.);
#14387=EDGE_CURVE('',#661,#663,#14390,.F.);
#14388=EDGE_CURVE('',#663,#665,#14391,.T.);
#14389=EDGE_CURVE('',#665,#661,#14392,.T.);
#14390=LINE('',#660,#14393);
#14391=LINE('',#662,#14394);
#14392=LINE('',#664,#14395);
#14393=VECTOR('',#14396,1.0);
#14394=VECTOR('',#14397,1.0);
#14395=VECTOR('',#14398,1.0);
#14396=DIRECTION('',(0,1,0));
#14397=DIRECTION('',(-0.24287003253061348,-0.9169679946956035,-0.31651831542977465));
#14398=DIRECTION('',(0.6087566754816575,0,0.7933569877782134));
#14399=FACE_SURFACE('',(#14404),#14400,.T.);
#14400=PLANE('',#14401);
#14401=AXIS2_PLACEMENT_3D('',#664,#14402,#14403);
#14402=DIRECTION('',(-0.7933569877782133,0,0.6087566754816573));
#14403=DIRECTION('',(0.24287003253061348,0.9169679946956035,0.31651831542977465));
#14404=FACE_BOUND('',#14405,.T.);
#14405=EDGE_LOOP('',(#14406,#14407,#14408));
#14406=ORIENTED_EDGE('',*,*,#14409,.T.);
#14407=ORIENTED_EDGE('',*,*,#14410,.T.);
#14408=ORIENTED_EDGE('',*,*,#14411,.T.);
#14409=EDGE_CURVE('',#665,#663,#14412,.F.);
#14410=EDGE_CURVE('',#663,#667,#14413,.T.);
#14411=EDGE_CURVE('',#667,#665,#14414,.T.);
#14412=LINE('',#664,#14415);
#14413=LINE('',#662,#14416);
#14414=LINE('',#666,#14417);
#14415=VECTOR('',#14418,1.0);
#14416=VECTOR('',#14419,1.0);
#14417=VECTOR('',#14420,1.0);
#14418=DIRECTION('',(0.24287003253061348,0.9169679946956035,0.31651831542977465));
#14419=DIRECTION('',(-0.6087566754816575,0,-0.7933569877782134));
#14420=DIRECTION('',(0,-1,0));
#14421=FACE_SURFACE('',(#14426),#14422,.T.);
#14422=PLANE('',#14423);
#14423=AXIS2_PLACEMENT_3D('',#664,#14424,#14425);
#14424=DIRECTION('',(-0.6087566754816573,0,0.7933569877782133));
#14425=DIRECTION('',(0,1,0));
#14426=FACE_BOUND('',#14427,.T.);
#14427=EDGE_LOOP('',(#14428,#14429,#14430));
#14428=ORIENTED_EDGE('',*,*,#14431,.T.);
#14429=ORIENTED_EDGE('',*,*,#14432,.T.);
#14430=ORIENTED_EDGE('',*,*,#14433,.T.);
#14431=EDGE_CURVE('',#665,#667,#14434,.F.);
#14432=EDGE_CURVE('',#667,#669,#14435,.T.);
#14433=EDGE_CURVE('',#669,#665,#14436,.T.);
#14434=LINE('',#664,#14437);
#14435=LINE('',#666,#14438);
#14436=LINE('',#668,#14439);
#14437=VECTOR('',#14440,1.0);
#14438=VECTOR('',#14441,1.0);
#14439=VECTOR('',#14442,1.0);
#14440=DIRECTION('',(0,1,0));
#14441=DIRECTION('',(-0.31651831542977465,-0.9169679946956035,-0.24287003253061348));
#14442=DIRECTION('',(0.7933569877782134,0,0.6087566754816575));
#14443=FACE_SURFACE('',(#14448),#14444,.T.);
#14444=PLANE('',#14445);
#14445=AXIS2_PLACEMENT_3D('',#668,#14446,#14447);
#14446=DIRECTION('',(-0.6087566754816573,0,0.7933569877782133));
#14447=DIRECTION('',(0.31651831542977465,0.9169679946956035,0.24287003253061348));
#14448=FACE_BOUND('',#14449,.T.);
#14449=EDGE_LOOP('',(#14450,#14451,#14452));
#14450=ORIENTED_EDGE('',*,*,#14453,.T.);
#14451=ORIENTED_EDGE('',*,*,#14454,.T.);
#14452=ORIENTED_EDGE('',*,*,#14455,.T.);
#14453=EDGE_CURVE('',#669,#667,#14456,.F.);
#14454=EDGE_CURVE('',#667,#671,#14457,.T.);
#14455=EDGE_CURVE('',#671,#669,#14458,.T.);
#14456=LINE('',#668,#14459);
#14457=LINE('',#666,#14460);
#14458=LINE('',#670,#14461);
#14459=VECTOR('',#14462,1.0);
#14460=VECTOR('',#14463,1.0);
#14461=VECTOR('',#14464,1.0);
#14462=DIRECTION('',(0.31651831542977465,0.9169679946956035,0.24287003253061348));
#14463=DIRECTION('',(-0.7933569877782134,0,-0.6087566754816575));
#14464=DIRECTION('',(0,-1,0));
#14465=FACE_SURFACE('',(#14470),#14466,.T.);
#14466=PLANE('',#14467);
#14467=AXIS2_PLACEMENT_3D('',#668,#14468,#14469);
#14468=DIRECTION('',(-0.3826854496202838,0,0.9238786969342465));
#14469=DIRECTION('',(0,1,0));
#14470=FACE_BOUND('',#14471,.T.);
#14471=EDGE_LOOP('',(#14472,#14473,#14474));
#14472=ORIENTED_EDGE('',*,*,#14475,.T.);
#14473=ORIENTED_EDGE('',*,*,#14476,.T.);
#14474=ORIENTED_EDGE('',*,*,#14477,.T.);
#14475=EDGE_CURVE('',#669,#671,#14478,.F.);
#14476=EDGE_CURVE('',#671,#673,#14479,.T.);
#14477=EDGE_CURVE('',#673,#669,#14480,.T.);
#14478=LINE('',#668,#14481);
#14479=LINE('',#670,#14482);
#14480=LINE('',#672,#14483);
#14481=VECTOR('',#14484,1.0);
#14482=VECTOR('',#14485,1.0);
#14483=VECTOR('',#14486,1.0);
#14484=DIRECTION('',(0,1,0));
#14485=DIRECTION('',(-0.36859123344076405,-0.9169680529459919,-0.152676430751615));
#14486=DIRECTION('',(0.9238786969342465,0,0.3826854496202838));
#14487=FACE_SURFACE('',(#14492),#14488,.T.);
#14488=PLANE('',#14489);
#14489=AXIS2_PLACEMENT_3D('',#672,#14490,#14491);
#14490=DIRECTION('',(-0.3826854496202838,0,0.9238786969342465));
#14491=DIRECTION('',(0.36859123344076405,0.9169680529459919,0.152676430751615));
#14492=FACE_BOUND('',#14493,.T.);
#14493=EDGE_LOOP('',(#14494,#14495,#14496));
#14494=ORIENTED_EDGE('',*,*,#14497,.T.);
#14495=ORIENTED_EDGE('',*,*,#14498,.T.);
#14496=ORIENTED_EDGE('',*,*,#14499,.T.);
#14497=EDGE_CURVE('',#673,#671,#14500,.F.);
#14498=EDGE_CURVE('',#671,#675,#14501,.T.);
#14499=EDGE_CURVE('',#675,#673,#14502,.T.);
#14500=LINE('',#672,#14503);
#14501=LINE('',#670,#14504);
#14502=LINE('',#674,#14505);
#14503=VECTOR('',#14506,1.0);
#14504=VECTOR('',#14507,1.0);
#14505=VECTOR('',#14508,1.0);
#14506=DIRECTION('',(0.36859123344076405,0.9169680529459919,0.152676430751615));
#14507=DIRECTION('',(-0.9238786969342465,0,-0.3826854496202838));
#14508=DIRECTION('',(0,-1,0));
#14509=FACE_SURFACE('',(#14514),#14510,.T.);
#14510=PLANE('',#14511);
#14511=AXIS2_PLACEMENT_3D('',#672,#14512,#14513);
#14512=DIRECTION('',(-0.13052678607152238,0,0.9914447831916002));
#14513=DIRECTION('',(0,1,0));
#14514=FACE_BOUND('',#14515,.T.);
#14515=EDGE_LOOP('',(#14516,#14517,#14518));
#14516=ORIENTED_EDGE('',*,*,#14519,.T.);
#14517=ORIENTED_EDGE('',*,*,#14520,.T.);
#14518=ORIENTED_EDGE('',*,*,#14521,.T.);
#14519=EDGE_CURVE('',#673,#675,#14522,.F.);
#14520=EDGE_CURVE('',#675,#677,#14523,.T.);
#14521=EDGE_CURVE('',#677,#673,#14524,.T.);
#14522=LINE('',#672,#14525);
#14523=LINE('',#674,#14526);
#14524=LINE('',#676,#14527);
#14525=VECTOR('',#14528,1.0);
#14526=VECTOR('',#14529,1.0);
#14527=VECTOR('',#14530,1.0);
#14528=DIRECTION('',(0,1,0));
#14529=DIRECTION('',(-0.3955485928679465,-0.9169675480082683,-0.05207520119876261));
#14530=DIRECTION('',(0.9914447831916001,0,0.13052678607152235));
#14531=FACE_SURFACE('',(#14536),#14532,.T.);
#14532=PLANE('',#14533);
#14533=AXIS2_PLACEMENT_3D('',#676,#14534,#14535);
#14534=DIRECTION('',(-0.13052678607152238,0,0.9914447831916002));
#14535=DIRECTION('',(0.3955485928679465,0.9169675480082683,0.05207520119876261));
#14536=FACE_BOUND('',#14537,.T.);
#14537=EDGE_LOOP('',(#14538,#14539,#14540));
#14538=ORIENTED_EDGE('',*,*,#14541,.T.);
#14539=ORIENTED_EDGE('',*,*,#14542,.T.);
#14540=ORIENTED_EDGE('',*,*,#14543,.T.);
#14541=EDGE_CURVE('',#677,#675,#14544,.F.);
#14542=EDGE_CURVE('',#675,#679,#14545,.T.);
#14543=EDGE_CURVE('',#679,#677,#14546,.T.);
#14544=LINE('',#676,#14547);
#14545=LINE('',#674,#14548);
#14546=LINE('',#678,#14549);
#14547=VECTOR('',#14550,1.0);
#14548=VECTOR('',#14551,1.0);
#14549=VECTOR('',#14552,1.0);
#14550=DIRECTION('',(0.3955485928679465,0.9169675480082683,0.05207520119876261));
#14551=DIRECTION('',(-0.9914447831916001,0,-0.13052678607152235));
#14552=DIRECTION('',(0,-1,0));
#14553=FACE_SURFACE('',(#14558),#14554,.T.);
#14554=PLANE('',#14555);
#14555=AXIS2_PLACEMENT_3D('',#676,#14556,#14557);
#14556=DIRECTION('',(0.13052678607152238,-0,0.9914447831916002));
#14557=DIRECTION('',(0,1,0));
#14558=FACE_BOUND('',#14559,.T.);
#14559=EDGE_LOOP('',(#14560,#14561,#14562));
#14560=ORIENTED_EDGE('',*,*,#14563,.T.);
#14561=ORIENTED_EDGE('',*,*,#14564,.T.);
#14562=ORIENTED_EDGE('',*,*,#14565,.T.);
#14563=EDGE_CURVE('',#677,#679,#14566,.F.);
#14564=EDGE_CURVE('',#679,#681,#14567,.T.);
#14565=EDGE_CURVE('',#681,#677,#14568,.T.);
#14566=LINE('',#676,#14569);
#14567=LINE('',#678,#14570);
#14568=LINE('',#680,#14571);
#14569=VECTOR('',#14572,1.0);
#14570=VECTOR('',#14573,1.0);
#14571=VECTOR('',#14574,1.0);
#14572=DIRECTION('',(0,1,0));
#14573=DIRECTION('',(-0.3955485928679465,-0.9169675480082683,0.05207520119876261));
#14574=DIRECTION('',(0.9914447831916001,0,-0.13052678607152235));
#14575=FACE_SURFACE('',(#14580),#14576,.T.);
#14576=PLANE('',#14577);
#14577=AXIS2_PLACEMENT_3D('',#680,#14578,#14579);
#14578=DIRECTION('',(0.13052678607152238,-0,0.9914447831916002));
#14579=DIRECTION('',(0.3955485928679465,0.9169675480082683,-0.05207520119876261));
#14580=FACE_BOUND('',#14581,.T.);
#14581=EDGE_LOOP('',(#14582,#14583,#14584));
#14582=ORIENTED_EDGE('',*,*,#14585,.T.);
#14583=ORIENTED_EDGE('',*,*,#14586,.T.);
#14584=ORIENTED_EDGE('',*,*,#14587,.T.);
#14585=EDGE_CURVE('',#681,#679,#14588,.F.);
#14586=EDGE_CURVE('',#679,#683,#14589,.T.);
#14587=EDGE_CURVE('',#683,#681,#14590,.T.);
#14588=LINE('',#680,#14591);
#14589=LINE('',#678,#14592);
#14590=LINE('',#682,#14593);
#14591=VECTOR('',#14594,1.0);
#14592=VECTOR('',#14595,1.0);
#14593=VECTOR('',#14596,1.0);
#14594=DIRECTION('',(0.3955485928679465,0.9169675480082683,-0.05207520119876261));
#14595=DIRECTION('',(-0.9914447831916001,0,0.13052678607152235));
#14596=DIRECTION('',(0,-1,0));
#14597=FACE_SURFACE('',(#14602),#14598,.T.);
#14598=PLANE('',#14599);
#14599=AXIS2_PLACEMENT_3D('',#680,#14600,#14601);
#14600=DIRECTION('',(0.3826854496202838,-0,0.9238786969342465));
#14601=DIRECTION('',(0,1,0));
#14602=FACE_BOUND('',#14603,.T.);
#14603=EDGE_LOOP('',(#14604,#14605,#14606));
#14604=ORIENTED_EDGE('',*,*,#14607,.T.);
#14605=ORIENTED_EDGE('',*,*,#14608,.T.);
#14606=ORIENTED_EDGE('',*,*,#14609,.T.);
#14607=EDGE_CURVE('',#681,#683,#14610,.F.);
#14608=EDGE_CURVE('',#683,#685,#14611,.T.);
#14609=EDGE_CURVE('',#685,#681,#14612,.T.);
#14610=LINE('',#680,#14613);
#14611=LINE('',#682,#14614);
#14612=LINE('',#684,#14615);
#14613=VECTOR('',#14616,1.0);
#14614=VECTOR('',#14617,1.0);
#14615=VECTOR('',#14618,1.0);
#14616=DIRECTION('',(0,1,0));
#14617=DIRECTION('',(-0.36859123344076405,-0.9169680529459919,0.152676430751615));
#14618=DIRECTION('',(0.9238786969342465,0,-0.3826854496202838));
#14619=FACE_SURFACE('',(#14624),#14620,.T.);
#14620=PLANE('',#14621);
#14621=AXIS2_PLACEMENT_3D('',#684,#14622,#14623);
#14622=DIRECTION('',(0.3826854496202838,-0,0.9238786969342465));
#14623=DIRECTION('',(0.36859123344076405,0.9169680529459919,-0.152676430751615));
#14624=FACE_BOUND('',#14625,.T.);
#14625=EDGE_LOOP('',(#14626,#14627,#14628));
#14626=ORIENTED_EDGE('',*,*,#14629,.T.);
#14627=ORIENTED_EDGE('',*,*,#14630,.T.);
#14628=ORIENTED_EDGE('',*,*,#14631,.T.);
#14629=EDGE_CURVE('',#685,#683,#14632,.F.);
#14630=EDGE_CURVE('',#683,#687,#14633,.T.);
#14631=EDGE_CURVE('',#687,#685,#14634,.T.);
#14632=LINE('',#684,#14635);
#14633=LINE('',#682,#14636);
#14634=LINE('',#686,#14637);
#14635=VECTOR('',#14638,1.0);
#14636=VECTOR('',#14639,1.0);
#14637=VECTOR('',#14640,1.0);
#14638=DIRECTION('',(0.36859123344076405,0.9169680529459919,-0.152676430751615));
#14639=DIRECTION('',(-0.9238786969342465,0,0.3826854496202838));
#14640=DIRECTION('',(0,-1,0));
#14641=FACE_SURFACE('',(#14646),#14642,.T.);
#14642=PLANE('',#14643);
#14643=AXIS2_PLACEMENT_3D('',#684,#14644,#14645);
#14644=DIRECTION('',(0.6087566754816573,-0,0.7933569877782133));
#14645=DIRECTION('',(0,1,0));
#14646=FACE_BOUND('',#14647,.T.);
#14647=EDGE_LOOP('',(#14648,#14649,#14650));
#14648=ORIENTED_EDGE('',*,*,#14651,.T.);
#14649=ORIENTED_EDGE('',*,*,#14652,.T.);
#14650=ORIENTED_EDGE('',*,*,#14653,.T.);
#14651=EDGE_CURVE('',#685,#687,#14654,.F.);
#14652=EDGE_CURVE('',#687,#689,#14655,.T.);
#14653=EDGE_CURVE('',#689,#685,#14656,.T.);
#14654=LINE('',#684,#14657);
#14655=LINE('',#686,#14658);
#14656=LINE('',#688,#14659);
#14657=VECTOR('',#14660,1.0);
#14658=VECTOR('',#14661,1.0);
#14659=VECTOR('',#14662,1.0);
#14660=DIRECTION('',(0,1,0));
#14661=DIRECTION('',(-0.31651831542977465,-0.9169679946956035,0.24287003253061348));
#14662=DIRECTION('',(0.7933569877782134,0,-0.6087566754816575));
#14663=FACE_SURFACE('',(#14668),#14664,.T.);
#14664=PLANE('',#14665);
#14665=AXIS2_PLACEMENT_3D('',#688,#14666,#14667);
#14666=DIRECTION('',(0.6087566754816573,-0,0.7933569877782133));
#14667=DIRECTION('',(0.31651831542977465,0.9169679946956035,-0.24287003253061348));
#14668=FACE_BOUND('',#14669,.T.);
#14669=EDGE_LOOP('',(#14670,#14671,#14672));
#14670=ORIENTED_EDGE('',*,*,#14673,.T.);
#14671=ORIENTED_EDGE('',*,*,#14674,.T.);
#14672=ORIENTED_EDGE('',*,*,#14675,.T.);
#14673=EDGE_CURVE('',#689,#687,#14676,.F.);
#14674=EDGE_CURVE('',#687,#691,#14677,.T.);
#14675=EDGE_CURVE('',#691,#689,#14678,.T.);
#14676=LINE('',#688,#14679);
#14677=LINE('',#686,#14680);
#14678=LINE('',#690,#14681);
#14679=VECTOR('',#14682,1.0);
#14680=VECTOR('',#14683,1.0);
#14681=VECTOR('',#14684,1.0);
#14682=DIRECTION('',(0.31651831542977465,0.9169679946956035,-0.24287003253061348));
#14683=DIRECTION('',(-0.7933569877782134,0,0.6087566754816575));
#14684=DIRECTION('',(0,-1,0));
#14685=FACE_SURFACE('',(#14690),#14686,.T.);
#14686=PLANE('',#14687);
#14687=AXIS2_PLACEMENT_3D('',#688,#14688,#14689);
#14688=DIRECTION('',(0.7933569877782133,-0,0.6087566754816573));
#14689=DIRECTION('',(0,1,0));
#14690=FACE_BOUND('',#14691,.T.);
#14691=EDGE_LOOP('',(#14692,#14693,#14694));
#14692=ORIENTED_EDGE('',*,*,#14695,.T.);
#14693=ORIENTED_EDGE('',*,*,#14696,.T.);
#14694=ORIENTED_EDGE('',*,*,#14697,.T.);
#14695=EDGE_CURVE('',#689,#691,#14698,.F.);
#14696=EDGE_CURVE('',#691,#693,#14699,.T.);
#14697=EDGE_CURVE('',#693,#689,#14700,.T.);
#14698=LINE('',#688,#14701);
#14699=LINE('',#690,#14702);
#14700=LINE('',#692,#14703);
#14701=VECTOR('',#14704,1.0);
#14702=VECTOR('',#14705,1.0);
#14703=VECTOR('',#14706,1.0);
#14704=DIRECTION('',(0,1,0));
#14705=DIRECTION('',(-0.24287003253061348,-0.9169679946956035,0.31651831542977465));
#14706=DIRECTION('',(0.6087566754816575,0,-0.7933569877782134));
#14707=FACE_SURFACE('',(#14712),#14708,.T.);
#14708=PLANE('',#14709);
#14709=AXIS2_PLACEMENT_3D('',#692,#14710,#14711);
#14710=DIRECTION('',(0.7933569877782133,-0,0.6087566754816573));
#14711=DIRECTION('',(0.24287003253061348,0.9169679946956035,-0.31651831542977465));
#14712=FACE_BOUND('',#14713,.T.);
#14713=EDGE_LOOP('',(#14714,#14715,#14716));
#14714=ORIENTED_EDGE('',*,*,#14717,.T.);
#14715=ORIENTED_EDGE('',*,*,#14718,.T.);
#14716=ORIENTED_EDGE('',*,*,#14719,.T.);
#14717=EDGE_CURVE('',#693,#691,#14720,.F.);
#14718=EDGE_CURVE('',#691,#695,#14721,.T.);
#14719=EDGE_CURVE('',#695,#693,#14722,.T.);
#14720=LINE('',#692,#14723);
#14721=LINE('',#690,#14724);
#14722=LINE('',#694,#14725);
#14723=VECTOR('',#14726,1.0);
#14724=VECTOR('',#14727,1.0);
#14725=VECTOR('',#14728,1.0);
#14726=DIRECTION('',(0.24287003253061348,0.9169679946956035,-0.31651831542977465));
#14727=DIRECTION('',(-0.6087566754816575,0,0.7933569877782134));
#14728=DIRECTION('',(0,-1,0));
#14729=FACE_SURFACE('',(#14734),#14730,.T.);
#14730=PLANE('',#14731);
#14731=AXIS2_PLACEMENT_3D('',#692,#14732,#14733);
#14732=DIRECTION('',(0.9238786969342465,-0,0.3826854496202838));
#14733=DIRECTION('',(0,1,0));
#14734=FACE_BOUND('',#14735,.T.);
#14735=EDGE_LOOP('',(#14736,#14737,#14738));
#14736=ORIENTED_EDGE('',*,*,#14739,.T.);
#14737=ORIENTED_EDGE('',*,*,#14740,.T.);
#14738=ORIENTED_EDGE('',*,*,#14741,.T.);
#14739=EDGE_CURVE('',#693,#695,#14742,.F.);
#14740=EDGE_CURVE('',#695,#697,#14743,.T.);
#14741=EDGE_CURVE('',#697,#693,#14744,.T.);
#14742=LINE('',#692,#14745);
#14743=LINE('',#694,#14746);
#14744=LINE('',#696,#14747);
#14745=VECTOR('',#14748,1.0);
#14746=VECTOR('',#14749,1.0);
#14747=VECTOR('',#14750,1.0);
#14748=DIRECTION('',(0,1,0));
#14749=DIRECTION('',(-0.152676430751615,-0.9169680529459919,0.36859123344076405));
#14750=DIRECTION('',(0.3826854496202838,0,-0.9238786969342465));
#14751=FACE_SURFACE('',(#14756),#14752,.T.);
#14752=PLANE('',#14753);
#14753=AXIS2_PLACEMENT_3D('',#696,#14754,#14755);
#14754=DIRECTION('',(0.9238786969342465,-0,0.3826854496202838));
#14755=DIRECTION('',(0.152676430751615,0.9169680529459919,-0.36859123344076405));
#14756=FACE_BOUND('',#14757,.T.);
#14757=EDGE_LOOP('',(#14758,#14759,#14760));
#14758=ORIENTED_EDGE('',*,*,#14761,.T.);
#14759=ORIENTED_EDGE('',*,*,#14762,.T.);
#14760=ORIENTED_EDGE('',*,*,#14763,.T.);
#14761=EDGE_CURVE('',#697,#695,#14764,.F.);
#14762=EDGE_CURVE('',#695,#699,#14765,.T.);
#14763=EDGE_CURVE('',#699,#697,#14766,.T.);
#14764=LINE('',#696,#14767);
#14765=LINE('',#694,#14768);
#14766=LINE('',#698,#14769);
#14767=VECTOR('',#14770,1.0);
#14768=VECTOR('',#14771,1.0);
#14769=VECTOR('',#14772,1.0);
#14770=DIRECTION('',(0.152676430751615,0.9169680529459919,-0.36859123344076405));
#14771=DIRECTION('',(-0.3826854496202838,0,0.9238786969342465));
#14772=DIRECTION('',(0,-1,0));
#14773=FACE_SURFACE('',(#14778),#14774,.T.);
#14774=PLANE('',#14775);
#14775=AXIS2_PLACEMENT_3D('',#696,#14776,#14777);
#14776=DIRECTION('',(0.9914447831916002,-0,0.13052678607152238));
#14777=DIRECTION('',(0,1,0));
#14778=FACE_BOUND('',#14779,.T.);
#14779=EDGE_LOOP('',(#14780,#14781,#14782));
#14780=ORIENTED_EDGE('',*,*,#14783,.T.);
#14781=ORIENTED_EDGE('',*,*,#14784,.T.);
#14782=ORIENTED_EDGE('',*,*,#14785,.T.);
#14783=EDGE_CURVE('',#697,#699,#14786,.F.);
#14784=EDGE_CURVE('',#699,#701,#14787,.T.);
#14785=EDGE_CURVE('',#701,#697,#14788,.T.);
#14786=LINE('',#696,#14789);
#14787=LINE('',#698,#14790);
#14788=LINE('',#700,#14791);
#14789=VECTOR('',#14792,1.0);
#14790=VECTOR('',#14793,1.0);
#14791=VECTOR('',#14794,1.0);
#14792=DIRECTION('',(0,1,0));
#14793=DIRECTION('',(-0.05207520119876261,-0.9169675480082683,0.3955485928679465));
#14794=DIRECTION('',(0.13052678607152235,0,-0.9914447831916001));
#14795=FACE_SURFACE('',(#14800),#14796,.T.);
#14796=PLANE('',#14797);
#14797=AXIS2_PLACEMENT_3D('',#700,#14798,#14799);
#14798=DIRECTION('',(0.9914447831916002,-0,0.13052678607152238));
#14799=DIRECTION('',(0.05207520119876261,0.9169675480082683,-0.3955485928679465));
#14800=FACE_BOUND('',#14801,.T.);
#14801=EDGE_LOOP('',(#14802,#14803,#14804));
#14802=ORIENTED_EDGE('',*,*,#14805,.T.);
#14803=ORIENTED_EDGE('',*,*,#14806,.T.);
#14804=ORIENTED_EDGE('',*,*,#14807,.T.);
#14805=EDGE_CURVE('',#701,#699,#14808,.F.);
#14806=EDGE_CURVE('',#699,#703,#14809,.T.);
#14807=EDGE_CURVE('',#703,#701,#14810,.T.);
#14808=LINE('',#700,#14811);
#14809=LINE('',#698,#14812);
#14810=LINE('',#702,#14813);
#14811=VECTOR('',#14814,1.0);
#14812=VECTOR('',#14815,1.0);
#14813=VECTOR('',#14816,1.0);
#14814=DIRECTION('',(0.05207520119876261,0.9169675480082683,-0.3955485928679465));
#14815=DIRECTION('',(-0.13052678607152235,0,0.9914447831916001));
#14816=DIRECTION('',(0,-1,0));
#14817=FACE_SURFACE('',(#14822),#14818,.T.);
#14818=PLANE('',#14819);
#14819=AXIS2_PLACEMENT_3D('',#700,#14820,#14821);
#14820=DIRECTION('',(0.9914447831916002,0,-0.13052678607152238));
#14821=DIRECTION('',(0,1,0));
#14822=FACE_BOUND('',#14823,.T.);
#14823=EDGE_LOOP('',(#14824,#14825,#14826));
#14824=ORIENTED_EDGE('',*,*,#14827,.T.);
#14825=ORIENTED_EDGE('',*,*,#14828,.T.);
#14826=ORIENTED_EDGE('',*,*,#14829,.T.);
#14827=EDGE_CURVE('',#701,#703,#14830,.F.);
#14828=EDGE_CURVE('',#703,#705,#14831,.T.);
#14829=EDGE_CURVE('',#705,#701,#14832,.T.);
#14830=LINE('',#700,#14833);
#14831=LINE('',#702,#14834);
#14832=LINE('',#704,#14835);
#14833=VECTOR('',#14836,1.0);
#14834=VECTOR('',#14837,1.0);
#14835=VECTOR('',#14838,1.0);
#14836=DIRECTION('',(0,1,0));
#14837=DIRECTION('',(0.05207520119876261,-0.9169675480082683,0.3955485928679465));
#14838=DIRECTION('',(-0.13052678607152235,0,-0.9914447831916001));
#14839=FACE_SURFACE('',(#14844),#14840,.T.);
#14840=PLANE('',#14841);
#14841=AXIS2_PLACEMENT_3D('',#704,#14842,#14843);
#14842=DIRECTION('',(0.9914447831916002,0,-0.13052678607152238));
#14843=DIRECTION('',(-0.05207520119876261,0.9169675480082683,-0.3955485928679465));
#14844=FACE_BOUND('',#14845,.T.);
#14845=EDGE_LOOP('',(#14846,#14847,#14848));
#14846=ORIENTED_EDGE('',*,*,#14849,.T.);
#14847=ORIENTED_EDGE('',*,*,#14850,.T.);
#14848=ORIENTED_EDGE('',*,*,#14851,.T.);
#14849=EDGE_CURVE('',#705,#703,#14852,.F.);
#14850=EDGE_CURVE('',#703,#707,#14853,.T.);
#14851=EDGE_CURVE('',#707,#705,#14854,.T.);
#14852=LINE('',#704,#14855);
#14853=LINE('',#702,#14856);
#14854=LINE('',#706,#14857);
#14855=VECTOR('',#14858,1.0);
#14856=VECTOR('',#14859,1.0);
#14857=VECTOR('',#14860,1.0);
#14858=DIRECTION('',(-0.05207520119876261,0.9169675480082683,-0.3955485928679465));
#14859=DIRECTION('',(0.13052678607152235,0,0.9914447831916001));
#14860=DIRECTION('',(0,-1,0));
#14861=FACE_SURFACE('',(#14866),#14862,.T.);
#14862=PLANE('',#14863);
#14863=AXIS2_PLACEMENT_3D('',#704,#14864,#14865);
#14864=DIRECTION('',(0.9238786969342465,0,-0.3826854496202838));
#14865=DIRECTION('',(0,1,0));
#14866=FACE_BOUND('',#14867,.T.);
#14867=EDGE_LOOP('',(#14868,#14869,#14870));
#14868=ORIENTED_EDGE('',*,*,#14871,.T.);
#14869=ORIENTED_EDGE('',*,*,#14872,.T.);
#14870=ORIENTED_EDGE('',*,*,#14873,.T.);
#14871=EDGE_CURVE('',#705,#707,#14874,.F.);
#14872=EDGE_CURVE('',#707,#709,#14875,.T.);
#14873=EDGE_CURVE('',#709,#705,#14876,.T.);
#14874=LINE('',#704,#14877);
#14875=LINE('',#706,#14878);
#14876=LINE('',#708,#14879);
#14877=VECTOR('',#14880,1.0);
#14878=VECTOR('',#14881,1.0);
#14879=VECTOR('',#14882,1.0);
#14880=DIRECTION('',(0,1,0));
#14881=DIRECTION('',(0.152676430751615,-0.9169680529459919,0.36859123344076405));
#14882=DIRECTION('',(-0.3826854496202838,0,-0.9238786969342465));
#14883=FACE_SURFACE('',(#14888),#14884,.T.);
#14884=PLANE('',#14885);
#14885=AXIS2_PLACEMENT_3D('',#708,#14886,#14887);
#14886=DIRECTION('',(0.9238786969342465,0,-0.3826854496202838));
#14887=DIRECTION('',(-0.152676430751615,0.9169680529459919,-0.36859123344076405));
#14888=FACE_BOUND('',#14889,.T.);
#14889=EDGE_LOOP('',(#14890,#14891,#14892));
#14890=ORIENTED_EDGE('',*,*,#14893,.T.);
#14891=ORIENTED_EDGE('',*,*,#14894,.T.);
#14892=ORIENTED_EDGE('',*,*,#14895,.T.);
#14893=EDGE_CURVE('',#709,#707,#14896,.F.);
#14894=EDGE_CURVE('',#707,#711,#14897,.T.);
#14895=EDGE_CURVE('',#711,#709,#14898,.T.);
#14896=LINE('',#708,#14899);
#14897=LINE('',#706,#14900);
#14898=LINE('',#710,#14901);
#14899=VECTOR('',#14902,1.0);
#14900=VECTOR('',#14903,1.0);
#14901=VECTOR('',#14904,1.0);
#14902=DIRECTION('',(-0.152676430751615,0.9169680529459919,-0.36859123344076405));
#14903=DIRECTION('',(0.3826854496202838,0,0.9238786969342465));
#14904=DIRECTION('',(0,-1,0));
#14905=FACE_SURFACE('',(#14910),#14906,.T.);
#14906=PLANE('',#14907);
#14907=AXIS2_PLACEMENT_3D('',#708,#14908,#14909);
#14908=DIRECTION('',(0.7933569877782133,0,-0.6087566754816573));
#14909=DIRECTION('',(0,1,0));
#14910=FACE_BOUND('',#14911,.T.);
#14911=EDGE_LOOP('',(#14912,#14913,#14914));
#14912=ORIENTED_EDGE('',*,*,#14915,.T.);
#14913=ORIENTED_EDGE('',*,*,#14916,.T.);
#14914=ORIENTED_EDGE('',*,*,#14917,.T.);
#14915=EDGE_CURVE('',#709,#711,#14918,.F.);
#14916=EDGE_CURVE('',#711,#713,#14919,.T.);
#14917=EDGE_CURVE('',#713,#709,#14920,.T.);
#14918=LINE('',#708,#14921);
#14919=LINE('',#710,#14922);
#14920=LINE('',#712,#14923);
#14921=VECTOR('',#14924,1.0);
#14922=VECTOR('',#14925,1.0);
#14923=VECTOR('',#14926,1.0);
#14924=DIRECTION('',(0,1,0));
#14925=DIRECTION('',(0.24287003253061348,-0.9169679946956035,0.31651831542977465));
#14926=DIRECTION('',(-0.6087566754816575,0,-0.7933569877782134));
#14927=FACE_SURFACE('',(#14932),#14928,.T.);
#14928=PLANE('',#14929);
#14929=AXIS2_PLACEMENT_3D('',#712,#14930,#14931);
#14930=DIRECTION('',(0.7933569877782133,0,-0.6087566754816573));
#14931=DIRECTION('',(-0.24287003253061348,0.9169679946956035,-0.31651831542977465));
#14932=FACE_BOUND('',#14933,.T.);
#14933=EDGE_LOOP('',(#14934,#14935,#14936));
#14934=ORIENTED_EDGE('',*,*,#14937,.T.);
#14935=ORIENTED_EDGE('',*,*,#14938,.T.);
#14936=ORIENTED_EDGE('',*,*,#14939,.T.);
#14937=EDGE_CURVE('',#713,#711,#14940,.F.);
#14938=EDGE_CURVE('',#711,#715,#14941,.T.);
#14939=EDGE_CURVE('',#715,#713,#14942,.T.);
#14940=LINE('',#712,#14943);
#14941=LINE('',#710,#14944);
#14942=LINE('',#714,#14945);
#14943=VECTOR('',#14946,1.0);
#14944=VECTOR('',#14947,1.0);
#14945=VECTOR('',#14948,1.0);
#14946=DIRECTION('',(-0.24287003253061348,0.9169679946956035,-0.31651831542977465));
#14947=DIRECTION('',(0.6087566754816575,0,0.7933569877782134));
#14948=DIRECTION('',(0,-1,0));
#14949=FACE_SURFACE('',(#14954),#14950,.T.);
#14950=PLANE('',#14951);
#14951=AXIS2_PLACEMENT_3D('',#712,#14952,#14953);
#14952=DIRECTION('',(0.6087566754816573,0,-0.7933569877782133));
#14953=DIRECTION('',(0,1,0));
#14954=FACE_BOUND('',#14955,.T.);
#14955=EDGE_LOOP('',(#14956,#14957,#14958));
#14956=ORIENTED_EDGE('',*,*,#14959,.T.);
#14957=ORIENTED_EDGE('',*,*,#14960,.T.);
#14958=ORIENTED_EDGE('',*,*,#14961,.T.);
#14959=EDGE_CURVE('',#713,#715,#14962,.F.);
#14960=EDGE_CURVE('',#715,#717,#14963,.T.);
#14961=EDGE_CURVE('',#717,#713,#14964,.T.);
#14962=LINE('',#712,#14965);
#14963=LINE('',#714,#14966);
#14964=LINE('',#716,#14967);
#14965=VECTOR('',#14968,1.0);
#14966=VECTOR('',#14969,1.0);
#14967=VECTOR('',#14970,1.0);
#14968=DIRECTION('',(0,1,0));
#14969=DIRECTION('',(0.31651831542977465,-0.9169679946956035,0.24287003253061348));
#14970=DIRECTION('',(-0.7933569877782134,0,-0.6087566754816575));
#14971=FACE_SURFACE('',(#14976),#14972,.T.);
#14972=PLANE('',#14973);
#14973=AXIS2_PLACEMENT_3D('',#716,#14974,#14975);
#14974=DIRECTION('',(0.6087566754816573,0,-0.7933569877782133));
#14975=DIRECTION('',(-0.31651831542977465,0.9169679946956035,-0.24287003253061348));
#14976=FACE_BOUND('',#14977,.T.);
#14977=EDGE_LOOP('',(#14978,#14979,#14980));
#14978=ORIENTED_EDGE('',*,*,#14981,.T.);
#14979=ORIENTED_EDGE('',*,*,#14982,.T.);
#14980=ORIENTED_EDGE('',*,*,#14983,.T.);
#14981=EDGE_CURVE('',#717,#715,#14984,.F.);
#14982=EDGE_CURVE('',#715,#719,#14985,.T.);
#14983=EDGE_CURVE('',#719,#717,#14986,.T.);
#14984=LINE('',#716,#14987);
#14985=LINE('',#714,#14988);
#14986=LINE('',#718,#14989);
#14987=VECTOR('',#14990,1.0);
#14988=VECTOR('',#14991,1.0);
#14989=VECTOR('',#14992,1.0);
#14990=DIRECTION('',(-0.31651831542977465,0.9169679946956035,-0.24287003253061348));
#14991=DIRECTION('',(0.7933569877782134,0,0.6087566754816575));
#14992=DIRECTION('',(0,-1,0));
#14993=FACE_SURFACE('',(#14998),#14994,.T.);
#14994=PLANE('',#14995);
#14995=AXIS2_PLACEMENT_3D('',#716,#14996,#14997);
#14996=DIRECTION('',(0.3826854496202838,0,-0.9238786969342465));
#14997=DIRECTION('',(0,1,0));
#14998=FACE_BOUND('',#14999,.T.);
#14999=EDGE_LOOP('',(#15000,#15001,#15002));
#15000=ORIENTED_EDGE('',*,*,#15003,.T.);
#15001=ORIENTED_EDGE('',*,*,#15004,.T.);
#15002=ORIENTED_EDGE('',*,*,#15005,.T.);
#15003=EDGE_CURVE('',#717,#719,#15006,.F.);
#15004=EDGE_CURVE('',#719,#721,#15007,.T.);
#15005=EDGE_CURVE('',#721,#717,#15008,.T.);
#15006=LINE('',#716,#15009);
#15007=LINE('',#718,#15010);
#15008=LINE('',#720,#15011);
#15009=VECTOR('',#15012,1.0);
#15010=VECTOR('',#15013,1.0);
#15011=VECTOR('',#15014,1.0);
#15012=DIRECTION('',(0,1,0));
#15013=DIRECTION('',(0.36859123344076405,-0.9169680529459919,0.152676430751615));
#15014=DIRECTION('',(-0.9238786969342465,0,-0.3826854496202838));
#15015=FACE_SURFACE('',(#15020),#15016,.T.);
#15016=PLANE('',#15017);
#15017=AXIS2_PLACEMENT_3D('',#720,#15018,#15019);
#15018=DIRECTION('',(0.3826854496202838,0,-0.9238786969342465));
#15019=DIRECTION('',(-0.36859123344076405,0.9169680529459919,-0.152676430751615));
#15020=FACE_BOUND('',#15021,.T.);
#15021=EDGE_LOOP('',(#15022,#15023,#15024));
#15022=ORIENTED_EDGE('',*,*,#15025,.T.);
#15023=ORIENTED_EDGE('',*,*,#15026,.T.);
#15024=ORIENTED_EDGE('',*,*,#15027,.T.);
#15025=EDGE_CURVE('',#721,#719,#15028,.F.);
#15026=EDGE_CURVE('',#719,#723,#15029,.T.);
#15027=EDGE_CURVE('',#723,#721,#15030,.T.);
#15028=LINE('',#720,#15031);
#15029=LINE('',#718,#15032);
#15030=LINE('',#722,#15033);
#15031=VECTOR('',#15034,1.0);
#15032=VECTOR('',#15035,1.0);
#15033=VECTOR('',#15036,1.0);
#15034=DIRECTION('',(-0.36859123344076405,0.9169680529459919,-0.152676430751615));
#15035=DIRECTION('',(0.9238786969342465,0,0.3826854496202838));
#15036=DIRECTION('',(0,-1,0));
#15037=FACE_SURFACE('',(#15042),#15038,.T.);
#15038=PLANE('',#15039);
#15039=AXIS2_PLACEMENT_3D('',#720,#15040,#15041);
#15040=DIRECTION('',(0.13052678607152238,0,-0.9914447831916002));
#15041=DIRECTION('',(0,1,0));
#15042=FACE_BOUND('',#15043,.T.);
#15043=EDGE_LOOP('',(#15044,#15045,#15046));
#15044=ORIENTED_EDGE('',*,*,#15047,.T.);
#15045=ORIENTED_EDGE('',*,*,#15048,.T.);
#15046=ORIENTED_EDGE('',*,*,#15049,.T.);
#15047=EDGE_CURVE('',#721,#723,#15050,.F.);
#15048=EDGE_CURVE('',#723,#725,#15051,.T.);
#15049=EDGE_CURVE('',#725,#721,#15052,.T.);
#15050=LINE('',#720,#15053);
#15051=LINE('',#722,#15054);
#15052=LINE('',#724,#15055);
#15053=VECTOR('',#15056,1.0);
#15054=VECTOR('',#15057,1.0);
#15055=VECTOR('',#15058,1.0);
#15056=DIRECTION('',(0,1,0));
#15057=DIRECTION('',(0.3955485928679465,-0.9169675480082683,0.05207520119876261));
#15058=DIRECTION('',(-0.9914447831916001,0,-0.13052678607152235));
#15059=FACE_SURFACE('',(#15064),#15060,.T.);
#15060=PLANE('',#15061);
#15061=AXIS2_PLACEMENT_3D('',#724,#15062,#15063);
#15062=DIRECTION('',(0.13052678607152238,0,-0.9914447831916002));
#15063=DIRECTION('',(-0.3955485928679465,0.9169675480082683,-0.05207520119876261));
#15064=FACE_BOUND('',#15065,.T.);
#15065=EDGE_LOOP('',(#15066,#15067,#15068));
#15066=ORIENTED_EDGE('',*,*,#15069,.T.);
#15067=ORIENTED_EDGE('',*,*,#15070,.T.);
#15068=ORIENTED_EDGE('',*,*,#15071,.T.);
#15069=EDGE_CURVE('',#725,#723,#15072,.F.);
#15070=EDGE_CURVE('',#723,#727,#15073,.T.);
#15071=EDGE_CURVE('',#727,#725,#15074,.T.);
#15072=LINE('',#724,#15075);
#15073=LINE('',#722,#15076);
#15074=LINE('',#726,#15077);
#15075=VECTOR('',#15078,1.0);
#15076=VECTOR('',#15079,1.0);
#15077=VECTOR('',#15080,1.0);
#15078=DIRECTION('',(-0.3955485928679465,0.9169675480082683,-0.05207520119876261));
#15079=DIRECTION('',(0.9914447831916001,0,0.13052678607152235));
#15080=DIRECTION('',(0,-1,0));
#15081=FACE_SURFACE('',(#15086),#15082,.T.);
#15082=PLANE('',#15083);
#15083=AXIS2_PLACEMENT_3D('',#724,#15084,#15085);
#15084=DIRECTION('',(-0.13052678607152238,0,-0.9914447831916002));
#15085=DIRECTION('',(0,1,0));
#15086=FACE_BOUND('',#15087,.T.);
#15087=EDGE_LOOP('',(#15088,#15089,#15090));
#15088=ORIENTED_EDGE('',*,*,#15091,.T.);
#15089=ORIENTED_EDGE('',*,*,#15092,.T.);
#15090=ORIENTED_EDGE('',*,*,#15093,.T.);
#15091=EDGE_CURVE('',#725,#727,#15094,.F.);
#15092=EDGE_CURVE('',#727,#729,#15095,.T.);
#15093=EDGE_CURVE('',#729,#725,#15096,.T.);
#15094=LINE('',#724,#15097);
#15095=LINE('',#726,#15098);
#15096=LINE('',#728,#15099);
#15097=VECTOR('',#15100,1.0);
#15098=VECTOR('',#15101,1.0);
#15099=VECTOR('',#15102,1.0);
#15100=DIRECTION('',(0,1,0));
#15101=DIRECTION('',(0.3955485928679465,-0.9169675480082683,-0.05207520119876261));
#15102=DIRECTION('',(-0.9914447831916001,0,0.13052678607152235));
#15103=FACE_SURFACE('',(#15108),#15104,.T.);
#15104=PLANE('',#15105);
#15105=AXIS2_PLACEMENT_3D('',#728,#15106,#15107);
#15106=DIRECTION('',(-0.13052678607152238,0,-0.9914447831916002));
#15107=DIRECTION('',(-0.3955485928679465,0.9169675480082683,0.05207520119876261));
#15108=FACE_BOUND('',#15109,.T.);
#15109=EDGE_LOOP('',(#15110,#15111,#15112));
#15110=ORIENTED_EDGE('',*,*,#15113,.T.);
#15111=ORIENTED_EDGE('',*,*,#15114,.T.);
#15112=ORIENTED_EDGE('',*,*,#15115,.T.);
#15113=EDGE_CURVE('',#729,#727,#15116,.F.);
#15114=EDGE_CURVE('',#727,#731,#15117,.T.);
#15115=EDGE_CURVE('',#731,#729,#15118,.T.);
#15116=LINE('',#728,#15119);
#15117=LINE('',#726,#15120);
#15118=LINE('',#730,#15121);
#15119=VECTOR('',#15122,1.0);
#15120=VECTOR('',#15123,1.0);
#15121=VECTOR('',#15124,1.0);
#15122=DIRECTION('',(-0.3955485928679465,0.9169675480082683,0.05207520119876261));
#15123=DIRECTION('',(0.9914447831916001,0,-0.13052678607152235));
#15124=DIRECTION('',(0,-1,0));
#15125=FACE_SURFACE('',(#15130),#15126,.T.);
#15126=PLANE('',#15127);
#15127=AXIS2_PLACEMENT_3D('',#728,#15128,#15129);
#15128=DIRECTION('',(-0.3826854496202838,0,-0.9238786969342465));
#15129=DIRECTION('',(0,1,0));
#15130=FACE_BOUND('',#15131,.T.);
#15131=EDGE_LOOP('',(#15132,#15133,#15134));
#15132=ORIENTED_EDGE('',*,*,#15135,.T.);
#15133=ORIENTED_EDGE('',*,*,#15136,.T.);
#15134=ORIENTED_EDGE('',*,*,#15137,.T.);
#15135=EDGE_CURVE('',#729,#731,#15138,.F.);
#15136=EDGE_CURVE('',#731,#733,#15139,.T.);
#15137=EDGE_CURVE('',#733,#729,#15140,.T.);
#15138=LINE('',#728,#15141);
#15139=LINE('',#730,#15142);
#15140=LINE('',#732,#15143);
#15141=VECTOR('',#15144,1.0);
#15142=VECTOR('',#15145,1.0);
#15143=VECTOR('',#15146,1.0);
#15144=DIRECTION('',(0,1,0));
#15145=DIRECTION('',(0.36859123344076405,-0.9169680529459919,-0.152676430751615));
#15146=DIRECTION('',(-0.9238786969342465,0,0.3826854496202838));
#15147=FACE_SURFACE('',(#15152),#15148,.T.);
#15148=PLANE('',#15149);
#15149=AXIS2_PLACEMENT_3D('',#732,#15150,#15151);
#15150=DIRECTION('',(-0.3826854496202838,0,-0.9238786969342465));
#15151=DIRECTION('',(-0.36859123344076405,0.9169680529459919,0.152676430751615));
#15152=FACE_BOUND('',#15153,.T.);
#15153=EDGE_LOOP('',(#15154,#15155,#15156));
#15154=ORIENTED_EDGE('',*,*,#15157,.T.);
#15155=ORIENTED_EDGE('',*,*,#15158,.T.);
#15156=ORIENTED_EDGE('',*,*,#15159,.T.);
#15157=EDGE_CURVE('',#733,#731,#15160,.F.);
#15158=EDGE_CURVE('',#731,#735,#15161,.T.);
#15159=EDGE_CURVE('',#735,#733,#15162,.T.);
#15160=LINE('',#732,#15163);
#15161=LINE('',#730,#15164);
#15162=LINE('',#734,#15165);
#15163=VECTOR('',#15166,1.0);
#15164=VECTOR('',#15167,1.0);
#15165=VECTOR('',#15168,1.0);
#15166=DIRECTION('',(-0.36859123344076405,0.9169680529459919,0.152676430751615));
#15167=DIRECTION('',(0.9238786969342465,0,-0.3826854496202838));
#15168=DIRECTION('',(0,-1,0));
#15169=FACE_SURFACE('',(#15174),#15170,.T.);
#15170=PLANE('',#15171);
#15171=AXIS2_PLACEMENT_3D('',#732,#15172,#15173);
#15172=DIRECTION('',(-0.6087566754816573,0,-0.7933569877782133));
#15173=DIRECTION('',(0,1,0));
#15174=FACE_BOUND('',#15175,.T.);
#15175=EDGE_LOOP('',(#15176,#15177,#15178));
#15176=ORIENTED_EDGE('',*,*,#15179,.T.);
#15177=ORIENTED_EDGE('',*,*,#15180,.T.);
#15178=ORIENTED_EDGE('',*,*,#15181,.T.);
#15179=EDGE_CURVE('',#733,#735,#15182,.F.);
#15180=EDGE_CURVE('',#735,#737,#15183,.T.);
#15181=EDGE_CURVE('',#737,#733,#15184,.T.);
#15182=LINE('',#732,#15185);
#15183=LINE('',#734,#15186);
#15184=LINE('',#736,#15187);
#15185=VECTOR('',#15188,1.0);
#15186=VECTOR('',#15189,1.0);
#15187=VECTOR('',#15190,1.0);
#15188=DIRECTION('',(0,1,0));
#15189=DIRECTION('',(0.31651831542977465,-0.9169679946956035,-0.24287003253061348));
#15190=DIRECTION('',(-0.7933569877782134,0,0.6087566754816575));
#15191=FACE_SURFACE('',(#15196),#15192,.T.);
#15192=PLANE('',#15193);
#15193=AXIS2_PLACEMENT_3D('',#736,#15194,#15195);
#15194=DIRECTION('',(-0.6087566754816573,0,-0.7933569877782133));
#15195=DIRECTION('',(-0.31651831542977465,0.9169679946956035,0.24287003253061348));
#15196=FACE_BOUND('',#15197,.T.);
#15197=EDGE_LOOP('',(#15198,#15199,#15200));
#15198=ORIENTED_EDGE('',*,*,#15201,.T.);
#15199=ORIENTED_EDGE('',*,*,#15202,.T.);
#15200=ORIENTED_EDGE('',*,*,#15203,.T.);
#15201=EDGE_CURVE('',#737,#735,#15204,.F.);
#15202=EDGE_CURVE('',#735,#739,#15205,.T.);
#15203=EDGE_CURVE('',#739,#737,#15206,.T.);
#15204=LINE('',#736,#15207);
#15205=LINE('',#734,#15208);
#15206=LINE('',#738,#15209);
#15207=VECTOR('',#15210,1.0);
#15208=VECTOR('',#15211,1.0);
#15209=VECTOR('',#15212,1.0);
#15210=DIRECTION('',(-0.31651831542977465,0.9169679946956035,0.24287003253061348));
#15211=DIRECTION('',(0.7933569877782134,0,-0.6087566754816575));
#15212=DIRECTION('',(0,-1,0));
#15213=FACE_SURFACE('',(#15218),#15214,.T.);
#15214=PLANE('',#15215);
#15215=AXIS2_PLACEMENT_3D('',#736,#15216,#15217);
#15216=DIRECTION('',(-0.7933569877782133,0,-0.6087566754816573));
#15217=DIRECTION('',(0,1,0));
#15218=FACE_BOUND('',#15219,.T.);
#15219=EDGE_LOOP('',(#15220,#15221,#15222));
#15220=ORIENTED_EDGE('',*,*,#15223,.T.);
#15221=ORIENTED_EDGE('',*,*,#15224,.T.);
#15222=ORIENTED_EDGE('',*,*,#15225,.T.);
#15223=EDGE_CURVE('',#737,#739,#15226,.F.);
#15224=EDGE_CURVE('',#739,#741,#15227,.T.);
#15225=EDGE_CURVE('',#741,#737,#15228,.T.);
#15226=LINE('',#736,#15229);
#15227=LINE('',#738,#15230);
#15228=LINE('',#740,#15231);
#15229=VECTOR('',#15232,1.0);
#15230=VECTOR('',#15233,1.0);
#15231=VECTOR('',#15234,1.0);
#15232=DIRECTION('',(0,1,0));
#15233=DIRECTION('',(0.24287003253061348,-0.9169679946956035,-0.31651831542977465));
#15234=DIRECTION('',(-0.6087566754816575,0,0.7933569877782134));
#15235=FACE_SURFACE('',(#15240),#15236,.T.);
#15236=PLANE('',#15237);
#15237=AXIS2_PLACEMENT_3D('',#740,#15238,#15239);
#15238=DIRECTION('',(-0.7933569877782133,0,-0.6087566754816573));
#15239=DIRECTION('',(-0.24287003253061348,0.9169679946956035,0.31651831542977465));
#15240=FACE_BOUND('',#15241,.T.);
#15241=EDGE_LOOP('',(#15242,#15243,#15244));
#15242=ORIENTED_EDGE('',*,*,#15245,.T.);
#15243=ORIENTED_EDGE('',*,*,#15246,.T.);
#15244=ORIENTED_EDGE('',*,*,#15247,.T.);
#15245=EDGE_CURVE('',#741,#739,#15248,.F.);
#15246=EDGE_CURVE('',#739,#743,#15249,.T.);
#15247=EDGE_CURVE('',#743,#741,#15250,.T.);
#15248=LINE('',#740,#15251);
#15249=LINE('',#738,#15252);
#15250=LINE('',#742,#15253);
#15251=VECTOR('',#15254,1.0);
#15252=VECTOR('',#15255,1.0);
#15253=VECTOR('',#15256,1.0);
#15254=DIRECTION('',(-0.24287003253061348,0.9169679946956035,0.31651831542977465));
#15255=DIRECTION('',(0.6087566754816575,0,-0.7933569877782134));
#15256=DIRECTION('',(0,-1,0));
#15257=FACE_SURFACE('',(#15262),#15258,.T.);
#15258=PLANE('',#15259);
#15259=AXIS2_PLACEMENT_3D('',#740,#15260,#15261);
#15260=DIRECTION('',(-0.9238786969342465,0,-0.3826854496202838));
#15261=DIRECTION('',(0,1,0));
#15262=FACE_BOUND('',#15263,.T.);
#15263=EDGE_LOOP('',(#15264,#15265,#15266));
#15264=ORIENTED_EDGE('',*,*,#15267,.T.);
#15265=ORIENTED_EDGE('',*,*,#15268,.T.);
#15266=ORIENTED_EDGE('',*,*,#15269,.T.);
#15267=EDGE_CURVE('',#741,#743,#15270,.F.);
#15268=EDGE_CURVE('',#743,#649,#15271,.T.);
#15269=EDGE_CURVE('',#649,#741,#15272,.T.);
#15270=LINE('',#740,#15273);
#15271=LINE('',#742,#15274);
#15272=LINE('',#648,#15275);
#15273=VECTOR('',#15276,1.0);
#15274=VECTOR('',#15277,1.0);
#15275=VECTOR('',#15278,1.0);
#15276=DIRECTION('',(0,1,0));
#15277=DIRECTION('',(0.152676430751615,-0.9169680529459919,-0.36859123344076405));
#15278=DIRECTION('',(-0.3826854496202838,0,0.9238786969342465));
#15279=FACE_SURFACE('',(#15284),#15280,.T.);
#15280=PLANE('',#15281);
#15281=AXIS2_PLACEMENT_3D('',#648,#15282,#15283);
#15282=DIRECTION('',(-0.9238786969342465,0,-0.3826854496202838));
#15283=DIRECTION('',(-0.152676430751615,0.9169680529459919,0.36859123344076405));
#15284=FACE_BOUND('',#15285,.T.);
#15285=EDGE_LOOP('',(#15286,#15287,#15288));
#15286=ORIENTED_EDGE('',*,*,#15289,.T.);
#15287=ORIENTED_EDGE('',*,*,#15290,.T.);
#15288=ORIENTED_EDGE('',*,*,#15291,.T.);
#15289=EDGE_CURVE('',#649,#743,#15292,.F.);
#15290=EDGE_CURVE('',#743,#651,#15293,.T.);
#15291=EDGE_CURVE('',#651,#649,#15294,.T.);
#15292=LINE('',#648,#15295);
#15293=LINE('',#742,#15296);
#15294=LINE('',#650,#15297);
#15295=VECTOR('',#15298,1.0);
#15296=VECTOR('',#15299,1.0);
#15297=VECTOR('',#15300,1.0);
#15298=DIRECTION('',(-0.152676430751615,0.9169680529459919,0.36859123344076405));
#15299=DIRECTION('',(0.3826854496202838,0,-0.9238786969342465));
#15300=DIRECTION('',(0,-1,0));
#15301=FACE_SURFACE('',(#15306),#15302,.T.);
#15302=PLANE('',#15303);
#15303=AXIS2_PLACEMENT_3D('',#744,#15304,#15305);
#15304=DIRECTION('',(0,0,1));
#15305=DIRECTION('',(0,-1,0));
#15306=FACE_BOUND('',#15307,.T.);
#15307=EDGE_LOOP('',(#15308,#15309,#15310));
#15308=ORIENTED_EDGE('',*,*,#15311,.T.);
#15309=ORIENTED_EDGE('',*,*,#15312,.T.);
#15310=ORIENTED_EDGE('',*,*,#15313,.T.);
#15311=EDGE_CURVE('',#745,#747,#15314,.F.);
#15312=EDGE_CURVE('',#747,#749,#15315,.T.);
#15313=EDGE_CURVE('',#749,#745,#15316,.T.);
#15314=LINE('',#744,#15317);
#15315=LINE('',#746,#15318);
#15316=LINE('',#748,#15319);
#15317=VECTOR('',#15320,1.0);
#15318=VECTOR('',#15321,1.0);
#15319=VECTOR('',#15322,1.0);
#15320=DIRECTION('',(0,-1,0));
#15321=DIRECTION('',(0.7071067811865476,0.7071067811865476,0));
#15322=DIRECTION('',(-0.09656157585206697,0.995327012628998,0));
#15323=FACE_SURFACE('',(#15328),#15324,.T.);
#15324=PLANE('',#15325);
#15325=AXIS2_PLACEMENT_3D('',#748,#15326,#15327);
#15326=DIRECTION('',(0,0,1));
#15327=DIRECTION('',(-0.7071067811865476,-0.7071067811865476,0));
#15328=FACE_BOUND('',#15329,.T.);
#15329=EDGE_LOOP('',(#15330,#15331,#15332));
#15330=ORIENTED_EDGE('',*,*,#15333,.T.);
#15331=ORIENTED_EDGE('',*,*,#15334,.T.);
#15332=ORIENTED_EDGE('',*,*,#15335,.T.);
#15333=EDGE_CURVE('',#749,#747,#15336,.F.);
#15334=EDGE_CURVE('',#747,#751,#15337,.T.);
#15335=EDGE_CURVE('',#751,#749,#15338,.T.);
#15336=LINE('',#748,#15339);
#15337=LINE('',#746,#15340);
#15338=LINE('',#750,#15341);
#15339=VECTOR('',#15342,1.0);
#15340=VECTOR('',#15343,1.0);
#15341=VECTOR('',#15344,1.0);
#15342=DIRECTION('',(-0.7071067811865476,-0.7071067811865476,0));
#15343=DIRECTION('',(1,0,0));
#15344=DIRECTION('',(-0.995327012628998,0.09656157585206697,0));
#15345=FACE_SURFACE('',(#15350),#15346,.T.);
#15346=PLANE('',#15347);
#15347=AXIS2_PLACEMENT_3D('',#748,#15348,#15349);
#15348=DIRECTION('',(-0,0,1));
#15349=DIRECTION('',(0.995327012628998,-0.09656157585206697,0));
#15350=FACE_BOUND('',#15351,.T.);
#15351=EDGE_LOOP('',(#15352,#15353,#15354));
#15352=ORIENTED_EDGE('',*,*,#15355,.T.);
#15353=ORIENTED_EDGE('',*,*,#15356,.T.);
#15354=ORIENTED_EDGE('',*,*,#15357,.T.);
#15355=EDGE_CURVE('',#749,#751,#15358,.F.);
#15356=EDGE_CURVE('',#751,#753,#15359,.T.);
#15357=EDGE_CURVE('',#753,#749,#15360,.T.);
#15358=LINE('',#748,#15361);
#15359=LINE('',#750,#15362);
#15360=LINE('',#752,#15363);
#15361=VECTOR('',#15364,1.0);
#15362=VECTOR('',#15365,1.0);
#15363=VECTOR('',#15366,1.0);
#15364=DIRECTION('',(0.995327012628998,-0.09656157585206697,0));
#15365=DIRECTION('',(-0.7071067811865476,0.7071067811865476,0));
#15366=DIRECTION('',(-1,0,0));
#15367=FACE_SURFACE('',(#15372),#15368,.T.);
#15368=PLANE('',#15369);
#15369=AXIS2_PLACEMENT_3D('',#752,#15370,#15371);
#15370=DIRECTION('',(-0,0,1));
#15371=DIRECTION('',(0.7071067811865476,-0.7071067811865476,0));
#15372=FACE_BOUND('',#15373,.T.);
#15373=EDGE_LOOP('',(#15374,#15375,#15376));
#15374=ORIENTED_EDGE('',*,*,#15377,.T.);
#15375=ORIENTED_EDGE('',*,*,#15378,.T.);
#15376=ORIENTED_EDGE('',*,*,#15379,.T.);
#15377=EDGE_CURVE('',#753,#751,#15380,.F.);
#15378=EDGE_CURVE('',#751,#755,#15381,.T.);
#15379=EDGE_CURVE('',#755,#753,#15382,.T.);
#15380=LINE('',#752,#15383);
#15381=LINE('',#750,#15384);
#15382=LINE('',#754,#15385);
#15383=VECTOR('',#15386,1.0);
#15384=VECTOR('',#15387,1.0);
#15385=VECTOR('',#15388,1.0);
#15386=DIRECTION('',(0.7071067811865476,-0.7071067811865476,0));
#15387=DIRECTION('',(0,1,0));
#15388=DIRECTION('',(-0.09656157585206697,-0.995327012628998,0));
#15389=FACE_SURFACE('',(#15394),#15390,.T.);
#15390=PLANE('',#15391);
#15391=AXIS2_PLACEMENT_3D('',#752,#15392,#15393);
#15392=DIRECTION('',(0,0,1));
#15393=DIRECTION('',(0.09656157585206697,0.995327012628998,0));
#15394=FACE_BOUND('',#15395,.T.);
#15395=EDGE_LOOP('',(#15396,#15397,#15398));
#15396=ORIENTED_EDGE('',*,*,#15399,.T.);
#15397=ORIENTED_EDGE('',*,*,#15400,.T.);
#15398=ORIENTED_EDGE('',*,*,#15401,.T.);
#15399=EDGE_CURVE('',#753,#755,#15402,.F.);
#15400=EDGE_CURVE('',#755,#757,#15403,.T.);
#15401=EDGE_CURVE('',#757,#753,#15404,.T.);
#15402=LINE('',#752,#15405);
#15403=LINE('',#754,#15406);
#15404=LINE('',#756,#15407);
#15405=VECTOR('',#15408,1.0);
#15406=VECTOR('',#15409,1.0);
#15407=VECTOR('',#15410,1.0);
#15408=DIRECTION('',(0.09656157585206697,0.995327012628998,0));
#15409=DIRECTION('',(-0.7071067811865476,-0.7071067811865476,0));
#15410=DIRECTION('',(0,-1,0));
#15411=FACE_SURFACE('',(#15416),#15412,.T.);
#15412=PLANE('',#15413);
#15413=AXIS2_PLACEMENT_3D('',#756,#15414,#15415);
#15414=DIRECTION('',(0,-0,1));
#15415=DIRECTION('',(0.7071067811865476,0.7071067811865476,0));
#15416=FACE_BOUND('',#15417,.T.);
#15417=EDGE_LOOP('',(#15418,#15419,#15420));
#15418=ORIENTED_EDGE('',*,*,#15421,.T.);
#15419=ORIENTED_EDGE('',*,*,#15422,.T.);
#15420=ORIENTED_EDGE('',*,*,#15423,.T.);
#15421=EDGE_CURVE('',#757,#755,#15424,.F.);
#15422=EDGE_CURVE('',#755,#745,#15425,.T.);
#15423=EDGE_CURVE('',#745,#757,#15426,.T.);
#15424=LINE('',#756,#15427);
#15425=LINE('',#754,#15428);
#15426=LINE('',#744,#15429);
#15427=VECTOR('',#15430,1.0);
#15428=VECTOR('',#15431,1.0);
#15429=VECTOR('',#15432,1.0);
#15430=DIRECTION('',(0.7071067811865476,0.7071067811865476,0));
#15431=DIRECTION('',(-1,0,0));
#15432=DIRECTION('',(0.995327012628998,-0.09656157585206697,0));
#15433=FACE_SURFACE('',(#15438),#15434,.T.);
#15434=PLANE('',#15435);
#15435=AXIS2_PLACEMENT_3D('',#756,#15436,#15437);
#15436=DIRECTION('',(0,0,1));
#15437=DIRECTION('',(-0.995327012628998,0.09656157585206697,0));
#15438=FACE_BOUND('',#15439,.T.);
#15439=EDGE_LOOP('',(#15440,#15441,#15442));
#15440=ORIENTED_EDGE('',*,*,#15443,.T.);
#15441=ORIENTED_EDGE('',*,*,#15444,.T.);
#15442=ORIENTED_EDGE('',*,*,#15445,.T.);
#15443=EDGE_CURVE('',#757,#745,#15446,.F.);
#15444=EDGE_CURVE('',#745,#759,#15447,.T.);
#15445=EDGE_CURVE('',#759,#757,#15448,.T.);
#15446=LINE('',#756,#15449);
#15447=LINE('',#744,#15450);
#15448=LINE('',#758,#15451);
#15449=VECTOR('',#15452,1.0);
#15450=VECTOR('',#15453,1.0);
#15451=VECTOR('',#15454,1.0);
#15452=DIRECTION('',(-0.995327012628998,0.09656157585206697,0));
#15453=DIRECTION('',(0.7071067811865476,-0.7071067811865476,0));
#15454=DIRECTION('',(1,0,0));
#15455=FACE_SURFACE('',(#15460),#15456,.T.);
#15456=PLANE('',#15457);
#15457=AXIS2_PLACEMENT_3D('',#758,#15458,#15459);
#15458=DIRECTION('',(0,0,1));
#15459=DIRECTION('',(-0.7071067811865476,0.7071067811865476,0));
#15460=FACE_BOUND('',#15461,.T.);
#15461=EDGE_LOOP('',(#15462,#15463,#15464));
#15462=ORIENTED_EDGE('',*,*,#15465,.T.);
#15463=ORIENTED_EDGE('',*,*,#15466,.T.);
#15464=ORIENTED_EDGE('',*,*,#15467,.T.);
#15465=EDGE_CURVE('',#759,#745,#15468,.F.);
#15466=EDGE_CURVE('',#745,#749,#15469,.T.);
#15467=EDGE_CURVE('',#749,#759,#15470,.T.);
#15468=LINE('',#758,#15471);
#15469=LINE('',#744,#15472);
#15470=LINE('',#748,#15473);
#15471=VECTOR('',#15474,1.0);
#15472=VECTOR('',#15475,1.0);
#15473=VECTOR('',#15476,1.0);
#15474=DIRECTION('',(-0.7071067811865476,0.7071067811865476,0));
#15475=DIRECTION('',(0.09656157585206697,-0.995327012628998,0));
#15476=DIRECTION('',(0,1,0));
#15477=FACE_SURFACE('',(#15482),#15478,.T.);
#15478=PLANE('',#15479);
#15479=AXIS2_PLACEMENT_3D('',#746,#15480,#15481);
#15480=DIRECTION('',(1,0,0));
#15481=DIRECTION('',(0,1,0));
#15482=FACE_BOUND('',#15483,.T.);
#15483=EDGE_LOOP('',(#15484,#15485,#15486));
#15484=ORIENTED_EDGE('',*,*,#15487,.T.);
#15485=ORIENTED_EDGE('',*,*,#15488,.T.);
#15486=ORIENTED_EDGE('',*,*,#15489,.T.);
#15487=EDGE_CURVE('',#747,#745,#15490,.F.);
#15488=EDGE_CURVE('',#745,#647,#15491,.T.);
#15489=EDGE_CURVE('',#647,#747,#15492,.T.);
#15490=LINE('',#746,#15493);
#15491=LINE('',#744,#15494);
#15492=LINE('',#646,#15495);
#15493=VECTOR('',#15496,1.0);
#15494=VECTOR('',#15497,1.0);
#15495=VECTOR('',#15498,1.0);
#15496=DIRECTION('',(0,1,0));
#15497=DIRECTION('',(0,-0.9921736908252444,0.12486539646440152));
#15498=DIRECTION('',(0,0,-1));
#15499=FACE_SURFACE('',(#15504),#15500,.T.);
#15500=PLANE('',#15501);
#15501=AXIS2_PLACEMENT_3D('',#646,#15502,#15503);
#15502=DIRECTION('',(1,-0,0));
#15503=DIRECTION('',(0,0.9921736908252444,-0.12486539646440152));
#15504=FACE_BOUND('',#15505,.T.);
#15505=EDGE_LOOP('',(#15506,#15507,#15508));
#15506=ORIENTED_EDGE('',*,*,#15509,.T.);
#15507=ORIENTED_EDGE('',*,*,#15510,.T.);
#15508=ORIENTED_EDGE('',*,*,#15511,.T.);
#15509=EDGE_CURVE('',#647,#745,#15512,.F.);
#15510=EDGE_CURVE('',#745,#645,#15513,.T.);
#15511=EDGE_CURVE('',#645,#647,#15514,.T.);
#15512=LINE('',#646,#15515);
#15513=LINE('',#744,#15516);
#15514=LINE('',#644,#15517);
#15515=VECTOR('',#15518,1.0);
#15516=VECTOR('',#15519,1.0);
#15517=VECTOR('',#15520,1.0);
#15518=DIRECTION('',(0,0.9921736908252444,-0.12486539646440152));
#15519=DIRECTION('',(0,0,1));
#15520=DIRECTION('',(0,-1,0));
#15521=FACE_SURFACE('',(#15526),#15522,.T.);
#15522=PLANE('',#15523);
#15523=AXIS2_PLACEMENT_3D('',#648,#15524,#15525);
#15524=DIRECTION('',(0,-1,0));
#15525=DIRECTION('',(0.13052678607152235,0,-0.9914447831916001));
#15526=FACE_BOUND('',#15527,.T.);
#15527=EDGE_LOOP('',(#15528,#15529,#15530));
#15528=ORIENTED_EDGE('',*,*,#15531,.T.);
#15529=ORIENTED_EDGE('',*,*,#15532,.T.);
#15530=ORIENTED_EDGE('',*,*,#15533,.T.);
#15531=EDGE_CURVE('',#649,#653,#15534,.F.);
#15532=EDGE_CURVE('',#653,#755,#15535,.T.);
#15533=EDGE_CURVE('',#755,#649,#15536,.T.);
#15534=LINE('',#648,#15537);
#15535=LINE('',#652,#15538);
#15536=LINE('',#754,#15539);
#15537=VECTOR('',#15540,1.0);
#15538=VECTOR('',#15541,1.0);
#15539=VECTOR('',#15542,1.0);
#15540=DIRECTION('',(0.13052678607152235,0,-0.9914447831916001));
#15541=DIRECTION('',(0.997901559898175,0,-0.06474933785598845));
#15542=DIRECTION('',(-0.9975742707764793,0,0.06961015935030943));
#15543=FACE_SURFACE('',(#15548),#15544,.T.);
#15544=PLANE('',#15545);
#15545=AXIS2_PLACEMENT_3D('',#754,#15546,#15547);
#15546=DIRECTION('',(0,-1,0));
#15547=DIRECTION('',(-0.997901559898175,0,0.06474933785598845));
#15548=FACE_BOUND('',#15549,.T.);
#15549=EDGE_LOOP('',(#15550,#15551,#15552));
#15550=ORIENTED_EDGE('',*,*,#15553,.T.);
#15551=ORIENTED_EDGE('',*,*,#15554,.T.);
#15552=ORIENTED_EDGE('',*,*,#15555,.T.);
#15553=EDGE_CURVE('',#755,#653,#15556,.F.);
#15554=EDGE_CURVE('',#653,#657,#15557,.T.);
#15555=EDGE_CURVE('',#657,#755,#15558,.T.);
#15556=LINE('',#754,#15559);
#15557=LINE('',#652,#15560);
#15558=LINE('',#656,#15561);
#15559=VECTOR('',#15562,1.0);
#15560=VECTOR('',#15563,1.0);
#15561=VECTOR('',#15564,1.0);
#15562=DIRECTION('',(-0.997901559898175,0,0.06474933785598845));
#15563=DIRECTION('',(-0.13052678607152235,0,-0.9914447831916001));
#15564=DIRECTION('',(0.9982103772079507,0,-0.05980002369866353));
#15565=FACE_SURFACE('',(#15570),#15566,.T.);
#15566=PLANE('',#15567);
#15567=AXIS2_PLACEMENT_3D('',#754,#15568,#15569);
#15568=DIRECTION('',(0,-1,0));
#15569=DIRECTION('',(-0.9982103772079507,0,0.05980002369866353));
#15570=FACE_BOUND('',#15571,.T.);
#15571=EDGE_LOOP('',(#15572,#15573,#15574));
#15572=ORIENTED_EDGE('',*,*,#15575,.T.);
#15573=ORIENTED_EDGE('',*,*,#15576,.T.);
#15574=ORIENTED_EDGE('',*,*,#15577,.T.);
#15575=EDGE_CURVE('',#755,#657,#15578,.F.);
#15576=EDGE_CURVE('',#657,#661,#15579,.T.);
#15577=EDGE_CURVE('',#661,#755,#15580,.T.);
#15578=LINE('',#754,#15581);
#15579=LINE('',#656,#15582);
#15580=LINE('',#660,#15583);
#15581=VECTOR('',#15584,1.0);
#15582=VECTOR('',#15585,1.0);
#15583=VECTOR('',#15586,1.0);
#15584=DIRECTION('',(-0.9982103772079507,0,0.05980002369866353));
#15585=DIRECTION('',(-0.3826854496202838,0,-0.9238786969342465));
#15586=DIRECTION('',(0.9984798225563167,0,-0.05511845378733153));
#15587=FACE_SURFACE('',(#15592),#15588,.T.);
#15588=PLANE('',#15589);
#15589=AXIS2_PLACEMENT_3D('',#660,#15590,#15591);
#15590=DIRECTION('',(0,-1,-0));
#15591=DIRECTION('',(-0.6087566754816575,0,-0.7933569877782134));
#15592=FACE_BOUND('',#15593,.T.);
#15593=EDGE_LOOP('',(#15594,#15595,#15596));
#15594=ORIENTED_EDGE('',*,*,#15597,.T.);
#15595=ORIENTED_EDGE('',*,*,#15598,.T.);
#15596=ORIENTED_EDGE('',*,*,#15599,.T.);
#15597=EDGE_CURVE('',#661,#665,#15600,.F.);
#15598=EDGE_CURVE('',#665,#755,#15601,.T.);
#15599=EDGE_CURVE('',#755,#661,#15602,.T.);
#15600=LINE('',#660,#15603);
#15601=LINE('',#664,#15604);
#15602=LINE('',#754,#15605);
#15603=VECTOR('',#15606,1.0);
#15604=VECTOR('',#15607,1.0);
#15605=VECTOR('',#15608,1.0);
#15606=DIRECTION('',(-0.6087566754816575,0,-0.7933569877782134));
#15607=DIRECTION('',(0.9986966704060473,0,-0.05103881385646643));
#15608=DIRECTION('',(-0.9984798225563167,0,0.05511845378733153));
#15609=FACE_SURFACE('',(#15614),#15610,.T.);
#15610=PLANE('',#15611);
#15611=AXIS2_PLACEMENT_3D('',#754,#15612,#15613);
#15612=DIRECTION('',(0,-1,0));
#15613=DIRECTION('',(-0.9986966704060473,0,0.05103881385646643));
#15614=FACE_BOUND('',#15615,.T.);
#15615=EDGE_LOOP('',(#15616,#15617,#15618));
#15616=ORIENTED_EDGE('',*,*,#15619,.T.);
#15617=ORIENTED_EDGE('',*,*,#15620,.T.);
#15618=ORIENTED_EDGE('',*,*,#15621,.T.);
#15619=EDGE_CURVE('',#755,#665,#15622,.F.);
#15620=EDGE_CURVE('',#665,#669,#15623,.T.);
#15621=EDGE_CURVE('',#669,#755,#15624,.T.);
#15622=LINE('',#754,#15625);
#15623=LINE('',#664,#15626);
#15624=LINE('',#668,#15627);
#15625=VECTOR('',#15628,1.0);
#15626=VECTOR('',#15629,1.0);
#15627=VECTOR('',#15630,1.0);
#15628=DIRECTION('',(-0.9986966704060473,0,0.05103881385646643));
#15629=DIRECTION('',(-0.7933569877782134,0,-0.6087566754816575));
#15630=DIRECTION('',(0.9988547064986191,0,-0.04784637191634687));
#15631=FACE_SURFACE('',(#15636),#15632,.T.);
#15632=PLANE('',#15633);
#15633=AXIS2_PLACEMENT_3D('',#754,#15634,#15635);
#15634=DIRECTION('',(0,-1,0));
#15635=DIRECTION('',(-0.9988547064986191,0,0.04784637191634687));
#15636=FACE_BOUND('',#15637,.T.);
#15637=EDGE_LOOP('',(#15638,#15639,#15640));
#15638=ORIENTED_EDGE('',*,*,#15641,.T.);
#15639=ORIENTED_EDGE('',*,*,#15642,.T.);
#15640=ORIENTED_EDGE('',*,*,#15643,.T.);
#15641=EDGE_CURVE('',#755,#669,#15644,.F.);
#15642=EDGE_CURVE('',#669,#673,#15645,.T.);
#15643=EDGE_CURVE('',#673,#755,#15646,.T.);
#15644=LINE('',#754,#15647);
#15645=LINE('',#668,#15648);
#15646=LINE('',#672,#15649);
#15647=VECTOR('',#15650,1.0);
#15648=VECTOR('',#15651,1.0);
#15649=VECTOR('',#15652,1.0);
#15650=DIRECTION('',(-0.9988547064986191,0,0.04784637191634687));
#15651=DIRECTION('',(-0.9238786969342465,0,-0.3826854496202838));
#15652=DIRECTION('',(0.9989526481542217,0,-0.04575594765347703));
#15653=FACE_SURFACE('',(#15658),#15654,.T.);
#15654=PLANE('',#15655);
#15655=AXIS2_PLACEMENT_3D('',#754,#15656,#15657);
#15656=DIRECTION('',(0,-1,0));
#15657=DIRECTION('',(-0.9989526481542217,0,0.04575594765347703));
#15658=FACE_BOUND('',#15659,.T.);
#15659=EDGE_LOOP('',(#15660,#15661,#15662));
#15660=ORIENTED_EDGE('',*,*,#15663,.T.);
#15661=ORIENTED_EDGE('',*,*,#15664,.T.);
#15662=ORIENTED_EDGE('',*,*,#15665,.T.);
#15663=EDGE_CURVE('',#755,#673,#15666,.F.);
#15664=EDGE_CURVE('',#673,#745,#15667,.T.);
#15665=EDGE_CURVE('',#745,#755,#15668,.T.);
#15666=LINE('',#754,#15669);
#15667=LINE('',#672,#15670);
#15668=LINE('',#744,#15671);
#15669=VECTOR('',#15672,1.0);
#15670=VECTOR('',#15673,1.0);
#15671=VECTOR('',#15674,1.0);
#15672=DIRECTION('',(-0.9989526481542217,0,0.04575594765347703));
#15673=DIRECTION('',(-0.918623113767014,0,-0.395134881847953));
#15674=DIRECTION('',(1,0,0));
#15675=FACE_SURFACE('',(#15680),#15676,.T.);
#15676=PLANE('',#15677);
#15677=AXIS2_PLACEMENT_3D('',#744,#15678,#15679);
#15678=DIRECTION('',(0,-1,0));
#15679=DIRECTION('',(0.918623113767014,0,0.395134881847953));
#15680=FACE_BOUND('',#15681,.T.);
#15681=EDGE_LOOP('',(#15682,#15683,#15684));
#15682=ORIENTED_EDGE('',*,*,#15685,.T.);
#15683=ORIENTED_EDGE('',*,*,#15686,.T.);
#15684=ORIENTED_EDGE('',*,*,#15687,.T.);
#15685=EDGE_CURVE('',#745,#673,#15688,.F.);
#15686=EDGE_CURVE('',#673,#677,#15689,.T.);
#15687=EDGE_CURVE('',#677,#745,#15690,.T.);
#15688=LINE('',#744,#15691);
#15689=LINE('',#672,#15692);
#15690=LINE('',#676,#15693);
#15691=VECTOR('',#15694,1.0);
#15692=VECTOR('',#15695,1.0);
#15693=VECTOR('',#15696,1.0);
#15694=DIRECTION('',(0.918623113767014,0,0.395134881847953));
#15695=DIRECTION('',(-0.9914447831916001,0,-0.13052678607152235));
#15696=DIRECTION('',(-0.9138115486202572,0,-0.4061384660534476));
#15697=FACE_SURFACE('',(#15702),#15698,.T.);
#15698=PLANE('',#15699);
#15699=AXIS2_PLACEMENT_3D('',#744,#15700,#15701);
#15700=DIRECTION('',(0,-1,0));
#15701=DIRECTION('',(0.9138115486202572,0,0.4061384660534476));
#15702=FACE_BOUND('',#15703,.T.);
#15703=EDGE_LOOP('',(#15704,#15705,#15706));
#15704=ORIENTED_EDGE('',*,*,#15707,.T.);
#15705=ORIENTED_EDGE('',*,*,#15708,.T.);
#15706=ORIENTED_EDGE('',*,*,#15709,.T.);
#15707=EDGE_CURVE('',#745,#677,#15710,.F.);
#15708=EDGE_CURVE('',#677,#681,#15711,.T.);
#15709=EDGE_CURVE('',#681,#745,#15712,.T.);
#15710=LINE('',#744,#15713);
#15711=LINE('',#676,#15714);
#15712=LINE('',#680,#15715);
#15713=VECTOR('',#15716,1.0);
#15714=VECTOR('',#15717,1.0);
#15715=VECTOR('',#15718,1.0);
#15716=DIRECTION('',(0.9138115486202572,0,0.4061384660534476));
#15717=DIRECTION('',(-0.9914447831916001,0,0.13052678607152235));
#15718=DIRECTION('',(-0.9038209059139559,0,-0.4279109370334859));
#15719=FACE_SURFACE('',(#15724),#15720,.T.);
#15720=PLANE('',#15721);
#15721=AXIS2_PLACEMENT_3D('',#680,#15722,#15723);
#15722=DIRECTION('',(-0,-1,0));
#15723=DIRECTION('',(-0.9238786969342465,0,0.3826854496202838));
#15724=FACE_BOUND('',#15725,.T.);
#15725=EDGE_LOOP('',(#15726,#15727,#15728));
#15726=ORIENTED_EDGE('',*,*,#15729,.T.);
#15727=ORIENTED_EDGE('',*,*,#15730,.T.);
#15728=ORIENTED_EDGE('',*,*,#15731,.T.);
#15729=EDGE_CURVE('',#681,#685,#15732,.F.);
#15730=EDGE_CURVE('',#685,#745,#15733,.T.);
#15731=EDGE_CURVE('',#745,#681,#15734,.T.);
#15732=LINE('',#680,#15735);
#15733=LINE('',#684,#15736);
#15734=LINE('',#744,#15737);
#15735=VECTOR('',#15738,1.0);
#15736=VECTOR('',#15739,1.0);
#15737=VECTOR('',#15740,1.0);
#15738=DIRECTION('',(-0.9238786969342465,0,0.3826854496202838));
#15739=DIRECTION('',(-0.8882551844071706,0,-0.45935033185335067));
#15740=DIRECTION('',(0.9038209059139559,0,0.4279109370334859));
#15741=FACE_SURFACE('',(#15746),#15742,.T.);
#15742=PLANE('',#15743);
#15743=AXIS2_PLACEMENT_3D('',#744,#15744,#15745);
#15744=DIRECTION('',(0,-1,0));
#15745=DIRECTION('',(0.8882551844071706,0,0.45935033185335067));
#15746=FACE_BOUND('',#15747,.T.);
#15747=EDGE_LOOP('',(#15748,#15749,#15750));
#15748=ORIENTED_EDGE('',*,*,#15751,.T.);
#15749=ORIENTED_EDGE('',*,*,#15752,.T.);
#15750=ORIENTED_EDGE('',*,*,#15753,.T.);
#15751=EDGE_CURVE('',#745,#685,#15754,.F.);
#15752=EDGE_CURVE('',#685,#689,#15755,.T.);
#15753=EDGE_CURVE('',#689,#745,#15756,.T.);
#15754=LINE('',#744,#15757);
#15755=LINE('',#684,#15758);
#15756=LINE('',#688,#15759);
#15757=VECTOR('',#15760,1.0);
#15758=VECTOR('',#15761,1.0);
#15759=VECTOR('',#15762,1.0);
#15760=DIRECTION('',(0.8882551844071706,0,0.45935033185335067));
#15761=DIRECTION('',(-0.7933569877782134,0,0.6087566754816575));
#15762=DIRECTION('',(-0.8673468831258233,0,-0.49770411323588576));
#15763=FACE_SURFACE('',(#15768),#15764,.T.);
#15764=PLANE('',#15765);
#15765=AXIS2_PLACEMENT_3D('',#744,#15766,#15767);
#15766=DIRECTION('',(0,-1,0));
#15767=DIRECTION('',(0.8673468831258233,0,0.49770411323588576));
#15768=FACE_BOUND('',#15769,.T.);
#15769=EDGE_LOOP('',(#15770,#15771,#15772));
#15770=ORIENTED_EDGE('',*,*,#15773,.T.);
#15771=ORIENTED_EDGE('',*,*,#15774,.T.);
#15772=ORIENTED_EDGE('',*,*,#15775,.T.);
#15773=EDGE_CURVE('',#745,#689,#15776,.F.);
#15774=EDGE_CURVE('',#689,#693,#15777,.T.);
#15775=EDGE_CURVE('',#693,#745,#15778,.T.);
#15776=LINE('',#744,#15779);
#15777=LINE('',#688,#15780);
#15778=LINE('',#692,#15781);
#15779=VECTOR('',#15782,1.0);
#15780=VECTOR('',#15783,1.0);
#15781=VECTOR('',#15784,1.0);
#15782=DIRECTION('',(0.8673468831258233,0,0.49770411323588576));
#15783=DIRECTION('',(-0.6087566754816575,0,0.7933569877782134));
#15784=DIRECTION('',(-0.8424185037247957,0,-0.5388237787830791));
#15785=FACE_SURFACE('',(#15790),#15786,.T.);
#15786=PLANE('',#15787);
#15787=AXIS2_PLACEMENT_3D('',#692,#15788,#15789);
#15788=DIRECTION('',(-0,-1,0));
#15789=DIRECTION('',(-0.3826854496202838,0,0.9238786969342465));
#15790=FACE_BOUND('',#15791,.T.);
#15791=EDGE_LOOP('',(#15792,#15793,#15794));
#15792=ORIENTED_EDGE('',*,*,#15795,.T.);
#15793=ORIENTED_EDGE('',*,*,#15796,.T.);
#15794=ORIENTED_EDGE('',*,*,#15797,.T.);
#15795=EDGE_CURVE('',#693,#697,#15798,.F.);
#15796=EDGE_CURVE('',#697,#745,#15799,.T.);
#15797=EDGE_CURVE('',#745,#693,#15800,.T.);
#15798=LINE('',#692,#15801);
#15799=LINE('',#696,#15802);
#15800=LINE('',#744,#15803);
#15801=VECTOR('',#15804,1.0);
#15802=VECTOR('',#15805,1.0);
#15803=VECTOR('',#15806,1.0);
#15804=DIRECTION('',(-0.3826854496202838,0,0.9238786969342465));
#15805=DIRECTION('',(-0.8159916932783676,0,-0.5780636266888813));
#15806=DIRECTION('',(0.8424185037247957,0,0.5388237787830791));
#15807=FACE_SURFACE('',(#15812),#15808,.T.);
#15808=PLANE('',#15809);
#15809=AXIS2_PLACEMENT_3D('',#744,#15810,#15811);
#15810=DIRECTION('',(0,-1,0));
#15811=DIRECTION('',(0.8159916932783676,0,0.5780636266888813));
#15812=FACE_BOUND('',#15813,.T.);
#15813=EDGE_LOOP('',(#15814,#15815,#15816));
#15814=ORIENTED_EDGE('',*,*,#15817,.T.);
#15815=ORIENTED_EDGE('',*,*,#15818,.T.);
#15816=ORIENTED_EDGE('',*,*,#15819,.T.);
#15817=EDGE_CURVE('',#745,#697,#15820,.F.);
#15818=EDGE_CURVE('',#697,#701,#15821,.T.);
#15819=EDGE_CURVE('',#701,#745,#15822,.T.);
#15820=LINE('',#744,#15823);
#15821=LINE('',#696,#15824);
#15822=LINE('',#700,#15825);
#15823=VECTOR('',#15826,1.0);
#15824=VECTOR('',#15827,1.0);
#15825=VECTOR('',#15828,1.0);
#15826=DIRECTION('',(0.8159916932783676,0,0.5780636266888813));
#15827=DIRECTION('',(-0.13052678607152235,0,0.9914447831916001));
#15828=DIRECTION('',(-0.7912850013921671,0,-0.6114475010757654));
#15829=FACE_SURFACE('',(#15834),#15830,.T.);
#15830=PLANE('',#15831);
#15831=AXIS2_PLACEMENT_3D('',#744,#15832,#15833);
#15832=DIRECTION('',(0,-1,0));
#15833=DIRECTION('',(0.7912850013921671,0,0.6114475010757654));
#15834=FACE_BOUND('',#15835,.T.);
#15835=EDGE_LOOP('',(#15836,#15837,#15838));
#15836=ORIENTED_EDGE('',*,*,#15839,.T.);
#15837=ORIENTED_EDGE('',*,*,#15840,.T.);
#15838=ORIENTED_EDGE('',*,*,#15841,.T.);
#15839=EDGE_CURVE('',#745,#701,#15842,.F.);
#15840=EDGE_CURVE('',#701,#645,#15843,.T.);
#15841=EDGE_CURVE('',#645,#745,#15844,.T.);
#15842=LINE('',#744,#15845);
#15843=LINE('',#700,#15846);
#15844=LINE('',#644,#15847);
#15845=VECTOR('',#15848,1.0);
#15846=VECTOR('',#15849,1.0);
#15847=VECTOR('',#15850,1.0);
#15848=DIRECTION('',(0.7912850013921671,0,0.6114475010757654));
#15849=DIRECTION('',(-0.7399400733959437,0,0.6726727939963124));
#15850=DIRECTION('',(0,0,-1));
#15851=FACE_SURFACE('',(#15856),#15852,.T.);
#15852=PLANE('',#15853);
#15853=AXIS2_PLACEMENT_3D('',#644,#15854,#15855);
#15854=DIRECTION('',(0,-1,0));
#15855=DIRECTION('',(0.7399400733959437,0,-0.6726727939963124));
#15856=FACE_BOUND('',#15857,.T.);
#15857=EDGE_LOOP('',(#15858,#15859,#15860));
#15858=ORIENTED_EDGE('',*,*,#15861,.T.);
#15859=ORIENTED_EDGE('',*,*,#15862,.T.);
#15860=ORIENTED_EDGE('',*,*,#15863,.T.);
#15861=EDGE_CURVE('',#645,#701,#15864,.F.);
#15862=EDGE_CURVE('',#701,#705,#15865,.T.);
#15863=EDGE_CURVE('',#705,#645,#15866,.T.);
#15864=LINE('',#644,#15867);
#15865=LINE('',#700,#15868);
#15866=LINE('',#704,#15869);
#15867=VECTOR('',#15870,1.0);
#15868=VECTOR('',#15871,1.0);
#15869=VECTOR('',#15872,1.0);
#15870=DIRECTION('',(0.7399400733959437,0,-0.6726727939963124));
#15871=DIRECTION('',(0.13052678607152235,0,0.9914447831916001));
#15872=DIRECTION('',(-0.7642974181780992,0,0.6448639054609054));
#15873=FACE_SURFACE('',(#15878),#15874,.T.);
#15874=PLANE('',#15875);
#15875=AXIS2_PLACEMENT_3D('',#644,#15876,#15877);
#15876=DIRECTION('',(0,-1,0));
#15877=DIRECTION('',(0.7642974181780992,0,-0.6448639054609054));
#15878=FACE_BOUND('',#15879,.T.);
#15879=EDGE_LOOP('',(#15880,#15881,#15882));
#15880=ORIENTED_EDGE('',*,*,#15883,.T.);
#15881=ORIENTED_EDGE('',*,*,#15884,.T.);
#15882=ORIENTED_EDGE('',*,*,#15885,.T.);
#15883=EDGE_CURVE('',#645,#705,#15886,.F.);
#15884=EDGE_CURVE('',#705,#709,#15887,.T.);
#15885=EDGE_CURVE('',#709,#645,#15888,.T.);
#15886=LINE('',#644,#15889);
#15887=LINE('',#704,#15890);
#15888=LINE('',#708,#15891);
#15889=VECTOR('',#15892,1.0);
#15890=VECTOR('',#15893,1.0);
#15891=VECTOR('',#15894,1.0);
#15892=DIRECTION('',(0.7642974181780992,0,-0.6448639054609054));
#15893=DIRECTION('',(0.3826854496202838,0,0.9238786969342465));
#15894=DIRECTION('',(-0.7915827792481533,0,0.6110619474306752));
#15895=FACE_SURFACE('',(#15900),#15896,.T.);
#15896=PLANE('',#15897);
#15897=AXIS2_PLACEMENT_3D('',#708,#15898,#15899);
#15898=DIRECTION('',(0,-1,0));
#15899=DIRECTION('',(0.6087566754816575,0,0.7933569877782134));
#15900=FACE_BOUND('',#15901,.T.);
#15901=EDGE_LOOP('',(#15902,#15903,#15904));
#15902=ORIENTED_EDGE('',*,*,#15905,.T.);
#15903=ORIENTED_EDGE('',*,*,#15906,.T.);
#15904=ORIENTED_EDGE('',*,*,#15907,.T.);
#15905=EDGE_CURVE('',#709,#713,#15908,.F.);
#15906=EDGE_CURVE('',#713,#645,#15909,.T.);
#15907=EDGE_CURVE('',#645,#709,#15910,.T.);
#15908=LINE('',#708,#15911);
#15909=LINE('',#712,#15912);
#15910=LINE('',#644,#15913);
#15911=VECTOR('',#15914,1.0);
#15912=VECTOR('',#15915,1.0);
#15913=VECTOR('',#15916,1.0);
#15914=DIRECTION('',(0.6087566754816575,0,0.7933569877782134));
#15915=DIRECTION('',(-0.8185866611997283,0,0.5743830412763604));
#15916=DIRECTION('',(0.7915827792481533,0,-0.6110619474306752));
#15917=FACE_SURFACE('',(#15922),#15918,.T.);
#15918=PLANE('',#15919);
#15919=AXIS2_PLACEMENT_3D('',#644,#15920,#15921);
#15920=DIRECTION('',(0,-1,0));
#15921=DIRECTION('',(0.8185866611997283,0,-0.5743830412763604));
#15922=FACE_BOUND('',#15923,.T.);
#15923=EDGE_LOOP('',(#15924,#15925,#15926));
#15924=ORIENTED_EDGE('',*,*,#15927,.T.);
#15925=ORIENTED_EDGE('',*,*,#15928,.T.);
#15926=ORIENTED_EDGE('',*,*,#15929,.T.);
#15927=EDGE_CURVE('',#645,#713,#15930,.F.);
#15928=EDGE_CURVE('',#713,#717,#15931,.T.);
#15929=EDGE_CURVE('',#717,#645,#15932,.T.);
#15930=LINE('',#644,#15933);
#15931=LINE('',#712,#15934);
#15932=LINE('',#716,#15935);
#15933=VECTOR('',#15936,1.0);
#15934=VECTOR('',#15937,1.0);
#15935=VECTOR('',#15938,1.0);
#15936=DIRECTION('',(0.8185866611997283,0,-0.5743830412763604));
#15937=DIRECTION('',(0.7933569877782134,0,0.6087566754816575));
#15938=DIRECTION('',(-0.8424294162505581,0,0.5388067173261148));
#15939=FACE_SURFACE('',(#15944),#15940,.T.);
#15940=PLANE('',#15941);
#15941=AXIS2_PLACEMENT_3D('',#644,#15942,#15943);
#15942=DIRECTION('',(0,-1,0));
#15943=DIRECTION('',(0.8424294162505581,0,-0.5388067173261148));
#15944=FACE_BOUND('',#15945,.T.);
#15945=EDGE_LOOP('',(#15946,#15947,#15948));
#15946=ORIENTED_EDGE('',*,*,#15949,.T.);
#15947=ORIENTED_EDGE('',*,*,#15950,.T.);
#15948=ORIENTED_EDGE('',*,*,#15951,.T.);
#15949=EDGE_CURVE('',#645,#717,#15952,.F.);
#15950=EDGE_CURVE('',#717,#721,#15953,.T.);
#15951=EDGE_CURVE('',#721,#645,#15954,.T.);
#15952=LINE('',#644,#15955);
#15953=LINE('',#716,#15956);
#15954=LINE('',#720,#15957);
#15955=VECTOR('',#15958,1.0);
#15956=VECTOR('',#15959,1.0);
#15957=VECTOR('',#15960,1.0);
#15958=DIRECTION('',(0.8424294162505581,0,-0.5388067173261148));
#15959=DIRECTION('',(0.9238786969342465,0,0.3826854496202838));
#15960=DIRECTION('',(-0.8612122185089364,0,0.5082455259920307));
#15961=FACE_SURFACE('',(#15966),#15962,.T.);
#15962=PLANE('',#15963);
#15963=AXIS2_PLACEMENT_3D('',#720,#15964,#15965);
#15964=DIRECTION('',(0,-1,0));
#15965=DIRECTION('',(0.9914447831916001,0,0.13052678607152235));
#15966=FACE_BOUND('',#15967,.T.);
#15967=EDGE_LOOP('',(#15968,#15969,#15970));
#15968=ORIENTED_EDGE('',*,*,#15971,.T.);
#15969=ORIENTED_EDGE('',*,*,#15972,.T.);
#15970=ORIENTED_EDGE('',*,*,#15973,.T.);
#15971=EDGE_CURVE('',#721,#725,#15974,.F.);
#15972=EDGE_CURVE('',#725,#645,#15975,.T.);
#15973=EDGE_CURVE('',#645,#721,#15976,.T.);
#15974=LINE('',#720,#15977);
#15975=LINE('',#724,#15978);
#15976=LINE('',#644,#15979);
#15977=VECTOR('',#15980,1.0);
#15978=VECTOR('',#15981,1.0);
#15979=VECTOR('',#15982,1.0);
#15980=DIRECTION('',(0.9914447831916001,0,0.13052678607152235));
#15981=DIRECTION('',(-0.8741572761215377,0,0.48564293117863205));
#15982=DIRECTION('',(0.8612122185089364,0,-0.5082455259920307));
#15983=FACE_SURFACE('',(#15988),#15984,.T.);
#15984=PLANE('',#15985);
#15985=AXIS2_PLACEMENT_3D('',#644,#15986,#15987);
#15986=DIRECTION('',(0,-1,0));
#15987=DIRECTION('',(0.8741572761215377,0,-0.48564293117863205));
#15988=FACE_BOUND('',#15989,.T.);
#15989=EDGE_LOOP('',(#15990,#15991,#15992));
#15990=ORIENTED_EDGE('',*,*,#15993,.T.);
#15991=ORIENTED_EDGE('',*,*,#15994,.T.);
#15992=ORIENTED_EDGE('',*,*,#15995,.T.);
#15993=EDGE_CURVE('',#645,#725,#15996,.F.);
#15994=EDGE_CURVE('',#725,#729,#15997,.T.);
#15995=EDGE_CURVE('',#729,#645,#15998,.T.);
#15996=LINE('',#644,#15999);
#15997=LINE('',#724,#16000);
#15998=LINE('',#728,#16001);
#15999=VECTOR('',#16002,1.0);
#16000=VECTOR('',#16003,1.0);
#16001=VECTOR('',#16004,1.0);
#16002=DIRECTION('',(0.8741572761215377,0,-0.48564293117863205));
#16003=DIRECTION('',(0.9914447831916001,0,-0.13052678607152235));
#16004=DIRECTION('',(-0.8813137020364523,0,0.47253164825522875));
#16005=FACE_SURFACE('',(#16010),#16006,.T.);
#16006=PLANE('',#16007);
#16007=AXIS2_PLACEMENT_3D('',#644,#16008,#16009);
#16008=DIRECTION('',(0,-1,0));
#16009=DIRECTION('',(0.8813137020364523,0,-0.47253164825522875));
#16010=FACE_BOUND('',#16011,.T.);
#16011=EDGE_LOOP('',(#16012,#16013,#16014));
#16012=ORIENTED_EDGE('',*,*,#16015,.T.);
#16013=ORIENTED_EDGE('',*,*,#16016,.T.);
#16014=ORIENTED_EDGE('',*,*,#16017,.T.);
#16015=EDGE_CURVE('',#645,#729,#16018,.F.);
#16016=EDGE_CURVE('',#729,#643,#16019,.T.);
#16017=EDGE_CURVE('',#643,#645,#16020,.T.);
#16018=LINE('',#644,#16021);
#16019=LINE('',#728,#16022);
#16020=LINE('',#642,#16023);
#16021=VECTOR('',#16024,1.0);
#16022=VECTOR('',#16025,1.0);
#16023=VECTOR('',#16026,1.0);
#16024=DIRECTION('',(0.8813137020364523,0,-0.47253164825522875));
#16025=DIRECTION('',(0.9983740774165101,0,0.057001767891289086));
#16026=DIRECTION('',(-1,0,0));
#16027=FACE_SURFACE('',(#16032),#16028,.T.);
#16028=PLANE('',#16029);
#16029=AXIS2_PLACEMENT_3D('',#642,#16030,#16031);
#16030=DIRECTION('',(0,-1,0));
#16031=DIRECTION('',(-0.9983740774165101,0,-0.057001767891289086));
#16032=FACE_BOUND('',#16033,.T.);
#16033=EDGE_LOOP('',(#16034,#16035,#16036));
#16034=ORIENTED_EDGE('',*,*,#16037,.T.);
#16035=ORIENTED_EDGE('',*,*,#16038,.T.);
#16036=ORIENTED_EDGE('',*,*,#16039,.T.);
#16037=EDGE_CURVE('',#643,#729,#16040,.F.);
#16038=EDGE_CURVE('',#729,#733,#16041,.T.);
#16039=EDGE_CURVE('',#733,#643,#16042,.T.);
#16040=LINE('',#642,#16043);
#16041=LINE('',#728,#16044);
#16042=LINE('',#732,#16045);
#16043=VECTOR('',#16046,1.0);
#16044=VECTOR('',#16047,1.0);
#16045=VECTOR('',#16048,1.0);
#16046=DIRECTION('',(-0.9983740774165101,0,-0.057001767891289086));
#16047=DIRECTION('',(0.9238786969342465,0,-0.3826854496202838));
#16048=DIRECTION('',(0.9982497164813363,0,0.05913969517110727));
#16049=FACE_SURFACE('',(#16054),#16050,.T.);
#16050=PLANE('',#16051);
#16051=AXIS2_PLACEMENT_3D('',#642,#16052,#16053);
#16052=DIRECTION('',(0,-1,0));
#16053=DIRECTION('',(-0.9982497164813363,0,-0.05913969517110727));
#16054=FACE_BOUND('',#16055,.T.);
#16055=EDGE_LOOP('',(#16056,#16057,#16058));
#16056=ORIENTED_EDGE('',*,*,#16059,.T.);
#16057=ORIENTED_EDGE('',*,*,#16060,.T.);
#16058=ORIENTED_EDGE('',*,*,#16061,.T.);
#16059=EDGE_CURVE('',#643,#733,#16062,.F.);
#16060=EDGE_CURVE('',#733,#737,#16063,.T.);
#16061=EDGE_CURVE('',#737,#643,#16064,.T.);
#16062=LINE('',#642,#16065);
#16063=LINE('',#732,#16066);
#16064=LINE('',#736,#16067);
#16065=VECTOR('',#16068,1.0);
#16066=VECTOR('',#16069,1.0);
#16067=VECTOR('',#16070,1.0);
#16068=DIRECTION('',(-0.9982497164813363,0,-0.05913969517110727));
#16069=DIRECTION('',(0.7933569877782134,0,-0.6087566754816575));
#16070=DIRECTION('',(0.9980530658433576,0,0.062370487898320164));
#16071=FACE_SURFACE('',(#16076),#16072,.T.);
#16072=PLANE('',#16073);
#16073=AXIS2_PLACEMENT_3D('',#736,#16074,#16075);
#16074=DIRECTION('',(0,-1,0));
#16075=DIRECTION('',(0.6087566754816575,0,-0.7933569877782134));
#16076=FACE_BOUND('',#16077,.T.);
#16077=EDGE_LOOP('',(#16078,#16079,#16080));
#16078=ORIENTED_EDGE('',*,*,#16081,.T.);
#16079=ORIENTED_EDGE('',*,*,#16082,.T.);
#16080=ORIENTED_EDGE('',*,*,#16083,.T.);
#16081=EDGE_CURVE('',#737,#741,#16084,.F.);
#16082=EDGE_CURVE('',#741,#643,#16085,.T.);
#16083=EDGE_CURVE('',#643,#737,#16086,.T.);
#16084=LINE('',#736,#16087);
#16085=LINE('',#740,#16088);
#16086=LINE('',#642,#16089);
#16087=VECTOR('',#16090,1.0);
#16088=VECTOR('',#16091,1.0);
#16089=VECTOR('',#16092,1.0);
#16090=DIRECTION('',(0.6087566754816575,0,-0.7933569877782134));
#16091=DIRECTION('',(0.9977880122380904,0,0.06647618095197887));
#16092=DIRECTION('',(-0.9980530658433576,0,-0.062370487898320164));
#16093=FACE_SURFACE('',(#16098),#16094,.T.);
#16094=PLANE('',#16095);
#16095=AXIS2_PLACEMENT_3D('',#642,#16096,#16097);
#16096=DIRECTION('',(0,-1,0));
#16097=DIRECTION('',(-0.9977880122380904,0,-0.06647618095197887));
#16098=FACE_BOUND('',#16099,.T.);
#16099=EDGE_LOOP('',(#16100,#16101,#16102));
#16100=ORIENTED_EDGE('',*,*,#16103,.T.);
#16101=ORIENTED_EDGE('',*,*,#16104,.T.);
#16102=ORIENTED_EDGE('',*,*,#16105,.T.);
#16103=EDGE_CURVE('',#643,#741,#16106,.F.);
#16104=EDGE_CURVE('',#741,#649,#16107,.T.);
#16105=EDGE_CURVE('',#649,#643,#16108,.T.);
#16106=LINE('',#642,#16109);
#16107=LINE('',#740,#16110);
#16108=LINE('',#648,#16111);
#16109=VECTOR('',#16112,1.0);
#16110=VECTOR('',#16113,1.0);
#16111=VECTOR('',#16114,1.0);
#16112=DIRECTION('',(-0.9977880122380904,0,-0.06647618095197887));
#16113=DIRECTION('',(0.3826854496202838,0,-0.9238786969342465));
#16114=DIRECTION('',(0.9974642539411083,0,0.0711692497481066));
#16115=FACE_SURFACE('',(#16120),#16116,.T.);
#16116=PLANE('',#16117);
#16117=AXIS2_PLACEMENT_3D('',#642,#16118,#16119);
#16118=DIRECTION('',(0,-1,-0));
#16119=DIRECTION('',(-0.9974642539411083,0,-0.0711692497481066));
#16120=FACE_BOUND('',#16121,.T.);
#16121=EDGE_LOOP('',(#16122,#16123,#16124));
#16122=ORIENTED_EDGE('',*,*,#16125,.T.);
#16123=ORIENTED_EDGE('',*,*,#16126,.T.);
#16124=ORIENTED_EDGE('',*,*,#16127,.T.);
#16125=EDGE_CURVE('',#643,#649,#16128,.F.);
#16126=EDGE_CURVE('',#649,#755,#16129,.T.);
#16127=EDGE_CURVE('',#755,#643,#16130,.T.);
#16128=LINE('',#642,#16131);
#16129=LINE('',#648,#16132);
#16130=LINE('',#754,#16133);
#16131=VECTOR('',#16134,1.0);
#16132=VECTOR('',#16135,1.0);
#16133=VECTOR('',#16136,1.0);
#16134=DIRECTION('',(-0.9974642539411083,0,-0.0711692497481066));
#16135=DIRECTION('',(0.9975742707764793,0,-0.06961015935030943));
#16136=DIRECTION('',(0,0,1));
#16137=FACE_SURFACE('',(#16142),#16138,.T.);
#16138=PLANE('',#16139);
#16139=AXIS2_PLACEMENT_3D('',#754,#16140,#16141);
#16140=DIRECTION('',(-1,0,0));
#16141=DIRECTION('',(0,-1,0));
#16142=FACE_BOUND('',#16143,.T.);
#16143=EDGE_LOOP('',(#16144,#16145,#16146));
#16144=ORIENTED_EDGE('',*,*,#16147,.T.);
#16145=ORIENTED_EDGE('',*,*,#16148,.T.);
#16146=ORIENTED_EDGE('',*,*,#16149,.T.);
#16147=EDGE_CURVE('',#755,#751,#16150,.F.);
#16148=EDGE_CURVE('',#751,#643,#16151,.T.);
#16149=EDGE_CURVE('',#643,#755,#16152,.T.);
#16150=LINE('',#754,#16153);
#16151=LINE('',#750,#16154);
#16152=LINE('',#642,#16155);
#16153=VECTOR('',#16156,1.0);
#16154=VECTOR('',#16157,1.0);
#16155=VECTOR('',#16158,1.0);
#16156=DIRECTION('',(0,-1,0));
#16157=DIRECTION('',(0,0.9921736908252444,0.12486539646440152));
#16158=DIRECTION('',(0,0,-1));
#16159=FACE_SURFACE('',(#16164),#16160,.T.);
#16160=PLANE('',#16161);
#16161=AXIS2_PLACEMENT_3D('',#642,#16162,#16163);
#16162=DIRECTION('',(-1,-0,0));
#16163=DIRECTION('',(0,-0.9921736908252444,-0.12486539646440152));
#16164=FACE_BOUND('',#16165,.T.);
#16165=EDGE_LOOP('',(#16166,#16167,#16168));
#16166=ORIENTED_EDGE('',*,*,#16169,.T.);
#16167=ORIENTED_EDGE('',*,*,#16170,.T.);
#16168=ORIENTED_EDGE('',*,*,#16171,.T.);
#16169=EDGE_CURVE('',#643,#751,#16172,.F.);
#16170=EDGE_CURVE('',#751,#641,#16173,.T.);
#16171=EDGE_CURVE('',#641,#643,#16174,.T.);
#16172=LINE('',#642,#16175);
#16173=LINE('',#750,#16176);
#16174=LINE('',#640,#16177);
#16175=VECTOR('',#16178,1.0);
#16176=VECTOR('',#16179,1.0);
#16177=VECTOR('',#16180,1.0);
#16178=DIRECTION('',(0,-0.9921736908252444,-0.12486539646440152));
#16179=DIRECTION('',(0,0,1));
#16180=DIRECTION('',(0,1,0));
#16181=FACE_SURFACE('',(#16186),#16182,.T.);
#16182=PLANE('',#16183);
#16183=AXIS2_PLACEMENT_3D('',#750,#16184,#16185);
#16184=DIRECTION('',(0,1,-0));
#16185=DIRECTION('',(-1,0,0));
#16186=FACE_BOUND('',#16187,.T.);
#16187=EDGE_LOOP('',(#16188,#16189,#16190));
#16188=ORIENTED_EDGE('',*,*,#16191,.T.);
#16189=ORIENTED_EDGE('',*,*,#16192,.T.);
#16190=ORIENTED_EDGE('',*,*,#16193,.T.);
#16191=EDGE_CURVE('',#751,#747,#16194,.F.);
#16192=EDGE_CURVE('',#747,#641,#16195,.T.);
#16193=EDGE_CURVE('',#641,#751,#16196,.T.);
#16194=LINE('',#750,#16197);
#16195=LINE('',#746,#16198);
#16196=LINE('',#640,#16199);
#16197=VECTOR('',#16200,1.0);
#16198=VECTOR('',#16201,1.0);
#16199=VECTOR('',#16202,1.0);
#16200=DIRECTION('',(-1,0,0));
#16201=DIRECTION('',(0.9921736908252444,0,0.12486539646440152));
#16202=DIRECTION('',(0,0,-1));
#16203=FACE_SURFACE('',(#16208),#16204,.T.);
#16204=PLANE('',#16205);
#16205=AXIS2_PLACEMENT_3D('',#640,#16206,#16207);
#16206=DIRECTION('',(0,1,0));
#16207=DIRECTION('',(-0.9921736908252444,0,-0.12486539646440152));
#16208=FACE_BOUND('',#16209,.T.);
#16209=EDGE_LOOP('',(#16210,#16211,#16212));
#16210=ORIENTED_EDGE('',*,*,#16213,.T.);
#16211=ORIENTED_EDGE('',*,*,#16214,.T.);
#16212=ORIENTED_EDGE('',*,*,#16215,.T.);
#16213=EDGE_CURVE('',#641,#747,#16216,.F.);
#16214=EDGE_CURVE('',#747,#647,#16217,.T.);
#16215=EDGE_CURVE('',#647,#641,#16218,.T.);
#16216=LINE('',#640,#16219);
#16217=LINE('',#746,#16220);
#16218=LINE('',#646,#16221);
#16219=VECTOR('',#16222,1.0);
#16220=VECTOR('',#16223,1.0);
#16221=VECTOR('',#16224,1.0);
#16222=DIRECTION('',(-0.9921736908252444,0,-0.12486539646440152));
#16223=DIRECTION('',(0,0,1));
#16224=DIRECTION('',(1,0,0));
#16225=FACE_SURFACE('',(#16230),#16226,.T.);
#16226=PLANE('',#16227);
#16227=AXIS2_PLACEMENT_3D('',#760,#16228,#16229);
#16228=DIRECTION('',(0,0,-1));
#16229=DIRECTION('',(0.07098155407457342,-0.9974776283111108,0));
#16230=FACE_BOUND('',#16231,.T.);
#16231=EDGE_LOOP('',(#16232,#16233,#16234));
#16232=ORIENTED_EDGE('',*,*,#16235,.T.);
#16233=ORIENTED_EDGE('',*,*,#16236,.T.);
#16234=ORIENTED_EDGE('',*,*,#16237,.T.);
#16235=EDGE_CURVE('',#761,#763,#16238,.F.);
#16236=EDGE_CURVE('',#763,#765,#16239,.T.);
#16237=EDGE_CURVE('',#765,#761,#16240,.T.);
#16238=LINE('',#760,#16241);
#16239=LINE('',#762,#16242);
#16240=LINE('',#764,#16243);
#16241=VECTOR('',#16244,1.0);
#16242=VECTOR('',#16245,1.0);
#16243=VECTOR('',#16246,1.0);
#16244=DIRECTION('',(0.07098155407457342,-0.9974776283111108,0));
#16245=DIRECTION('',(-0.7071067811865475,-0.7071067811865475,0));
#16246=DIRECTION('',(0,1,0));
#16247=FACE_SURFACE('',(#16252),#16248,.T.);
#16248=PLANE('',#16249);
#16249=AXIS2_PLACEMENT_3D('',#764,#16250,#16251);
#16250=DIRECTION('',(0,0,-1));
#16251=DIRECTION('',(0.7071067811865475,0.7071067811865475,0));
#16252=FACE_BOUND('',#16253,.T.);
#16253=EDGE_LOOP('',(#16254,#16255,#16256));
#16254=ORIENTED_EDGE('',*,*,#16257,.T.);
#16255=ORIENTED_EDGE('',*,*,#16258,.T.);
#16256=ORIENTED_EDGE('',*,*,#16259,.T.);
#16257=EDGE_CURVE('',#765,#763,#16260,.F.);
#16258=EDGE_CURVE('',#763,#767,#16261,.T.);
#16259=EDGE_CURVE('',#767,#765,#16262,.T.);
#16260=LINE('',#764,#16263);
#16261=LINE('',#762,#16264);
#16262=LINE('',#766,#16265);
#16263=VECTOR('',#16266,1.0);
#16264=VECTOR('',#16267,1.0);
#16265=VECTOR('',#16268,1.0);
#16266=DIRECTION('',(0.7071067811865475,0.7071067811865475,0));
#16267=DIRECTION('',(1,0,0));
#16268=DIRECTION('',(-0.9974776283111108,-0.07098155407457342,0));
#16269=FACE_SURFACE('',(#16274),#16270,.T.);
#16270=PLANE('',#16271);
#16271=AXIS2_PLACEMENT_3D('',#764,#16272,#16273);
#16272=DIRECTION('',(0,0,-1));
#16273=DIRECTION('',(0.9974776283111108,0.07098155407457342,0));
#16274=FACE_BOUND('',#16275,.T.);
#16275=EDGE_LOOP('',(#16276,#16277,#16278));
#16276=ORIENTED_EDGE('',*,*,#16279,.T.);
#16277=ORIENTED_EDGE('',*,*,#16280,.T.);
#16278=ORIENTED_EDGE('',*,*,#16281,.T.);
#16279=EDGE_CURVE('',#765,#767,#16282,.F.);
#16280=EDGE_CURVE('',#767,#769,#16283,.T.);
#16281=EDGE_CURVE('',#769,#765,#16284,.T.);
#16282=LINE('',#764,#16285);
#16283=LINE('',#766,#16286);
#16284=LINE('',#768,#16287);
#16285=VECTOR('',#16288,1.0);
#16286=VECTOR('',#16289,1.0);
#16287=VECTOR('',#16290,1.0);
#16288=DIRECTION('',(0.9974776283111108,0.07098155407457342,0));
#16289=DIRECTION('',(0.7071067811865475,-0.7071067811865475,0));
#16290=DIRECTION('',(-1,0,0));
#16291=FACE_SURFACE('',(#16296),#16292,.T.);
#16292=PLANE('',#16293);
#16293=AXIS2_PLACEMENT_3D('',#768,#16294,#16295);
#16294=DIRECTION('',(0,0,-1));
#16295=DIRECTION('',(-0.7071067811865475,0.7071067811865475,0));
#16296=FACE_BOUND('',#16297,.T.);
#16297=EDGE_LOOP('',(#16298,#16299,#16300));
#16298=ORIENTED_EDGE('',*,*,#16301,.T.);
#16299=ORIENTED_EDGE('',*,*,#16302,.T.);
#16300=ORIENTED_EDGE('',*,*,#16303,.T.);
#16301=EDGE_CURVE('',#769,#767,#16304,.F.);
#16302=EDGE_CURVE('',#767,#771,#16305,.T.);
#16303=EDGE_CURVE('',#771,#769,#16306,.T.);
#16304=LINE('',#768,#16307);
#16305=LINE('',#766,#16308);
#16306=LINE('',#770,#16309);
#16307=VECTOR('',#16310,1.0);
#16308=VECTOR('',#16311,1.0);
#16309=VECTOR('',#16312,1.0);
#16310=DIRECTION('',(-0.7071067811865475,0.7071067811865475,0));
#16311=DIRECTION('',(0.07098155407457342,0.9974776283111108,0));
#16312=DIRECTION('',(0,-1,0));
#16313=FACE_SURFACE('',(#16318),#16314,.T.);
#16314=PLANE('',#16315);
#16315=AXIS2_PLACEMENT_3D('',#770,#16316,#16317);
#16316=DIRECTION('',(0,0,-1));
#16317=DIRECTION('',(-0.07098155407457342,-0.9974776283111108,0));
#16318=FACE_BOUND('',#16319,.T.);
#16319=EDGE_LOOP('',(#16320,#16321,#16322));
#16320=ORIENTED_EDGE('',*,*,#16323,.T.);
#16321=ORIENTED_EDGE('',*,*,#16324,.T.);
#16322=ORIENTED_EDGE('',*,*,#16325,.T.);
#16323=EDGE_CURVE('',#771,#767,#16326,.F.);
#16324=EDGE_CURVE('',#767,#773,#16327,.T.);
#16325=EDGE_CURVE('',#773,#771,#16328,.T.);
#16326=LINE('',#770,#16329);
#16327=LINE('',#766,#16330);
#16328=LINE('',#772,#16331);
#16329=VECTOR('',#16332,1.0);
#16330=VECTOR('',#16333,1.0);
#16331=VECTOR('',#16334,1.0);
#16332=DIRECTION('',(-0.07098155407457342,-0.9974776283111108,0));
#16333=DIRECTION('',(0,1,0));
#16334=DIRECTION('',(0.7071067811865475,0.7071067811865475,0));
#16335=FACE_SURFACE('',(#16340),#16336,.T.);
#16336=PLANE('',#16337);
#16337=AXIS2_PLACEMENT_3D('',#770,#16338,#16339);
#16338=DIRECTION('',(0,0,-1));
#16339=DIRECTION('',(-0.7071067811865475,-0.7071067811865475,0));
#16340=FACE_BOUND('',#16341,.T.);
#16341=EDGE_LOOP('',(#16342,#16343,#16344));
#16342=ORIENTED_EDGE('',*,*,#16345,.T.);
#16343=ORIENTED_EDGE('',*,*,#16346,.T.);
#16344=ORIENTED_EDGE('',*,*,#16347,.T.);
#16345=EDGE_CURVE('',#771,#773,#16348,.F.);
#16346=EDGE_CURVE('',#773,#775,#16349,.T.);
#16347=EDGE_CURVE('',#775,#771,#16350,.T.);
#16348=LINE('',#770,#16351);
#16349=LINE('',#772,#16352);
#16350=LINE('',#774,#16353);
#16351=VECTOR('',#16354,1.0);
#16352=VECTOR('',#16355,1.0);
#16353=VECTOR('',#16356,1.0);
#16354=DIRECTION('',(-0.7071067811865475,-0.7071067811865475,0));
#16355=DIRECTION('',(-1,0,0));
#16356=DIRECTION('',(0.9974776283111108,0.07098155407457342,0));
#16357=FACE_SURFACE('',(#16362),#16358,.T.);
#16358=PLANE('',#16359);
#16359=AXIS2_PLACEMENT_3D('',#762,#16360,#16361);
#16360=DIRECTION('',(0,0,-1));
#16361=DIRECTION('',(-0.07098155407457342,0.9974776283111108,0));
#16362=FACE_BOUND('',#16363,.T.);
#16363=EDGE_LOOP('',(#16364,#16365,#16366));
#16364=ORIENTED_EDGE('',*,*,#16367,.T.);
#16365=ORIENTED_EDGE('',*,*,#16368,.T.);
#16366=ORIENTED_EDGE('',*,*,#16369,.T.);
#16367=EDGE_CURVE('',#763,#761,#16370,.F.);
#16368=EDGE_CURVE('',#761,#775,#16371,.T.);
#16369=EDGE_CURVE('',#775,#763,#16372,.T.);
#16370=LINE('',#762,#16373);
#16371=LINE('',#760,#16374);
#16372=LINE('',#774,#16375);
#16373=VECTOR('',#16376,1.0);
#16374=VECTOR('',#16377,1.0);
#16375=VECTOR('',#16378,1.0);
#16376=DIRECTION('',(-0.07098155407457342,0.9974776283111108,0));
#16377=DIRECTION('',(0.7071067811865475,-0.7071067811865475,0));
#16378=DIRECTION('',(0,-1,0));
#16379=FACE_SURFACE('',(#16384),#16380,.T.);
#16380=PLANE('',#16381);
#16381=AXIS2_PLACEMENT_3D('',#774,#16382,#16383);
#16382=DIRECTION('',(0,0,-1));
#16383=DIRECTION('',(-0.7071067811865475,0.7071067811865475,0));
#16384=FACE_BOUND('',#16385,.T.);
#16385=EDGE_LOOP('',(#16386,#16387,#16388));
#16386=ORIENTED_EDGE('',*,*,#16389,.T.);
#16387=ORIENTED_EDGE('',*,*,#16390,.T.);
#16388=ORIENTED_EDGE('',*,*,#16391,.T.);
#16389=EDGE_CURVE('',#775,#761,#16392,.F.);
#16390=EDGE_CURVE('',#761,#771,#16393,.T.);
#16391=EDGE_CURVE('',#771,#775,#16394,.T.);
#16392=LINE('',#774,#16395);
#16393=LINE('',#760,#16396);
#16394=LINE('',#770,#16397);
#16395=VECTOR('',#16398,1.0);
#16396=VECTOR('',#16399,1.0);
#16397=VECTOR('',#16400,1.0);
#16398=DIRECTION('',(-0.7071067811865475,0.7071067811865475,0));
#16399=DIRECTION('',(1,0,0));
#16400=DIRECTION('',(-0.9974776283111108,-0.07098155407457342,0));
#16401=FACE_SURFACE('',(#16406),#16402,.T.);
#16402=PLANE('',#16403);
#16403=AXIS2_PLACEMENT_3D('',#776,#16404,#16405);
#16404=DIRECTION('',(0,-0,-1));
#16405=DIRECTION('',(0,-1,0));
#16406=FACE_BOUND('',#16407,.T.);
#16407=EDGE_LOOP('',(#16408,#16409,#16410));
#16408=ORIENTED_EDGE('',*,*,#16411,.T.);
#16409=ORIENTED_EDGE('',*,*,#16412,.T.);
#16410=ORIENTED_EDGE('',*,*,#16413,.T.);
#16411=EDGE_CURVE('',#777,#779,#16414,.F.);
#16412=EDGE_CURVE('',#779,#781,#16415,.T.);
#16413=EDGE_CURVE('',#781,#777,#16416,.T.);
#16414=LINE('',#776,#16417);
#16415=LINE('',#778,#16418);
#16416=LINE('',#780,#16419);
#16417=VECTOR('',#16420,1.0);
#16418=VECTOR('',#16421,1.0);
#16419=VECTOR('',#16422,1.0);
#16420=DIRECTION('',(0,-1,0));
#16421=DIRECTION('',(-0.7071067811865475,0.7071067811865475,0));
#16422=DIRECTION('',(0.013512279797026393,0.9999087049799531,0));
#16423=FACE_SURFACE('',(#16428),#16424,.T.);
#16424=PLANE('',#16425);
#16425=AXIS2_PLACEMENT_3D('',#780,#16426,#16427);
#16426=DIRECTION('',(0,-0,-1));
#16427=DIRECTION('',(0.7071067811865475,-0.7071067811865475,0));
#16428=FACE_BOUND('',#16429,.T.);
#16429=EDGE_LOOP('',(#16430,#16431,#16432));
#16430=ORIENTED_EDGE('',*,*,#16433,.T.);
#16431=ORIENTED_EDGE('',*,*,#16434,.T.);
#16432=ORIENTED_EDGE('',*,*,#16435,.T.);
#16433=EDGE_CURVE('',#781,#779,#16436,.F.);
#16434=EDGE_CURVE('',#779,#783,#16437,.T.);
#16435=EDGE_CURVE('',#783,#781,#16438,.T.);
#16436=LINE('',#780,#16439);
#16437=LINE('',#778,#16440);
#16438=LINE('',#782,#16441);
#16439=VECTOR('',#16442,1.0);
#16440=VECTOR('',#16443,1.0);
#16441=VECTOR('',#16444,1.0);
#16442=DIRECTION('',(0.7071067811865475,-0.7071067811865475,0));
#16443=DIRECTION('',(-1,0,0));
#16444=DIRECTION('',(0.9999087049799531,0.013512279797026393,0));
#16445=FACE_SURFACE('',(#16450),#16446,.T.);
#16446=PLANE('',#16447);
#16447=AXIS2_PLACEMENT_3D('',#780,#16448,#16449);
#16448=DIRECTION('',(-0,0,-1));
#16449=DIRECTION('',(-0.9999087049799531,-0.013512279797026393,0));
#16450=FACE_BOUND('',#16451,.T.);
#16451=EDGE_LOOP('',(#16452,#16453,#16454));
#16452=ORIENTED_EDGE('',*,*,#16455,.T.);
#16453=ORIENTED_EDGE('',*,*,#16456,.T.);
#16454=ORIENTED_EDGE('',*,*,#16457,.T.);
#16455=EDGE_CURVE('',#781,#783,#16458,.F.);
#16456=EDGE_CURVE('',#783,#785,#16459,.T.);
#16457=EDGE_CURVE('',#785,#781,#16460,.T.);
#16458=LINE('',#780,#16461);
#16459=LINE('',#782,#16462);
#16460=LINE('',#784,#16463);
#16461=VECTOR('',#16464,1.0);
#16462=VECTOR('',#16465,1.0);
#16463=VECTOR('',#16466,1.0);
#16464=DIRECTION('',(-0.9999087049799531,-0.013512279797026393,0));
#16465=DIRECTION('',(0.7071067811865475,0.7071067811865475,0));
#16466=DIRECTION('',(1,0,0));
#16467=FACE_SURFACE('',(#16472),#16468,.T.);
#16468=PLANE('',#16469);
#16469=AXIS2_PLACEMENT_3D('',#784,#16470,#16471);
#16470=DIRECTION('',(-0,0,-1));
#16471=DIRECTION('',(-0.7071067811865475,-0.7071067811865475,0));
#16472=FACE_BOUND('',#16473,.T.);
#16473=EDGE_LOOP('',(#16474,#16475,#16476));
#16474=ORIENTED_EDGE('',*,*,#16477,.T.);
#16475=ORIENTED_EDGE('',*,*,#16478,.T.);
#16476=ORIENTED_EDGE('',*,*,#16479,.T.);
#16477=EDGE_CURVE('',#785,#783,#16480,.F.);
#16478=EDGE_CURVE('',#783,#787,#16481,.T.);
#16479=EDGE_CURVE('',#787,#785,#16482,.T.);
#16480=LINE('',#784,#16483);
#16481=LINE('',#782,#16484);
#16482=LINE('',#786,#16485);
#16483=VECTOR('',#16486,1.0);
#16484=VECTOR('',#16487,1.0);
#16485=VECTOR('',#16488,1.0);
#16486=DIRECTION('',(-0.7071067811865475,-0.7071067811865475,0));
#16487=DIRECTION('',(0,1,0));
#16488=DIRECTION('',(0.013512279797026393,-0.9999087049799531,0));
#16489=FACE_SURFACE('',(#16494),#16490,.T.);
#16490=PLANE('',#16491);
#16491=AXIS2_PLACEMENT_3D('',#784,#16492,#16493);
#16492=DIRECTION('',(0,0,-1));
#16493=DIRECTION('',(-0.013512279797026393,0.9999087049799531,0));
#16494=FACE_BOUND('',#16495,.T.);
#16495=EDGE_LOOP('',(#16496,#16497,#16498));
#16496=ORIENTED_EDGE('',*,*,#16499,.T.);
#16497=ORIENTED_EDGE('',*,*,#16500,.T.);
#16498=ORIENTED_EDGE('',*,*,#16501,.T.);
#16499=EDGE_CURVE('',#785,#787,#16502,.F.);
#16500=EDGE_CURVE('',#787,#789,#16503,.T.);
#16501=EDGE_CURVE('',#789,#785,#16504,.T.);
#16502=LINE('',#784,#16505);
#16503=LINE('',#786,#16506);
#16504=LINE('',#788,#16507);
#16505=VECTOR('',#16508,1.0);
#16506=VECTOR('',#16509,1.0);
#16507=VECTOR('',#16510,1.0);
#16508=DIRECTION('',(-0.013512279797026393,0.9999087049799531,0));
#16509=DIRECTION('',(0.7071067811865475,-0.7071067811865475,0));
#16510=DIRECTION('',(0,-1,0));
#16511=FACE_SURFACE('',(#16516),#16512,.T.);
#16512=PLANE('',#16513);
#16513=AXIS2_PLACEMENT_3D('',#788,#16514,#16515);
#16514=DIRECTION('',(0,0,-1));
#16515=DIRECTION('',(-0.7071067811865475,0.7071067811865475,0));
#16516=FACE_BOUND('',#16517,.T.);
#16517=EDGE_LOOP('',(#16518,#16519,#16520));
#16518=ORIENTED_EDGE('',*,*,#16521,.T.);
#16519=ORIENTED_EDGE('',*,*,#16522,.T.);
#16520=ORIENTED_EDGE('',*,*,#16523,.T.);
#16521=EDGE_CURVE('',#789,#787,#16524,.F.);
#16522=EDGE_CURVE('',#787,#777,#16525,.T.);
#16523=EDGE_CURVE('',#777,#789,#16526,.T.);
#16524=LINE('',#788,#16527);
#16525=LINE('',#786,#16528);
#16526=LINE('',#776,#16529);
#16527=VECTOR('',#16530,1.0);
#16528=VECTOR('',#16531,1.0);
#16529=VECTOR('',#16532,1.0);
#16530=DIRECTION('',(-0.7071067811865475,0.7071067811865475,0));
#16531=DIRECTION('',(1,0,0));
#16532=DIRECTION('',(-0.9999087049799531,-0.013512279797026393,0));
#16533=FACE_SURFACE('',(#16538),#16534,.T.);
#16534=PLANE('',#16535);
#16535=AXIS2_PLACEMENT_3D('',#788,#16536,#16537);
#16536=DIRECTION('',(0,0,-1));
#16537=DIRECTION('',(0.9999087049799531,0.013512279797026393,0));
#16538=FACE_BOUND('',#16539,.T.);
#16539=EDGE_LOOP('',(#16540,#16541,#16542));
#16540=ORIENTED_EDGE('',*,*,#16543,.T.);
#16541=ORIENTED_EDGE('',*,*,#16544,.T.);
#16542=ORIENTED_EDGE('',*,*,#16545,.T.);
#16543=EDGE_CURVE('',#789,#777,#16546,.F.);
#16544=EDGE_CURVE('',#777,#791,#16547,.T.);
#16545=EDGE_CURVE('',#791,#789,#16548,.T.);
#16546=LINE('',#788,#16549);
#16547=LINE('',#776,#16550);
#16548=LINE('',#790,#16551);
#16549=VECTOR('',#16552,1.0);
#16550=VECTOR('',#16553,1.0);
#16551=VECTOR('',#16554,1.0);
#16552=DIRECTION('',(0.9999087049799531,0.013512279797026393,0));
#16553=DIRECTION('',(-0.7071067811865475,-0.7071067811865475,0));
#16554=DIRECTION('',(-1,0,0));
#16555=FACE_SURFACE('',(#16560),#16556,.T.);
#16556=PLANE('',#16557);
#16557=AXIS2_PLACEMENT_3D('',#790,#16558,#16559);
#16558=DIRECTION('',(0,0,-1));
#16559=DIRECTION('',(0.7071067811865475,0.7071067811865475,0));
#16560=FACE_BOUND('',#16561,.T.);
#16561=EDGE_LOOP('',(#16562,#16563,#16564));
#16562=ORIENTED_EDGE('',*,*,#16565,.T.);
#16563=ORIENTED_EDGE('',*,*,#16566,.T.);
#16564=ORIENTED_EDGE('',*,*,#16567,.T.);
#16565=EDGE_CURVE('',#791,#777,#16568,.F.);
#16566=EDGE_CURVE('',#777,#781,#16569,.T.);
#16567=EDGE_CURVE('',#781,#791,#16570,.T.);
#16568=LINE('',#790,#16571);
#16569=LINE('',#776,#16572);
#16570=LINE('',#780,#16573);
#16571=VECTOR('',#16574,1.0);
#16572=VECTOR('',#16575,1.0);
#16573=VECTOR('',#16576,1.0);
#16574=DIRECTION('',(0.7071067811865475,0.7071067811865475,0));
#16575=DIRECTION('',(-0.013512279797026393,-0.9999087049799531,0));
#16576=DIRECTION('',(0,1,0));
#16577=FACE_SURFACE('',(#16582),#16578,.T.);
#16578=PLANE('',#16579);
#16579=AXIS2_PLACEMENT_3D('',#626,#16580,#16581);
#16580=DIRECTION('',(-1,-0,-0));
#16581=DIRECTION('',(0,0,-1));
#16582=FACE_BOUND('',#16583,.T.);
#16583=EDGE_LOOP('',(#16584,#16585,#16586));
#16584=ORIENTED_EDGE('',*,*,#16587,.T.);
#16585=ORIENTED_EDGE('',*,*,#16588,.T.);
#16586=ORIENTED_EDGE('',*,*,#16589,.T.);
#16587=EDGE_CURVE('',#627,#787,#16590,.F.);
#16588=EDGE_CURVE('',#787,#625,#16591,.T.);
#16589=EDGE_CURVE('',#625,#627,#16592,.T.);
#16590=LINE('',#626,#16593);
#16591=LINE('',#786,#16594);
#16592=LINE('',#624,#16595);
#16593=VECTOR('',#16596,1.0);
#16594=VECTOR('',#16597,1.0);
#16595=VECTOR('',#16598,1.0);
#16596=DIRECTION('',(0,0,-1));
#16597=DIRECTION('',(0,-0.9821887426011093,0.1878969768454296));
#16598=DIRECTION('',(0,1,0));
#16599=FACE_SURFACE('',(#16604),#16600,.T.);
#16600=PLANE('',#16601);
#16601=AXIS2_PLACEMENT_3D('',#624,#16602,#16603);
#16602=DIRECTION('',(-1,0,-0));
#16603=DIRECTION('',(0,0.9821887426011093,-0.1878969768454296));
#16604=FACE_BOUND('',#16605,.T.);
#16605=EDGE_LOOP('',(#16606,#16607,#16608));
#16606=ORIENTED_EDGE('',*,*,#16609,.T.);
#16607=ORIENTED_EDGE('',*,*,#16610,.T.);
#16608=ORIENTED_EDGE('',*,*,#16611,.T.);
#16609=EDGE_CURVE('',#625,#787,#16612,.F.);
#16610=EDGE_CURVE('',#787,#783,#16613,.T.);
#16611=EDGE_CURVE('',#783,#625,#16614,.T.);
#16612=LINE('',#624,#16615);
#16613=LINE('',#786,#16616);
#16614=LINE('',#782,#16617);
#16615=VECTOR('',#16618,1.0);
#16616=VECTOR('',#16619,1.0);
#16617=VECTOR('',#16620,1.0);
#16618=DIRECTION('',(0,0.9821887426011093,-0.1878969768454296));
#16619=DIRECTION('',(0,-1,0));
#16620=DIRECTION('',(0,0.8466365492110047,0.5321715452183459));
#16621=FACE_SURFACE('',(#16626),#16622,.T.);
#16622=PLANE('',#16623);
#16623=AXIS2_PLACEMENT_3D('',#624,#16624,#16625);
#16624=DIRECTION('',(-1,-0,0));
#16625=DIRECTION('',(0,-0.8466365492110047,-0.5321715452183459));
#16626=FACE_BOUND('',#16627,.T.);
#16627=EDGE_LOOP('',(#16628,#16629,#16630));
#16628=ORIENTED_EDGE('',*,*,#16631,.T.);
#16629=ORIENTED_EDGE('',*,*,#16632,.T.);
#16630=ORIENTED_EDGE('',*,*,#16633,.T.);
#16631=EDGE_CURVE('',#625,#783,#16634,.F.);
#16632=EDGE_CURVE('',#783,#639,#16635,.T.);
#16633=EDGE_CURVE('',#639,#625,#16636,.T.);
#16634=LINE('',#624,#16637);
#16635=LINE('',#782,#16638);
#16636=LINE('',#638,#16639);
#16637=VECTOR('',#16640,1.0);
#16638=VECTOR('',#16641,1.0);
#16639=VECTOR('',#16642,1.0);
#16640=DIRECTION('',(0,-0.8466365492110047,-0.5321715452183459));
#16641=DIRECTION('',(0,0,1));
#16642=DIRECTION('',(0,0.2016529206704871,-0.9794570432566516));
#16643=FACE_SURFACE('',(#16648),#16644,.T.);
#16644=PLANE('',#16645);
#16645=AXIS2_PLACEMENT_3D('',#638,#16646,#16647);
#16646=DIRECTION('',(-1,0,0));
#16647=DIRECTION('',(0,1,0));
#16648=FACE_BOUND('',#16649,.T.);
#16649=EDGE_LOOP('',(#16650,#16651,#16652));
#16650=ORIENTED_EDGE('',*,*,#16653,.T.);
#16651=ORIENTED_EDGE('',*,*,#16654,.T.);
#16652=ORIENTED_EDGE('',*,*,#16655,.T.);
#16653=EDGE_CURVE('',#639,#635,#16656,.F.);
#16654=EDGE_CURVE('',#635,#625,#16657,.T.);
#16655=EDGE_CURVE('',#625,#639,#16658,.T.);
#16656=LINE('',#638,#16659);
#16657=LINE('',#634,#16660);
#16658=LINE('',#624,#16661);
#16659=VECTOR('',#16662,1.0);
#16660=VECTOR('',#16663,1.0);
#16661=VECTOR('',#16664,1.0);
#16662=DIRECTION('',(0,1,0));
#16663=DIRECTION('',(0,0,-1));
#16664=DIRECTION('',(0,-0.2016529206704871,0.9794570432566516));
#16665=FACE_SURFACE('',(#16670),#16666,.T.);
#16666=PLANE('',#16667);
#16667=AXIS2_PLACEMENT_3D('',#658,#16668,#16669);
#16668=DIRECTION('',(-0,1,0));
#16669=DIRECTION('',(0.13052678607152235,0,0.9914447831916001));
#16670=FACE_BOUND('',#16671,.T.);
#16671=EDGE_LOOP('',(#16672,#16673,#16674));
#16672=ORIENTED_EDGE('',*,*,#16675,.T.);
#16673=ORIENTED_EDGE('',*,*,#16676,.T.);
#16674=ORIENTED_EDGE('',*,*,#16677,.T.);
#16675=EDGE_CURVE('',#659,#655,#16678,.F.);
#16676=EDGE_CURVE('',#655,#777,#16679,.T.);
#16677=EDGE_CURVE('',#777,#659,#16680,.T.);
#16678=LINE('',#658,#16681);
#16679=LINE('',#654,#16682);
#16680=LINE('',#776,#16683);
#16681=VECTOR('',#16684,1.0);
#16682=VECTOR('',#16685,1.0);
#16683=VECTOR('',#16686,1.0);
#16684=DIRECTION('',(0.13052678607152235,0,0.9914447831916001));
#16685=DIRECTION('',(0.9971641204866131,0,-0.07525766947068778));
#16686=DIRECTION('',(-0.9975210936477218,0,0.07036808742500361));
#16687=FACE_SURFACE('',(#16692),#16688,.T.);
#16688=PLANE('',#16689);
#16689=AXIS2_PLACEMENT_3D('',#776,#16690,#16691);
#16690=DIRECTION('',(0,1,0));
#16691=DIRECTION('',(-0.9971641204866131,0,0.07525766947068778));
#16692=FACE_BOUND('',#16693,.T.);
#16693=EDGE_LOOP('',(#16694,#16695,#16696));
#16694=ORIENTED_EDGE('',*,*,#16697,.T.);
#16695=ORIENTED_EDGE('',*,*,#16698,.T.);
#16696=ORIENTED_EDGE('',*,*,#16699,.T.);
#16697=EDGE_CURVE('',#777,#655,#16700,.F.);
#16698=EDGE_CURVE('',#655,#651,#16701,.T.);
#16699=EDGE_CURVE('',#651,#777,#16702,.T.);
#16700=LINE('',#776,#16703);
#16701=LINE('',#654,#16704);
#16702=LINE('',#650,#16705);
#16703=VECTOR('',#16706,1.0);
#16704=VECTOR('',#16707,1.0);
#16705=VECTOR('',#16708,1.0);
#16706=DIRECTION('',(-0.9971641204866131,0,0.07525766947068778));
#16707=DIRECTION('',(-0.13052678607152235,0,0.9914447831916001));
#16708=DIRECTION('',(0.9967911883490208,0,-0.08004577958735204));
#16709=FACE_SURFACE('',(#16714),#16710,.T.);
#16710=PLANE('',#16711);
#16711=AXIS2_PLACEMENT_3D('',#776,#16712,#16713);
#16712=DIRECTION('',(0,1,-0));
#16713=DIRECTION('',(-0.9967911883490208,0,0.08004577958735204));
#16714=FACE_BOUND('',#16715,.T.);
#16715=EDGE_LOOP('',(#16716,#16717,#16718));
#16716=ORIENTED_EDGE('',*,*,#16719,.T.);
#16717=ORIENTED_EDGE('',*,*,#16720,.T.);
#16718=ORIENTED_EDGE('',*,*,#16721,.T.);
#16719=EDGE_CURVE('',#777,#651,#16722,.F.);
#16720=EDGE_CURVE('',#651,#629,#16723,.T.);
#16721=EDGE_CURVE('',#629,#777,#16724,.T.);
#16722=LINE('',#776,#16725);
#16723=LINE('',#650,#16726);
#16724=LINE('',#628,#16727);
#16725=VECTOR('',#16728,1.0);
#16726=VECTOR('',#16729,1.0);
#16727=VECTOR('',#16730,1.0);
#16728=DIRECTION('',(-0.9967911883490208,0,0.08004577958735204));
#16729=DIRECTION('',(0.9963539946152633,0,0.08531539963106208));
#16730=DIRECTION('',(0,0,-1));
#16731=FACE_SURFACE('',(#16736),#16732,.T.);
#16732=PLANE('',#16733);
#16733=AXIS2_PLACEMENT_3D('',#628,#16734,#16735);
#16734=DIRECTION('',(0,1,0));
#16735=DIRECTION('',(-0.9963539946152633,0,-0.08531539963106208));
#16736=FACE_BOUND('',#16737,.T.);
#16737=EDGE_LOOP('',(#16738,#16739,#16740));
#16738=ORIENTED_EDGE('',*,*,#16741,.T.);
#16739=ORIENTED_EDGE('',*,*,#16742,.T.);
#16740=ORIENTED_EDGE('',*,*,#16743,.T.);
#16741=EDGE_CURVE('',#629,#651,#16744,.F.);
#16742=EDGE_CURVE('',#651,#743,#16745,.T.);
#16743=EDGE_CURVE('',#743,#629,#16746,.T.);
#16744=LINE('',#628,#16747);
#16745=LINE('',#650,#16748);
#16746=LINE('',#742,#16749);
#16747=VECTOR('',#16750,1.0);
#16748=VECTOR('',#16751,1.0);
#16749=VECTOR('',#16752,1.0);
#16750=DIRECTION('',(-0.9963539946152633,0,-0.08531539963106208));
#16751=DIRECTION('',(-0.3826854496202838,0,0.9238786969342465));
#16752=DIRECTION('',(0.9967413670569801,0,0.08066379111709668));
#16753=FACE_SURFACE('',(#16758),#16754,.T.);
#16754=PLANE('',#16755);
#16755=AXIS2_PLACEMENT_3D('',#628,#16756,#16757);
#16756=DIRECTION('',(0,1,0));
#16757=DIRECTION('',(-0.9967413670569801,0,-0.08066379111709668));
#16758=FACE_BOUND('',#16759,.T.);
#16759=EDGE_LOOP('',(#16760,#16761,#16762));
#16760=ORIENTED_EDGE('',*,*,#16763,.T.);
#16761=ORIENTED_EDGE('',*,*,#16764,.T.);
#16762=ORIENTED_EDGE('',*,*,#16765,.T.);
#16763=EDGE_CURVE('',#629,#743,#16766,.F.);
#16764=EDGE_CURVE('',#743,#739,#16767,.T.);
#16765=EDGE_CURVE('',#739,#629,#16768,.T.);
#16766=LINE('',#628,#16769);
#16767=LINE('',#742,#16770);
#16768=LINE('',#738,#16771);
#16769=VECTOR('',#16772,1.0);
#16770=VECTOR('',#16773,1.0);
#16771=VECTOR('',#16774,1.0);
#16772=DIRECTION('',(-0.9967413670569801,0,-0.08066379111709668));
#16773=DIRECTION('',(-0.6087566754816575,0,0.7933569877782134));
#16774=DIRECTION('',(0.9970638645751358,0,0.07657447328251878));
#16775=FACE_SURFACE('',(#16780),#16776,.T.);
#16776=PLANE('',#16777);
#16777=AXIS2_PLACEMENT_3D('',#738,#16778,#16779);
#16778=DIRECTION('',(0,1,-0));
#16779=DIRECTION('',(-0.7933569877782134,0,0.6087566754816575));
#16780=FACE_BOUND('',#16781,.T.);
#16781=EDGE_LOOP('',(#16782,#16783,#16784));
#16782=ORIENTED_EDGE('',*,*,#16785,.T.);
#16783=ORIENTED_EDGE('',*,*,#16786,.T.);
#16784=ORIENTED_EDGE('',*,*,#16787,.T.);
#16785=EDGE_CURVE('',#739,#735,#16788,.F.);
#16786=EDGE_CURVE('',#735,#629,#16789,.T.);
#16787=EDGE_CURVE('',#629,#739,#16790,.T.);
#16788=LINE('',#738,#16791);
#16789=LINE('',#734,#16792);
#16790=LINE('',#628,#16793);
#16791=VECTOR('',#16794,1.0);
#16792=VECTOR('',#16795,1.0);
#16793=VECTOR('',#16796,1.0);
#16794=DIRECTION('',(-0.7933569877782134,0,0.6087566754816575));
#16795=DIRECTION('',(0.9973074184854389,0,0.07333425552843337));
#16796=DIRECTION('',(-0.9970638645751358,0,-0.07657447328251878));
#16797=FACE_SURFACE('',(#16802),#16798,.T.);
#16798=PLANE('',#16799);
#16799=AXIS2_PLACEMENT_3D('',#628,#16800,#16801);
#16800=DIRECTION('',(0,1,0));
#16801=DIRECTION('',(-0.9973074184854389,0,-0.07333425552843337));
#16802=FACE_BOUND('',#16803,.T.);
#16803=EDGE_LOOP('',(#16804,#16805,#16806));
#16804=ORIENTED_EDGE('',*,*,#16807,.T.);
#16805=ORIENTED_EDGE('',*,*,#16808,.T.);
#16806=ORIENTED_EDGE('',*,*,#16809,.T.);
#16807=EDGE_CURVE('',#629,#735,#16810,.F.);
#16808=EDGE_CURVE('',#735,#731,#16811,.T.);
#16809=EDGE_CURVE('',#731,#629,#16812,.T.);
#16810=LINE('',#628,#16813);
#16811=LINE('',#734,#16814);
#16812=LINE('',#730,#16815);
#16813=VECTOR('',#16816,1.0);
#16814=VECTOR('',#16817,1.0);
#16815=VECTOR('',#16818,1.0);
#16816=DIRECTION('',(-0.9973074184854389,0,-0.07333425552843337));
#16817=DIRECTION('',(-0.9238786969342465,0,0.3826854496202838));
#16818=DIRECTION('',(0.9974647391361258,0,0.07116244922780991));
#16819=FACE_SURFACE('',(#16824),#16820,.T.);
#16820=PLANE('',#16821);
#16821=AXIS2_PLACEMENT_3D('',#628,#16822,#16823);
#16822=DIRECTION('',(0,1,0));
#16823=DIRECTION('',(-0.9974647391361258,0,-0.07116244922780991));
#16824=FACE_BOUND('',#16825,.T.);
#16825=EDGE_LOOP('',(#16826,#16827,#16828));
#16826=ORIENTED_EDGE('',*,*,#16829,.T.);
#16827=ORIENTED_EDGE('',*,*,#16830,.T.);
#16828=ORIENTED_EDGE('',*,*,#16831,.T.);
#16829=EDGE_CURVE('',#629,#731,#16832,.F.);
#16830=EDGE_CURVE('',#731,#627,#16833,.T.);
#16831=EDGE_CURVE('',#627,#629,#16834,.T.);
#16832=LINE('',#628,#16835);
#16833=LINE('',#730,#16836);
#16834=LINE('',#626,#16837);
#16835=VECTOR('',#16838,1.0);
#16836=VECTOR('',#16839,1.0);
#16837=VECTOR('',#16840,1.0);
#16838=DIRECTION('',(-0.9974647391361258,0,-0.07116244922780991));
#16839=DIRECTION('',(-0.8527211945704479,0,0.5223663123999751));
#16840=DIRECTION('',(1,0,0));
#16841=FACE_SURFACE('',(#16846),#16842,.T.);
#16842=PLANE('',#16843);
#16843=AXIS2_PLACEMENT_3D('',#626,#16844,#16845);
#16844=DIRECTION('',(0,1,0));
#16845=DIRECTION('',(0.8527211945704479,0,-0.5223663123999751));
#16846=FACE_BOUND('',#16847,.T.);
#16847=EDGE_LOOP('',(#16848,#16849,#16850));
#16848=ORIENTED_EDGE('',*,*,#16851,.T.);
#16849=ORIENTED_EDGE('',*,*,#16852,.T.);
#16850=ORIENTED_EDGE('',*,*,#16853,.T.);
#16851=EDGE_CURVE('',#627,#731,#16854,.F.);
#16852=EDGE_CURVE('',#731,#727,#16855,.T.);
#16853=EDGE_CURVE('',#727,#627,#16856,.T.);
#16854=LINE('',#626,#16857);
#16855=LINE('',#730,#16858);
#16856=LINE('',#726,#16859);
#16857=VECTOR('',#16860,1.0);
#16858=VECTOR('',#16861,1.0);
#16859=VECTOR('',#16862,1.0);
#16860=DIRECTION('',(0.8527211945704479,0,-0.5223663123999751));
#16861=DIRECTION('',(-0.9914447831916001,0,0.13052678607152235));
#16862=DIRECTION('',(-0.8448190755542286,0,0.5350520811843448));
#16863=FACE_SURFACE('',(#16868),#16864,.T.);
#16864=PLANE('',#16865);
#16865=AXIS2_PLACEMENT_3D('',#626,#16866,#16867);
#16866=DIRECTION('',(0,1,0));
#16867=DIRECTION('',(0.8448190755542286,0,-0.5350520811843448));
#16868=FACE_BOUND('',#16869,.T.);
#16869=EDGE_LOOP('',(#16870,#16871,#16872));
#16870=ORIENTED_EDGE('',*,*,#16873,.T.);
#16871=ORIENTED_EDGE('',*,*,#16874,.T.);
#16872=ORIENTED_EDGE('',*,*,#16875,.T.);
#16873=EDGE_CURVE('',#627,#727,#16876,.F.);
#16874=EDGE_CURVE('',#727,#723,#16877,.T.);
#16875=EDGE_CURVE('',#723,#627,#16878,.T.);
#16876=LINE('',#626,#16879);
#16877=LINE('',#726,#16880);
#16878=LINE('',#722,#16881);
#16879=VECTOR('',#16882,1.0);
#16880=VECTOR('',#16883,1.0);
#16881=VECTOR('',#16884,1.0);
#16882=DIRECTION('',(0.8448190755542286,0,-0.5350520811843448));
#16883=DIRECTION('',(-0.9914447831916001,0,-0.13052678607152235));
#16884=DIRECTION('',(-0.831607405635066,0,0.5553639553418236));
#16885=FACE_SURFACE('',(#16890),#16886,.T.);
#16886=PLANE('',#16887);
#16887=AXIS2_PLACEMENT_3D('',#722,#16888,#16889);
#16888=DIRECTION('',(0,1,0));
#16889=DIRECTION('',(-0.9238786969342465,0,-0.3826854496202838));
#16890=FACE_BOUND('',#16891,.T.);
#16891=EDGE_LOOP('',(#16892,#16893,#16894));
#16892=ORIENTED_EDGE('',*,*,#16895,.T.);
#16893=ORIENTED_EDGE('',*,*,#16896,.T.);
#16894=ORIENTED_EDGE('',*,*,#16897,.T.);
#16895=EDGE_CURVE('',#723,#719,#16898,.F.);
#16896=EDGE_CURVE('',#719,#627,#16899,.T.);
#16897=EDGE_CURVE('',#627,#723,#16900,.T.);
#16898=LINE('',#722,#16901);
#16899=LINE('',#718,#16902);
#16900=LINE('',#626,#16903);
#16901=VECTOR('',#16904,1.0);
#16902=VECTOR('',#16905,1.0);
#16903=VECTOR('',#16906,1.0);
#16904=DIRECTION('',(-0.9238786969342465,0,-0.3826854496202838));
#16905=DIRECTION('',(-0.813355333354398,0,0.5817672229542981));
#16906=DIRECTION('',(0.831607405635066,0,-0.5553639553418236));
#16907=FACE_SURFACE('',(#16912),#16908,.T.);
#16908=PLANE('',#16909);
#16909=AXIS2_PLACEMENT_3D('',#626,#16910,#16911);
#16910=DIRECTION('',(0,1,0));
#16911=DIRECTION('',(0.813355333354398,0,-0.5817672229542981));
#16912=FACE_BOUND('',#16913,.T.);
#16913=EDGE_LOOP('',(#16914,#16915,#16916));
#16914=ORIENTED_EDGE('',*,*,#16917,.T.);
#16915=ORIENTED_EDGE('',*,*,#16918,.T.);
#16916=ORIENTED_EDGE('',*,*,#16919,.T.);
#16917=EDGE_CURVE('',#627,#719,#16920,.F.);
#16918=EDGE_CURVE('',#719,#715,#16921,.T.);
#16919=EDGE_CURVE('',#715,#627,#16922,.T.);
#16920=LINE('',#626,#16923);
#16921=LINE('',#718,#16924);
#16922=LINE('',#714,#16925);
#16923=VECTOR('',#16926,1.0);
#16924=VECTOR('',#16927,1.0);
#16925=VECTOR('',#16928,1.0);
#16926=DIRECTION('',(0.813355333354398,0,-0.5817672229542981));
#16927=DIRECTION('',(-0.7933569877782134,0,-0.6087566754816575));
#16928=DIRECTION('',(-0.7910730696586767,0,0.611721667476965));
#16929=FACE_SURFACE('',(#16934),#16930,.T.);
#16930=PLANE('',#16931);
#16931=AXIS2_PLACEMENT_3D('',#626,#16932,#16933);
#16932=DIRECTION('',(0,1,0));
#16933=DIRECTION('',(0.7910730696586767,0,-0.611721667476965));
#16934=FACE_BOUND('',#16935,.T.);
#16935=EDGE_LOOP('',(#16936,#16937,#16938));
#16936=ORIENTED_EDGE('',*,*,#16939,.T.);
#16937=ORIENTED_EDGE('',*,*,#16940,.T.);
#16938=ORIENTED_EDGE('',*,*,#16941,.T.);
#16939=EDGE_CURVE('',#627,#715,#16942,.F.);
#16940=EDGE_CURVE('',#715,#711,#16943,.T.);
#16941=EDGE_CURVE('',#711,#627,#16944,.T.);
#16942=LINE('',#626,#16945);
#16943=LINE('',#714,#16946);
#16944=LINE('',#710,#16947);
#16945=VECTOR('',#16948,1.0);
#16946=VECTOR('',#16949,1.0);
#16947=VECTOR('',#16950,1.0);
#16948=DIRECTION('',(0.7910730696586767,0,-0.611721667476965));
#16949=DIRECTION('',(-0.6087566754816575,0,-0.7933569877782134));
#16950=DIRECTION('',(-0.7666262272516301,0,0.6420936284452073));
#16951=FACE_SURFACE('',(#16956),#16952,.T.);
#16952=PLANE('',#16953);
#16953=AXIS2_PLACEMENT_3D('',#710,#16954,#16955);
#16954=DIRECTION('',(0,1,0));
#16955=DIRECTION('',(-0.3826854496202838,0,-0.9238786969342465));
#16956=FACE_BOUND('',#16957,.T.);
#16957=EDGE_LOOP('',(#16958,#16959,#16960));
#16958=ORIENTED_EDGE('',*,*,#16961,.T.);
#16959=ORIENTED_EDGE('',*,*,#16962,.T.);
#16960=ORIENTED_EDGE('',*,*,#16963,.T.);
#16961=EDGE_CURVE('',#711,#707,#16964,.F.);
#16962=EDGE_CURVE('',#707,#627,#16965,.T.);
#16963=EDGE_CURVE('',#627,#711,#16966,.T.);
#16964=LINE('',#710,#16967);
#16965=LINE('',#706,#16968);
#16966=LINE('',#626,#16969);
#16967=VECTOR('',#16970,1.0);
#16968=VECTOR('',#16971,1.0);
#16969=VECTOR('',#16972,1.0);
#16970=DIRECTION('',(-0.3826854496202838,0,-0.9238786969342465));
#16971=DIRECTION('',(-0.7425225722638571,0,0.6698210430246763));
#16972=DIRECTION('',(0.7666262272516301,0,-0.6420936284452073));
#16973=FACE_SURFACE('',(#16978),#16974,.T.);
#16974=PLANE('',#16975);
#16975=AXIS2_PLACEMENT_3D('',#626,#16976,#16977);
#16976=DIRECTION('',(0,1,0));
#16977=DIRECTION('',(0.7425225722638571,0,-0.6698210430246763));
#16978=FACE_BOUND('',#16979,.T.);
#16979=EDGE_LOOP('',(#16980,#16981,#16982));
#16980=ORIENTED_EDGE('',*,*,#16983,.T.);
#16981=ORIENTED_EDGE('',*,*,#16984,.T.);
#16982=ORIENTED_EDGE('',*,*,#16985,.T.);
#16983=EDGE_CURVE('',#627,#707,#16986,.F.);
#16984=EDGE_CURVE('',#707,#787,#16987,.T.);
#16985=EDGE_CURVE('',#787,#627,#16988,.T.);
#16986=LINE('',#626,#16989);
#16987=LINE('',#706,#16990);
#16988=LINE('',#786,#16991);
#16989=VECTOR('',#16992,1.0);
#16990=VECTOR('',#16993,1.0);
#16991=VECTOR('',#16994,1.0);
#16992=DIRECTION('',(0.7425225722638571,0,-0.6698210430246763));
#16993=DIRECTION('',(-0.7634447494253835,0,-0.6458731412396813));
#16994=DIRECTION('',(0,0,1));
#16995=FACE_SURFACE('',(#17000),#16996,.T.);
#16996=PLANE('',#16997);
#16997=AXIS2_PLACEMENT_3D('',#786,#16998,#16999);
#16998=DIRECTION('',(0,1,0));
#16999=DIRECTION('',(0.7634447494253835,0,0.6458731412396813));
#17000=FACE_BOUND('',#17001,.T.);
#17001=EDGE_LOOP('',(#17002,#17003,#17004));
#17002=ORIENTED_EDGE('',*,*,#17005,.T.);
#17003=ORIENTED_EDGE('',*,*,#17006,.T.);
#17004=ORIENTED_EDGE('',*,*,#17007,.T.);
#17005=EDGE_CURVE('',#787,#707,#17008,.F.);
#17006=EDGE_CURVE('',#707,#703,#17009,.T.);
#17007=EDGE_CURVE('',#703,#787,#17010,.T.);
#17008=LINE('',#786,#17011);
#17009=LINE('',#706,#17012);
#17010=LINE('',#702,#17013);
#17011=VECTOR('',#17014,1.0);
#17012=VECTOR('',#17015,1.0);
#17013=VECTOR('',#17016,1.0);
#17014=DIRECTION('',(0.7634447494253835,0,0.6458731412396813));
#17015=DIRECTION('',(-0.13052678607152235,0,-0.9914447831916001));
#17016=DIRECTION('',(-0.7808688094430304,0,-0.6246950475544243));
#17017=FACE_SURFACE('',(#17022),#17018,.T.);
#17018=PLANE('',#17019);
#17019=AXIS2_PLACEMENT_3D('',#786,#17020,#17021);
#17020=DIRECTION('',(0,1,0));
#17021=DIRECTION('',(0.7808688094430304,0,0.6246950475544243));
#17022=FACE_BOUND('',#17023,.T.);
#17023=EDGE_LOOP('',(#17024,#17025,#17026));
#17024=ORIENTED_EDGE('',*,*,#17027,.T.);
#17025=ORIENTED_EDGE('',*,*,#17028,.T.);
#17026=ORIENTED_EDGE('',*,*,#17029,.T.);
#17027=EDGE_CURVE('',#787,#703,#17030,.F.);
#17028=EDGE_CURVE('',#703,#699,#17031,.T.);
#17029=EDGE_CURVE('',#699,#787,#17032,.T.);
#17030=LINE('',#786,#17033);
#17031=LINE('',#702,#17034);
#17032=LINE('',#698,#17035);
#17033=VECTOR('',#17036,1.0);
#17034=VECTOR('',#17037,1.0);
#17035=VECTOR('',#17038,1.0);
#17036=DIRECTION('',(0.7808688094430304,0,0.6246950475544243));
#17037=DIRECTION('',(0.13052678607152235,0,-0.9914447831916001));
#17038=DIRECTION('',(-0.8026230673117613,0,-0.5964865562768871));
#17039=FACE_SURFACE('',(#17044),#17040,.T.);
#17040=PLANE('',#17041);
#17041=AXIS2_PLACEMENT_3D('',#698,#17042,#17043);
#17042=DIRECTION('',(0,1,0));
#17043=DIRECTION('',(0.3826854496202838,0,-0.9238786969342465));
#17044=FACE_BOUND('',#17045,.T.);
#17045=EDGE_LOOP('',(#17046,#17047,#17048));
#17046=ORIENTED_EDGE('',*,*,#17049,.T.);
#17047=ORIENTED_EDGE('',*,*,#17050,.T.);
#17048=ORIENTED_EDGE('',*,*,#17051,.T.);
#17049=EDGE_CURVE('',#699,#695,#17052,.F.);
#17050=EDGE_CURVE('',#695,#787,#17053,.T.);
#17051=EDGE_CURVE('',#787,#699,#17054,.T.);
#17052=LINE('',#698,#17055);
#17053=LINE('',#694,#17056);
#17054=LINE('',#786,#17057);
#17055=VECTOR('',#17058,1.0);
#17056=VECTOR('',#17059,1.0);
#17057=VECTOR('',#17060,1.0);
#17058=DIRECTION('',(0.3826854496202838,0,-0.9238786969342465));
#17059=DIRECTION('',(-0.8262601250716032,0,-0.56328874098162));
#17060=DIRECTION('',(0.8026230673117613,0,0.5964865562768871));
#17061=FACE_SURFACE('',(#17066),#17062,.T.);
#17062=PLANE('',#17063);
#17063=AXIS2_PLACEMENT_3D('',#786,#17064,#17065);
#17064=DIRECTION('',(0,1,0));
#17065=DIRECTION('',(0.8262601250716032,0,0.56328874098162));
#17066=FACE_BOUND('',#17067,.T.);
#17067=EDGE_LOOP('',(#17068,#17069,#17070));
#17068=ORIENTED_EDGE('',*,*,#17071,.T.);
#17069=ORIENTED_EDGE('',*,*,#17072,.T.);
#17070=ORIENTED_EDGE('',*,*,#17073,.T.);
#17071=EDGE_CURVE('',#787,#695,#17074,.F.);
#17072=EDGE_CURVE('',#695,#691,#17075,.T.);
#17073=EDGE_CURVE('',#691,#787,#17076,.T.);
#17074=LINE('',#786,#17077);
#17075=LINE('',#694,#17078);
#17076=LINE('',#690,#17079);
#17077=VECTOR('',#17080,1.0);
#17078=VECTOR('',#17081,1.0);
#17079=VECTOR('',#17082,1.0);
#17080=DIRECTION('',(0.8262601250716032,0,0.56328874098162));
#17081=DIRECTION('',(0.6087566754816575,0,-0.7933569877782134));
#17082=DIRECTION('',(-0.849089907867324,0,-0.5282483585945719));
#17083=FACE_SURFACE('',(#17088),#17084,.T.);
#17084=PLANE('',#17085);
#17085=AXIS2_PLACEMENT_3D('',#786,#17086,#17087);
#17086=DIRECTION('',(0,1,0));
#17087=DIRECTION('',(0.849089907867324,0,0.5282483585945719));
#17088=FACE_BOUND('',#17089,.T.);
#17089=EDGE_LOOP('',(#17090,#17091,#17092));
#17090=ORIENTED_EDGE('',*,*,#17093,.T.);
#17091=ORIENTED_EDGE('',*,*,#17094,.T.);
#17092=ORIENTED_EDGE('',*,*,#17095,.T.);
#17093=EDGE_CURVE('',#787,#691,#17096,.F.);
#17094=EDGE_CURVE('',#691,#687,#17097,.T.);
#17095=EDGE_CURVE('',#687,#787,#17098,.T.);
#17096=LINE('',#786,#17099);
#17097=LINE('',#690,#17100);
#17098=LINE('',#686,#17101);
#17099=VECTOR('',#17102,1.0);
#17100=VECTOR('',#17103,1.0);
#17101=VECTOR('',#17104,1.0);
#17102=DIRECTION('',(0.849089907867324,0,0.5282483585945719));
#17103=DIRECTION('',(0.7933569877782134,0,-0.6087566754816575));
#17104=DIRECTION('',(-0.8688469087074757,0,-0.495080851204592));
#17105=FACE_SURFACE('',(#17110),#17106,.T.);
#17106=PLANE('',#17107);
#17107=AXIS2_PLACEMENT_3D('',#686,#17108,#17109);
#17108=DIRECTION('',(0,1,0));
#17109=DIRECTION('',(0.9238786969342465,0,-0.3826854496202838));
#17110=FACE_BOUND('',#17111,.T.);
#17111=EDGE_LOOP('',(#17112,#17113,#17114));
#17112=ORIENTED_EDGE('',*,*,#17115,.T.);
#17113=ORIENTED_EDGE('',*,*,#17116,.T.);
#17114=ORIENTED_EDGE('',*,*,#17117,.T.);
#17115=EDGE_CURVE('',#687,#683,#17118,.F.);
#17116=EDGE_CURVE('',#683,#787,#17119,.T.);
#17117=EDGE_CURVE('',#787,#687,#17120,.T.);
#17118=LINE('',#686,#17121);
#17119=LINE('',#682,#17122);
#17120=LINE('',#786,#17123);
#17121=VECTOR('',#17124,1.0);
#17122=VECTOR('',#17125,1.0);
#17123=VECTOR('',#17126,1.0);
#17124=DIRECTION('',(0.9238786969342465,0,-0.3826854496202838));
#17125=DIRECTION('',(-0.8841299010267394,0,-0.4672411776699995));
#17126=DIRECTION('',(0.8688469087074757,0,0.495080851204592));
#17127=FACE_SURFACE('',(#17132),#17128,.T.);
#17128=PLANE('',#17129);
#17129=AXIS2_PLACEMENT_3D('',#786,#17130,#17131);
#17130=DIRECTION('',(0,1,0));
#17131=DIRECTION('',(0.8841299010267394,0,0.4672411776699995));
#17132=FACE_BOUND('',#17133,.T.);
#17133=EDGE_LOOP('',(#17134,#17135,#17136));
#17134=ORIENTED_EDGE('',*,*,#17137,.T.);
#17135=ORIENTED_EDGE('',*,*,#17138,.T.);
#17136=ORIENTED_EDGE('',*,*,#17139,.T.);
#17137=EDGE_CURVE('',#787,#683,#17140,.F.);
#17138=EDGE_CURVE('',#683,#679,#17141,.T.);
#17139=EDGE_CURVE('',#679,#787,#17142,.T.);
#17140=LINE('',#786,#17143);
#17141=LINE('',#682,#17144);
#17142=LINE('',#678,#17145);
#17143=VECTOR('',#17146,1.0);
#17144=VECTOR('',#17147,1.0);
#17145=VECTOR('',#17148,1.0);
#17146=DIRECTION('',(0.8841299010267394,0,0.4672411776699995));
#17147=DIRECTION('',(0.9914447831916001,0,-0.13052678607152235));
#17148=DIRECTION('',(-0.894427190999916,0,-0.447213595499958));
#17149=FACE_SURFACE('',(#17154),#17150,.T.);
#17150=PLANE('',#17151);
#17151=AXIS2_PLACEMENT_3D('',#786,#17152,#17153);
#17152=DIRECTION('',(0,1,0));
#17153=DIRECTION('',(0.894427190999916,0,0.447213595499958));
#17154=FACE_BOUND('',#17155,.T.);
#17155=EDGE_LOOP('',(#17156,#17157,#17158));
#17156=ORIENTED_EDGE('',*,*,#17159,.T.);
#17157=ORIENTED_EDGE('',*,*,#17160,.T.);
#17158=ORIENTED_EDGE('',*,*,#17161,.T.);
#17159=EDGE_CURVE('',#787,#679,#17162,.F.);
#17160=EDGE_CURVE('',#679,#675,#17163,.T.);
#17161=EDGE_CURVE('',#675,#787,#17164,.T.);
#17162=LINE('',#786,#17165);
#17163=LINE('',#678,#17166);
#17164=LINE('',#674,#17167);
#17165=VECTOR('',#17168,1.0);
#17166=VECTOR('',#17169,1.0);
#17167=VECTOR('',#17170,1.0);
#17168=DIRECTION('',(0.894427190999916,0,0.447213595499958));
#17169=DIRECTION('',(0.9914447831916001,0,0.13052678607152235));
#17170=DIRECTION('',(-0.8998425954575296,0,-0.43621474459290893));
#17171=FACE_SURFACE('',(#17176),#17172,.T.);
#17172=PLANE('',#17173);
#17173=AXIS2_PLACEMENT_3D('',#786,#17174,#17175);
#17174=DIRECTION('',(0,1,0));
#17175=DIRECTION('',(0.8998425954575296,0,0.43621474459290893));
#17176=FACE_BOUND('',#17177,.T.);
#17177=EDGE_LOOP('',(#17178,#17179,#17180));
#17178=ORIENTED_EDGE('',*,*,#17181,.T.);
#17179=ORIENTED_EDGE('',*,*,#17182,.T.);
#17180=ORIENTED_EDGE('',*,*,#17183,.T.);
#17181=EDGE_CURVE('',#787,#675,#17184,.F.);
#17182=EDGE_CURVE('',#675,#777,#17185,.T.);
#17183=EDGE_CURVE('',#777,#787,#17186,.T.);
#17184=LINE('',#786,#17187);
#17185=LINE('',#674,#17188);
#17186=LINE('',#776,#17189);
#17187=VECTOR('',#17190,1.0);
#17188=VECTOR('',#17191,1.0);
#17189=VECTOR('',#17192,1.0);
#17190=DIRECTION('',(0.8998425954575296,0,0.43621474459290893));
#17191=DIRECTION('',(0.9984100943171169,0,-0.05636739807447036));
#17192=DIRECTION('',(-1,0,0));
#17193=FACE_SURFACE('',(#17198),#17194,.T.);
#17194=PLANE('',#17195);
#17195=AXIS2_PLACEMENT_3D('',#776,#17196,#17197);
#17196=DIRECTION('',(0,1,0));
#17197=DIRECTION('',(-0.9984100943171169,0,0.05636739807447036));
#17198=FACE_BOUND('',#17199,.T.);
#17199=EDGE_LOOP('',(#17200,#17201,#17202));
#17200=ORIENTED_EDGE('',*,*,#17203,.T.);
#17201=ORIENTED_EDGE('',*,*,#17204,.T.);
#17202=ORIENTED_EDGE('',*,*,#17205,.T.);
#17203=EDGE_CURVE('',#777,#675,#17206,.F.);
#17204=EDGE_CURVE('',#675,#671,#17207,.T.);
#17205=EDGE_CURVE('',#671,#777,#17208,.T.);
#17206=LINE('',#776,#17209);
#17207=LINE('',#674,#17210);
#17208=LINE('',#670,#17211);
#17209=VECTOR('',#17212,1.0);
#17210=VECTOR('',#17213,1.0);
#17211=VECTOR('',#17214,1.0);
#17212=DIRECTION('',(-0.9984100943171169,0,0.05636739807447036));
#17213=DIRECTION('',(0.9238786969342465,0,0.3826854496202838));
#17214=DIRECTION('',(0.9982886548800224,0,-0.058478727224825285));
#17215=FACE_SURFACE('',(#17220),#17216,.T.);
#17216=PLANE('',#17217);
#17217=AXIS2_PLACEMENT_3D('',#776,#17218,#17219);
#17218=DIRECTION('',(0,1,0));
#17219=DIRECTION('',(-0.9982886548800224,0,0.058478727224825285));
#17220=FACE_BOUND('',#17221,.T.);
#17221=EDGE_LOOP('',(#17222,#17223,#17224));
#17222=ORIENTED_EDGE('',*,*,#17225,.T.);
#17223=ORIENTED_EDGE('',*,*,#17226,.T.);
#17224=ORIENTED_EDGE('',*,*,#17227,.T.);
#17225=EDGE_CURVE('',#777,#671,#17228,.F.);
#17226=EDGE_CURVE('',#671,#667,#17229,.T.);
#17227=EDGE_CURVE('',#667,#777,#17230,.T.);
#17228=LINE('',#776,#17231);
#17229=LINE('',#670,#17232);
#17230=LINE('',#666,#17233);
#17231=VECTOR('',#17234,1.0);
#17232=VECTOR('',#17235,1.0);
#17233=VECTOR('',#17236,1.0);
#17234=DIRECTION('',(-0.9982886548800224,0,0.058478727224825285));
#17235=DIRECTION('',(0.7933569877782134,0,0.6087566754816575));
#17236=DIRECTION('',(0.9980965339354269,0,-0.06167097328636175));
#17237=FACE_SURFACE('',(#17242),#17238,.T.);
#17238=PLANE('',#17239);
#17239=AXIS2_PLACEMENT_3D('',#666,#17240,#17241);
#17240=DIRECTION('',(-0,1,0));
#17241=DIRECTION('',(0.6087566754816575,0,0.7933569877782134));
#17242=FACE_BOUND('',#17243,.T.);
#17243=EDGE_LOOP('',(#17244,#17245,#17246));
#17244=ORIENTED_EDGE('',*,*,#17247,.T.);
#17245=ORIENTED_EDGE('',*,*,#17248,.T.);
#17246=ORIENTED_EDGE('',*,*,#17249,.T.);
#17247=EDGE_CURVE('',#667,#663,#17250,.F.);
#17248=EDGE_CURVE('',#663,#777,#17251,.T.);
#17249=EDGE_CURVE('',#777,#667,#17252,.T.);
#17250=LINE('',#666,#17253);
#17251=LINE('',#662,#17254);
#17252=LINE('',#776,#17255);
#17253=VECTOR('',#17256,1.0);
#17254=VECTOR('',#17257,1.0);
#17255=VECTOR('',#17258,1.0);
#17256=DIRECTION('',(0.6087566754816575,0,0.7933569877782134));
#17257=DIRECTION('',(0.9978375256268461,0,-0.06572877947210994));
#17258=DIRECTION('',(-0.9980965339354269,0,0.06167097328636175));
#17259=FACE_SURFACE('',(#17264),#17260,.T.);
#17260=PLANE('',#17261);
#17261=AXIS2_PLACEMENT_3D('',#776,#17262,#17263);
#17262=DIRECTION('',(0,1,0));
#17263=DIRECTION('',(-0.9978375256268461,0,0.06572877947210994));
#17264=FACE_BOUND('',#17265,.T.);
#17265=EDGE_LOOP('',(#17266,#17267,#17268));
#17266=ORIENTED_EDGE('',*,*,#17269,.T.);
#17267=ORIENTED_EDGE('',*,*,#17270,.T.);
#17268=ORIENTED_EDGE('',*,*,#17271,.T.);
#17269=EDGE_CURVE('',#777,#663,#17272,.F.);
#17270=EDGE_CURVE('',#663,#659,#17273,.T.);
#17271=EDGE_CURVE('',#659,#777,#17274,.T.);
#17272=LINE('',#776,#17275);
#17273=LINE('',#662,#17276);
#17274=LINE('',#658,#17277);
#17275=VECTOR('',#17278,1.0);
#17276=VECTOR('',#17279,1.0);
#17277=VECTOR('',#17280,1.0);
#17278=DIRECTION('',(-0.9978375256268461,0,0.06572877947210994));
#17279=DIRECTION('',(0.3826854496202838,0,0.9238786969342465));
#17280=DIRECTION('',(0.9975210936477218,0,-0.07036808742500361));
#17281=FACE_SURFACE('',(#17286),#17282,.T.);
#17282=PLANE('',#17283);
#17283=AXIS2_PLACEMENT_3D('',#636,#17284,#17285);
#17284=DIRECTION('',(1,0,0));
#17285=DIRECTION('',(0,0,-1));
#17286=FACE_BOUND('',#17287,.T.);
#17287=EDGE_LOOP('',(#17288,#17289,#17290));
#17288=ORIENTED_EDGE('',*,*,#17291,.T.);
#17289=ORIENTED_EDGE('',*,*,#17292,.T.);
#17290=ORIENTED_EDGE('',*,*,#17293,.T.);
#17291=EDGE_CURVE('',#637,#779,#17294,.F.);
#17292=EDGE_CURVE('',#779,#631,#17295,.T.);
#17293=EDGE_CURVE('',#631,#637,#17296,.T.);
#17294=LINE('',#636,#17297);
#17295=LINE('',#778,#17298);
#17296=LINE('',#630,#17299);
#17297=VECTOR('',#17300,1.0);
#17298=VECTOR('',#17301,1.0);
#17299=VECTOR('',#17302,1.0);
#17300=DIRECTION('',(0,0,-1));
#17301=DIRECTION('',(0,0.8466365492110047,0.5321715452183459));
#17302=DIRECTION('',(0,-0.2016529206704871,0.9794570432566516));
#17303=FACE_SURFACE('',(#17308),#17304,.T.);
#17304=PLANE('',#17305);
#17305=AXIS2_PLACEMENT_3D('',#630,#17306,#17307);
#17306=DIRECTION('',(1,0,0));
#17307=DIRECTION('',(0,-0.8466365492110047,-0.5321715452183459));
#17308=FACE_BOUND('',#17309,.T.);
#17309=EDGE_LOOP('',(#17310,#17311,#17312));
#17310=ORIENTED_EDGE('',*,*,#17313,.T.);
#17311=ORIENTED_EDGE('',*,*,#17314,.T.);
#17312=ORIENTED_EDGE('',*,*,#17315,.T.);
#17313=EDGE_CURVE('',#631,#779,#17316,.F.);
#17314=EDGE_CURVE('',#779,#777,#17317,.T.);
#17315=EDGE_CURVE('',#777,#631,#17318,.T.);
#17316=LINE('',#630,#17319);
#17317=LINE('',#778,#17320);
#17318=LINE('',#776,#17321);
#17319=VECTOR('',#17322,1.0);
#17320=VECTOR('',#17323,1.0);
#17321=VECTOR('',#17324,1.0);
#17322=DIRECTION('',(0,-0.8466365492110047,-0.5321715452183459));
#17323=DIRECTION('',(0,1,0));
#17324=DIRECTION('',(0,-0.9821887426011093,0.1878969768454296));
#17325=FACE_SURFACE('',(#17330),#17326,.T.);
#17326=PLANE('',#17327);
#17327=AXIS2_PLACEMENT_3D('',#630,#17328,#17329);
#17328=DIRECTION('',(1,-0,0));
#17329=DIRECTION('',(0,0.9821887426011093,-0.1878969768454296));
#17330=FACE_BOUND('',#17331,.T.);
#17331=EDGE_LOOP('',(#17332,#17333,#17334));
#17332=ORIENTED_EDGE('',*,*,#17335,.T.);
#17333=ORIENTED_EDGE('',*,*,#17336,.T.);
#17334=ORIENTED_EDGE('',*,*,#17337,.T.);
#17335=EDGE_CURVE('',#631,#777,#17338,.F.);
#17336=EDGE_CURVE('',#777,#629,#17339,.T.);
#17337=EDGE_CURVE('',#629,#631,#17340,.T.);
#17338=LINE('',#630,#17341);
#17339=LINE('',#776,#17342);
#17340=LINE('',#628,#17343);
#17341=VECTOR('',#17344,1.0);
#17342=VECTOR('',#17345,1.0);
#17343=VECTOR('',#17346,1.0);
#17344=DIRECTION('',(0,0.9821887426011093,-0.1878969768454296));
#17345=DIRECTION('',(0,0,1));
#17346=DIRECTION('',(0,-1,0));
#17347=FACE_SURFACE('',(#17352),#17348,.T.);
#17348=PLANE('',#17349);
#17349=AXIS2_PLACEMENT_3D('',#630,#17350,#17351);
#17350=DIRECTION('',(1,0,-0));
#17351=DIRECTION('',(0,0,1));
#17352=FACE_BOUND('',#17353,.T.);
#17353=EDGE_LOOP('',(#17354,#17355,#17356));
#17354=ORIENTED_EDGE('',*,*,#17357,.T.);
#17355=ORIENTED_EDGE('',*,*,#17358,.T.);
#17356=ORIENTED_EDGE('',*,*,#17359,.T.);
#17357=EDGE_CURVE('',#631,#633,#17360,.F.);
#17358=EDGE_CURVE('',#633,#637,#17361,.T.);
#17359=EDGE_CURVE('',#637,#631,#17362,.T.);
#17360=LINE('',#630,#17363);
#17361=LINE('',#632,#17364);
#17362=LINE('',#636,#17365);
#17363=VECTOR('',#17366,1.0);
#17364=VECTOR('',#17367,1.0);
#17365=VECTOR('',#17368,1.0);
#17366=DIRECTION('',(0,0,1));
#17367=DIRECTION('',(0,-1,0));
#17368=DIRECTION('',(0,0.2016529206704871,-0.9794570432566516));
#17369=FACE_SURFACE('',(#17374),#17370,.T.);
#17370=PLANE('',#17371);
#17371=AXIS2_PLACEMENT_3D('',#492,#17372,#17373);
#17372=DIRECTION('',(-0,-1,-0));
#17373=DIRECTION('',(-0.7071067811865475,0,0.7071067811865475));
#17374=FACE_BOUND('',#17375,.T.);
#17375=EDGE_LOOP('',(#17376,#17377,#17378));
#17376=ORIENTED_EDGE('',*,*,#17379,.T.);
#17377=ORIENTED_EDGE('',*,*,#17380,.T.);
#17378=ORIENTED_EDGE('',*,*,#17381,.T.);
#17379=EDGE_CURVE('',#493,#639,#17382,.F.);
#17380=EDGE_CURVE('',#639,#357,#17383,.T.);
#17381=EDGE_CURVE('',#357,#493,#17384,.T.);
#17382=LINE('',#492,#17385);
#17383=LINE('',#638,#17386);
#17384=LINE('',#356,#17387);
#17385=VECTOR('',#17388,1.0);
#17386=VECTOR('',#17389,1.0);
#17387=VECTOR('',#17390,1.0);
#17388=DIRECTION('',(-0.7071067811865475,0,0.7071067811865475));
#17389=DIRECTION('',(0.011763891800361699,0,-0.9999308030307444));
#17390=DIRECTION('',(0,0,1));
#17391=FACE_SURFACE('',(#17396),#17392,.T.);
#17392=PLANE('',#17393);
#17393=AXIS2_PLACEMENT_3D('',#356,#17394,#17395);
#17394=DIRECTION('',(-0,-1,0));
#17395=DIRECTION('',(-0.011763891800361699,0,0.9999308030307444));
#17396=FACE_BOUND('',#17397,.T.);
#17397=EDGE_LOOP('',(#17398,#17399,#17400));
#17398=ORIENTED_EDGE('',*,*,#17401,.T.);
#17399=ORIENTED_EDGE('',*,*,#17402,.T.);
#17400=ORIENTED_EDGE('',*,*,#17403,.T.);
#17401=EDGE_CURVE('',#357,#639,#17404,.F.);
#17402=EDGE_CURVE('',#639,#783,#17405,.T.);
#17403=EDGE_CURVE('',#783,#357,#17406,.T.);
#17404=LINE('',#356,#17407);
#17405=LINE('',#638,#17408);
#17406=LINE('',#782,#17409);
#17407=VECTOR('',#17410,1.0);
#17408=VECTOR('',#17411,1.0);
#17409=VECTOR('',#17412,1.0);
#17410=DIRECTION('',(-0.011763891800361699,0,0.9999308030307444));
#17411=DIRECTION('',(0,0,-1));
#17412=DIRECTION('',(0.09053574604251853,0,0.9958932064677039));
#17413=FACE_SURFACE('',(#17418),#17414,.T.);
#17414=PLANE('',#17415);
#17415=AXIS2_PLACEMENT_3D('',#356,#17416,#17417);
#17416=DIRECTION('',(0,-1,-0));
#17417=DIRECTION('',(-0.09053574604251853,0,-0.9958932064677039));
#17418=FACE_BOUND('',#17419,.T.);
#17419=EDGE_LOOP('',(#17420,#17421,#17422));
#17420=ORIENTED_EDGE('',*,*,#17423,.T.);
#17421=ORIENTED_EDGE('',*,*,#17424,.T.);
#17422=ORIENTED_EDGE('',*,*,#17425,.T.);
#17423=EDGE_CURVE('',#357,#783,#17426,.F.);
#17424=EDGE_CURVE('',#783,#779,#17427,.T.);
#17425=EDGE_CURVE('',#779,#357,#17428,.T.);
#17426=LINE('',#356,#17429);
#17427=LINE('',#782,#17430);
#17428=LINE('',#778,#17431);
#17429=VECTOR('',#17432,1.0);
#17430=VECTOR('',#17433,1.0);
#17431=VECTOR('',#17434,1.0);
#17432=DIRECTION('',(-0.09053574604251853,0,-0.9958932064677039));
#17433=DIRECTION('',(1,0,0));
#17434=DIRECTION('',(-0.9891315765273101,0,0.14703307218649203));
#17435=FACE_SURFACE('',(#17440),#17436,.T.);
#17436=PLANE('',#17437);
#17437=AXIS2_PLACEMENT_3D('',#638,#17438,#17439);
#17438=DIRECTION('',(0,-1,0));
#17439=DIRECTION('',(0.7071067811865475,0,-0.7071067811865475));
#17440=FACE_BOUND('',#17441,.T.);
#17441=EDGE_LOOP('',(#17442,#17443,#17444));
#17442=ORIENTED_EDGE('',*,*,#17445,.T.);
#17443=ORIENTED_EDGE('',*,*,#17446,.T.);
#17444=ORIENTED_EDGE('',*,*,#17447,.T.);
#17445=EDGE_CURVE('',#639,#493,#17448,.F.);
#17446=EDGE_CURVE('',#493,#637,#17449,.T.);
#17447=EDGE_CURVE('',#637,#639,#17450,.T.);
#17448=LINE('',#638,#17451);
#17449=LINE('',#492,#17452);
#17450=LINE('',#636,#17453);
#17451=VECTOR('',#17454,1.0);
#17452=VECTOR('',#17455,1.0);
#17453=VECTOR('',#17456,1.0);
#17454=DIRECTION('',(0.7071067811865475,0,-0.7071067811865475));
#17455=DIRECTION('',(0.9999087049799531,0,0.013512279797026393));
#17456=DIRECTION('',(-1,0,0));
#17457=FACE_SURFACE('',(#17462),#17458,.T.);
#17458=PLANE('',#17459);
#17459=AXIS2_PLACEMENT_3D('',#636,#17460,#17461);
#17460=DIRECTION('',(0,-1,0));
#17461=DIRECTION('',(-0.9999087049799531,0,-0.013512279797026393));
#17462=FACE_BOUND('',#17463,.T.);
#17463=EDGE_LOOP('',(#17464,#17465,#17466));
#17464=ORIENTED_EDGE('',*,*,#17467,.T.);
#17465=ORIENTED_EDGE('',*,*,#17468,.T.);
#17466=ORIENTED_EDGE('',*,*,#17469,.T.);
#17467=EDGE_CURVE('',#637,#493,#17470,.F.);
#17468=EDGE_CURVE('',#493,#495,#17471,.T.);
#17469=EDGE_CURVE('',#495,#637,#17472,.T.);
#17470=LINE('',#636,#17473);
#17471=LINE('',#492,#17474);
#17472=LINE('',#494,#17475);
#17473=VECTOR('',#17476,1.0);
#17474=VECTOR('',#17477,1.0);
#17475=VECTOR('',#17478,1.0);
#17476=DIRECTION('',(-0.9999087049799531,0,-0.013512279797026393));
#17477=DIRECTION('',(1,0,0));
#17478=DIRECTION('',(0.7071067811865475,0,0.7071067811865475));
#17479=FACE_SURFACE('',(#17484),#17480,.T.);
#17480=PLANE('',#17481);
#17481=AXIS2_PLACEMENT_3D('',#636,#17482,#17483);
#17482=DIRECTION('',(0,-1,0));
#17483=DIRECTION('',(-0.7071067811865475,0,-0.7071067811865475));
#17484=FACE_BOUND('',#17485,.T.);
#17485=EDGE_LOOP('',(#17486,#17487,#17488));
#17486=ORIENTED_EDGE('',*,*,#17489,.T.);
#17487=ORIENTED_EDGE('',*,*,#17490,.T.);
#17488=ORIENTED_EDGE('',*,*,#17491,.T.);
#17489=EDGE_CURVE('',#637,#495,#17492,.F.);
#17490=EDGE_CURVE('',#495,#345,#17493,.T.);
#17491=EDGE_CURVE('',#345,#637,#17494,.T.);
#17492=LINE('',#636,#17495);
#17493=LINE('',#494,#17496);
#17494=LINE('',#344,#17497);
#17495=VECTOR('',#17498,1.0);
#17496=VECTOR('',#17499,1.0);
#17497=VECTOR('',#17500,1.0);
#17498=DIRECTION('',(-0.7071067811865475,0,-0.7071067811865475));
#17499=DIRECTION('',(0,0,-1));
#17500=DIRECTION('',(0.011763891800361699,0,0.9999308030307444));
#17501=FACE_SURFACE('',(#17506),#17502,.T.);
#17502=PLANE('',#17503);
#17503=AXIS2_PLACEMENT_3D('',#636,#17504,#17505);
#17504=DIRECTION('',(0,-1,-0));
#17505=DIRECTION('',(-0.011763891800361699,0,-0.9999308030307444));
#17506=FACE_BOUND('',#17507,.T.);
#17507=EDGE_LOOP('',(#17508,#17509,#17510));
#17508=ORIENTED_EDGE('',*,*,#17511,.T.);
#17509=ORIENTED_EDGE('',*,*,#17512,.T.);
#17510=ORIENTED_EDGE('',*,*,#17513,.T.);
#17511=EDGE_CURVE('',#637,#345,#17514,.F.);
#17512=EDGE_CURVE('',#345,#779,#17515,.T.);
#17513=EDGE_CURVE('',#779,#637,#17516,.T.);
#17514=LINE('',#636,#17517);
#17515=LINE('',#344,#17518);
#17516=LINE('',#778,#17519);
#17517=VECTOR('',#17520,1.0);
#17518=VECTOR('',#17521,1.0);
#17519=VECTOR('',#17522,1.0);
#17520=DIRECTION('',(-0.011763891800361699,0,-0.9999308030307444));
#17521=DIRECTION('',(0.09053574604251853,0,-0.9958932064677039));
#17522=DIRECTION('',(0,0,1));
#17523=FACE_SURFACE('',(#17528),#17524,.T.);
#17524=PLANE('',#17525);
#17525=AXIS2_PLACEMENT_3D('',#778,#17526,#17527);
#17526=DIRECTION('',(0,-1,0));
#17527=DIRECTION('',(-0.09053574604251853,0,0.9958932064677039));
#17528=FACE_BOUND('',#17529,.T.);
#17529=EDGE_LOOP('',(#17530,#17531,#17532));
#17530=ORIENTED_EDGE('',*,*,#17533,.T.);
#17531=ORIENTED_EDGE('',*,*,#17534,.T.);
#17532=ORIENTED_EDGE('',*,*,#17535,.T.);
#17533=EDGE_CURVE('',#779,#345,#17536,.F.);
#17534=EDGE_CURVE('',#345,#357,#17537,.T.);
#17535=EDGE_CURVE('',#357,#779,#17538,.T.);
#17536=LINE('',#778,#17539);
#17537=LINE('',#344,#17540);
#17538=LINE('',#356,#17541);
#17539=VECTOR('',#17542,1.0);
#17540=VECTOR('',#17543,1.0);
#17541=VECTOR('',#17544,1.0);
#17542=DIRECTION('',(-0.09053574604251853,0,0.9958932064677039));
#17543=DIRECTION('',(-1,0,0));
#17544=DIRECTION('',(0.9891315765273101,0,-0.14703307218649203));
#17545=FACE_SURFACE('',(#17550),#17546,.T.);
#17546=PLANE('',#17547);
#17547=AXIS2_PLACEMENT_3D('',#792,#17548,#17549);
#17548=DIRECTION('',(1,0,0));
#17549=DIRECTION('',(0,1,0));
#17550=FACE_BOUND('',#17551,.T.);
#17551=EDGE_LOOP('',(#17552,#17553,#17554));
#17552=ORIENTED_EDGE('',*,*,#17555,.T.);
#17553=ORIENTED_EDGE('',*,*,#17556,.T.);
#17554=ORIENTED_EDGE('',*,*,#17557,.T.);
#17555=EDGE_CURVE('',#793,#795,#17558,.F.);
#17556=EDGE_CURVE('',#795,#749,#17559,.T.);
#17557=EDGE_CURVE('',#749,#793,#17560,.T.);
#17558=LINE('',#792,#17561);
#17559=LINE('',#794,#17562);
#17560=LINE('',#748,#17563);
#17561=VECTOR('',#17564,1.0);
#17562=VECTOR('',#17565,1.0);
#17563=VECTOR('',#17566,1.0);
#17564=DIRECTION('',(0,1,0));
#17565=DIRECTION('',(0,-0.9715428758806426,0.23686375899569387));
#17566=DIRECTION('',(0,0,-1));
#17567=FACE_SURFACE('',(#17572),#17568,.T.);
#17568=PLANE('',#17569);
#17569=AXIS2_PLACEMENT_3D('',#748,#17570,#17571);
#17570=DIRECTION('',(1,-0,0));
#17571=DIRECTION('',(0,0.9715428758806426,-0.23686375899569387));
#17572=FACE_BOUND('',#17573,.T.);
#17573=EDGE_LOOP('',(#17574,#17575,#17576));
#17574=ORIENTED_EDGE('',*,*,#17577,.T.);
#17575=ORIENTED_EDGE('',*,*,#17578,.T.);
#17576=ORIENTED_EDGE('',*,*,#17579,.T.);
#17577=EDGE_CURVE('',#749,#795,#17580,.F.);
#17578=EDGE_CURVE('',#795,#759,#17581,.T.);
#17579=EDGE_CURVE('',#759,#749,#17582,.T.);
#17580=LINE('',#748,#17583);
#17581=LINE('',#794,#17584);
#17582=LINE('',#758,#17585);
#17583=VECTOR('',#17586,1.0);
#17584=VECTOR('',#17587,1.0);
#17585=VECTOR('',#17588,1.0);
#17586=DIRECTION('',(0,0.9715428758806426,-0.23686375899569387));
#17587=DIRECTION('',(0,0,1));
#17588=DIRECTION('',(0,-1,0));
#17589=FACE_SURFACE('',(#17594),#17590,.T.);
#17590=PLANE('',#17591);
#17591=AXIS2_PLACEMENT_3D('',#794,#17592,#17593);
#17592=DIRECTION('',(0,-1,0));
#17593=DIRECTION('',(1,0,0));
#17594=FACE_BOUND('',#17595,.T.);
#17595=EDGE_LOOP('',(#17596,#17597,#17598));
#17596=ORIENTED_EDGE('',*,*,#17599,.T.);
#17597=ORIENTED_EDGE('',*,*,#17600,.T.);
#17598=ORIENTED_EDGE('',*,*,#17601,.T.);
#17599=EDGE_CURVE('',#795,#797,#17602,.F.);
#17600=EDGE_CURVE('',#797,#759,#17603,.T.);
#17601=EDGE_CURVE('',#759,#795,#17604,.T.);
#17602=LINE('',#794,#17605);
#17603=LINE('',#796,#17606);
#17604=LINE('',#758,#17607);
#17605=VECTOR('',#17608,1.0);
#17606=VECTOR('',#17609,1.0);
#17607=VECTOR('',#17610,1.0);
#17608=DIRECTION('',(1,0,0));
#17609=DIRECTION('',(-0.9715428758806426,0,0.23686375899569387));
#17610=DIRECTION('',(0,0,-1));
#17611=FACE_SURFACE('',(#17616),#17612,.T.);
#17612=PLANE('',#17613);
#17613=AXIS2_PLACEMENT_3D('',#758,#17614,#17615);
#17614=DIRECTION('',(0,-1,0));
#17615=DIRECTION('',(0.9715428758806426,0,-0.23686375899569387));
#17616=FACE_BOUND('',#17617,.T.);
#17617=EDGE_LOOP('',(#17618,#17619,#17620));
#17618=ORIENTED_EDGE('',*,*,#17621,.T.);
#17619=ORIENTED_EDGE('',*,*,#17622,.T.);
#17620=ORIENTED_EDGE('',*,*,#17623,.T.);
#17621=EDGE_CURVE('',#759,#797,#17624,.F.);
#17622=EDGE_CURVE('',#797,#757,#17625,.T.);
#17623=EDGE_CURVE('',#757,#759,#17626,.T.);
#17624=LINE('',#758,#17627);
#17625=LINE('',#796,#17628);
#17626=LINE('',#756,#17629);
#17627=VECTOR('',#17630,1.0);
#17628=VECTOR('',#17631,1.0);
#17629=VECTOR('',#17632,1.0);
#17630=DIRECTION('',(0.9715428758806426,0,-0.23686375899569387));
#17631=DIRECTION('',(0,0,1));
#17632=DIRECTION('',(-1,0,0));
#17633=FACE_SURFACE('',(#17638),#17634,.T.);
#17634=PLANE('',#17635);
#17635=AXIS2_PLACEMENT_3D('',#796,#17636,#17637);
#17636=DIRECTION('',(-1,0,0));
#17637=DIRECTION('',(0,-1,0));
#17638=FACE_BOUND('',#17639,.T.);
#17639=EDGE_LOOP('',(#17640,#17641,#17642));
#17640=ORIENTED_EDGE('',*,*,#17643,.T.);
#17641=ORIENTED_EDGE('',*,*,#17644,.T.);
#17642=ORIENTED_EDGE('',*,*,#17645,.T.);
#17643=EDGE_CURVE('',#797,#799,#17646,.F.);
#17644=EDGE_CURVE('',#799,#757,#17647,.T.);
#17645=EDGE_CURVE('',#757,#797,#17648,.T.);
#17646=LINE('',#796,#17649);
#17647=LINE('',#798,#17650);
#17648=LINE('',#756,#17651);
#17649=VECTOR('',#17652,1.0);
#17650=VECTOR('',#17653,1.0);
#17651=VECTOR('',#17654,1.0);
#17652=DIRECTION('',(0,-1,0));
#17653=DIRECTION('',(0,0.9715428758806426,0.23686375899569387));
#17654=DIRECTION('',(0,0,-1));
#17655=FACE_SURFACE('',(#17660),#17656,.T.);
#17656=PLANE('',#17657);
#17657=AXIS2_PLACEMENT_3D('',#756,#17658,#17659);
#17658=DIRECTION('',(-1,-0,0));
#17659=DIRECTION('',(0,-0.9715428758806426,-0.23686375899569387));
#17660=FACE_BOUND('',#17661,.T.);
#17661=EDGE_LOOP('',(#17662,#17663,#17664));
#17662=ORIENTED_EDGE('',*,*,#17665,.T.);
#17663=ORIENTED_EDGE('',*,*,#17666,.T.);
#17664=ORIENTED_EDGE('',*,*,#17667,.T.);
#17665=EDGE_CURVE('',#757,#799,#17668,.F.);
#17666=EDGE_CURVE('',#799,#753,#17669,.T.);
#17667=EDGE_CURVE('',#753,#757,#17670,.T.);
#17668=LINE('',#756,#17671);
#17669=LINE('',#798,#17672);
#17670=LINE('',#752,#17673);
#17671=VECTOR('',#17674,1.0);
#17672=VECTOR('',#17675,1.0);
#17673=VECTOR('',#17676,1.0);
#17674=DIRECTION('',(0,-0.9715428758806426,-0.23686375899569387));
#17675=DIRECTION('',(0,0,1));
#17676=DIRECTION('',(0,1,0));
#17677=FACE_SURFACE('',(#17682),#17678,.T.);
#17678=PLANE('',#17679);
#17679=AXIS2_PLACEMENT_3D('',#798,#17680,#17681);
#17680=DIRECTION('',(0,1,-0));
#17681=DIRECTION('',(-1,0,0));
#17682=FACE_BOUND('',#17683,.T.);
#17683=EDGE_LOOP('',(#17684,#17685,#17686));
#17684=ORIENTED_EDGE('',*,*,#17687,.T.);
#17685=ORIENTED_EDGE('',*,*,#17688,.T.);
#17686=ORIENTED_EDGE('',*,*,#17689,.T.);
#17687=EDGE_CURVE('',#799,#793,#17690,.F.);
#17688=EDGE_CURVE('',#793,#753,#17691,.T.);
#17689=EDGE_CURVE('',#753,#799,#17692,.T.);
#17690=LINE('',#798,#17693);
#17691=LINE('',#792,#17694);
#17692=LINE('',#752,#17695);
#17693=VECTOR('',#17696,1.0);
#17694=VECTOR('',#17697,1.0);
#17695=VECTOR('',#17698,1.0);
#17696=DIRECTION('',(-1,0,0));
#17697=DIRECTION('',(0.9715428758806426,0,0.23686375899569387));
#17698=DIRECTION('',(0,0,-1));
#17699=FACE_SURFACE('',(#17704),#17700,.T.);
#17700=PLANE('',#17701);
#17701=AXIS2_PLACEMENT_3D('',#752,#17702,#17703);
#17702=DIRECTION('',(0,1,0));
#17703=DIRECTION('',(-0.9715428758806426,0,-0.23686375899569387));
#17704=FACE_BOUND('',#17705,.T.);
#17705=EDGE_LOOP('',(#17706,#17707,#17708));
#17706=ORIENTED_EDGE('',*,*,#17709,.T.);
#17707=ORIENTED_EDGE('',*,*,#17710,.T.);
#17708=ORIENTED_EDGE('',*,*,#17711,.T.);
#17709=EDGE_CURVE('',#753,#793,#17712,.F.);
#17710=EDGE_CURVE('',#793,#749,#17713,.T.);
#17711=EDGE_CURVE('',#749,#753,#17714,.T.);
#17712=LINE('',#752,#17715);
#17713=LINE('',#792,#17716);
#17714=LINE('',#748,#17717);
#17715=VECTOR('',#17718,1.0);
#17716=VECTOR('',#17719,1.0);
#17717=VECTOR('',#17720,1.0);
#17718=DIRECTION('',(-0.9715428758806426,0,-0.23686375899569387));
#17719=DIRECTION('',(0,0,1));
#17720=DIRECTION('',(1,0,0));
#17721=FACE_SURFACE('',(#17726),#17722,.T.);
#17722=PLANE('',#17723);
#17723=AXIS2_PLACEMENT_3D('',#800,#17724,#17725);
#17724=DIRECTION('',(-1,0,0));
#17725=DIRECTION('',(0,-1,0));
#17726=FACE_BOUND('',#17727,.T.);
#17727=EDGE_LOOP('',(#17728,#17729,#17730));
#17728=ORIENTED_EDGE('',*,*,#17731,.T.);
#17729=ORIENTED_EDGE('',*,*,#17732,.T.);
#17730=ORIENTED_EDGE('',*,*,#17733,.T.);
#17731=EDGE_CURVE('',#801,#803,#17734,.F.);
#17732=EDGE_CURVE('',#803,#775,#17735,.T.);
#17733=EDGE_CURVE('',#775,#801,#17736,.T.);
#17734=LINE('',#800,#17737);
#17735=LINE('',#802,#17738);
#17736=LINE('',#774,#17739);
#17737=VECTOR('',#17740,1.0);
#17738=VECTOR('',#17741,1.0);
#17739=VECTOR('',#17742,1.0);
#17740=DIRECTION('',(0,-1,0));
#17741=DIRECTION('',(0,0.9754410020677065,0.2202608714346434));
#17742=DIRECTION('',(0,0,-1));
#17743=FACE_SURFACE('',(#17748),#17744,.T.);
#17744=PLANE('',#17745);
#17745=AXIS2_PLACEMENT_3D('',#774,#17746,#17747);
#17746=DIRECTION('',(-1,-0,0));
#17747=DIRECTION('',(0,-0.9754410020677065,-0.2202608714346434));
#17748=FACE_BOUND('',#17749,.T.);
#17749=EDGE_LOOP('',(#17750,#17751,#17752));
#17750=ORIENTED_EDGE('',*,*,#17753,.T.);
#17751=ORIENTED_EDGE('',*,*,#17754,.T.);
#17752=ORIENTED_EDGE('',*,*,#17755,.T.);
#17753=EDGE_CURVE('',#775,#803,#17756,.F.);
#17754=EDGE_CURVE('',#803,#763,#17757,.T.);
#17755=EDGE_CURVE('',#763,#775,#17758,.T.);
#17756=LINE('',#774,#17759);
#17757=LINE('',#802,#17760);
#17758=LINE('',#762,#17761);
#17759=VECTOR('',#17762,1.0);
#17760=VECTOR('',#17763,1.0);
#17761=VECTOR('',#17764,1.0);
#17762=DIRECTION('',(0,-0.9754410020677065,-0.2202608714346434));
#17763=DIRECTION('',(0,0,1));
#17764=DIRECTION('',(0,1,0));
#17765=FACE_SURFACE('',(#17770),#17766,.T.);
#17766=PLANE('',#17767);
#17767=AXIS2_PLACEMENT_3D('',#804,#17768,#17769);
#17768=DIRECTION('',(0,1,-0));
#17769=DIRECTION('',(-1,0,0));
#17770=FACE_BOUND('',#17771,.T.);
#17771=EDGE_LOOP('',(#17772,#17773,#17774));
#17772=ORIENTED_EDGE('',*,*,#17775,.T.);
#17773=ORIENTED_EDGE('',*,*,#17776,.T.);
#17774=ORIENTED_EDGE('',*,*,#17777,.T.);
#17775=EDGE_CURVE('',#805,#801,#17778,.F.);
#17776=EDGE_CURVE('',#801,#773,#17779,.T.);
#17777=EDGE_CURVE('',#773,#805,#17780,.T.);
#17778=LINE('',#804,#17781);
#17779=LINE('',#800,#17782);
#17780=LINE('',#772,#17783);
#17781=VECTOR('',#17784,1.0);
#17782=VECTOR('',#17785,1.0);
#17783=VECTOR('',#17786,1.0);
#17784=DIRECTION('',(-1,0,0));
#17785=DIRECTION('',(0.9754410020677065,0,0.2202608714346434));
#17786=DIRECTION('',(0,0,-1));
#17787=FACE_SURFACE('',(#17792),#17788,.T.);
#17788=PLANE('',#17789);
#17789=AXIS2_PLACEMENT_3D('',#772,#17790,#17791);
#17790=DIRECTION('',(0,1,0));
#17791=DIRECTION('',(-0.9754410020677065,0,-0.2202608714346434));
#17792=FACE_BOUND('',#17793,.T.);
#17793=EDGE_LOOP('',(#17794,#17795,#17796));
#17794=ORIENTED_EDGE('',*,*,#17797,.T.);
#17795=ORIENTED_EDGE('',*,*,#17798,.T.);
#17796=ORIENTED_EDGE('',*,*,#17799,.T.);
#17797=EDGE_CURVE('',#773,#801,#17800,.F.);
#17798=EDGE_CURVE('',#801,#775,#17801,.T.);
#17799=EDGE_CURVE('',#775,#773,#17802,.T.);
#17800=LINE('',#772,#17803);
#17801=LINE('',#800,#17804);
#17802=LINE('',#774,#17805);
#17803=VECTOR('',#17806,1.0);
#17804=VECTOR('',#17807,1.0);
#17805=VECTOR('',#17808,1.0);
#17806=DIRECTION('',(-0.9754410020677065,0,-0.2202608714346434));
#17807=DIRECTION('',(0,0,1));
#17808=DIRECTION('',(1,0,0));
#17809=FACE_SURFACE('',(#17814),#17810,.T.);
#17810=PLANE('',#17811);
#17811=AXIS2_PLACEMENT_3D('',#806,#17812,#17813);
#17812=DIRECTION('',(1,0,0));
#17813=DIRECTION('',(0,1,0));
#17814=FACE_BOUND('',#17815,.T.);
#17815=EDGE_LOOP('',(#17816,#17817,#17818));
#17816=ORIENTED_EDGE('',*,*,#17819,.T.);
#17817=ORIENTED_EDGE('',*,*,#17820,.T.);
#17818=ORIENTED_EDGE('',*,*,#17821,.T.);
#17819=EDGE_CURVE('',#807,#805,#17822,.F.);
#17820=EDGE_CURVE('',#805,#767,#17823,.T.);
#17821=EDGE_CURVE('',#767,#807,#17824,.T.);
#17822=LINE('',#806,#17825);
#17823=LINE('',#804,#17826);
#17824=LINE('',#766,#17827);
#17825=VECTOR('',#17828,1.0);
#17826=VECTOR('',#17829,1.0);
#17827=VECTOR('',#17830,1.0);
#17828=DIRECTION('',(0,1,0));
#17829=DIRECTION('',(0,-0.9754410020677065,0.2202608714346434));
#17830=DIRECTION('',(0,0,-1));
#17831=FACE_SURFACE('',(#17836),#17832,.T.);
#17832=PLANE('',#17833);
#17833=AXIS2_PLACEMENT_3D('',#766,#17834,#17835);
#17834=DIRECTION('',(1,-0,0));
#17835=DIRECTION('',(0,0.9754410020677065,-0.2202608714346434));
#17836=FACE_BOUND('',#17837,.T.);
#17837=EDGE_LOOP('',(#17838,#17839,#17840));
#17838=ORIENTED_EDGE('',*,*,#17841,.T.);
#17839=ORIENTED_EDGE('',*,*,#17842,.T.);
#17840=ORIENTED_EDGE('',*,*,#17843,.T.);
#17841=EDGE_CURVE('',#767,#805,#17844,.F.);
#17842=EDGE_CURVE('',#805,#773,#17845,.T.);
#17843=EDGE_CURVE('',#773,#767,#17846,.T.);
#17844=LINE('',#766,#17847);
#17845=LINE('',#804,#17848);
#17846=LINE('',#772,#17849);
#17847=VECTOR('',#17850,1.0);
#17848=VECTOR('',#17851,1.0);
#17849=VECTOR('',#17852,1.0);
#17850=DIRECTION('',(0,0.9754410020677065,-0.2202608714346434));
#17851=DIRECTION('',(0,0,1));
#17852=DIRECTION('',(0,-1,0));
#17853=FACE_SURFACE('',(#17858),#17854,.T.);
#17854=PLANE('',#17855);
#17855=AXIS2_PLACEMENT_3D('',#802,#17856,#17857);
#17856=DIRECTION('',(0,-1,0));
#17857=DIRECTION('',(1,0,0));
#17858=FACE_BOUND('',#17859,.T.);
#17859=EDGE_LOOP('',(#17860,#17861,#17862));
#17860=ORIENTED_EDGE('',*,*,#17863,.T.);
#17861=ORIENTED_EDGE('',*,*,#17864,.T.);
#17862=ORIENTED_EDGE('',*,*,#17865,.T.);
#17863=EDGE_CURVE('',#803,#807,#17866,.F.);
#17864=EDGE_CURVE('',#807,#763,#17867,.T.);
#17865=EDGE_CURVE('',#763,#803,#17868,.T.);
#17866=LINE('',#802,#17869);
#17867=LINE('',#806,#17870);
#17868=LINE('',#762,#17871);
#17869=VECTOR('',#17872,1.0);
#17870=VECTOR('',#17873,1.0);
#17871=VECTOR('',#17874,1.0);
#17872=DIRECTION('',(1,0,0));
#17873=DIRECTION('',(-0.9754410020677065,0,0.2202608714346434));
#17874=DIRECTION('',(0,0,-1));
#17875=FACE_SURFACE('',(#17880),#17876,.T.);
#17876=PLANE('',#17877);
#17877=AXIS2_PLACEMENT_3D('',#762,#17878,#17879);
#17878=DIRECTION('',(0,-1,0));
#17879=DIRECTION('',(0.9754410020677065,0,-0.2202608714346434));
#17880=FACE_BOUND('',#17881,.T.);
#17881=EDGE_LOOP('',(#17882,#17883,#17884));
#17882=ORIENTED_EDGE('',*,*,#17885,.T.);
#17883=ORIENTED_EDGE('',*,*,#17886,.T.);
#17884=ORIENTED_EDGE('',*,*,#17887,.T.);
#17885=EDGE_CURVE('',#763,#807,#17888,.F.);
#17886=EDGE_CURVE('',#807,#767,#17889,.T.);
#17887=EDGE_CURVE('',#767,#763,#17890,.T.);
#17888=LINE('',#762,#17891);
#17889=LINE('',#806,#17892);
#17890=LINE('',#766,#17893);
#17891=VECTOR('',#17894,1.0);
#17892=VECTOR('',#17895,1.0);
#17893=VECTOR('',#17896,1.0);
#17894=DIRECTION('',(0.9754410020677065,0,-0.2202608714346434));
#17895=DIRECTION('',(0,0,1));
#17896=DIRECTION('',(-1,0,0));
#17897=FACE_SURFACE('',(#17902),#17898,.T.);
#17898=PLANE('',#17899);
#17899=AXIS2_PLACEMENT_3D('',#792,#17900,#17901);
#17900=DIRECTION('',(-0,0,-1));
#17901=DIRECTION('',(-0.7071067811865476,-0.7071067811865476,0));
#17902=FACE_BOUND('',#17903,.T.);
#17903=EDGE_LOOP('',(#17904,#17905,#17906));
#17904=ORIENTED_EDGE('',*,*,#17907,.T.);
#17905=ORIENTED_EDGE('',*,*,#17908,.T.);
#17906=ORIENTED_EDGE('',*,*,#17909,.T.);
#17907=EDGE_CURVE('',#793,#803,#17910,.F.);
#17908=EDGE_CURVE('',#803,#795,#17911,.T.);
#17909=EDGE_CURVE('',#795,#793,#17912,.T.);
#17910=LINE('',#792,#17913);
#17911=LINE('',#802,#17914);
#17912=LINE('',#794,#17915);
#17913=VECTOR('',#17916,1.0);
#17914=VECTOR('',#17917,1.0);
#17915=VECTOR('',#17918,1.0);
#17916=DIRECTION('',(-0.7071067811865476,-0.7071067811865476,0));
#17917=DIRECTION('',(0.01224398007754781,0.9999250396664044,0));
#17918=DIRECTION('',(0,-1,0));
#17919=FACE_SURFACE('',(#17924),#17920,.T.);
#17920=PLANE('',#17921);
#17921=AXIS2_PLACEMENT_3D('',#794,#17922,#17923);
#17922=DIRECTION('',(-0,0,-1));
#17923=DIRECTION('',(-0.01224398007754781,-0.9999250396664044,0));
#17924=FACE_BOUND('',#17925,.T.);
#17925=EDGE_LOOP('',(#17926,#17927,#17928));
#17926=ORIENTED_EDGE('',*,*,#17929,.T.);
#17927=ORIENTED_EDGE('',*,*,#17930,.T.);
#17928=ORIENTED_EDGE('',*,*,#17931,.T.);
#17929=EDGE_CURVE('',#795,#803,#17932,.F.);
#17930=EDGE_CURVE('',#803,#801,#17933,.T.);
#17931=EDGE_CURVE('',#801,#795,#17934,.T.);
#17932=LINE('',#794,#17935);
#17933=LINE('',#802,#17936);
#17934=LINE('',#800,#17937);
#17935=VECTOR('',#17938,1.0);
#17936=VECTOR('',#17939,1.0);
#17937=VECTOR('',#17940,1.0);
#17938=DIRECTION('',(-0.01224398007754781,-0.9999250396664044,0));
#17939=DIRECTION('',(0,1,0));
#17940=DIRECTION('',(0.7071067811865476,-0.7071067811865476,0));
#17941=FACE_SURFACE('',(#17946),#17942,.T.);
#17942=PLANE('',#17943);
#17943=AXIS2_PLACEMENT_3D('',#794,#17944,#17945);
#17944=DIRECTION('',(0,0,-1));
#17945=DIRECTION('',(-0.7071067811865476,0.7071067811865476,0));
#17946=FACE_BOUND('',#17947,.T.);
#17947=EDGE_LOOP('',(#17948,#17949,#17950));
#17948=ORIENTED_EDGE('',*,*,#17951,.T.);
#17949=ORIENTED_EDGE('',*,*,#17952,.T.);
#17950=ORIENTED_EDGE('',*,*,#17953,.T.);
#17951=EDGE_CURVE('',#795,#801,#17954,.F.);
#17952=EDGE_CURVE('',#801,#805,#17955,.T.);
#17953=EDGE_CURVE('',#805,#795,#17956,.T.);
#17954=LINE('',#794,#17957);
#17955=LINE('',#800,#17958);
#17956=LINE('',#804,#17959);
#17957=VECTOR('',#17960,1.0);
#17958=VECTOR('',#17961,1.0);
#17959=VECTOR('',#17962,1.0);
#17960=DIRECTION('',(-0.7071067811865476,0.7071067811865476,0));
#17961=DIRECTION('',(1,0,0));
#17962=DIRECTION('',(-0.9999250396664044,-0.01224398007754781,0));
#17963=FACE_SURFACE('',(#17968),#17964,.T.);
#17964=PLANE('',#17965);
#17965=AXIS2_PLACEMENT_3D('',#792,#17966,#17967);
#17966=DIRECTION('',(0,-0,-1));
#17967=DIRECTION('',(1,0,0));
#17968=FACE_BOUND('',#17969,.T.);
#17969=EDGE_LOOP('',(#17970,#17971,#17972));
#17970=ORIENTED_EDGE('',*,*,#17973,.T.);
#17971=ORIENTED_EDGE('',*,*,#17974,.T.);
#17972=ORIENTED_EDGE('',*,*,#17975,.T.);
#17973=EDGE_CURVE('',#793,#799,#17976,.F.);
#17974=EDGE_CURVE('',#799,#803,#17977,.T.);
#17975=EDGE_CURVE('',#803,#793,#17978,.T.);
#17976=LINE('',#792,#17979);
#17977=LINE('',#798,#17980);
#17978=LINE('',#802,#17981);
#17979=VECTOR('',#17982,1.0);
#17980=VECTOR('',#17983,1.0);
#17981=VECTOR('',#17984,1.0);
#17982=DIRECTION('',(1,0,0));
#17983=DIRECTION('',(-0.9999250396664044,-0.01224398007754781,0));
#17984=DIRECTION('',(0.7071067811865476,0.7071067811865476,0));
#17985=FACE_SURFACE('',(#17990),#17986,.T.);
#17986=PLANE('',#17987);
#17987=AXIS2_PLACEMENT_3D('',#802,#17988,#17989);
#17988=DIRECTION('',(0,0,-1));
#17989=DIRECTION('',(0.9999250396664044,0.01224398007754781,0));
#17990=FACE_BOUND('',#17991,.T.);
#17991=EDGE_LOOP('',(#17992,#17993,#17994));
#17992=ORIENTED_EDGE('',*,*,#17995,.T.);
#17993=ORIENTED_EDGE('',*,*,#17996,.T.);
#17994=ORIENTED_EDGE('',*,*,#17997,.T.);
#17995=EDGE_CURVE('',#803,#799,#17998,.F.);
#17996=EDGE_CURVE('',#799,#807,#17999,.T.);
#17997=EDGE_CURVE('',#807,#803,#18000,.T.);
#17998=LINE('',#802,#18001);
#17999=LINE('',#798,#18002);
#18000=LINE('',#806,#18003);
#18001=VECTOR('',#18004,1.0);
#18002=VECTOR('',#18005,1.0);
#18003=VECTOR('',#18006,1.0);
#18004=DIRECTION('',(0.9999250396664044,0.01224398007754781,0));
#18005=DIRECTION('',(0.7071067811865476,-0.7071067811865476,0));
#18006=DIRECTION('',(-1,0,0));
#18007=FACE_SURFACE('',(#18012),#18008,.T.);
#18008=PLANE('',#18009);
#18009=AXIS2_PLACEMENT_3D('',#806,#18010,#18011);
#18010=DIRECTION('',(0,0,-1));
#18011=DIRECTION('',(-0.7071067811865476,0.7071067811865476,0));
#18012=FACE_BOUND('',#18013,.T.);
#18013=EDGE_LOOP('',(#18014,#18015,#18016));
#18014=ORIENTED_EDGE('',*,*,#18017,.T.);
#18015=ORIENTED_EDGE('',*,*,#18018,.T.);
#18016=ORIENTED_EDGE('',*,*,#18019,.T.);
#18017=EDGE_CURVE('',#807,#799,#18020,.F.);
#18018=EDGE_CURVE('',#799,#797,#18021,.T.);
#18019=EDGE_CURVE('',#797,#807,#18022,.T.);
#18020=LINE('',#806,#18023);
#18021=LINE('',#798,#18024);
#18022=LINE('',#796,#18025);
#18023=VECTOR('',#18026,1.0);
#18024=VECTOR('',#18027,1.0);
#18025=VECTOR('',#18028,1.0);
#18026=DIRECTION('',(-0.7071067811865476,0.7071067811865476,0));
#18027=DIRECTION('',(0,1,0));
#18028=DIRECTION('',(0.01224398007754781,-0.9999250396664044,0));
#18029=FACE_SURFACE('',(#18034),#18030,.T.);
#18030=PLANE('',#18031);
#18031=AXIS2_PLACEMENT_3D('',#806,#18032,#18033);
#18032=DIRECTION('',(0,0,-1));
#18033=DIRECTION('',(-0.01224398007754781,0.9999250396664044,0));
#18034=FACE_BOUND('',#18035,.T.);
#18035=EDGE_LOOP('',(#18036,#18037,#18038));
#18036=ORIENTED_EDGE('',*,*,#18039,.T.);
#18037=ORIENTED_EDGE('',*,*,#18040,.T.);
#18038=ORIENTED_EDGE('',*,*,#18041,.T.);
#18039=EDGE_CURVE('',#807,#797,#18042,.F.);
#18040=EDGE_CURVE('',#797,#805,#18043,.T.);
#18041=EDGE_CURVE('',#805,#807,#18044,.T.);
#18042=LINE('',#806,#18045);
#18043=LINE('',#796,#18046);
#18044=LINE('',#804,#18047);
#18045=VECTOR('',#18048,1.0);
#18046=VECTOR('',#18049,1.0);
#18047=VECTOR('',#18050,1.0);
#18048=DIRECTION('',(-0.01224398007754781,0.9999250396664044,0));
#18049=DIRECTION('',(0.7071067811865476,0.7071067811865476,0));
#18050=DIRECTION('',(0,-1,0));
#18051=FACE_SURFACE('',(#18056),#18052,.T.);
#18052=PLANE('',#18053);
#18053=AXIS2_PLACEMENT_3D('',#804,#18054,#18055);
#18054=DIRECTION('',(0,0,-1));
#18055=DIRECTION('',(-0.7071067811865476,-0.7071067811865476,0));
#18056=FACE_BOUND('',#18057,.T.);
#18057=EDGE_LOOP('',(#18058,#18059,#18060));
#18058=ORIENTED_EDGE('',*,*,#18061,.T.);
#18059=ORIENTED_EDGE('',*,*,#18062,.T.);
#18060=ORIENTED_EDGE('',*,*,#18063,.T.);
#18061=EDGE_CURVE('',#805,#797,#18064,.F.);
#18062=EDGE_CURVE('',#797,#795,#18065,.T.);
#18063=EDGE_CURVE('',#795,#805,#18066,.T.);
#18064=LINE('',#804,#18067);
#18065=LINE('',#796,#18068);
#18066=LINE('',#794,#18069);
#18067=VECTOR('',#18070,1.0);
#18068=VECTOR('',#18071,1.0);
#18069=VECTOR('',#18072,1.0);
#18070=DIRECTION('',(-0.7071067811865476,-0.7071067811865476,0));
#18071=DIRECTION('',(-1,0,0));
#18072=DIRECTION('',(0.9999250396664044,0.01224398007754781,0));
#18073=FACE_SURFACE('',(#18078),#18074,.T.);
#18074=PLANE('',#18075);
#18075=AXIS2_PLACEMENT_3D('',#808,#18076,#18077);
#18076=DIRECTION('',(1,0,0));
#18077=DIRECTION('',(0,1,0));
#18078=FACE_BOUND('',#18079,.T.);
#18079=EDGE_LOOP('',(#18080,#18081,#18082));
#18080=ORIENTED_EDGE('',*,*,#18083,.T.);
#18081=ORIENTED_EDGE('',*,*,#18084,.T.);
#18082=ORIENTED_EDGE('',*,*,#18085,.T.);
#18083=EDGE_CURVE('',#809,#811,#18086,.F.);
#18084=EDGE_CURVE('',#811,#765,#18087,.T.);
#18085=EDGE_CURVE('',#765,#809,#18088,.T.);
#18086=LINE('',#808,#18089);
#18087=LINE('',#810,#18090);
#18088=LINE('',#764,#18091);
#18089=VECTOR('',#18092,1.0);
#18090=VECTOR('',#18093,1.0);
#18091=VECTOR('',#18094,1.0);
#18092=DIRECTION('',(0,1,0));
#18093=DIRECTION('',(0,-0.9786947730063801,0.20532058174959023));
#18094=DIRECTION('',(0,0,-1));
#18095=FACE_SURFACE('',(#18100),#18096,.T.);
#18096=PLANE('',#18097);
#18097=AXIS2_PLACEMENT_3D('',#764,#18098,#18099);
#18098=DIRECTION('',(1,-0,0));
#18099=DIRECTION('',(0,0.9786947730063801,-0.20532058174959023));
#18100=FACE_BOUND('',#18101,.T.);
#18101=EDGE_LOOP('',(#18102,#18103,#18104));
#18102=ORIENTED_EDGE('',*,*,#18105,.T.);
#18103=ORIENTED_EDGE('',*,*,#18106,.T.);
#18104=ORIENTED_EDGE('',*,*,#18107,.T.);
#18105=EDGE_CURVE('',#765,#811,#18108,.F.);
#18106=EDGE_CURVE('',#811,#761,#18109,.T.);
#18107=EDGE_CURVE('',#761,#765,#18110,.T.);
#18108=LINE('',#764,#18111);
#18109=LINE('',#810,#18112);
#18110=LINE('',#760,#18113);
#18111=VECTOR('',#18114,1.0);
#18112=VECTOR('',#18115,1.0);
#18113=VECTOR('',#18116,1.0);
#18114=DIRECTION('',(0,0.9786947730063801,-0.20532058174959023));
#18115=DIRECTION('',(0,0,1));
#18116=DIRECTION('',(0,-1,0));
#18117=FACE_SURFACE('',(#18122),#18118,.T.);
#18118=PLANE('',#18119);
#18119=AXIS2_PLACEMENT_3D('',#810,#18120,#18121);
#18120=DIRECTION('',(0,-1,0));
#18121=DIRECTION('',(1,0,0));
#18122=FACE_BOUND('',#18123,.T.);
#18123=EDGE_LOOP('',(#18124,#18125,#18126));
#18124=ORIENTED_EDGE('',*,*,#18127,.T.);
#18125=ORIENTED_EDGE('',*,*,#18128,.T.);
#18126=ORIENTED_EDGE('',*,*,#18129,.T.);
#18127=EDGE_CURVE('',#811,#813,#18130,.F.);
#18128=EDGE_CURVE('',#813,#761,#18131,.T.);
#18129=EDGE_CURVE('',#761,#811,#18132,.T.);
#18130=LINE('',#810,#18133);
#18131=LINE('',#812,#18134);
#18132=LINE('',#760,#18135);
#18133=VECTOR('',#18136,1.0);
#18134=VECTOR('',#18137,1.0);
#18135=VECTOR('',#18138,1.0);
#18136=DIRECTION('',(1,0,0));
#18137=DIRECTION('',(-0.9786947730063801,0,0.20532058174959023));
#18138=DIRECTION('',(0,0,-1));
#18139=FACE_SURFACE('',(#18144),#18140,.T.);
#18140=PLANE('',#18141);
#18141=AXIS2_PLACEMENT_3D('',#760,#18142,#18143);
#18142=DIRECTION('',(0,-1,0));
#18143=DIRECTION('',(0.9786947730063801,0,-0.20532058174959023));
#18144=FACE_BOUND('',#18145,.T.);
#18145=EDGE_LOOP('',(#18146,#18147,#18148));
#18146=ORIENTED_EDGE('',*,*,#18149,.T.);
#18147=ORIENTED_EDGE('',*,*,#18150,.T.);
#18148=ORIENTED_EDGE('',*,*,#18151,.T.);
#18149=EDGE_CURVE('',#761,#813,#18152,.F.);
#18150=EDGE_CURVE('',#813,#771,#18153,.T.);
#18151=EDGE_CURVE('',#771,#761,#18154,.T.);
#18152=LINE('',#760,#18155);
#18153=LINE('',#812,#18156);
#18154=LINE('',#770,#18157);
#18155=VECTOR('',#18158,1.0);
#18156=VECTOR('',#18159,1.0);
#18157=VECTOR('',#18160,1.0);
#18158=DIRECTION('',(0.9786947730063801,0,-0.20532058174959023));
#18159=DIRECTION('',(0,0,1));
#18160=DIRECTION('',(-1,0,0));
#18161=FACE_SURFACE('',(#18166),#18162,.T.);
#18162=PLANE('',#18163);
#18163=AXIS2_PLACEMENT_3D('',#812,#18164,#18165);
#18164=DIRECTION('',(-1,0,0));
#18165=DIRECTION('',(0,-1,0));
#18166=FACE_BOUND('',#18167,.T.);
#18167=EDGE_LOOP('',(#18168,#18169,#18170));
#18168=ORIENTED_EDGE('',*,*,#18171,.T.);
#18169=ORIENTED_EDGE('',*,*,#18172,.T.);
#18170=ORIENTED_EDGE('',*,*,#18173,.T.);
#18171=EDGE_CURVE('',#813,#815,#18174,.F.);
#18172=EDGE_CURVE('',#815,#771,#18175,.T.);
#18173=EDGE_CURVE('',#771,#813,#18176,.T.);
#18174=LINE('',#812,#18177);
#18175=LINE('',#814,#18178);
#18176=LINE('',#770,#18179);
#18177=VECTOR('',#18180,1.0);
#18178=VECTOR('',#18181,1.0);
#18179=VECTOR('',#18182,1.0);
#18180=DIRECTION('',(0,-1,0));
#18181=DIRECTION('',(0,0.9786947730063801,0.20532058174959023));
#18182=DIRECTION('',(0,0,-1));
#18183=FACE_SURFACE('',(#18188),#18184,.T.);
#18184=PLANE('',#18185);
#18185=AXIS2_PLACEMENT_3D('',#770,#18186,#18187);
#18186=DIRECTION('',(-1,-0,0));
#18187=DIRECTION('',(0,-0.9786947730063801,-0.20532058174959023));
#18188=FACE_BOUND('',#18189,.T.);
#18189=EDGE_LOOP('',(#18190,#18191,#18192));
#18190=ORIENTED_EDGE('',*,*,#18193,.T.);
#18191=ORIENTED_EDGE('',*,*,#18194,.T.);
#18192=ORIENTED_EDGE('',*,*,#18195,.T.);
#18193=EDGE_CURVE('',#771,#815,#18196,.F.);
#18194=EDGE_CURVE('',#815,#769,#18197,.T.);
#18195=EDGE_CURVE('',#769,#771,#18198,.T.);
#18196=LINE('',#770,#18199);
#18197=LINE('',#814,#18200);
#18198=LINE('',#768,#18201);
#18199=VECTOR('',#18202,1.0);
#18200=VECTOR('',#18203,1.0);
#18201=VECTOR('',#18204,1.0);
#18202=DIRECTION('',(0,-0.9786947730063801,-0.20532058174959023));
#18203=DIRECTION('',(0,0,1));
#18204=DIRECTION('',(0,1,0));
#18205=FACE_SURFACE('',(#18210),#18206,.T.);
#18206=PLANE('',#18207);
#18207=AXIS2_PLACEMENT_3D('',#814,#18208,#18209);
#18208=DIRECTION('',(0,1,-0));
#18209=DIRECTION('',(-1,0,0));
#18210=FACE_BOUND('',#18211,.T.);
#18211=EDGE_LOOP('',(#18212,#18213,#18214));
#18212=ORIENTED_EDGE('',*,*,#18215,.T.);
#18213=ORIENTED_EDGE('',*,*,#18216,.T.);
#18214=ORIENTED_EDGE('',*,*,#18217,.T.);
#18215=EDGE_CURVE('',#815,#809,#18218,.F.);
#18216=EDGE_CURVE('',#809,#769,#18219,.T.);
#18217=EDGE_CURVE('',#769,#815,#18220,.T.);
#18218=LINE('',#814,#18221);
#18219=LINE('',#808,#18222);
#18220=LINE('',#768,#18223);
#18221=VECTOR('',#18224,1.0);
#18222=VECTOR('',#18225,1.0);
#18223=VECTOR('',#18226,1.0);
#18224=DIRECTION('',(-1,0,0));
#18225=DIRECTION('',(0.9786947730063801,0,0.20532058174959023));
#18226=DIRECTION('',(0,0,-1));
#18227=FACE_SURFACE('',(#18232),#18228,.T.);
#18228=PLANE('',#18229);
#18229=AXIS2_PLACEMENT_3D('',#768,#18230,#18231);
#18230=DIRECTION('',(0,1,0));
#18231=DIRECTION('',(-0.9786947730063801,0,-0.20532058174959023));
#18232=FACE_BOUND('',#18233,.T.);
#18233=EDGE_LOOP('',(#18234,#18235,#18236));
#18234=ORIENTED_EDGE('',*,*,#18237,.T.);
#18235=ORIENTED_EDGE('',*,*,#18238,.T.);
#18236=ORIENTED_EDGE('',*,*,#18239,.T.);
#18237=EDGE_CURVE('',#769,#809,#18240,.F.);
#18238=EDGE_CURVE('',#809,#765,#18241,.T.);
#18239=EDGE_CURVE('',#765,#769,#18242,.T.);
#18240=LINE('',#768,#18243);
#18241=LINE('',#808,#18244);
#18242=LINE('',#764,#18245);
#18243=VECTOR('',#18246,1.0);
#18244=VECTOR('',#18247,1.0);
#18245=VECTOR('',#18248,1.0);
#18246=DIRECTION('',(-0.9786947730063801,0,-0.20532058174959023));
#18247=DIRECTION('',(0,0,1));
#18248=DIRECTION('',(1,0,0));
#18249=FACE_SURFACE('',(#18254),#18250,.T.);
#18250=PLANE('',#18251);
#18251=AXIS2_PLACEMENT_3D('',#816,#18252,#18253);
#18252=DIRECTION('',(-1,0,0));
#18253=DIRECTION('',(0,-1,0));
#18254=FACE_BOUND('',#18255,.T.);
#18255=EDGE_LOOP('',(#18256,#18257,#18258));
#18256=ORIENTED_EDGE('',*,*,#18259,.T.);
#18257=ORIENTED_EDGE('',*,*,#18260,.T.);
#18258=ORIENTED_EDGE('',*,*,#18261,.T.);
#18259=EDGE_CURVE('',#817,#819,#18262,.F.);
#18260=EDGE_CURVE('',#819,#789,#18263,.T.);
#18261=EDGE_CURVE('',#789,#817,#18264,.T.);
#18262=LINE('',#816,#18265);
#18263=LINE('',#818,#18266);
#18264=LINE('',#788,#18267);
#18265=VECTOR('',#18268,1.0);
#18266=VECTOR('',#18269,1.0);
#18267=VECTOR('',#18270,1.0);
#18268=DIRECTION('',(0,-1,0));
#18269=DIRECTION('',(0,0.9795349186343031,0.20127429834951432));
#18270=DIRECTION('',(0,0,-1));
#18271=FACE_SURFACE('',(#18276),#18272,.T.);
#18272=PLANE('',#18273);
#18273=AXIS2_PLACEMENT_3D('',#788,#18274,#18275);
#18274=DIRECTION('',(-1,-0,0));
#18275=DIRECTION('',(0,-0.9795349186343031,-0.20127429834951432));
#18276=FACE_BOUND('',#18277,.T.);
#18277=EDGE_LOOP('',(#18278,#18279,#18280));
#18278=ORIENTED_EDGE('',*,*,#18281,.T.);
#18279=ORIENTED_EDGE('',*,*,#18282,.T.);
#18280=ORIENTED_EDGE('',*,*,#18283,.T.);
#18281=EDGE_CURVE('',#789,#819,#18284,.F.);
#18282=EDGE_CURVE('',#819,#785,#18285,.T.);
#18283=EDGE_CURVE('',#785,#789,#18286,.T.);
#18284=LINE('',#788,#18287);
#18285=LINE('',#818,#18288);
#18286=LINE('',#784,#18289);
#18287=VECTOR('',#18290,1.0);
#18288=VECTOR('',#18291,1.0);
#18289=VECTOR('',#18292,1.0);
#18290=DIRECTION('',(0,-0.9795349186343031,-0.20127429834951432));
#18291=DIRECTION('',(0,0,1));
#18292=DIRECTION('',(0,1,0));
#18293=FACE_SURFACE('',(#18298),#18294,.T.);
#18294=PLANE('',#18295);
#18295=AXIS2_PLACEMENT_3D('',#820,#18296,#18297);
#18296=DIRECTION('',(0,1,-0));
#18297=DIRECTION('',(-1,0,0));
#18298=FACE_BOUND('',#18299,.T.);
#18299=EDGE_LOOP('',(#18300,#18301,#18302));
#18300=ORIENTED_EDGE('',*,*,#18303,.T.);
#18301=ORIENTED_EDGE('',*,*,#18304,.T.);
#18302=ORIENTED_EDGE('',*,*,#18305,.T.);
#18303=EDGE_CURVE('',#821,#817,#18306,.F.);
#18304=EDGE_CURVE('',#817,#791,#18307,.T.);
#18305=EDGE_CURVE('',#791,#821,#18308,.T.);
#18306=LINE('',#820,#18309);
#18307=LINE('',#816,#18310);
#18308=LINE('',#790,#18311);
#18309=VECTOR('',#18312,1.0);
#18310=VECTOR('',#18313,1.0);
#18311=VECTOR('',#18314,1.0);
#18312=DIRECTION('',(-1,0,0));
#18313=DIRECTION('',(0.9795349186343031,0,0.20127429834951432));
#18314=DIRECTION('',(0,0,-1));
#18315=FACE_SURFACE('',(#18320),#18316,.T.);
#18316=PLANE('',#18317);
#18317=AXIS2_PLACEMENT_3D('',#790,#18318,#18319);
#18318=DIRECTION('',(0,1,0));
#18319=DIRECTION('',(-0.9795349186343031,0,-0.20127429834951432));
#18320=FACE_BOUND('',#18321,.T.);
#18321=EDGE_LOOP('',(#18322,#18323,#18324));
#18322=ORIENTED_EDGE('',*,*,#18325,.T.);
#18323=ORIENTED_EDGE('',*,*,#18326,.T.);
#18324=ORIENTED_EDGE('',*,*,#18327,.T.);
#18325=EDGE_CURVE('',#791,#817,#18328,.F.);
#18326=EDGE_CURVE('',#817,#789,#18329,.T.);
#18327=EDGE_CURVE('',#789,#791,#18330,.T.);
#18328=LINE('',#790,#18331);
#18329=LINE('',#816,#18332);
#18330=LINE('',#788,#18333);
#18331=VECTOR('',#18334,1.0);
#18332=VECTOR('',#18335,1.0);
#18333=VECTOR('',#18336,1.0);
#18334=DIRECTION('',(-0.9795349186343031,0,-0.20127429834951432));
#18335=DIRECTION('',(0,0,1));
#18336=DIRECTION('',(1,0,0));
#18337=FACE_SURFACE('',(#18342),#18338,.T.);
#18338=PLANE('',#18339);
#18339=AXIS2_PLACEMENT_3D('',#822,#18340,#18341);
#18340=DIRECTION('',(1,0,0));
#18341=DIRECTION('',(0,1,0));
#18342=FACE_BOUND('',#18343,.T.);
#18343=EDGE_LOOP('',(#18344,#18345,#18346));
#18344=ORIENTED_EDGE('',*,*,#18347,.T.);
#18345=ORIENTED_EDGE('',*,*,#18348,.T.);
#18346=ORIENTED_EDGE('',*,*,#18349,.T.);
#18347=EDGE_CURVE('',#823,#821,#18350,.F.);
#18348=EDGE_CURVE('',#821,#781,#18351,.T.);
#18349=EDGE_CURVE('',#781,#823,#18352,.T.);
#18350=LINE('',#822,#18353);
#18351=LINE('',#820,#18354);
#18352=LINE('',#780,#18355);
#18353=VECTOR('',#18356,1.0);
#18354=VECTOR('',#18357,1.0);
#18355=VECTOR('',#18358,1.0);
#18356=DIRECTION('',(0,1,0));
#18357=DIRECTION('',(0,-0.9795349186343031,0.20127429834951432));
#18358=DIRECTION('',(0,0,-1));
#18359=FACE_SURFACE('',(#18364),#18360,.T.);
#18360=PLANE('',#18361);
#18361=AXIS2_PLACEMENT_3D('',#780,#18362,#18363);
#18362=DIRECTION('',(1,-0,0));
#18363=DIRECTION('',(0,0.9795349186343031,-0.20127429834951432));
#18364=FACE_BOUND('',#18365,.T.);
#18365=EDGE_LOOP('',(#18366,#18367,#18368));
#18366=ORIENTED_EDGE('',*,*,#18369,.T.);
#18367=ORIENTED_EDGE('',*,*,#18370,.T.);
#18368=ORIENTED_EDGE('',*,*,#18371,.T.);
#18369=EDGE_CURVE('',#781,#821,#18372,.F.);
#18370=EDGE_CURVE('',#821,#791,#18373,.T.);
#18371=EDGE_CURVE('',#791,#781,#18374,.T.);
#18372=LINE('',#780,#18375);
#18373=LINE('',#820,#18376);
#18374=LINE('',#790,#18377);
#18375=VECTOR('',#18378,1.0);
#18376=VECTOR('',#18379,1.0);
#18377=VECTOR('',#18380,1.0);
#18378=DIRECTION('',(0,0.9795349186343031,-0.20127429834951432));
#18379=DIRECTION('',(0,0,1));
#18380=DIRECTION('',(0,-1,0));
#18381=FACE_SURFACE('',(#18386),#18382,.T.);
#18382=PLANE('',#18383);
#18383=AXIS2_PLACEMENT_3D('',#818,#18384,#18385);
#18384=DIRECTION('',(0,-1,0));
#18385=DIRECTION('',(1,0,0));
#18386=FACE_BOUND('',#18387,.T.);
#18387=EDGE_LOOP('',(#18388,#18389,#18390));
#18388=ORIENTED_EDGE('',*,*,#18391,.T.);
#18389=ORIENTED_EDGE('',*,*,#18392,.T.);
#18390=ORIENTED_EDGE('',*,*,#18393,.T.);
#18391=EDGE_CURVE('',#819,#823,#18394,.F.);
#18392=EDGE_CURVE('',#823,#785,#18395,.T.);
#18393=EDGE_CURVE('',#785,#819,#18396,.T.);
#18394=LINE('',#818,#18397);
#18395=LINE('',#822,#18398);
#18396=LINE('',#784,#18399);
#18397=VECTOR('',#18400,1.0);
#18398=VECTOR('',#18401,1.0);
#18399=VECTOR('',#18402,1.0);
#18400=DIRECTION('',(1,0,0));
#18401=DIRECTION('',(-0.9795349186343031,0,0.20127429834951432));
#18402=DIRECTION('',(0,0,-1));
#18403=FACE_SURFACE('',(#18408),#18404,.T.);
#18404=PLANE('',#18405);
#18405=AXIS2_PLACEMENT_3D('',#784,#18406,#18407);
#18406=DIRECTION('',(0,-1,0));
#18407=DIRECTION('',(0.9795349186343031,0,-0.20127429834951432));
#18408=FACE_BOUND('',#18409,.T.);
#18409=EDGE_LOOP('',(#18410,#18411,#18412));
#18410=ORIENTED_EDGE('',*,*,#18413,.T.);
#18411=ORIENTED_EDGE('',*,*,#18414,.T.);
#18412=ORIENTED_EDGE('',*,*,#18415,.T.);
#18413=EDGE_CURVE('',#785,#823,#18416,.F.);
#18414=EDGE_CURVE('',#823,#781,#18417,.T.);
#18415=EDGE_CURVE('',#781,#785,#18418,.T.);
#18416=LINE('',#784,#18419);
#18417=LINE('',#822,#18420);
#18418=LINE('',#780,#18421);
#18419=VECTOR('',#18422,1.0);
#18420=VECTOR('',#18423,1.0);
#18421=VECTOR('',#18424,1.0);
#18422=DIRECTION('',(0.9795349186343031,0,-0.20127429834951432));
#18423=DIRECTION('',(0,0,1));
#18424=DIRECTION('',(-1,0,0));
#18425=FACE_SURFACE('',(#18430),#18426,.T.);
#18426=PLANE('',#18427);
#18427=AXIS2_PLACEMENT_3D('',#808,#18428,#18429);
#18428=DIRECTION('',(-0,0,-1));
#18429=DIRECTION('',(-0.7071067811865476,-0.7071067811865476,0));
#18430=FACE_BOUND('',#18431,.T.);
#18431=EDGE_LOOP('',(#18432,#18433,#18434));
#18432=ORIENTED_EDGE('',*,*,#18435,.T.);
#18433=ORIENTED_EDGE('',*,*,#18436,.T.);
#18434=ORIENTED_EDGE('',*,*,#18437,.T.);
#18435=EDGE_CURVE('',#809,#819,#18438,.F.);
#18436=EDGE_CURVE('',#819,#811,#18439,.T.);
#18437=EDGE_CURVE('',#811,#809,#18440,.T.);
#18438=LINE('',#808,#18441);
#18439=LINE('',#818,#18442);
#18440=LINE('',#810,#18443);
#18441=VECTOR('',#18444,1.0);
#18442=VECTOR('',#18445,1.0);
#18443=VECTOR('',#18446,1.0);
#18444=DIRECTION('',(-0.7071067811865476,-0.7071067811865476,0));
#18445=DIRECTION('',(0.010380063588464316,0.999946125688729,0));
#18446=DIRECTION('',(0,-1,0));
#18447=FACE_SURFACE('',(#18452),#18448,.T.);
#18448=PLANE('',#18449);
#18449=AXIS2_PLACEMENT_3D('',#810,#18450,#18451);
#18450=DIRECTION('',(-0,0,-1));
#18451=DIRECTION('',(-0.010380063588464316,-0.999946125688729,0));
#18452=FACE_BOUND('',#18453,.T.);
#18453=EDGE_LOOP('',(#18454,#18455,#18456));
#18454=ORIENTED_EDGE('',*,*,#18457,.T.);
#18455=ORIENTED_EDGE('',*,*,#18458,.T.);
#18456=ORIENTED_EDGE('',*,*,#18459,.T.);
#18457=EDGE_CURVE('',#811,#819,#18460,.F.);
#18458=EDGE_CURVE('',#819,#817,#18461,.T.);
#18459=EDGE_CURVE('',#817,#811,#18462,.T.);
#18460=LINE('',#810,#18463);
#18461=LINE('',#818,#18464);
#18462=LINE('',#816,#18465);
#18463=VECTOR('',#18466,1.0);
#18464=VECTOR('',#18467,1.0);
#18465=VECTOR('',#18468,1.0);
#18466=DIRECTION('',(-0.010380063588464316,-0.999946125688729,0));
#18467=DIRECTION('',(0,1,0));
#18468=DIRECTION('',(0.7071067811865476,-0.7071067811865476,0));
#18469=FACE_SURFACE('',(#18474),#18470,.T.);
#18470=PLANE('',#18471);
#18471=AXIS2_PLACEMENT_3D('',#810,#18472,#18473);
#18472=DIRECTION('',(0,0,-1));
#18473=DIRECTION('',(-0.7071067811865476,0.7071067811865476,0));
#18474=FACE_BOUND('',#18475,.T.);
#18475=EDGE_LOOP('',(#18476,#18477,#18478));
#18476=ORIENTED_EDGE('',*,*,#18479,.T.);
#18477=ORIENTED_EDGE('',*,*,#18480,.T.);
#18478=ORIENTED_EDGE('',*,*,#18481,.T.);
#18479=EDGE_CURVE('',#811,#817,#18482,.F.);
#18480=EDGE_CURVE('',#817,#821,#18483,.T.);
#18481=EDGE_CURVE('',#821,#811,#18484,.T.);
#18482=LINE('',#810,#18485);
#18483=LINE('',#816,#18486);
#18484=LINE('',#820,#18487);
#18485=VECTOR('',#18488,1.0);
#18486=VECTOR('',#18489,1.0);
#18487=VECTOR('',#18490,1.0);
#18488=DIRECTION('',(-0.7071067811865476,0.7071067811865476,0));
#18489=DIRECTION('',(1,0,0));
#18490=DIRECTION('',(-0.999946125688729,-0.010380063588464316,0));
#18491=FACE_SURFACE('',(#18496),#18492,.T.);
#18492=PLANE('',#18493);
#18493=AXIS2_PLACEMENT_3D('',#808,#18494,#18495);
#18494=DIRECTION('',(0,-0,-1));
#18495=DIRECTION('',(1,0,0));
#18496=FACE_BOUND('',#18497,.T.);
#18497=EDGE_LOOP('',(#18498,#18499,#18500));
#18498=ORIENTED_EDGE('',*,*,#18501,.T.);
#18499=ORIENTED_EDGE('',*,*,#18502,.T.);
#18500=ORIENTED_EDGE('',*,*,#18503,.T.);
#18501=EDGE_CURVE('',#809,#815,#18504,.F.);
#18502=EDGE_CURVE('',#815,#819,#18505,.T.);
#18503=EDGE_CURVE('',#819,#809,#18506,.T.);
#18504=LINE('',#808,#18507);
#18505=LINE('',#814,#18508);
#18506=LINE('',#818,#18509);
#18507=VECTOR('',#18510,1.0);
#18508=VECTOR('',#18511,1.0);
#18509=VECTOR('',#18512,1.0);
#18510=DIRECTION('',(1,0,0));
#18511=DIRECTION('',(-0.999946125688729,-0.010380063588464316,0));
#18512=DIRECTION('',(0.7071067811865476,0.7071067811865476,0));
#18513=FACE_SURFACE('',(#18518),#18514,.T.);
#18514=PLANE('',#18515);
#18515=AXIS2_PLACEMENT_3D('',#818,#18516,#18517);
#18516=DIRECTION('',(0,0,-1));
#18517=DIRECTION('',(0.999946125688729,0.010380063588464316,0));
#18518=FACE_BOUND('',#18519,.T.);
#18519=EDGE_LOOP('',(#18520,#18521,#18522));
#18520=ORIENTED_EDGE('',*,*,#18523,.T.);
#18521=ORIENTED_EDGE('',*,*,#18524,.T.);
#18522=ORIENTED_EDGE('',*,*,#18525,.T.);
#18523=EDGE_CURVE('',#819,#815,#18526,.F.);
#18524=EDGE_CURVE('',#815,#823,#18527,.T.);
#18525=EDGE_CURVE('',#823,#819,#18528,.T.);
#18526=LINE('',#818,#18529);
#18527=LINE('',#814,#18530);
#18528=LINE('',#822,#18531);
#18529=VECTOR('',#18532,1.0);
#18530=VECTOR('',#18533,1.0);
#18531=VECTOR('',#18534,1.0);
#18532=DIRECTION('',(0.999946125688729,0.010380063588464316,0));
#18533=DIRECTION('',(0.7071067811865476,-0.7071067811865476,0));
#18534=DIRECTION('',(-1,0,0));
#18535=FACE_SURFACE('',(#18540),#18536,.T.);
#18536=PLANE('',#18537);
#18537=AXIS2_PLACEMENT_3D('',#822,#18538,#18539);
#18538=DIRECTION('',(0,0,-1));
#18539=DIRECTION('',(-0.7071067811865476,0.7071067811865476,0));
#18540=FACE_BOUND('',#18541,.T.);
#18541=EDGE_LOOP('',(#18542,#18543,#18544));
#18542=ORIENTED_EDGE('',*,*,#18545,.T.);
#18543=ORIENTED_EDGE('',*,*,#18546,.T.);
#18544=ORIENTED_EDGE('',*,*,#18547,.T.);
#18545=EDGE_CURVE('',#823,#815,#18548,.F.);
#18546=EDGE_CURVE('',#815,#813,#18549,.T.);
#18547=EDGE_CURVE('',#813,#823,#18550,.T.);
#18548=LINE('',#822,#18551);
#18549=LINE('',#814,#18552);
#18550=LINE('',#812,#18553);
#18551=VECTOR('',#18554,1.0);
#18552=VECTOR('',#18555,1.0);
#18553=VECTOR('',#18556,1.0);
#18554=DIRECTION('',(-0.7071067811865476,0.7071067811865476,0));
#18555=DIRECTION('',(0,1,0));
#18556=DIRECTION('',(0.010380063588464316,-0.999946125688729,0));
#18557=FACE_SURFACE('',(#18562),#18558,.T.);
#18558=PLANE('',#18559);
#18559=AXIS2_PLACEMENT_3D('',#822,#18560,#18561);
#18560=DIRECTION('',(0,0,-1));
#18561=DIRECTION('',(-0.010380063588464316,0.999946125688729,0));
#18562=FACE_BOUND('',#18563,.T.);
#18563=EDGE_LOOP('',(#18564,#18565,#18566));
#18564=ORIENTED_EDGE('',*,*,#18567,.T.);
#18565=ORIENTED_EDGE('',*,*,#18568,.T.);
#18566=ORIENTED_EDGE('',*,*,#18569,.T.);
#18567=EDGE_CURVE('',#823,#813,#18570,.F.);
#18568=EDGE_CURVE('',#813,#821,#18571,.T.);
#18569=EDGE_CURVE('',#821,#823,#18572,.T.);
#18570=LINE('',#822,#18573);
#18571=LINE('',#812,#18574);
#18572=LINE('',#820,#18575);
#18573=VECTOR('',#18576,1.0);
#18574=VECTOR('',#18577,1.0);
#18575=VECTOR('',#18578,1.0);
#18576=DIRECTION('',(-0.010380063588464316,0.999946125688729,0));
#18577=DIRECTION('',(0.7071067811865476,0.7071067811865476,0));
#18578=DIRECTION('',(0,-1,0));
#18579=FACE_SURFACE('',(#18584),#18580,.T.);
#18580=PLANE('',#18581);
#18581=AXIS2_PLACEMENT_3D('',#820,#18582,#18583);
#18582=DIRECTION('',(0,0,-1));
#18583=DIRECTION('',(-0.7071067811865476,-0.7071067811865476,0));
#18584=FACE_BOUND('',#18585,.T.);
#18585=EDGE_LOOP('',(#18586,#18587,#18588));
#18586=ORIENTED_EDGE('',*,*,#18589,.T.);
#18587=ORIENTED_EDGE('',*,*,#18590,.T.);
#18588=ORIENTED_EDGE('',*,*,#18591,.T.);
#18589=EDGE_CURVE('',#821,#813,#18592,.F.);
#18590=EDGE_CURVE('',#813,#811,#18593,.T.);
#18591=EDGE_CURVE('',#811,#821,#18594,.T.);
#18592=LINE('',#820,#18595);
#18593=LINE('',#812,#18596);
#18594=LINE('',#810,#18597);
#18595=VECTOR('',#18598,1.0);
#18596=VECTOR('',#18599,1.0);
#18597=VECTOR('',#18600,1.0);
#18598=DIRECTION('',(-0.7071067811865476,-0.7071067811865476,0));
#18599=DIRECTION('',(-1,0,0));
#18600=DIRECTION('',(0.999946125688729,0.010380063588464316,0));
ENDSEC;
END-ISO-10303-21;
