ISO-10303-21;
HEADER;
FILE_DESCRIPTION((''),'2;1');
FILE_NAME('mini stuff', '2026-10-08T14:14:06', (''), (''), 'ImageToStl.com STEP Converter','', '');
FILE_SCHEMA(('AUTOMOTIVE_DESIGN_CC2'));
ENDSEC;
DATA;
#1=PRODUCT_DEFINITION_CONTEXT('',#4,'design');
#2=APPLICATION_PROTOCOL_DEFINITION('INTERNATIONAL STANDARD','automotive_design',1994,#4);
#3=(GEOMETRIC_REPRESENTATION_CONTEXT(3)GLOBAL_UNCERTAINTY_ASSIGNED_CONTEXT((#5))GLOBAL_UNIT_ASSIGNED_CONTEXT((#6,#7,#8))REPRESENTATION_CONTEXT('NONE','WORKSPACE'));
#4=APPLICATION_CONTEXT(' ');
#5=UNCERTAINTY_MEASURE_WITH_UNIT(LENGTH_MEASURE(1.0E-006),#6,'','');
#6=(CONVERSION_BASED_UNIT('METRE',#10)LENGTH_UNIT()NAMED_UNIT(#11));
#7=(NAMED_UNIT(#12)PLANE_ANGLE_UNIT()SI_UNIT($,.RADIAN.));
#8=(NAMED_UNIT(#12)SOLID_ANGLE_UNIT()SI_UNIT($,.STERADIAN.));
#9=AXIS2_PLACEMENT_3D('',#14,#15,#16);
#10=LENGTH_MEASURE_WITH_UNIT(LENGTH_MEASURE(1.0),#17);
#11=DIMENSIONAL_EXPONENTS(1.0,0.0,0.0,0.0,0.0,0.0,0.0);
#12=DIMENSIONAL_EXPONENTS(0.0,0.0,0.0,0.0,0.0,0.0,0.0);
#13=PRODUCT_CONTEXT('',#4,'mechanical');
#14=CARTESIAN_POINT('',(0.0,0.0,0.0));
#15=DIRECTION('',(0.0,0.0,1.0));
#16=DIRECTION('',(1.0,0.0,0.0));
#17=(NAMED_UNIT(#11)LENGTH_UNIT()SI_UNIT(.MILLI.,.METRE.));
#18=PRESENTATION_STYLE_ASSIGNMENT((#19));
#19=SURFACE_STYLE_USAGE(.BOTH.,#20);
#20=SURFACE_SIDE_STYLE('',(#21));
#21=SURFACE_STYLE_FILL_AREA(#22);
#22=FILL_AREA_STYLE('',(#23));
#23=FILL_AREA_STYLE_COLOUR('',#24);
#24=COLOUR_RGB('',0.62745,0.62745,0.62745);
#25=PRESENTATION_STYLE_ASSIGNMENT((#26));
#26=SURFACE_STYLE_USAGE(.BOTH.,#27);
#27=SURFACE_SIDE_STYLE('',(#28));
#28=SURFACE_STYLE_FILL_AREA(#29);
#29=FILL_AREA_STYLE('',(#30));
#30=FILL_AREA_STYLE_COLOUR('',#31);
#31=COLOUR_RGB('',0.59608,0.59608,0.59608);
#32=SHAPE_DEFINITION_REPRESENTATION(#33,#34);
#33=PRODUCT_DEFINITION_SHAPE('productshape0','',#37);
#34=MANIFOLD_SURFACE_SHAPE_REPRESENTATION('',(#35,#9),#3);
#35=SHELL_BASED_SURFACE_MODEL('shell0',(#39));
#36=PRODUCT('product0','','',(#13));
#37=PRODUCT_DEFINITION('mesh0','',#38,#2);
#38=PRODUCT_DEFINITION_FORMATION_WITH_SPECIFIED_SOURCE('prodsource0','',#36,.NOT_KNOWN.);
#39=CLOSED_SHELL('',(#853,#875,#897,#919,#941,#963,#985,#1007,#1029,#1051,#1073,#1095,#1117,#1139,#1161,#1183,#1205,#1227,#1249,#1271,#1293,#1315,#1337,#1359,#1381,#1403,#1425,#1447,#1469,#1491,#1513,#1535,#1557,#1579,#1601,#1623,#1645,#1667,#1689,#1711,#1733,#1755,#1777,#1799,#1821,#1843,#1865,#1887,#1909,#1931,#1953,#1975,#1997,#2019,#2041,#2063,#2085,#2107,#2129,#2151,#2173,#2195,#2217,#2239,#2261,#2283,#2305,#2327,#2349,#2371,#2393,#2415,#2437,#2459,#2481,#2503,#2525,#2547,#2569,#2591,#2613,#2635,#2657,#2679,#2701,#2723,#2745,#2767,#2789,#2811,#2833,#2855,#2877,#2899,#2921,#2943,#2965,#2987,#3009,#3031,#3053,#3075,#3097,#3119,#3141,#3163,#3185,#3207,#3229,#3251,#3273,#3295,#3317,#3339,#3361,#3383,#3405,#3427,#3449,#3471,#3493,#3515,#3537,#3559,#3581,#3603,#3625,#3647,#3669,#3691,#3713,#3735,#3757,#3779,#3801,#3823,#3845,#3867,#3889,#3911,#3933,#3955,#3977,#3999,#4021,#4043,#4065,#4087,#4109,#4131,#4153,#4175,#4197,#4219,#4241,#4263,#4285,#4307,#4329,#4351,#4373,#4395,#4417,#4439,#4461,#4483,#4505,#4527,#4549,#4571,#4593,#4615,#4637,#4659,#4681,#4703,#4725,#4747,#4769,#4791,#4813,#4835,#4857,#4879,#4901,#4923,#4945,#4967,#4989,#5011,#5033,#5055,#5077,#5099,#5121,#5143,#5165,#5187,#5209,#5231,#5253,#5275,#5297,#5319,#5341,#5363,#5385,#5407,#5429,#5451,#5473,#5495,#5517,#5539,#5561,#5583,#5605,#5627,#5649,#5671,#5693,#5715,#5737,#5759,#5781,#5803,#5825,#5847,#5869,#5891,#5913,#5935,#5957,#5979,#6001,#6023,#6045,#6067,#6089,#6111,#6133,#6155,#6177,#6199,#6221,#6243,#6265,#6287,#6309,#6331,#6353,#6375,#6397,#6419,#6441,#6463,#6485,#6507,#6529,#6551,#6573,#6595,#6617,#6639,#6661,#6683,#6705,#6727,#6749,#6771,#6793,#6815,#6837,#6859,#6881,#6903,#6925,#6947,#6969,#6991,#7013,#7035,#7057,#7079,#7101,#7123,#7145,#7167,#7189,#7211,#7233,#7255,#7277,#7299,#7321,#7343,#7365,#7387,#7409,#7431,#7453,#7475,#7497,#7519,#7541,#7563,#7585,#7607,#7629,#7651,#7673,#7695,#7717,#7739,#7761,#7783,#7805,#7827,#7849,#7871,#7893,#7915,#7937,#7959,#7981,#8003,#8025,#8047,#8069,#8091,#8113,#8135,#8157,#8179,#8201,#8223,#8245,#8267,#8289,#8311,#8333,#8355,#8377,#8399,#8421,#8443,#8465,#8487,#8509,#8531,#8553,#8575,#8597,#8619,#8641,#8663,#8685,#8707,#8729,#8751,#8773,#8795,#8817,#8839,#8861,#8883,#8905,#8927,#8949,#8971,#8993,#9015,#9037,#9059,#9081,#9103,#9125,#9147,#9169,#9191,#9213,#9235,#9257,#9279,#9301,#9323,#9345,#9367,#9389,#9411,#9433,#9455,#9477,#9499,#9521,#9543,#9565,#9587,#9609,#9631,#9653,#9675,#9697,#9719,#9741,#9763,#9785,#9807,#9829,#9851,#9873,#9895,#9917,#9939,#9961,#9983,#10005,#10027,#10049,#10071,#10093,#10115,#10137,#10159,#10181,#10203,#10225,#10247,#10269,#10291,#10313,#10335,#10357,#10379,#10401,#10423,#10445,#10467,#10489,#10511,#10533,#10555,#10577,#10599,#10621,#10643,#10665,#10687,#10709,#10731,#10753,#10775,#10797,#10819,#10841,#10863,#10885,#10907,#10929,#10951,#10973,#10995,#11017,#11039,#11061,#11083,#11105,#11127,#11149,#11171,#11193,#11215,#11237,#11259,#11281,#11303,#11325,#11347,#11369,#11391,#11413,#11435,#11457,#11479,#11501,#11523,#11545,#11567,#11589,#11611,#11633,#11655,#11677,#11699,#11721,#11743,#11765,#11787,#11809,#11831,#11853,#11875,#11897,#11919,#11941,#11963,#11985,#12007,#12029,#12051,#12073,#12095,#12117,#12139,#12161,#12183,#12205,#12227,#12249,#12271,#12293,#12315,#12337,#12359,#12381,#12403,#12425,#12447,#12469,#12491,#12513,#12535,#12557,#12579,#12601,#12623,#12645,#12667,#12689,#12711,#12733,#12755,#12777,#12799,#12821,#12843,#12865,#12887,#12909,#12931,#12953,#12975,#12997,#13019,#13041,#13063,#13085,#13107,#13129,#13151,#13173,#13195,#13217,#13239,#13261,#13283,#13305,#13327,#13349,#13371,#13393,#13415,#13437,#13459,#13481,#13503,#13525,#13547,#13569,#13591,#13613,#13635,#13657,#13679,#13701,#13723,#13745,#13767,#13789,#13811,#13833,#13855,#13877,#13899,#13921,#13943,#13965,#13987,#14009,#14031,#14053,#14075,#14097,#14119,#14141,#14163,#14185,#14207,#14229,#14251,#14273,#14295,#14317,#14339,#14361,#14383,#14405,#14427,#14449,#14471,#14493,#14515,#14537,#14559,#14581,#14603,#14625,#14647,#14669,#14691,#14713,#14735,#14757,#14779,#14801,#14823,#14845,#14867,#14889,#14911,#14933,#14955,#14977,#14999,#15021,#15043,#15065,#15087,#15109,#15131,#15153,#15175,#15197,#15219,#15241,#15263,#15285,#15307,#15329,#15351,#15373,#15395,#15417,#15439,#15461,#15483,#15505,#15527,#15549,#15571,#15593,#15615,#15637,#15659,#15681,#15703,#15725,#15747,#15769,#15791,#15813,#15835,#15857,#15879,#15901,#15923,#15945,#15967,#15989,#16011,#16033,#16055,#16077,#16099,#16121,#16143,#16165,#16187,#16209,#16231,#16253,#16275,#16297,#16319,#16341,#16363,#16385,#16407,#16429,#16451,#16473,#16495,#16517,#16539,#16561,#16583,#16605,#16627,#16649,#16671,#16693,#16715,#16737,#16759,#16781,#16803,#16825,#16847,#16869,#16891,#16913,#16935,#16957,#16979,#17001,#17023,#17045,#17067,#17089,#17111,#17133,#17155,#17177,#17199,#17221,#17243,#17265,#17287,#17309,#17331,#17353,#17375,#17397,#17419,#17441,#17463,#17485,#17507,#17529,#17551,#17573,#17595,#17617,#17639,#17661,#17683,#17705,#17727,#17749,#17771,#17793,#17815,#17837,#17859,#17881,#17903,#17925,#17947,#17969,#17991,#18013,#18035,#18057,#18079,#18101,#18123,#18145,#18167,#18189,#18211,#18233,#18255,#18277,#18299,#18321,#18343,#18365,#18387,#18409,#18431,#18453,#18475,#18497,#18519,#18541,#18563,#18585,#18607,#18629,#18651,#18673,#18695));
#40=CARTESIAN_POINT('',(-24.494897842407227,25,0.5));
#41=VERTEX_POINT('',#40);
#42=CARTESIAN_POINT('',(-30,25,0.5));
#43=VERTEX_POINT('',#42);
#44=CARTESIAN_POINT('',(-24.494897842407227,25,0));
#45=VERTEX_POINT('',#44);
#46=CARTESIAN_POINT('',(-30,25,0));
#47=VERTEX_POINT('',#46);
#48=CARTESIAN_POINT('',(-30,30,0));
#49=VERTEX_POINT('',#48);
#50=CARTESIAN_POINT('',(-30,30,0.5));
#51=VERTEX_POINT('',#50);
#52=CARTESIAN_POINT('',(-24,30,0));
#53=VERTEX_POINT('',#52);
#54=CARTESIAN_POINT('',(-24,30,0.5));
#55=VERTEX_POINT('',#54);
#56=CARTESIAN_POINT('',(-24,25.47547721862793,0));
#57=VERTEX_POINT('',#56);
#58=CARTESIAN_POINT('',(-24,25.47547721862793,0.5));
#59=VERTEX_POINT('',#58);
#60=CARTESIAN_POINT('',(-24.330968856811523,25.159570693969727,0.5));
#61=VERTEX_POINT('',#60);
#62=CARTESIAN_POINT('',(-24.166000366210938,25.318065643310547,0.5));
#63=VERTEX_POINT('',#62);
#64=CARTESIAN_POINT('',(-22.03545570373535,27.192623138427734,0));
#65=VERTEX_POINT('',#64);
#66=CARTESIAN_POINT('',(-23.806045532226562,25.656814575195312,1));
#67=VERTEX_POINT('',#66);
#68=CARTESIAN_POINT('',(-25.656814575195312,23.806045532226562,1));
#69=VERTEX_POINT('',#68);
#70=CARTESIAN_POINT('',(-26.289262771606445,23.10572624206543,0));
#71=VERTEX_POINT('',#70);
#72=CARTESIAN_POINT('',(-27.36410140991211,21.8221435546875,1));
#73=VERTEX_POINT('',#72);
#74=CARTESIAN_POINT('',(-27.93752670288086,21.08304214477539,0));
#75=VERTEX_POINT('',#74);
#76=CARTESIAN_POINT('',(-28.918357849121094,19.716201782226562,1));
#77=VERTEX_POINT('',#76);
#78=CARTESIAN_POINT('',(-29.430522918701172,18.943185806274414,0));
#79=VERTEX_POINT('',#78);
#80=CARTESIAN_POINT('',(-30.310888290405273,17.5,1));
#81=VERTEX_POINT('',#80);
#82=CARTESIAN_POINT('',(-30.759958267211914,16.69805145263672,0));
#83=VERTEX_POINT('',#82);
#84=CARTESIAN_POINT('',(-31.533910751342773,15.185931205749512,1));
#85=VERTEX_POINT('',#84);
#86=CARTESIAN_POINT('',(-31.91844367980957,14.36011791229248,0));
#87=VERTEX_POINT('',#86);
#88=CARTESIAN_POINT('',(-32.58058166503906,12.786935806274414,1));
#89=VERTEX_POINT('',#88);
#90=CARTESIAN_POINT('',(-32.899539947509766,11.942376136779785,0));
#91=VERTEX_POINT('',#90);
#92=CARTESIAN_POINT('',(-33.44504928588867,10.316431045532227,1));
#93=VERTEX_POINT('',#92);
#94=CARTESIAN_POINT('',(-33.697792053222656,9.458263397216797,0));
#95=VERTEX_POINT('',#94);
#96=CARTESIAN_POINT('',(-34.12247848510742,7.788232803344727,1));
#97=VERTEX_POINT('',#96);
#98=CARTESIAN_POINT('',(-34.30876922607422,6.921586513519287,0));
#99=VERTEX_POINT('',#98);
#100=CARTESIAN_POINT('',(-34.60907745361328,5.216479301452637,1));
#101=VERTEX_POINT('',#100);
#102=CARTESIAN_POINT('',(-34.72907257080078,4.346442222595215,0));
#103=VERTEX_POINT('',#102);
#104=CARTESIAN_POINT('',(-34.90213394165039,2.615553379058838,1));
#105=VERTEX_POINT('',#104);
#106=CARTESIAN_POINT('',(-34.95636749267578,1.7471418380737305,0));
#107=VERTEX_POINT('',#106);
#108=CARTESIAN_POINT('',(-35,-4.286263692880512E-15,1));
#109=VERTEX_POINT('',#108);
#110=CARTESIAN_POINT('',(-34.98938751220703,-0.861868143081665,0));
#111=VERTEX_POINT('',#110);
#112=CARTESIAN_POINT('',(-34.90213394165039,-2.615553379058838,1));
#113=VERTEX_POINT('',#112);
#114=CARTESIAN_POINT('',(-34.82795333862305,-3.46608829498291,0));
#115=VERTEX_POINT('',#114);
#116=CARTESIAN_POINT('',(-34.60907745361328,-5.216479301452637,1));
#117=VERTEX_POINT('',#116);
#118=CARTESIAN_POINT('',(-34.472957611083984,-6.0510454177856445,0));
#119=VERTEX_POINT('',#118);
#120=CARTESIAN_POINT('',(-34.12247848510742,-7.788232803344727,1));
#121=VERTEX_POINT('',#120);
#122=CARTESIAN_POINT('',(-33.9263801574707,-8.602373123168945,0));
#123=VERTEX_POINT('',#122);
#124=CARTESIAN_POINT('',(-33.44504928588867,-10.316431045532227,1));
#125=VERTEX_POINT('',#124);
#126=CARTESIAN_POINT('',(-33.19124984741211,-11.1058931350708,0));
#127=VERTEX_POINT('',#126);
#128=CARTESIAN_POINT('',(-32.58058166503906,-12.786935806274414,1));
#129=VERTEX_POINT('',#128);
#130=CARTESIAN_POINT('',(-32.27165985107422,-13.547691345214844,0));
#131=VERTEX_POINT('',#130);
#132=CARTESIAN_POINT('',(-31.533910751342773,-15.185931205749512,1));
#133=VERTEX_POINT('',#132);
#134=CARTESIAN_POINT('',(-31.172718048095703,-15.914196968078613,0));
#135=VERTEX_POINT('',#134);
#136=CARTESIAN_POINT('',(-30.310888290405273,-17.5,1));
#137=VERTEX_POINT('',#136);
#138=CARTESIAN_POINT('',(-29.900531768798828,-18.192258834838867,0));
#139=VERTEX_POINT('',#138);
#140=CARTESIAN_POINT('',(-28.918357849121094,-19.716201782226562,1));
#141=VERTEX_POINT('',#140);
#142=CARTESIAN_POINT('',(-28.462169647216797,-20.36921501159668,0));
#143=VERTEX_POINT('',#142);
#144=CARTESIAN_POINT('',(-27.36410140991211,-21.8221435546875,1));
#145=VERTEX_POINT('',#144);
#146=CARTESIAN_POINT('',(-26.86562728881836,-22.432968139648438,0));
#147=VERTEX_POINT('',#146);
#148=CARTESIAN_POINT('',(-25.656814575195312,-23.806045532226562,1));
#149=VERTEX_POINT('',#148);
#150=CARTESIAN_POINT('',(-25.11977767944336,-24.37204933166504,0));
#151=VERTEX_POINT('',#150);
#152=CARTESIAN_POINT('',(-23.806045532226562,-25.656814575195312,1));
#153=VERTEX_POINT('',#152);
#154=CARTESIAN_POINT('',(-23.234323501586914,-26.17568016052246,0));
#155=VERTEX_POINT('',#154);
#156=CARTESIAN_POINT('',(-21.8221435546875,-27.36410140991211,1));
#157=VERTEX_POINT('',#156);
#158=CARTESIAN_POINT('',(-21.219743728637695,-27.833837509155273,0));
#159=VERTEX_POINT('',#158);
#160=CARTESIAN_POINT('',(-19.716201782226562,-28.918357849121094,1));
#161=VERTEX_POINT('',#160);
#162=CARTESIAN_POINT('',(-19.08723258972168,-29.33730697631836,0));
#163=VERTEX_POINT('',#162);
#164=CARTESIAN_POINT('',(-17.5,-30.310888290405273,1));
#165=VERTEX_POINT('',#164);
#166=CARTESIAN_POINT('',(-16.848642349243164,-30.677732467651367,0));
#167=VERTEX_POINT('',#166);
#168=CARTESIAN_POINT('',(-15.185931205749512,-31.533910751342773,1));
#169=VERTEX_POINT('',#168);
#170=CARTESIAN_POINT('',(-14.516414642333984,-31.84766387939453,0));
#171=VERTEX_POINT('',#170);
#172=CARTESIAN_POINT('',(-12.786935806274414,-32.58058166503906,1));
#173=VERTEX_POINT('',#172);
#174=CARTESIAN_POINT('',(-12.103511810302734,-32.840599060058594,0));
#175=VERTEX_POINT('',#174);
#176=CARTESIAN_POINT('',(-10.316431045532227,-33.44504928588867,1));
#177=VERTEX_POINT('',#176);
#178=CARTESIAN_POINT('',(-9.623342514038086,-33.65102005004883,0));
#179=VERTEX_POINT('',#178);
#180=CARTESIAN_POINT('',(-7.788232803344727,-34.12247848510742,1));
#181=VERTEX_POINT('',#180);
#182=CARTESIAN_POINT('',(-7.089690685272217,-34.2744255065918,0));
#183=VERTEX_POINT('',#182);
#184=CARTESIAN_POINT('',(-5.216479301452637,-34.60907745361328,1));
#185=VERTEX_POINT('',#184);
#186=CARTESIAN_POINT('',(-4.516637802124023,-34.70734786987305,0));
#187=VERTEX_POINT('',#186);
#188=CARTESIAN_POINT('',(-2.615553379058838,-34.90213394165039,1));
#189=VERTEX_POINT('',#188);
#190=CARTESIAN_POINT('',(-1.918483018875122,-34.94738006591797,0));
#191=VERTEX_POINT('',#190);
#192=CARTESIAN_POINT('',(2.143131846440256E-15,-35,1));
#193=VERTEX_POINT('',#192);
#194=CARTESIAN_POINT('',(0.6903338432312012,-34.99319076538086,0));
#195=VERTEX_POINT('',#194);
#196=CARTESIAN_POINT('',(2.615553379058838,-34.90213394165039,1));
#197=VERTEX_POINT('',#196);
#198=CARTESIAN_POINT('',(3.295314073562622,-34.84452438354492,0));
#199=VERTEX_POINT('',#198);
#200=CARTESIAN_POINT('',(5.216479301452637,-34.60907745361328,1));
#201=VERTEX_POINT('',#200);
#202=CARTESIAN_POINT('',(5.8819804191589355,-34.5022087097168,0));
#203=VERTEX_POINT('',#202);
#204=CARTESIAN_POINT('',(7.788232803344727,-34.12247848510742,1));
#205=VERTEX_POINT('',#204);
#206=CARTESIAN_POINT('',(8.435956954956055,-33.9681396484375,0));
#207=VERTEX_POINT('',#206);
#208=CARTESIAN_POINT('',(10.316431045532227,-33.44504928588867,1));
#209=VERTEX_POINT('',#208);
#210=CARTESIAN_POINT('',(10.943050384521484,-33.245296478271484,0));
#211=VERTEX_POINT('',#210);
#212=CARTESIAN_POINT('',(12.786935806274414,-32.58058166503906,1));
#213=VERTEX_POINT('',#212);
#214=CARTESIAN_POINT('',(13.389327049255371,-32.337684631347656,0));
#215=VERTEX_POINT('',#214);
#216=CARTESIAN_POINT('',(15.185931205749512,-31.533910751342773,1));
#217=VERTEX_POINT('',#216);
#218=CARTESIAN_POINT('',(15.761191368103027,-31.250356674194336,0));
#219=VERTEX_POINT('',#218);
#220=CARTESIAN_POINT('',(17.5,-30.310888290405273,1));
#221=VERTEX_POINT('',#220);
#222=CARTESIAN_POINT('',(18.045461654663086,-29.98935317993164,0));
#223=VERTEX_POINT('',#222);
#224=CARTESIAN_POINT('',(19.716201782226562,-28.918357849121094,1));
#225=VERTEX_POINT('',#224);
#226=CARTESIAN_POINT('',(20.229442596435547,-28.561681747436523,0));
#227=VERTEX_POINT('',#226);
#228=CARTESIAN_POINT('',(21.8221435546875,-27.36410140991211,1));
#229=VERTEX_POINT('',#228);
#230=CARTESIAN_POINT('',(22.30099868774414,-26.97527503967285,0));
#231=VERTEX_POINT('',#230);
#232=CARTESIAN_POINT('',(23.806045532226562,-25.656814575195312,1));
#233=VERTEX_POINT('',#232);
#234=CARTESIAN_POINT('',(24.248613357543945,-25.23895263671875,0));
#235=VERTEX_POINT('',#234);
#236=CARTESIAN_POINT('',(25.656814575195312,-23.806045532226562,1));
#237=VERTEX_POINT('',#236);
#238=CARTESIAN_POINT('',(26.061466217041016,-23.362361907958984,0));
#239=VERTEX_POINT('',#238);
#240=CARTESIAN_POINT('',(27.36410140991211,-21.8221435546875,1));
#241=VERTEX_POINT('',#240);
#242=CARTESIAN_POINT('',(27.729480743408203,-21.355934143066406,0));
#243=VERTEX_POINT('',#242);
#244=CARTESIAN_POINT('',(28.918357849121094,-19.716201782226562,1));
#245=VERTEX_POINT('',#244);
#246=CARTESIAN_POINT('',(29.243385314941406,-19.230819702148438,0));
#247=VERTEX_POINT('',#246);
#248=CARTESIAN_POINT('',(30.310888290405273,-17.5,1));
#249=VERTEX_POINT('',#248);
#250=CARTESIAN_POINT('',(30.594768524169922,-16.99882698059082,0));
#251=VERTEX_POINT('',#250);
#252=CARTESIAN_POINT('',(31.533910751342773,-15.185931205749512,1));
#253=VERTEX_POINT('',#252);
#254=CARTESIAN_POINT('',(31.776119232177734,-14.67236328125,0));
#255=VERTEX_POINT('',#254);
#256=CARTESIAN_POINT('',(32.58058166503906,-12.786935806274414,1));
#257=VERTEX_POINT('',#256);
#258=CARTESIAN_POINT('',(32.7808723449707,-12.26435661315918,0));
#259=VERTEX_POINT('',#258);
#260=CARTESIAN_POINT('',(33.44504928588867,-10.316431045532227,1));
#261=VERTEX_POINT('',#260);
#262=CARTESIAN_POINT('',(33.60344314575195,-9.788189888000488,0));
#263=VERTEX_POINT('',#262);
#264=CARTESIAN_POINT('',(34.12247848510742,-7.788232803344727,1));
#265=VERTEX_POINT('',#264);
#266=CARTESIAN_POINT('',(34.2392578125,-7.257624626159668,0));
#267=VERTEX_POINT('',#266);
#268=CARTESIAN_POINT('',(34.60907745361328,-5.216479301452637,1));
#269=VERTEX_POINT('',#268);
#270=CARTESIAN_POINT('',(34.68478775024414,-4.686724662780762,0));
#271=VERTEX_POINT('',#270);
#272=CARTESIAN_POINT('',(34.90213394165039,-2.615553379058838,1));
#273=VERTEX_POINT('',#272);
#274=CARTESIAN_POINT('',(34.937557220458984,-2.089777946472168,0));
#275=VERTEX_POINT('',#274);
#276=CARTESIAN_POINT('',(35,0,1));
#277=VERTEX_POINT('',#276);
#278=CARTESIAN_POINT('',(34.99615478515625,0.518782913684845,0));
#279=VERTEX_POINT('',#278);
#280=CARTESIAN_POINT('',(34.90213394165039,2.615553379058838,1));
#281=VERTEX_POINT('',#280);
#282=CARTESIAN_POINT('',(34.860260009765625,3.1244606971740723,0));
#283=VERTEX_POINT('',#282);
#284=CARTESIAN_POINT('',(34.60907745361328,5.216479301452637,1));
#285=VERTEX_POINT('',#284);
#286=CARTESIAN_POINT('',(34.5306282043457,5.71277379989624,0));
#287=VERTEX_POINT('',#286);
#288=CARTESIAN_POINT('',(34.12247848510742,7.788232803344727,1));
#289=VERTEX_POINT('',#288);
#290=CARTESIAN_POINT('',(34.00908660888672,8.26933765411377,0));
#291=VERTEX_POINT('',#290);
#292=CARTESIAN_POINT('',(33.44504928588867,10.316431045532227,1));
#293=VERTEX_POINT('',#292);
#294=CARTESIAN_POINT('',(33.29854202270508,10.77994441986084,0));
#295=VERTEX_POINT('',#294);
#296=CARTESIAN_POINT('',(32.58058166503906,12.786935806274414,1));
#297=VERTEX_POINT('',#296);
#298=CARTESIAN_POINT('',(32.40293502807617,13.23064136505127,0));
#299=VERTEX_POINT('',#298);
#300=CARTESIAN_POINT('',(31.533910751342773,15.185931205749512,1));
#301=VERTEX_POINT('',#300);
#302=CARTESIAN_POINT('',(31.327245712280273,15.607807159423828,0));
#303=VERTEX_POINT('',#302);
#304=CARTESIAN_POINT('',(30.310888290405273,17.5,1));
#305=VERTEX_POINT('',#304);
#306=CARTESIAN_POINT('',(30.077455520629883,17.898231506347656,0));
#307=VERTEX_POINT('',#306);
#308=CARTESIAN_POINT('',(28.918357849121094,19.716201782226562,1));
#309=VERTEX_POINT('',#308);
#310=CARTESIAN_POINT('',(28.660505294799805,20.08918571472168,0));
#311=VERTEX_POINT('',#310);
#312=CARTESIAN_POINT('',(27.36410140991211,21.8221435546875,1));
#313=VERTEX_POINT('',#312);
#314=CARTESIAN_POINT('',(27.084274291992188,22.168493270874023,0));
#315=VERTEX_POINT('',#314);
#316=CARTESIAN_POINT('',(25.656814575195312,23.806045532226562,1));
#317=VERTEX_POINT('',#316);
#318=CARTESIAN_POINT('',(25.357519149780273,24.124597549438477,0));
#319=VERTEX_POINT('',#318);
#320=CARTESIAN_POINT('',(23.806045532226562,25.656814575195312,1));
#321=VERTEX_POINT('',#320);
#322=CARTESIAN_POINT('',(23.489839553833008,25.946626663208008,0));
#323=VERTEX_POINT('',#322);
#324=CARTESIAN_POINT('',(21.8221435546875,27.36410140991211,1));
#325=VERTEX_POINT('',#324);
#326=CARTESIAN_POINT('',(21.49161148071289,27.62445640563965,0));
#327=VERTEX_POINT('',#326);
#328=CARTESIAN_POINT('',(19.716201782226562,28.918357849121094,1));
#329=VERTEX_POINT('',#328);
#330=CARTESIAN_POINT('',(19.373943328857422,29.148761749267578,0));
#331=VERTEX_POINT('',#330);
#332=CARTESIAN_POINT('',(17.5,30.310888290405273,1));
#333=VERTEX_POINT('',#332);
#334=CARTESIAN_POINT('',(17.148603439331055,30.511070251464844,0));
#335=VERTEX_POINT('',#334);
#336=CARTESIAN_POINT('',(15.185931205749512,31.533910751342773,1));
#337=VERTEX_POINT('',#336);
#338=CARTESIAN_POINT('',(14.827959060668945,31.703811645507812,0));
#339=VERTEX_POINT('',#338);
#340=CARTESIAN_POINT('',(12.786935806274414,32.58058166503906,1));
#341=VERTEX_POINT('',#340);
#342=CARTESIAN_POINT('',(12.424906730651855,32.72035598754883,0));
#343=VERTEX_POINT('',#342);
#344=CARTESIAN_POINT('',(10.316431045532227,33.44504928588867,1));
#345=VERTEX_POINT('',#344);
#346=CARTESIAN_POINT('',(9.952801704406738,33.5550537109375,0));
#347=VERTEX_POINT('',#346);
#348=CARTESIAN_POINT('',(7.788232803344727,34.12247848510742,1));
#349=VERTEX_POINT('',#348);
#350=CARTESIAN_POINT('',(7.425384044647217,34.203269958496094,0));
#351=VERTEX_POINT('',#350);
#352=CARTESIAN_POINT('',(5.216479301452637,34.60907745361328,1));
#353=VERTEX_POINT('',#352);
#354=CARTESIAN_POINT('',(4.856698989868164,34.66139602661133,0));
#355=VERTEX_POINT('',#354);
#356=CARTESIAN_POINT('',(2.615553379058838,34.90213394165039,1));
#357=VERTEX_POINT('',#356);
#358=CARTESIAN_POINT('',(2.2610228061676025,34.9268913269043,0));
#359=VERTEX_POINT('',#358);
#360=CARTESIAN_POINT('',(2.143131846440256E-15,35,1));
#361=VERTEX_POINT('',#360);
#362=CARTESIAN_POINT('',(-0.3472195565700531,34.99827575683594,0));
#363=VERTEX_POINT('',#362);
#364=CARTESIAN_POINT('',(-2.615553379058838,34.90213394165039,1));
#365=VERTEX_POINT('',#364);
#366=CARTESIAN_POINT('',(-2.9535322189331055,34.87515640258789,0));
#367=VERTEX_POINT('',#366);
#368=CARTESIAN_POINT('',(-5.216479301452637,34.60907745361328,1));
#369=VERTEX_POINT('',#368);
#370=CARTESIAN_POINT('',(-5.543430328369141,34.5582160949707,0));
#371=VERTEX_POINT('',#370);
#372=CARTESIAN_POINT('',(-7.788232803344727,34.12247848510742,1));
#373=VERTEX_POINT('',#372);
#374=CARTESIAN_POINT('',(-8.102519989013672,34.049217224121094,0));
#375=VERTEX_POINT('',#374);
#376=CARTESIAN_POINT('',(-10.316431045532227,33.44504928588867,1));
#377=VERTEX_POINT('',#376);
#378=CARTESIAN_POINT('',(-10.61658000946045,33.35098648071289,0));
#379=VERTEX_POINT('',#378);
#380=CARTESIAN_POINT('',(-12.786935806274414,32.58058166503906,1));
#381=VERTEX_POINT('',#380);
#382=CARTESIAN_POINT('',(-13.071637153625488,32.467403411865234,0));
#383=VERTEX_POINT('',#382);
#384=CARTESIAN_POINT('',(-15.185931205749512,31.533910751342773,1));
#385=VERTEX_POINT('',#384);
#386=CARTESIAN_POINT('',(-15.454048156738281,31.40338134765625,0));
#387=VERTEX_POINT('',#386);
#388=CARTESIAN_POINT('',(-17.5,30.310888290405273,1));
#389=VERTEX_POINT('',#388);
#390=CARTESIAN_POINT('',(-17.750572204589844,30.164833068847656,0));
#391=VERTEX_POINT('',#390);
#392=CARTESIAN_POINT('',(-19.716201782226562,28.918357849121094,1));
#393=VERTEX_POINT('',#392);
#394=CARTESIAN_POINT('',(-19.94844627380371,28.758642196655273,0));
#395=VERTEX_POINT('',#394);
#396=CARTESIAN_POINT('',(-21.8221435546875,27.36410140991211,1));
#397=VERTEX_POINT('',#396);
#398=CARTESIAN_POINT('',(-21.124629974365234,22,6.699999809265137));
#399=VERTEX_POINT('',#398);
#400=CARTESIAN_POINT('',(21.124629974365234,22,6.699999809265137));
#401=VERTEX_POINT('',#400);
#402=CARTESIAN_POINT('',(-19.38124656677246,23.55031394958496,6.699999809265137));
#403=VERTEX_POINT('',#402);
#404=CARTESIAN_POINT('',(19.38124656677246,23.55031394958496,6.699999809265137));
#405=VERTEX_POINT('',#404);
#406=CARTESIAN_POINT('',(-17.524465560913086,24.96283531188965,6.699999809265137));
#407=VERTEX_POINT('',#406);
#408=CARTESIAN_POINT('',(17.524465560913086,24.96283531188965,6.699999809265137));
#409=VERTEX_POINT('',#408);
#410=CARTESIAN_POINT('',(-15.565147399902344,26.229299545288086,6.699999809265137));
#411=VERTEX_POINT('',#410);
#412=CARTESIAN_POINT('',(15.565147399902344,26.229299545288086,6.699999809265137));
#413=VERTEX_POINT('',#412);
#414=CARTESIAN_POINT('',(-13.51476001739502,27.34229850769043,6.699999809265137));
#415=VERTEX_POINT('',#414);
#416=CARTESIAN_POINT('',(13.51476001739502,27.34229850769043,6.699999809265137));
#417=VERTEX_POINT('',#416);
#418=CARTESIAN_POINT('',(-11.385297775268555,28.295318603515625,6.699999809265137));
#419=VERTEX_POINT('',#418);
#420=CARTESIAN_POINT('',(11.385297775268555,28.295318603515625,6.699999809265137));
#421=VERTEX_POINT('',#420);
#422=CARTESIAN_POINT('',(-9.189220428466797,29.082782745361328,6.699999809265137));
#423=VERTEX_POINT('',#422);
#424=CARTESIAN_POINT('',(9.189220428466797,29.082782745361328,6.699999809265137));
#425=VERTEX_POINT('',#424);
#426=CARTESIAN_POINT('',(-6.9393768310546875,29.700084686279297,6.699999809265137));
#427=VERTEX_POINT('',#426);
#428=CARTESIAN_POINT('',(6.9393768310546875,29.700084686279297,6.699999809265137));
#429=VERTEX_POINT('',#428);
#430=CARTESIAN_POINT('',(-4.648931980133057,30.143613815307617,6.699999809265137));
#431=VERTEX_POINT('',#430);
#432=CARTESIAN_POINT('',(4.648931980133057,30.143613815307617,6.699999809265137));
#433=VERTEX_POINT('',#432);
#434=CARTESIAN_POINT('',(-2.3312859535217285,30.4107723236084,6.699999809265137));
#435=VERTEX_POINT('',#434);
#436=CARTESIAN_POINT('',(2.3312859535217285,30.4107723236084,6.699999809265137));
#437=VERTEX_POINT('',#436);
#438=CARTESIAN_POINT('',(-8.63994697319773E-15,30.5,6.699999809265137));
#439=VERTEX_POINT('',#438);
#440=CARTESIAN_POINT('',(20.031225204467773,-23,6.699999809265137));
#441=VERTEX_POINT('',#440);
#442=CARTESIAN_POINT('',(-20.031225204467773,-23,6.699999809265137));
#443=VERTEX_POINT('',#442);
#444=CARTESIAN_POINT('',(18.138614654541016,-24.52020835876465,6.699999809265137));
#445=VERTEX_POINT('',#444);
#446=CARTESIAN_POINT('',(-18.138614654541016,-24.52020835876465,6.699999809265137));
#447=VERTEX_POINT('',#446);
#448=CARTESIAN_POINT('',(16.1310977935791,-25.885086059570312,6.699999809265137));
#449=VERTEX_POINT('',#448);
#450=CARTESIAN_POINT('',(-16.1310977935791,-25.885086059570312,6.699999809265137));
#451=VERTEX_POINT('',#450);
#452=CARTESIAN_POINT('',(14.021393775939941,-27.085983276367188,6.699999809265137));
#453=VERTEX_POINT('',#452);
#454=CARTESIAN_POINT('',(-14.021393775939941,-27.085983276367188,6.699999809265137));
#455=VERTEX_POINT('',#454);
#456=CARTESIAN_POINT('',(11.822864532470703,-28.11529541015625,6.699999809265137));
#457=VERTEX_POINT('',#456);
#458=CARTESIAN_POINT('',(-11.822864532470703,-28.11529541015625,6.699999809265137));
#459=VERTEX_POINT('',#458);
#460=CARTESIAN_POINT('',(9.549440383911133,-28.966501235961914,6.699999809265137));
#461=VERTEX_POINT('',#460);
#462=CARTESIAN_POINT('',(-9.549440383911133,-28.966501235961914,6.699999809265137));
#463=VERTEX_POINT('',#462);
#464=CARTESIAN_POINT('',(7.215520858764648,-29.634206771850586,6.699999809265137));
#465=VERTEX_POINT('',#464);
#466=CARTESIAN_POINT('',(-7.215520858764648,-29.634206771850586,6.699999809265137));
#467=VERTEX_POINT('',#466);
#468=CARTESIAN_POINT('',(4.835892677307129,-30.114185333251953,6.699999809265137));
#469=VERTEX_POINT('',#468);
#470=CARTESIAN_POINT('',(-4.835892677307129,-30.114185333251953,6.699999809265137));
#471=VERTEX_POINT('',#470);
#472=CARTESIAN_POINT('',(2.4256293773651123,-30.403392791748047,6.699999809265137));
#473=VERTEX_POINT('',#472);
#474=CARTESIAN_POINT('',(-2.4256293773651123,-30.403392791748047,6.699999809265137));
#475=VERTEX_POINT('',#474);
#476=CARTESIAN_POINT('',(-1.867586311226038E-15,-30.5,6.699999809265137));
#477=VERTEX_POINT('',#476);
#478=CARTESIAN_POINT('',(-21.124629974365234,22,3));
#479=VERTEX_POINT('',#478);
#480=CARTESIAN_POINT('',(-21,22,3));
#481=VERTEX_POINT('',#480);
#482=CARTESIAN_POINT('',(21,22,3));
#483=VERTEX_POINT('',#482);
#484=CARTESIAN_POINT('',(21.124629974365234,22,3));
#485=VERTEX_POINT('',#484);
#486=CARTESIAN_POINT('',(-21,22,0));
#487=VERTEX_POINT('',#486);
#488=CARTESIAN_POINT('',(21,22,0));
#489=VERTEX_POINT('',#488);
#490=CARTESIAN_POINT('',(-22.7544002532959,20.309783935546875,3));
#491=VERTEX_POINT('',#490);
#492=CARTESIAN_POINT('',(-22.639293670654297,-20.438013076782227,3));
#493=VERTEX_POINT('',#492);
#494=CARTESIAN_POINT('',(-21,-22.118995666503906,3));
#495=VERTEX_POINT('',#494);
#496=CARTESIAN_POINT('',(-24.144418716430664,-18.635908126831055,3));
#497=VERTEX_POINT('',#496);
#498=CARTESIAN_POINT('',(-24.249319076538086,18.499202728271484,3));
#499=VERTEX_POINT('',#498);
#500=CARTESIAN_POINT('',(-25.506454467773438,-16.723360061645508,3));
#501=VERTEX_POINT('',#500);
#502=CARTESIAN_POINT('',(-25.600528717041016,16.578990936279297,3));
#503=VERTEX_POINT('',#502);
#504=CARTESIAN_POINT('',(-26.717330932617188,-14.711703300476074,3));
#505=VERTEX_POINT('',#504);
#506=CARTESIAN_POINT('',(-26.800020217895508,14.560524940490723,3));
#507=VERTEX_POINT('',#506);
#508=CARTESIAN_POINT('',(-27.76987075805664,-12.612859725952148,3));
#509=VERTEX_POINT('',#508);
#510=CARTESIAN_POINT('',(-27.840686798095703,12.455768585205078,3));
#511=VERTEX_POINT('',#510);
#512=CARTESIAN_POINT('',(-28.657838821411133,-10.439268112182617,3));
#513=VERTEX_POINT('',#512);
#514=CARTESIAN_POINT('',(-28.716358184814453,10.27719497680664,3));
#515=VERTEX_POINT('',#514);
#516=CARTESIAN_POINT('',(-29.37596893310547,-8.20380973815918,3));
#517=VERTEX_POINT('',#516);
#518=CARTESIAN_POINT('',(-29.42184829711914,8.037714958190918,3));
#519=VERTEX_POINT('',#518);
#520=CARTESIAN_POINT('',(-29.920005798339844,-5.919733047485352,3));
#521=VERTEX_POINT('',#520);
#522=CARTESIAN_POINT('',(-29.952972412109375,5.750600814819336,3));
#523=VERTEX_POINT('',#522);
#524=CARTESIAN_POINT('',(-30.286727905273438,-3.600573778152466,3));
#525=VERTEX_POINT('',#524);
#526=CARTESIAN_POINT('',(-30.30658531188965,3.4294068813323975,3));
#527=VERTEX_POINT('',#526);
#528=CARTESIAN_POINT('',(-30.47395896911621,-1.2600762844085693,3));
#529=VERTEX_POINT('',#528);
#530=CARTESIAN_POINT('',(-30.480592727661133,1.0878888368606567,3));
#531=VERTEX_POINT('',#530);
#532=CARTESIAN_POINT('',(-20.031225204467773,-23,1));
#533=VERTEX_POINT('',#532);
#534=CARTESIAN_POINT('',(20.031225204467773,-23,1));
#535=VERTEX_POINT('',#534);
#536=CARTESIAN_POINT('',(-20.031225204467773,-23,0));
#537=VERTEX_POINT('',#536);
#538=CARTESIAN_POINT('',(20.031225204467773,-23,0));
#539=VERTEX_POINT('',#538);
#540=CARTESIAN_POINT('',(-20.35834312438965,-22.71096420288086,1));
#541=VERTEX_POINT('',#540);
#542=CARTESIAN_POINT('',(-20.35834312438965,-22.71096420288086,0));
#543=VERTEX_POINT('',#542);
#544=CARTESIAN_POINT('',(-20.681289672851562,-22.41727638244629,1));
#545=VERTEX_POINT('',#544);
#546=CARTESIAN_POINT('',(-20.681289672851562,-22.41727638244629,0));
#547=VERTEX_POINT('',#546);
#548=CARTESIAN_POINT('',(-21,-22.118995666503906,1));
#549=VERTEX_POINT('',#548);
#550=CARTESIAN_POINT('',(-21,-22.118995666503906,0));
#551=VERTEX_POINT('',#550);
#552=CARTESIAN_POINT('',(21,-22.118995666503906,1));
#553=VERTEX_POINT('',#552);
#554=CARTESIAN_POINT('',(21,-22.118995666503906,0));
#555=VERTEX_POINT('',#554);
#556=CARTESIAN_POINT('',(20.681289672851562,-22.41727638244629,1));
#557=VERTEX_POINT('',#556);
#558=CARTESIAN_POINT('',(20.681289672851562,-22.41727638244629,0));
#559=VERTEX_POINT('',#558);
#560=CARTESIAN_POINT('',(20.35834312438965,-22.71096420288086,1));
#561=VERTEX_POINT('',#560);
#562=CARTESIAN_POINT('',(20.35834312438965,-22.71096420288086,0));
#563=VERTEX_POINT('',#562);
#564=CARTESIAN_POINT('',(21,-22.118995666503906,3));
#565=VERTEX_POINT('',#564);
#566=CARTESIAN_POINT('',(22.7544002532959,20.309783935546875,3));
#567=VERTEX_POINT('',#566);
#568=CARTESIAN_POINT('',(22.639293670654297,-20.438013076782227,3));
#569=VERTEX_POINT('',#568);
#570=CARTESIAN_POINT('',(24.144418716430664,-18.635908126831055,3));
#571=VERTEX_POINT('',#570);
#572=CARTESIAN_POINT('',(24.249319076538086,18.499202728271484,3));
#573=VERTEX_POINT('',#572);
#574=CARTESIAN_POINT('',(25.506454467773438,-16.723360061645508,3));
#575=VERTEX_POINT('',#574);
#576=CARTESIAN_POINT('',(25.600528717041016,16.578990936279297,3));
#577=VERTEX_POINT('',#576);
#578=CARTESIAN_POINT('',(26.717330932617188,-14.711703300476074,3));
#579=VERTEX_POINT('',#578);
#580=CARTESIAN_POINT('',(26.800020217895508,14.560524940490723,3));
#581=VERTEX_POINT('',#580);
#582=CARTESIAN_POINT('',(27.76987075805664,-12.612859725952148,3));
#583=VERTEX_POINT('',#582);
#584=CARTESIAN_POINT('',(27.840686798095703,12.455768585205078,3));
#585=VERTEX_POINT('',#584);
#586=CARTESIAN_POINT('',(28.657838821411133,-10.439268112182617,3));
#587=VERTEX_POINT('',#586);
#588=CARTESIAN_POINT('',(28.716358184814453,10.27719497680664,3));
#589=VERTEX_POINT('',#588);
#590=CARTESIAN_POINT('',(29.37596893310547,-8.20380973815918,3));
#591=VERTEX_POINT('',#590);
#592=CARTESIAN_POINT('',(29.42184829711914,8.037714958190918,3));
#593=VERTEX_POINT('',#592);
#594=CARTESIAN_POINT('',(29.920005798339844,-5.919733047485352,3));
#595=VERTEX_POINT('',#594);
#596=CARTESIAN_POINT('',(29.952972412109375,5.750600814819336,3));
#597=VERTEX_POINT('',#596);
#598=CARTESIAN_POINT('',(30.286727905273438,-3.600573778152466,3));
#599=VERTEX_POINT('',#598);
#600=CARTESIAN_POINT('',(30.30658531188965,3.4294068813323975,3));
#601=VERTEX_POINT('',#600);
#602=CARTESIAN_POINT('',(30.47395896911621,-1.2600762844085693,3));
#603=VERTEX_POINT('',#602);
#604=CARTESIAN_POINT('',(30.480592727661133,1.0878888368606567,3));
#605=VERTEX_POINT('',#604);
#606=CARTESIAN_POINT('',(18.138614654541016,-24.52020835876465,1));
#607=VERTEX_POINT('',#606);
#608=CARTESIAN_POINT('',(16.131099700927734,-25.885086059570312,1));
#609=VERTEX_POINT('',#608);
#610=CARTESIAN_POINT('',(14.021393775939941,-27.085983276367188,1));
#611=VERTEX_POINT('',#610);
#612=CARTESIAN_POINT('',(11.82286548614502,-28.11529541015625,1));
#613=VERTEX_POINT('',#612);
#614=CARTESIAN_POINT('',(9.549440383911133,-28.966501235961914,1));
#615=VERTEX_POINT('',#614);
#616=CARTESIAN_POINT('',(7.215521335601807,-29.634206771850586,1));
#617=VERTEX_POINT('',#616);
#618=CARTESIAN_POINT('',(4.835892677307129,-30.114185333251953,1));
#619=VERTEX_POINT('',#618);
#620=CARTESIAN_POINT('',(2.4256293773651123,-30.403392791748047,1));
#621=VERTEX_POINT('',#620);
#622=CARTESIAN_POINT('',(4.90477392722918E-15,-30.5,1));
#623=VERTEX_POINT('',#622);
#624=CARTESIAN_POINT('',(-2.4256293773651123,-30.403392791748047,1));
#625=VERTEX_POINT('',#624);
#626=CARTESIAN_POINT('',(-4.835892677307129,-30.114185333251953,1));
#627=VERTEX_POINT('',#626);
#628=CARTESIAN_POINT('',(-7.215521335601807,-29.634206771850586,1));
#629=VERTEX_POINT('',#628);
#630=CARTESIAN_POINT('',(-9.549440383911133,-28.966501235961914,1));
#631=VERTEX_POINT('',#630);
#632=CARTESIAN_POINT('',(-11.82286548614502,-28.11529541015625,1));
#633=VERTEX_POINT('',#632);
#634=CARTESIAN_POINT('',(-14.021393775939941,-27.085983276367188,1));
#635=VERTEX_POINT('',#634);
#636=CARTESIAN_POINT('',(-16.131099700927734,-25.885086059570312,1));
#637=VERTEX_POINT('',#636);
#638=CARTESIAN_POINT('',(-18.138614654541016,-24.52020835876465,1));
#639=VERTEX_POINT('',#638);
#640=CARTESIAN_POINT('',(-19.98808479309082,23.037500381469727,1));
#641=VERTEX_POINT('',#640);
#642=CARTESIAN_POINT('',(-18.097742080688477,24.550392150878906,1));
#643=VERTEX_POINT('',#642);
#644=CARTESIAN_POINT('',(-16.09334945678711,25.908571243286133,1));
#645=VERTEX_POINT('',#644);
#646=CARTESIAN_POINT('',(-13.987540245056152,27.10348129272461,1));
#647=VERTEX_POINT('',#646);
#648=CARTESIAN_POINT('',(-11.793585777282715,28.12759017944336,1));
#649=VERTEX_POINT('',#648);
#650=CARTESIAN_POINT('',(-9.525309562683105,28.974445343017578,1));
#651=VERTEX_POINT('',#650);
#652=CARTESIAN_POINT('',(-7.197006702423096,29.638710021972656,1));
#653=VERTEX_POINT('',#652);
#654=CARTESIAN_POINT('',(-4.823350429534912,30.116195678710938,1));
#655=VERTEX_POINT('',#654);
#656=CARTESIAN_POINT('',(-2.4192981719970703,30.403898239135742,1));
#657=VERTEX_POINT('',#656);
#658=CARTESIAN_POINT('',(5.602759145436351E-15,30.5,1));
#659=VERTEX_POINT('',#658);
#660=CARTESIAN_POINT('',(2.4192981719970703,30.403898239135742,1));
#661=VERTEX_POINT('',#660);
#662=CARTESIAN_POINT('',(4.823350429534912,30.116195678710938,1));
#663=VERTEX_POINT('',#662);
#664=CARTESIAN_POINT('',(7.197006702423096,29.638710021972656,1));
#665=VERTEX_POINT('',#664);
#666=CARTESIAN_POINT('',(9.525309562683105,28.974445343017578,1));
#667=VERTEX_POINT('',#666);
#668=CARTESIAN_POINT('',(11.793585777282715,28.12759017944336,1));
#669=VERTEX_POINT('',#668);
#670=CARTESIAN_POINT('',(13.987540245056152,27.10348129272461,1));
#671=VERTEX_POINT('',#670);
#672=CARTESIAN_POINT('',(16.09334945678711,25.908571243286133,1));
#673=VERTEX_POINT('',#672);
#674=CARTESIAN_POINT('',(18.097742080688477,24.550392150878906,1));
#675=VERTEX_POINT('',#674);
#676=CARTESIAN_POINT('',(19.98808479309082,23.037500381469727,1));
#677=VERTEX_POINT('',#676);
#678=CARTESIAN_POINT('',(21.75246810913086,21.379432678222656,1));
#679=VERTEX_POINT('',#678);
#680=CARTESIAN_POINT('',(23.379772186279297,19.58663558959961,1));
#681=VERTEX_POINT('',#680);
#682=CARTESIAN_POINT('',(24.8597412109375,17.670406341552734,1));
#683=VERTEX_POINT('',#682);
#684=CARTESIAN_POINT('',(26.18305015563965,15.642823219299316,1));
#685=VERTEX_POINT('',#684);
#686=CARTESIAN_POINT('',(27.341358184814453,13.51666259765625,1));
#687=VERTEX_POINT('',#686);
#688=CARTESIAN_POINT('',(28.32736587524414,11.305322647094727,1));
#689=VERTEX_POINT('',#688);
#690=CARTESIAN_POINT('',(29.134862899780273,9.022738456726074,1));
#691=VERTEX_POINT('',#690);
#692=CARTESIAN_POINT('',(29.758756637573242,6.683294773101807,1));
#693=VERTEX_POINT('',#692);
#694=CARTESIAN_POINT('',(30.19511604309082,4.301734447479248,1));
#695=VERTEX_POINT('',#694);
#696=CARTESIAN_POINT('',(30.441194534301758,1.8930659294128418,1));
#697=VERTEX_POINT('',#696);
#698=CARTESIAN_POINT('',(30.495437622070312,-0.5275325179100037,1));
#699=VERTEX_POINT('',#698);
#700=CARTESIAN_POINT('',(30.357505798339844,-2.9448065757751465,1));
#701=VERTEX_POINT('',#700);
#702=CARTESIAN_POINT('',(30.02826690673828,-5.343523025512695,1));
#703=VERTEX_POINT('',#702);
#704=CARTESIAN_POINT('',(29.509796142578125,-7.708565711975098,1));
#705=VERTEX_POINT('',#704);
#706=CARTESIAN_POINT('',(28.805360794067383,-10.025031089782715,1));
#707=VERTEX_POINT('',#706);
#708=CARTESIAN_POINT('',(27.91939926147461,-12.2783203125,1));
#709=VERTEX_POINT('',#708);
#710=CARTESIAN_POINT('',(26.85749626159668,-14.45423412322998,1));
#711=VERTEX_POINT('',#710);
#712=CARTESIAN_POINT('',(25.6263427734375,-16.539060592651367,1));
#713=VERTEX_POINT('',#712);
#714=CARTESIAN_POINT('',(24.23369789123535,-18.51966094970703,1));
#715=VERTEX_POINT('',#714);
#716=CARTESIAN_POINT('',(22.688337326049805,-20.383554458618164,1));
#717=VERTEX_POINT('',#716);
#718=CARTESIAN_POINT('',(-21.75246810913086,21.379432678222656,1));
#719=VERTEX_POINT('',#718);
#720=CARTESIAN_POINT('',(-23.379772186279297,19.58663558959961,1));
#721=VERTEX_POINT('',#720);
#722=CARTESIAN_POINT('',(-24.8597412109375,17.670406341552734,1));
#723=VERTEX_POINT('',#722);
#724=CARTESIAN_POINT('',(-26.18305015563965,15.642823219299316,1));
#725=VERTEX_POINT('',#724);
#726=CARTESIAN_POINT('',(-27.341358184814453,13.51666259765625,1));
#727=VERTEX_POINT('',#726);
#728=CARTESIAN_POINT('',(-28.32736587524414,11.305322647094727,1));
#729=VERTEX_POINT('',#728);
#730=CARTESIAN_POINT('',(-29.134862899780273,9.022738456726074,1));
#731=VERTEX_POINT('',#730);
#732=CARTESIAN_POINT('',(-29.758756637573242,6.683294773101807,1));
#733=VERTEX_POINT('',#732);
#734=CARTESIAN_POINT('',(-30.19511604309082,4.301734447479248,1));
#735=VERTEX_POINT('',#734);
#736=CARTESIAN_POINT('',(-30.441194534301758,1.8930659294128418,1));
#737=VERTEX_POINT('',#736);
#738=CARTESIAN_POINT('',(-30.495437622070312,-0.5275325179100037,1));
#739=VERTEX_POINT('',#738);
#740=CARTESIAN_POINT('',(-30.357505798339844,-2.9448065757751465,1));
#741=VERTEX_POINT('',#740);
#742=CARTESIAN_POINT('',(-30.02826690673828,-5.343523025512695,1));
#743=VERTEX_POINT('',#742);
#744=CARTESIAN_POINT('',(-29.509796142578125,-7.708565711975098,1));
#745=VERTEX_POINT('',#744);
#746=CARTESIAN_POINT('',(-28.805360794067383,-10.025031089782715,1));
#747=VERTEX_POINT('',#746);
#748=CARTESIAN_POINT('',(-27.91939926147461,-12.2783203125,1));
#749=VERTEX_POINT('',#748);
#750=CARTESIAN_POINT('',(-26.85749626159668,-14.45423412322998,1));
#751=VERTEX_POINT('',#750);
#752=CARTESIAN_POINT('',(-25.6263427734375,-16.539060592651367,1));
#753=VERTEX_POINT('',#752);
#754=CARTESIAN_POINT('',(-24.23369789123535,-18.51966094970703,1));
#755=VERTEX_POINT('',#754);
#756=CARTESIAN_POINT('',(-22.688337326049805,-20.383554458618164,1));
#757=VERTEX_POINT('',#756);
#758=CARTESIAN_POINT('',(-55,49.33909225463867,0));
#759=VERTEX_POINT('',#758);
#760=CARTESIAN_POINT('',(-50,49.33909225463867,0));
#761=VERTEX_POINT('',#760);
#762=CARTESIAN_POINT('',(-55,49.33909225463867,0.5));
#763=VERTEX_POINT('',#762);
#764=CARTESIAN_POINT('',(-50,49.33909225463867,0.5));
#765=VERTEX_POINT('',#764);
#766=CARTESIAN_POINT('',(-55,55.633934020996094,0.5));
#767=VERTEX_POINT('',#766);
#768=CARTESIAN_POINT('',(-50,55.633934020996094,0.5));
#769=VERTEX_POINT('',#768);
#770=CARTESIAN_POINT('',(-55,55.633934020996094,0));
#771=VERTEX_POINT('',#770);
#772=CARTESIAN_POINT('',(-50,55.633934020996094,0));
#773=VERTEX_POINT('',#772);
#774=CARTESIAN_POINT('',(-55.512542724609375,55,0));
#775=VERTEX_POINT('',#774);
#776=CARTESIAN_POINT('',(-55.512542724609375,50,0));
#777=VERTEX_POINT('',#776);
#778=CARTESIAN_POINT('',(-55.512542724609375,55,0.5));
#779=VERTEX_POINT('',#778);
#780=CARTESIAN_POINT('',(-55.512542724609375,50,0.5));
#781=VERTEX_POINT('',#780);
#782=CARTESIAN_POINT('',(-49.36606979370117,50,0));
#783=VERTEX_POINT('',#782);
#784=CARTESIAN_POINT('',(-49.36606979370117,55,0));
#785=VERTEX_POINT('',#784);
#786=CARTESIAN_POINT('',(-49.36606979370117,50,0.5));
#787=VERTEX_POINT('',#786);
#788=CARTESIAN_POINT('',(-49.36606979370117,55,0.5));
#789=VERTEX_POINT('',#788);
#790=CARTESIAN_POINT('',(-55,50,0.5));
#791=VERTEX_POINT('',#790);
#792=CARTESIAN_POINT('',(-55,55,0.5));
#793=VERTEX_POINT('',#792);
#794=CARTESIAN_POINT('',(-50,50,0.5));
#795=VERTEX_POINT('',#794);
#796=CARTESIAN_POINT('',(-50,55,0.5));
#797=VERTEX_POINT('',#796);
#798=CARTESIAN_POINT('',(-50,75,0));
#799=VERTEX_POINT('',#798);
#800=CARTESIAN_POINT('',(-50,75,2));
#801=VERTEX_POINT('',#800);
#802=CARTESIAN_POINT('',(-50,55,2));
#803=VERTEX_POINT('',#802);
#804=CARTESIAN_POINT('',(-30,55,2));
#805=VERTEX_POINT('',#804);
#806=CARTESIAN_POINT('',(-30,55,0));
#807=VERTEX_POINT('',#806);
#808=CARTESIAN_POINT('',(-30,75,0));
#809=VERTEX_POINT('',#808);
#810=CARTESIAN_POINT('',(-30,75,2));
#811=VERTEX_POINT('',#810);
#812=CARTESIAN_POINT('',(-30,50,0));
#813=VERTEX_POINT('',#812);
#814=CARTESIAN_POINT('',(-30,50,2));
#815=VERTEX_POINT('',#814);
#816=CARTESIAN_POINT('',(-50,50,2));
#817=VERTEX_POINT('',#816);
#818=CARTESIAN_POINT('',(-50,30,2));
#819=VERTEX_POINT('',#818);
#820=CARTESIAN_POINT('',(-50,30,0));
#821=VERTEX_POINT('',#820);
#822=CARTESIAN_POINT('',(-30,30,2));
#823=VERTEX_POINT('',#822);
#824=CARTESIAN_POINT('',(-75,50,0));
#825=VERTEX_POINT('',#824);
#826=CARTESIAN_POINT('',(-75,30,0));
#827=VERTEX_POINT('',#826);
#828=CARTESIAN_POINT('',(-75,50,2));
#829=VERTEX_POINT('',#828);
#830=CARTESIAN_POINT('',(-75,30,2));
#831=VERTEX_POINT('',#830);
#832=CARTESIAN_POINT('',(-55,50,2));
#833=VERTEX_POINT('',#832);
#834=CARTESIAN_POINT('',(-55,30,2));
#835=VERTEX_POINT('',#834);
#836=CARTESIAN_POINT('',(-55,30,0));
#837=VERTEX_POINT('',#836);
#838=CARTESIAN_POINT('',(-75,55,0));
#839=VERTEX_POINT('',#838);
#840=CARTESIAN_POINT('',(-75,55,2));
#841=VERTEX_POINT('',#840);
#842=CARTESIAN_POINT('',(-55,55,2));
#843=VERTEX_POINT('',#842);
#844=CARTESIAN_POINT('',(-55,75,2));
#845=VERTEX_POINT('',#844);
#846=CARTESIAN_POINT('',(-55,75,0));
#847=VERTEX_POINT('',#846);
#848=CARTESIAN_POINT('',(-75,75,0));
#849=VERTEX_POINT('',#848);
#850=CARTESIAN_POINT('',(-75,75,2));
#851=VERTEX_POINT('',#850);
#852=STYLED_ITEM('',(#25),#853);
#853=FACE_SURFACE('',(#858),#854,.T.);
#854=PLANE('',#855);
#855=AXIS2_PLACEMENT_3D('',#40,#856,#857);
#856=DIRECTION('',(-0,-1,-0));
#857=DIRECTION('',(-1,0,0));
#858=FACE_BOUND('',#859,.T.);
#859=EDGE_LOOP('',(#860,#861,#862));
#860=ORIENTED_EDGE('',*,*,#863,.T.);
#861=ORIENTED_EDGE('',*,*,#864,.T.);
#862=ORIENTED_EDGE('',*,*,#865,.T.);
#863=EDGE_CURVE('',#41,#43,#866,.F.);
#864=EDGE_CURVE('',#43,#45,#867,.T.);
#865=EDGE_CURVE('',#45,#41,#868,.T.);
#866=LINE('',#40,#869);
#867=LINE('',#42,#870);
#868=LINE('',#44,#871);
#869=VECTOR('',#872,1.0);
#870=VECTOR('',#873,1.0);
#871=VECTOR('',#874,1.0);
#872=DIRECTION('',(-1,0,0));
#873=DIRECTION('',(0.9959007686139509,0,-0.09045252386827916));
#874=DIRECTION('',(0,0,1));
#875=FACE_SURFACE('',(#880),#876,.T.);
#876=PLANE('',#877);
#877=AXIS2_PLACEMENT_3D('',#44,#878,#879);
#878=DIRECTION('',(0,-1,0));
#879=DIRECTION('',(-0.9959007686139509,0,0.09045252386827916));
#880=FACE_BOUND('',#881,.T.);
#881=EDGE_LOOP('',(#882,#883,#884));
#882=ORIENTED_EDGE('',*,*,#885,.T.);
#883=ORIENTED_EDGE('',*,*,#886,.T.);
#884=ORIENTED_EDGE('',*,*,#887,.T.);
#885=EDGE_CURVE('',#45,#43,#888,.F.);
#886=EDGE_CURVE('',#43,#47,#889,.T.);
#887=EDGE_CURVE('',#47,#45,#890,.T.);
#888=LINE('',#44,#891);
#889=LINE('',#42,#892);
#890=LINE('',#46,#893);
#891=VECTOR('',#894,1.0);
#892=VECTOR('',#895,1.0);
#893=VECTOR('',#896,1.0);
#894=DIRECTION('',(-0.9959007686139509,0,0.09045252386827916));
#895=DIRECTION('',(0,0,-1));
#896=DIRECTION('',(1,0,0));
#897=FACE_SURFACE('',(#902),#898,.T.);
#898=PLANE('',#899);
#899=AXIS2_PLACEMENT_3D('',#46,#900,#901);
#900=DIRECTION('',(-1,0,0));
#901=DIRECTION('',(0,0,1));
#902=FACE_BOUND('',#903,.T.);
#903=EDGE_LOOP('',(#904,#905,#906));
#904=ORIENTED_EDGE('',*,*,#907,.T.);
#905=ORIENTED_EDGE('',*,*,#908,.T.);
#906=ORIENTED_EDGE('',*,*,#909,.T.);
#907=EDGE_CURVE('',#47,#43,#910,.F.);
#908=EDGE_CURVE('',#43,#49,#911,.T.);
#909=EDGE_CURVE('',#49,#47,#912,.T.);
#910=LINE('',#46,#913);
#911=LINE('',#42,#914);
#912=LINE('',#48,#915);
#913=VECTOR('',#916,1.0);
#914=VECTOR('',#917,1.0);
#915=VECTOR('',#918,1.0);
#916=DIRECTION('',(0,0,1));
#917=DIRECTION('',(0,0.9950371902099892,-0.09950371902099892));
#918=DIRECTION('',(0,-1,0));
#919=FACE_SURFACE('',(#924),#920,.T.);
#920=PLANE('',#921);
#921=AXIS2_PLACEMENT_3D('',#48,#922,#923);
#922=DIRECTION('',(-1,0,0));
#923=DIRECTION('',(0,-0.9950371902099892,0.09950371902099892));
#924=FACE_BOUND('',#925,.T.);
#925=EDGE_LOOP('',(#926,#927,#928));
#926=ORIENTED_EDGE('',*,*,#929,.T.);
#927=ORIENTED_EDGE('',*,*,#930,.T.);
#928=ORIENTED_EDGE('',*,*,#931,.T.);
#929=EDGE_CURVE('',#49,#43,#932,.F.);
#930=EDGE_CURVE('',#43,#51,#933,.T.);
#931=EDGE_CURVE('',#51,#49,#934,.T.);
#932=LINE('',#48,#935);
#933=LINE('',#42,#936);
#934=LINE('',#50,#937);
#935=VECTOR('',#938,1.0);
#936=VECTOR('',#939,1.0);
#937=VECTOR('',#940,1.0);
#938=DIRECTION('',(0,-0.9950371902099892,0.09950371902099892));
#939=DIRECTION('',(0,1,0));
#940=DIRECTION('',(0,0,-1));
#941=FACE_SURFACE('',(#946),#942,.T.);
#942=PLANE('',#943);
#943=AXIS2_PLACEMENT_3D('',#52,#944,#945);
#944=DIRECTION('',(0,1,-0));
#945=DIRECTION('',(-1,0,0));
#946=FACE_BOUND('',#947,.T.);
#947=EDGE_LOOP('',(#948,#949,#950));
#948=ORIENTED_EDGE('',*,*,#951,.T.);
#949=ORIENTED_EDGE('',*,*,#952,.T.);
#950=ORIENTED_EDGE('',*,*,#953,.T.);
#951=EDGE_CURVE('',#53,#49,#954,.F.);
#952=EDGE_CURVE('',#49,#55,#955,.T.);
#953=EDGE_CURVE('',#55,#53,#956,.T.);
#954=LINE('',#52,#957);
#955=LINE('',#48,#958);
#956=LINE('',#54,#959);
#957=VECTOR('',#960,1.0);
#958=VECTOR('',#961,1.0);
#959=VECTOR('',#962,1.0);
#960=DIRECTION('',(-1,0,0));
#961=DIRECTION('',(0.9965457582448796,0,0.08304547985373997));
#962=DIRECTION('',(0,0,-1));
#963=FACE_SURFACE('',(#968),#964,.T.);
#964=PLANE('',#965);
#965=AXIS2_PLACEMENT_3D('',#54,#966,#967);
#966=DIRECTION('',(0,1,0));
#967=DIRECTION('',(-0.9965457582448796,0,-0.08304547985373997));
#968=FACE_BOUND('',#969,.T.);
#969=EDGE_LOOP('',(#970,#971,#972));
#970=ORIENTED_EDGE('',*,*,#973,.T.);
#971=ORIENTED_EDGE('',*,*,#974,.T.);
#972=ORIENTED_EDGE('',*,*,#975,.T.);
#973=EDGE_CURVE('',#55,#49,#976,.F.);
#974=EDGE_CURVE('',#49,#51,#977,.T.);
#975=EDGE_CURVE('',#51,#55,#978,.T.);
#976=LINE('',#54,#979);
#977=LINE('',#48,#980);
#978=LINE('',#50,#981);
#979=VECTOR('',#982,1.0);
#980=VECTOR('',#983,1.0);
#981=VECTOR('',#984,1.0);
#982=DIRECTION('',(-0.9965457582448796,0,-0.08304547985373997));
#983=DIRECTION('',(0,0,1));
#984=DIRECTION('',(1,0,0));
#985=FACE_SURFACE('',(#990),#986,.T.);
#986=PLANE('',#987);
#987=AXIS2_PLACEMENT_3D('',#56,#988,#989);
#988=DIRECTION('',(1,0,0));
#989=DIRECTION('',(0,1,0));
#990=FACE_BOUND('',#991,.T.);
#991=EDGE_LOOP('',(#992,#993,#994));
#992=ORIENTED_EDGE('',*,*,#995,.T.);
#993=ORIENTED_EDGE('',*,*,#996,.T.);
#994=ORIENTED_EDGE('',*,*,#997,.T.);
#995=EDGE_CURVE('',#57,#53,#998,.F.);
#996=EDGE_CURVE('',#53,#59,#999,.T.);
#997=EDGE_CURVE('',#59,#57,#1000,.T.);
#998=LINE('',#56,#1001);
#999=LINE('',#52,#1002);
#1000=LINE('',#58,#1003);
#1001=VECTOR('',#1004,1.0);
#1002=VECTOR('',#1005,1.0);
#1003=VECTOR('',#1006,1.0);
#1004=DIRECTION('',(0,1,0));
#1005=DIRECTION('',(0,-0.9939492560622275,0.10984023112386788));
#1006=DIRECTION('',(0,0,-1));
#1007=FACE_SURFACE('',(#1012),#1008,.T.);
#1008=PLANE('',#1009);
#1009=AXIS2_PLACEMENT_3D('',#58,#1010,#1011);
#1010=DIRECTION('',(1,-0,0));
#1011=DIRECTION('',(0,0.9939492560622275,-0.10984023112386788));
#1012=FACE_BOUND('',#1013,.T.);
#1013=EDGE_LOOP('',(#1014,#1015,#1016));
#1014=ORIENTED_EDGE('',*,*,#1017,.T.);
#1015=ORIENTED_EDGE('',*,*,#1018,.T.);
#1016=ORIENTED_EDGE('',*,*,#1019,.T.);
#1017=EDGE_CURVE('',#59,#53,#1020,.F.);
#1018=EDGE_CURVE('',#53,#55,#1021,.T.);
#1019=EDGE_CURVE('',#55,#59,#1022,.T.);
#1020=LINE('',#58,#1023);
#1021=LINE('',#52,#1024);
#1022=LINE('',#54,#1025);
#1023=VECTOR('',#1026,1.0);
#1024=VECTOR('',#1027,1.0);
#1025=VECTOR('',#1028,1.0);
#1026=DIRECTION('',(0,0.9939492560622275,-0.10984023112386788));
#1027=DIRECTION('',(0,0,1));
#1028=DIRECTION('',(0,-1,0));
#1029=FACE_SURFACE('',(#1034),#1030,.T.);
#1030=PLANE('',#1031);
#1031=AXIS2_PLACEMENT_3D('',#40,#1032,#1033);
#1032=DIRECTION('',(0,-0,1));
#1033=DIRECTION('',(0.7165681241016495,0.6975171134255008,0));
#1034=FACE_BOUND('',#1035,.T.);
#1035=EDGE_LOOP('',(#1036,#1037,#1038));
#1036=ORIENTED_EDGE('',*,*,#1039,.T.);
#1037=ORIENTED_EDGE('',*,*,#1040,.T.);
#1038=ORIENTED_EDGE('',*,*,#1041,.T.);
#1039=EDGE_CURVE('',#41,#61,#1042,.F.);
#1040=EDGE_CURVE('',#61,#43,#1043,.T.);
#1041=EDGE_CURVE('',#43,#41,#1044,.T.);
#1042=LINE('',#40,#1045);
#1043=LINE('',#60,#1046);
#1044=LINE('',#42,#1047);
#1045=VECTOR('',#1048,1.0);
#1046=VECTOR('',#1049,1.0);
#1047=VECTOR('',#1050,1.0);
#1048=DIRECTION('',(0.7165681241016495,0.6975171134255008,0));
#1049=DIRECTION('',(-0.9996040862254284,-0.028136645170069214,0));
#1050=DIRECTION('',(1,0,0));
#1051=FACE_SURFACE('',(#1056),#1052,.T.);
#1052=PLANE('',#1053);
#1053=AXIS2_PLACEMENT_3D('',#42,#1054,#1055);
#1054=DIRECTION('',(0,0,1));
#1055=DIRECTION('',(0.9996040862254284,0.028136645170069214,0));
#1056=FACE_BOUND('',#1057,.T.);
#1057=EDGE_LOOP('',(#1058,#1059,#1060));
#1058=ORIENTED_EDGE('',*,*,#1061,.T.);
#1059=ORIENTED_EDGE('',*,*,#1062,.T.);
#1060=ORIENTED_EDGE('',*,*,#1063,.T.);
#1061=EDGE_CURVE('',#43,#61,#1064,.F.);
#1062=EDGE_CURVE('',#61,#63,#1065,.T.);
#1063=EDGE_CURVE('',#63,#43,#1066,.T.);
#1064=LINE('',#42,#1067);
#1065=LINE('',#60,#1068);
#1066=LINE('',#62,#1069);
#1067=VECTOR('',#1070,1.0);
#1068=VECTOR('',#1071,1.0);
#1069=VECTOR('',#1072,1.0);
#1070=DIRECTION('',(0.9996040862254284,0.028136645170069214,0));
#1071=DIRECTION('',(0.7211138577439622,0.6928165732498182,0));
#1072=DIRECTION('',(-0.9985171272378869,-0.05443846629541986,0));
#1073=FACE_SURFACE('',(#1078),#1074,.T.);
#1074=PLANE('',#1075);
#1075=AXIS2_PLACEMENT_3D('',#42,#1076,#1077);
#1076=DIRECTION('',(0,0,1));
#1077=DIRECTION('',(0.9985171272378869,0.05443846629541986,0));
#1078=FACE_BOUND('',#1079,.T.);
#1079=EDGE_LOOP('',(#1080,#1081,#1082));
#1080=ORIENTED_EDGE('',*,*,#1083,.T.);
#1081=ORIENTED_EDGE('',*,*,#1084,.T.);
#1082=ORIENTED_EDGE('',*,*,#1085,.T.);
#1083=EDGE_CURVE('',#43,#63,#1086,.F.);
#1084=EDGE_CURVE('',#63,#51,#1087,.T.);
#1085=EDGE_CURVE('',#51,#43,#1088,.T.);
#1086=LINE('',#42,#1089);
#1087=LINE('',#62,#1090);
#1088=LINE('',#50,#1091);
#1089=VECTOR('',#1092,1.0);
#1090=VECTOR('',#1093,1.0);
#1091=VECTOR('',#1094,1.0);
#1092=DIRECTION('',(0.9985171272378869,0.05443846629541986,0));
#1093=DIRECTION('',(-0.7799070207053601,0.6258953898651827,0));
#1094=DIRECTION('',(0,-1,0));
#1095=FACE_SURFACE('',(#1100),#1096,.T.);
#1096=PLANE('',#1097);
#1097=AXIS2_PLACEMENT_3D('',#50,#1098,#1099);
#1098=DIRECTION('',(0,0,1));
#1099=DIRECTION('',(0.7799070207053601,-0.6258953898651827,0));
#1100=FACE_BOUND('',#1101,.T.);
#1101=EDGE_LOOP('',(#1102,#1103,#1104));
#1102=ORIENTED_EDGE('',*,*,#1105,.T.);
#1103=ORIENTED_EDGE('',*,*,#1106,.T.);
#1104=ORIENTED_EDGE('',*,*,#1107,.T.);
#1105=EDGE_CURVE('',#51,#63,#1108,.F.);
#1106=EDGE_CURVE('',#63,#59,#1109,.T.);
#1107=EDGE_CURVE('',#59,#51,#1110,.T.);
#1108=LINE('',#50,#1111);
#1109=LINE('',#62,#1112);
#1110=LINE('',#58,#1113);
#1111=VECTOR('',#1114,1.0);
#1112=VECTOR('',#1115,1.0);
#1113=VECTOR('',#1116,1.0);
#1114=DIRECTION('',(0.7799070207053601,-0.6258953898651827,0));
#1115=DIRECTION('',(0.7256294495032091,0.6880856792679744,0));
#1116=DIRECTION('',(-0.7984308941332338,0.602086461642848,0));
#1117=FACE_SURFACE('',(#1122),#1118,.T.);
#1118=PLANE('',#1119);
#1119=AXIS2_PLACEMENT_3D('',#50,#1120,#1121);
#1120=DIRECTION('',(-0,0,1));
#1121=DIRECTION('',(0.7984308941332338,-0.602086461642848,0));
#1122=FACE_BOUND('',#1123,.T.);
#1123=EDGE_LOOP('',(#1124,#1125,#1126));
#1124=ORIENTED_EDGE('',*,*,#1127,.T.);
#1125=ORIENTED_EDGE('',*,*,#1128,.T.);
#1126=ORIENTED_EDGE('',*,*,#1129,.T.);
#1127=EDGE_CURVE('',#51,#59,#1130,.F.);
#1128=EDGE_CURVE('',#59,#55,#1131,.T.);
#1129=EDGE_CURVE('',#55,#51,#1132,.T.);
#1130=LINE('',#50,#1133);
#1131=LINE('',#58,#1134);
#1132=LINE('',#54,#1135);
#1133=VECTOR('',#1136,1.0);
#1134=VECTOR('',#1137,1.0);
#1135=VECTOR('',#1138,1.0);
#1136=DIRECTION('',(0.7984308941332338,-0.602086461642848,0));
#1137=DIRECTION('',(0,1,0));
#1138=DIRECTION('',(-1,0,0));
#1139=FACE_SURFACE('',(#1144),#1140,.T.);
#1140=PLANE('',#1141);
#1141=AXIS2_PLACEMENT_3D('',#64,#1142,#1143);
#1142=DIRECTION('',(-0.6580812054787045,0.7528944766982174,-0.008890104218313436));
#1143=DIRECTION('',(-0.7529242305752512,-0.6581072123998231,0));
#1144=FACE_BOUND('',#1145,.T.);
#1145=EDGE_LOOP('',(#1146,#1147,#1148));
#1146=ORIENTED_EDGE('',*,*,#1149,.T.);
#1147=ORIENTED_EDGE('',*,*,#1150,.T.);
#1148=ORIENTED_EDGE('',*,*,#1151,.T.);
#1149=EDGE_CURVE('',#65,#57,#1152,.F.);
#1150=EDGE_CURVE('',#57,#67,#1153,.T.);
#1151=EDGE_CURVE('',#67,#65,#1154,.T.);
#1152=LINE('',#64,#1155);
#1153=LINE('',#56,#1156);
#1154=LINE('',#66,#1157);
#1155=VECTOR('',#1158,1.0);
#1156=VECTOR('',#1159,1.0);
#1157=VECTOR('',#1160,1.0);
#1158=DIRECTION('',(-0.7529242305752512,-0.6581072123998231,0));
#1159=DIRECTION('',(0.18745892979892007,0.1752643658324751,0.9665099853120939));
#1160=DIRECTION('',(0.6948194687171754,0.6026859935515194,-0.39242260264719714));
#1161=FACE_SURFACE('',(#1166),#1162,.T.);
#1162=PLANE('',#1163);
#1163=AXIS2_PLACEMENT_3D('',#66,#1164,#1165);
#1164=DIRECTION('',(-0.6829483793482699,0.7304666393104969,0));
#1165=DIRECTION('',(-0.18745892979892007,-0.1752643658324751,-0.9665099853120939));
#1166=FACE_BOUND('',#1167,.T.);
#1167=EDGE_LOOP('',(#1168,#1169,#1170));
#1168=ORIENTED_EDGE('',*,*,#1171,.T.);
#1169=ORIENTED_EDGE('',*,*,#1172,.T.);
#1170=ORIENTED_EDGE('',*,*,#1173,.T.);
#1171=EDGE_CURVE('',#67,#57,#1174,.F.);
#1172=EDGE_CURVE('',#57,#59,#1175,.T.);
#1173=EDGE_CURVE('',#59,#67,#1176,.T.);
#1174=LINE('',#66,#1177);
#1175=LINE('',#56,#1178);
#1176=LINE('',#58,#1179);
#1177=VECTOR('',#1180,1.0);
#1178=VECTOR('',#1181,1.0);
#1179=VECTOR('',#1182,1.0);
#1180=DIRECTION('',(-0.18745892979892007,-0.1752643658324751,-0.9665099853120939));
#1181=DIRECTION('',(0,0,1));
#1182=DIRECTION('',(0.3425979072735904,0.32031125440781666,0.8831915841036119));
#1183=FACE_SURFACE('',(#1188),#1184,.T.);
#1184=PLANE('',#1185);
#1185=AXIS2_PLACEMENT_3D('',#66,#1186,#1187);
#1186=DIRECTION('',(-0.6880808486166017,0.7256243552787515,0.0037471046627359627));
#1187=DIRECTION('',(-0.3425979072735904,-0.32031125440781666,-0.8831915841036119));
#1188=FACE_BOUND('',#1189,.T.);
#1189=EDGE_LOOP('',(#1190,#1191,#1192));
#1190=ORIENTED_EDGE('',*,*,#1193,.T.);
#1191=ORIENTED_EDGE('',*,*,#1194,.T.);
#1192=ORIENTED_EDGE('',*,*,#1195,.T.);
#1193=EDGE_CURVE('',#67,#59,#1196,.F.);
#1194=EDGE_CURVE('',#59,#63,#1197,.T.);
#1195=EDGE_CURVE('',#63,#67,#1198,.T.);
#1196=LINE('',#66,#1199);
#1197=LINE('',#58,#1200);
#1198=LINE('',#62,#1201);
#1199=VECTOR('',#1202,1.0);
#1200=VECTOR('',#1203,1.0);
#1201=VECTOR('',#1204,1.0);
#1202=DIRECTION('',(-0.3425979072735904,-0.32031125440781666,-0.8831915841036119));
#1203=DIRECTION('',(-0.7256294495032091,-0.6880856792679744,0));
#1204=DIRECTION('',(0.5119701688969616,0.4818086367975741,0.7111589018404255));
#1205=FACE_SURFACE('',(#1210),#1206,.T.);
#1206=PLANE('',#1207);
#1207=AXIS2_PLACEMENT_3D('',#62,#1208,#1209);
#1208=DIRECTION('',(-0.6927804491303127,0.7210762581769482,0.010211718578835427));
#1209=DIRECTION('',(-0.7211138577439622,-0.6928165732498182,0));
#1210=FACE_BOUND('',#1211,.T.);
#1211=EDGE_LOOP('',(#1212,#1213,#1214));
#1212=ORIENTED_EDGE('',*,*,#1215,.T.);
#1213=ORIENTED_EDGE('',*,*,#1216,.T.);
#1214=ORIENTED_EDGE('',*,*,#1217,.T.);
#1215=EDGE_CURVE('',#63,#61,#1218,.F.);
#1216=EDGE_CURVE('',#61,#67,#1219,.T.);
#1217=EDGE_CURVE('',#67,#63,#1220,.T.);
#1218=LINE('',#62,#1221);
#1219=LINE('',#60,#1222);
#1220=LINE('',#66,#1223);
#1221=VECTOR('',#1224,1.0);
#1222=VECTOR('',#1225,1.0);
#1223=VECTOR('',#1226,1.0);
#1224=DIRECTION('',(-0.7211138577439622,-0.6928165732498182,0));
#1225=DIRECTION('',(0.597122512739055,0.5656359736658743,0.5687711754961351));
#1226=DIRECTION('',(-0.5119701688969616,-0.4818086367975741,-0.7111589018404255));
#1227=FACE_SURFACE('',(#1232),#1228,.T.);
#1228=PLANE('',#1229);
#1229=AXIS2_PLACEMENT_3D('',#66,#1230,#1231);
#1230=DIRECTION('',(-0.6973822453030015,0.7164295723791465,0.019663971032765425));
#1231=DIRECTION('',(-0.597122512739055,-0.5656359736658743,-0.5687711754961351));
#1232=FACE_BOUND('',#1233,.T.);
#1233=EDGE_LOOP('',(#1234,#1235,#1236));
#1234=ORIENTED_EDGE('',*,*,#1237,.T.);
#1235=ORIENTED_EDGE('',*,*,#1238,.T.);
#1236=ORIENTED_EDGE('',*,*,#1239,.T.);
#1237=EDGE_CURVE('',#67,#61,#1240,.F.);
#1238=EDGE_CURVE('',#61,#41,#1241,.T.);
#1239=EDGE_CURVE('',#41,#67,#1242,.T.);
#1240=LINE('',#66,#1243);
#1241=LINE('',#60,#1244);
#1242=LINE('',#40,#1245);
#1243=VECTOR('',#1246,1.0);
#1244=VECTOR('',#1247,1.0);
#1245=VECTOR('',#1248,1.0);
#1246=DIRECTION('',(-0.597122512739055,-0.5656359736658743,-0.5687711754961351));
#1247=DIRECTION('',(-0.7165681241016495,-0.6975171134255008,0));
#1248=DIRECTION('',(0.6407102724012146,0.6109115686642714,0.4650563429432186));
#1249=FACE_SURFACE('',(#1254),#1250,.T.);
#1250=PLANE('',#1251);
#1251=AXIS2_PLACEMENT_3D('',#66,#1252,#1253);
#1252=DIRECTION('',(-0.7063821106751893,0.7063821106751893,0.045261765720409984));
#1253=DIRECTION('',(-0.6407102724012146,-0.6109115686642714,-0.4650563429432186));
#1254=FACE_BOUND('',#1255,.T.);
#1255=EDGE_LOOP('',(#1256,#1257,#1258));
#1256=ORIENTED_EDGE('',*,*,#1259,.T.);
#1257=ORIENTED_EDGE('',*,*,#1260,.T.);
#1258=ORIENTED_EDGE('',*,*,#1261,.T.);
#1259=EDGE_CURVE('',#67,#41,#1262,.F.);
#1260=EDGE_CURVE('',#41,#69,#1263,.T.);
#1261=EDGE_CURVE('',#69,#67,#1264,.T.);
#1262=LINE('',#66,#1265);
#1263=LINE('',#40,#1266);
#1264=LINE('',#68,#1267);
#1265=VECTOR('',#1268,1.0);
#1266=VECTOR('',#1269,1.0);
#1267=VECTOR('',#1270,1.0);
#1268=DIRECTION('',(-0.6407102724012146,-0.6109115686642714,-0.4650563429432186));
#1269=DIRECTION('',(-0.6679913613460713,-0.68641000495744,0.2874523373732589));
#1270=DIRECTION('',(0.7071067811865476,0.7071067811865476,0));
#1271=FACE_SURFACE('',(#1276),#1272,.T.);
#1272=PLANE('',#1273);
#1273=AXIS2_PLACEMENT_3D('',#68,#1274,#1275);
#1274=DIRECTION('',(-0.716656534508224,0.697426276782473,0));
#1275=DIRECTION('',(0.6679913613460713,0.68641000495744,-0.2874523373732589));
#1276=FACE_BOUND('',#1277,.T.);
#1277=EDGE_LOOP('',(#1278,#1279,#1280));
#1278=ORIENTED_EDGE('',*,*,#1281,.T.);
#1279=ORIENTED_EDGE('',*,*,#1282,.T.);
#1280=ORIENTED_EDGE('',*,*,#1283,.T.);
#1281=EDGE_CURVE('',#69,#41,#1284,.F.);
#1282=EDGE_CURVE('',#41,#45,#1285,.T.);
#1283=EDGE_CURVE('',#45,#69,#1286,.T.);
#1284=LINE('',#68,#1287);
#1285=LINE('',#40,#1288);
#1286=LINE('',#44,#1289);
#1287=VECTOR('',#1290,1.0);
#1288=VECTOR('',#1291,1.0);
#1289=VECTOR('',#1292,1.0);
#1290=DIRECTION('',(0.6679913613460713,0.68641000495744,-0.2874523373732589));
#1291=DIRECTION('',(0,0,-1));
#1292=DIRECTION('',(-0.5979753699017635,-0.6144634502332258,0.5146456308163212));
#1293=FACE_SURFACE('',(#1298),#1294,.T.);
#1294=PLANE('',#1295);
#1295=AXIS2_PLACEMENT_3D('',#68,#1296,#1297);
#1296=DIRECTION('',(-0.7258098903824913,0.687528825816768,-0.02245254315154745));
#1297=DIRECTION('',(0.5979753699017635,0.6144634502332258,-0.5146456308163212));
#1298=FACE_BOUND('',#1299,.T.);
#1299=EDGE_LOOP('',(#1300,#1301,#1302));
#1300=ORIENTED_EDGE('',*,*,#1303,.T.);
#1301=ORIENTED_EDGE('',*,*,#1304,.T.);
#1302=ORIENTED_EDGE('',*,*,#1305,.T.);
#1303=EDGE_CURVE('',#69,#45,#1306,.F.);
#1304=EDGE_CURVE('',#45,#71,#1307,.T.);
#1305=EDGE_CURVE('',#71,#69,#1308,.T.);
#1306=LINE('',#68,#1309);
#1307=LINE('',#44,#1310);
#1308=LINE('',#70,#1311);
#1309=VECTOR('',#1312,1.0);
#1310=VECTOR('',#1313,1.0);
#1311=VECTOR('',#1314,1.0);
#1312=DIRECTION('',(0.5979753699017635,0.6144634502332258,-0.5146456308163212));
#1313=DIRECTION('',(-0.6877021887452228,-0.7259929060225245,0));
#1314=DIRECTION('',(0.4599850943435504,0.5093483333233622,0.7273087297169394));
#1315=FACE_SURFACE('',(#1320),#1316,.T.);
#1316=PLANE('',#1317);
#1317=AXIS2_PLACEMENT_3D('',#68,#1318,#1319);
#1318=DIRECTION('',(-0.7577785584048045,0.6521216123792701,0.02256233786196299));
#1319=DIRECTION('',(-0.4599850943435504,-0.5093483333233622,-0.7273087297169394));
#1320=FACE_BOUND('',#1321,.T.);
#1321=EDGE_LOOP('',(#1322,#1323,#1324));
#1322=ORIENTED_EDGE('',*,*,#1325,.T.);
#1323=ORIENTED_EDGE('',*,*,#1326,.T.);
#1324=ORIENTED_EDGE('',*,*,#1327,.T.);
#1325=EDGE_CURVE('',#69,#71,#1328,.F.);
#1326=EDGE_CURVE('',#71,#73,#1329,.T.);
#1327=EDGE_CURVE('',#73,#69,#1330,.T.);
#1328=LINE('',#68,#1331);
#1329=LINE('',#70,#1332);
#1330=LINE('',#72,#1333);
#1331=VECTOR('',#1334,1.0);
#1332=VECTOR('',#1335,1.0);
#1333=VECTOR('',#1336,1.0);
#1334=DIRECTION('',(-0.4599850943435504,-0.5093483333233622,-0.7273087297169394));
#1335=DIRECTION('',(-0.5511730218607154,-0.6582161483563995,0.5127960627927967));
#1336=DIRECTION('',(0.6522876599952139,0.7579715091070167,0));
#1337=FACE_SURFACE('',(#1342),#1338,.T.);
#1338=PLANE('',#1339);
#1339=AXIS2_PLACEMENT_3D('',#72,#1340,#1341);
#1340=DIRECTION('',(-0.7750127102733206,0.6315496811065143,-0.022367369292383945));
#1341=DIRECTION('',(0.5511730218607154,0.6582161483563995,-0.5127960627927967));
#1342=FACE_BOUND('',#1343,.T.);
#1343=EDGE_LOOP('',(#1344,#1345,#1346));
#1344=ORIENTED_EDGE('',*,*,#1347,.T.);
#1345=ORIENTED_EDGE('',*,*,#1348,.T.);
#1346=ORIENTED_EDGE('',*,*,#1349,.T.);
#1347=EDGE_CURVE('',#73,#71,#1350,.F.);
#1348=EDGE_CURVE('',#71,#75,#1351,.T.);
#1349=EDGE_CURVE('',#75,#73,#1352,.T.);
#1350=LINE('',#72,#1353);
#1351=LINE('',#70,#1354);
#1352=LINE('',#74,#1355);
#1353=VECTOR('',#1356,1.0);
#1354=VECTOR('',#1357,1.0);
#1355=VECTOR('',#1358,1.0);
#1356=DIRECTION('',(0.5511730218607154,0.6582161483563995,-0.5127960627927967));
#1357=DIRECTION('',(-0.6317077223128758,-0.7752066521710703,0));
#1358=DIRECTION('',(0.4187608574141982,0.5397507642686157,0.7302797113224293));
#1359=FACE_SURFACE('',(#1364),#1360,.T.);
#1360=PLANE('',#1361);
#1361=AXIS2_PLACEMENT_3D('',#72,#1362,#1363);
#1362=DIRECTION('',(-0.8043943734418715,0.5936703240966248,0.022477505690524955));
#1363=DIRECTION('',(-0.4187608574141982,-0.5397507642686157,-0.7302797113224293));
#1364=FACE_BOUND('',#1365,.T.);
#1365=EDGE_LOOP('',(#1366,#1367,#1368));
#1366=ORIENTED_EDGE('',*,*,#1369,.T.);
#1367=ORIENTED_EDGE('',*,*,#1370,.T.);
#1368=ORIENTED_EDGE('',*,*,#1371,.T.);
#1369=EDGE_CURVE('',#73,#75,#1372,.F.);
#1370=EDGE_CURVE('',#75,#77,#1373,.T.);
#1371=EDGE_CURVE('',#77,#73,#1374,.T.);
#1372=LINE('',#72,#1375);
#1373=LINE('',#74,#1376);
#1374=LINE('',#76,#1377);
#1375=VECTOR('',#1378,1.0);
#1376=VECTOR('',#1379,1.0);
#1377=VECTOR('',#1380,1.0);
#1378=DIRECTION('',(-0.4187608574141982,-0.5397507642686157,-0.7302797113224293));
#1379=DIRECTION('',(-0.5011628332592939,-0.6983970598139551,0.5109572990013352));
#1380=DIRECTION('',(0.5938203534308328,0.8045976558822929,0));
#1381=FACE_SURFACE('',(#1386),#1382,.T.);
#1382=PLANE('',#1383);
#1383=AXIS2_PLACEMENT_3D('',#76,#1384,#1385);
#1384=DIRECTION('',(-0.8199101973889469,0.5720584134501815,-0.02228092947970411));
#1385=DIRECTION('',(0.5011628332592939,0.6983970598139551,-0.5109572990013352));
#1386=FACE_BOUND('',#1387,.T.);
#1387=EDGE_LOOP('',(#1388,#1389,#1390));
#1388=ORIENTED_EDGE('',*,*,#1391,.T.);
#1389=ORIENTED_EDGE('',*,*,#1392,.T.);
#1390=ORIENTED_EDGE('',*,*,#1393,.T.);
#1391=EDGE_CURVE('',#77,#75,#1394,.F.);
#1392=EDGE_CURVE('',#75,#79,#1395,.T.);
#1393=EDGE_CURVE('',#79,#77,#1396,.T.);
#1394=LINE('',#76,#1397);
#1395=LINE('',#74,#1398);
#1396=LINE('',#78,#1399);
#1397=VECTOR('',#1400,1.0);
#1398=VECTOR('',#1401,1.0);
#1399=VECTOR('',#1402,1.0);
#1400=DIRECTION('',(0.5011628332592939,0.6983970598139551,-0.5109572990013352));
#1401=DIRECTION('',(-0.5722004626289878,-0.8201137912309318,0));
#1402=DIRECTION('',(0.37555110101935857,0.5668231164464316,0.7332618394442074));
#1403=FACE_SURFACE('',(#1408),#1404,.T.);
#1404=PLANE('',#1405);
#1405=AXIS2_PLACEMENT_3D('',#76,#1406,#1407);
#1406=DIRECTION('',(-0.8465122190578648,0.5318983331801104,0.022388080443613588));
#1407=DIRECTION('',(-0.37555110101935857,-0.5668231164464316,-0.7332618394442074));
#1408=FACE_BOUND('',#1409,.T.);
#1409=EDGE_LOOP('',(#1410,#1411,#1412));
#1410=ORIENTED_EDGE('',*,*,#1413,.T.);
#1411=ORIENTED_EDGE('',*,*,#1414,.T.);
#1412=ORIENTED_EDGE('',*,*,#1415,.T.);
#1413=EDGE_CURVE('',#77,#79,#1416,.F.);
#1414=EDGE_CURVE('',#79,#81,#1417,.T.);
#1415=EDGE_CURVE('',#81,#77,#1418,.T.);
#1416=LINE('',#76,#1419);
#1417=LINE('',#78,#1420);
#1418=LINE('',#80,#1421);
#1419=VECTOR('',#1422,1.0);
#1420=VECTOR('',#1423,1.0);
#1421=VECTOR('',#1424,1.0);
#1422=DIRECTION('',(-0.37555110101935857,-0.5668231164464316,-0.7332618394442074));
#1423=DIRECTION('',(-0.44822027260986613,-0.7347689451515867,0.5091298306545806));
#1424=DIRECTION('',(0.5320316839871766,0.8467244458699471,0));
#1425=FACE_SURFACE('',(#1430),#1426,.T.);
#1426=PLANE('',#1427);
#1427=AXIS2_PLACEMENT_3D('',#80,#1428,#1429);
#1428=DIRECTION('',(-0.8602501386156212,0.5093890888907696,-0.022191330082631675));
#1429=DIRECTION('',(0.44822027260986613,0.7347689451515867,-0.5091298306545806));
#1430=FACE_BOUND('',#1431,.T.);
#1431=EDGE_LOOP('',(#1432,#1433,#1434));
#1432=ORIENTED_EDGE('',*,*,#1435,.T.);
#1433=ORIENTED_EDGE('',*,*,#1436,.T.);
#1434=ORIENTED_EDGE('',*,*,#1437,.T.);
#1435=EDGE_CURVE('',#81,#79,#1438,.F.);
#1436=EDGE_CURVE('',#79,#83,#1439,.T.);
#1437=EDGE_CURVE('',#83,#81,#1440,.T.);
#1438=LINE('',#80,#1441);
#1439=LINE('',#78,#1442);
#1440=LINE('',#82,#1443);
#1441=VECTOR('',#1444,1.0);
#1442=VECTOR('',#1445,1.0);
#1443=VECTOR('',#1446,1.0);
#1444=DIRECTION('',(0.44822027260986613,0.7347689451515867,-0.5091298306545806));
#1445=DIRECTION('',(-0.5095145608698699,-0.8604620341779081,0));
#1446=DIRECTION('',(0.33062912217012574,0.5904370319427873,0.7362530101015574));
#1447=FACE_SURFACE('',(#1452),#1448,.T.);
#1448=PLANE('',#1449);
#1449=AXIS2_PLACEMENT_3D('',#80,#1450,#1451);
#1450=DIRECTION('',(-0.883895348674191,0.46715286392203187,0.02229830310974643));
#1451=DIRECTION('',(-0.33062912217012574,-0.5904370319427873,-0.7362530101015574));
#1452=FACE_BOUND('',#1453,.T.);
#1453=EDGE_LOOP('',(#1454,#1455,#1456));
#1454=ORIENTED_EDGE('',*,*,#1457,.T.);
#1455=ORIENTED_EDGE('',*,*,#1458,.T.);
#1456=ORIENTED_EDGE('',*,*,#1459,.T.);
#1457=EDGE_CURVE('',#81,#83,#1460,.F.);
#1458=EDGE_CURVE('',#83,#85,#1461,.T.);
#1459=EDGE_CURVE('',#85,#81,#1462,.T.);
#1460=LINE('',#80,#1463);
#1461=LINE('',#82,#1464);
#1462=LINE('',#84,#1465);
#1463=VECTOR('',#1466,1.0);
#1464=VECTOR('',#1467,1.0);
#1465=VECTOR('',#1468,1.0);
#1466=DIRECTION('',(-0.33062912217012574,-0.5904370319427873,-0.7362530101015574));
#1467=DIRECTION('',(-0.39263614589772333,-0.7671182379347752,0.5073129861953343));
#1468=DIRECTION('',(0.46726904479607645,0.8841151733656437,0));
#1469=FACE_SURFACE('',(#1474),#1470,.T.);
#1470=PLANE('',#1471);
#1471=AXIS2_PLACEMENT_3D('',#84,#1472,#1473);
#1472=DIRECTION('',(-0.8958093775900057,0.44388862151034625,-0.022100921144857143));
#1473=DIRECTION('',(0.39263614589772333,0.7671182379347752,-0.5073129861953343));
#1474=FACE_BOUND('',#1475,.T.);
#1475=EDGE_LOOP('',(#1476,#1477,#1478));
#1476=ORIENTED_EDGE('',*,*,#1479,.T.);
#1477=ORIENTED_EDGE('',*,*,#1480,.T.);
#1478=ORIENTED_EDGE('',*,*,#1481,.T.);
#1479=EDGE_CURVE('',#85,#83,#1482,.F.);
#1480=EDGE_CURVE('',#83,#87,#1483,.T.);
#1481=EDGE_CURVE('',#87,#85,#1484,.T.);
#1482=LINE('',#84,#1485);
#1483=LINE('',#82,#1486);
#1484=LINE('',#86,#1487);
#1485=VECTOR('',#1488,1.0);
#1486=VECTOR('',#1489,1.0);
#1487=VECTOR('',#1490,1.0);
#1488=DIRECTION('',(0.39263614589772333,0.7671182379347752,-0.5073129861953343));
#1489=DIRECTION('',(-0.44399707009818523,-0.8960282371355421,0));
#1490=DIRECTION('',(0.2842678779885167,0.6104865803865964,0.7392549686757509));
#1491=FACE_SURFACE('',(#1496),#1492,.T.);
#1492=PLANE('',#1493);
#1493=AXIS2_PLACEMENT_3D('',#84,#1494,#1495);
#1494=DIRECTION('',(-0.9163362421486433,0.39979338519473484,0.022206766523678232));
#1495=DIRECTION('',(-0.2842678779885167,-0.6104865803865964,-0.7392549686757509));
#1496=FACE_BOUND('',#1497,.T.);
#1497=EDGE_LOOP('',(#1498,#1499,#1500));
#1498=ORIENTED_EDGE('',*,*,#1501,.T.);
#1499=ORIENTED_EDGE('',*,*,#1502,.T.);
#1500=ORIENTED_EDGE('',*,*,#1503,.T.);
#1501=EDGE_CURVE('',#85,#87,#1504,.F.);
#1502=EDGE_CURVE('',#87,#89,#1505,.T.);
#1503=EDGE_CURVE('',#89,#85,#1506,.T.);
#1504=LINE('',#84,#1507);
#1505=LINE('',#86,#1508);
#1506=LINE('',#88,#1509);
#1507=VECTOR('',#1510,1.0);
#1508=VECTOR('',#1511,1.0);
#1509=VECTOR('',#1512,1.0);
#1510=DIRECTION('',(-0.2842678779885167,-0.6104865803865964,-0.7392549686757509));
#1511=DIRECTION('',(-0.3347151282448481,-0.7952539532765709,0.5055066099686734));
#1512=DIRECTION('',(0.3998919988198372,0.91656226699547,0));
#1513=FACE_SURFACE('',(#1518),#1514,.T.);
#1514=PLANE('',#1515);
#1515=AXIS2_PLACEMENT_3D('',#88,#1516,#1517);
#1516=DIRECTION('',(-0.9263906097029813,0.37592036453908345,-0.022007221063578334));
#1517=DIRECTION('',(0.3347151282448481,0.7952539532765709,-0.5055066099686734));
#1518=FACE_BOUND('',#1519,.T.);
#1519=EDGE_LOOP('',(#1520,#1521,#1522));
#1520=ORIENTED_EDGE('',*,*,#1523,.T.);
#1521=ORIENTED_EDGE('',*,*,#1524,.T.);
#1522=ORIENTED_EDGE('',*,*,#1525,.T.);
#1523=EDGE_CURVE('',#89,#87,#1526,.F.);
#1524=EDGE_CURVE('',#87,#91,#1527,.T.);
#1525=EDGE_CURVE('',#91,#89,#1528,.T.);
#1526=LINE('',#88,#1529);
#1527=LINE('',#86,#1530);
#1528=LINE('',#90,#1531);
#1529=VECTOR('',#1532,1.0);
#1530=VECTOR('',#1533,1.0);
#1531=VECTOR('',#1534,1.0);
#1532=DIRECTION('',(0.3347151282448481,0.7952539532765709,-0.5055066099686734));
#1533=DIRECTION('',(-0.37601143007691923,-0.9266150249437519,0));
#1534=DIRECTION('',(0.23675203702523312,0.6268883209219591,0.7422664656685289));
#1535=FACE_SURFACE('',(#1540),#1536,.T.);
#1536=PLANE('',#1537);
#1537=AXIS2_PLACEMENT_3D('',#88,#1538,#1539);
#1538=DIRECTION('',(-0.9436524475938782,0.33019850811188944,0.022113421055221728));
#1539=DIRECTION('',(-0.23675203702523312,-0.6268883209219591,-0.7422664656685289));
#1540=FACE_BOUND('',#1541,.T.);
#1541=EDGE_LOOP('',(#1542,#1543,#1544));
#1542=ORIENTED_EDGE('',*,*,#1545,.T.);
#1543=ORIENTED_EDGE('',*,*,#1546,.T.);
#1544=ORIENTED_EDGE('',*,*,#1547,.T.);
#1545=EDGE_CURVE('',#89,#91,#1548,.F.);
#1546=EDGE_CURVE('',#91,#93,#1549,.T.);
#1547=EDGE_CURVE('',#93,#89,#1550,.T.);
#1548=LINE('',#88,#1551);
#1549=LINE('',#90,#1552);
#1550=LINE('',#92,#1553);
#1551=VECTOR('',#1554,1.0);
#1552=VECTOR('',#1555,1.0);
#1553=VECTOR('',#1556,1.0);
#1554=DIRECTION('',(-0.23675203702523312,-0.6268883209219591,-0.7422664656685289));
#1555=DIRECTION('',(-0.2747790778241855,-0.8190064978419097,0.503711043042358));
#1556=DIRECTION('',(0.33027927182844136,0.9438832568705066,0));
#1557=FACE_SURFACE('',(#1562),#1558,.T.);
#1558=PLANE('',#1559);
#1559=AXIS2_PLACEMENT_3D('',#92,#1560,#1561);
#1560=DIRECTION('',(-0.9518236776433276,0.30586182456430666,-0.021914172394232663));
#1561=DIRECTION('',(0.2747790778241855,0.8190064978419097,-0.503711043042358));
#1562=FACE_BOUND('',#1563,.T.);
#1563=EDGE_LOOP('',(#1564,#1565,#1566));
#1564=ORIENTED_EDGE('',*,*,#1567,.T.);
#1565=ORIENTED_EDGE('',*,*,#1568,.T.);
#1566=ORIENTED_EDGE('',*,*,#1569,.T.);
#1567=EDGE_CURVE('',#93,#91,#1570,.F.);
#1568=EDGE_CURVE('',#91,#95,#1571,.T.);
#1569=EDGE_CURVE('',#95,#93,#1572,.T.);
#1570=LINE('',#92,#1573);
#1571=LINE('',#90,#1574);
#1572=LINE('',#94,#1575);
#1573=VECTOR('',#1576,1.0);
#1574=VECTOR('',#1577,1.0);
#1575=VECTOR('',#1578,1.0);
#1576=DIRECTION('',(0.2747790778241855,0.8190064978419097,-0.503711043042358));
#1577=DIRECTION('',(-0.30593529318434814,-0.9520523075883,0));
#1578=DIRECTION('',(0.18836603770954377,0.6395816636370228,0.7452875494578619));
#1579=FACE_SURFACE('',(#1584),#1580,.T.);
#1580=PLANE('',#1581);
#1581=AXIS2_PLACEMENT_3D('',#92,#1582,#1583);
#1582=DIRECTION('',(-0.9656916724892809,0.25875650313742765,0.02201512591255416));
#1583=DIRECTION('',(-0.18836603770954377,-0.6395816636370228,-0.7452875494578619));
#1584=FACE_BOUND('',#1585,.T.);
#1585=EDGE_LOOP('',(#1586,#1587,#1588));
#1586=ORIENTED_EDGE('',*,*,#1589,.T.);
#1587=ORIENTED_EDGE('',*,*,#1590,.T.);
#1588=ORIENTED_EDGE('',*,*,#1591,.T.);
#1589=EDGE_CURVE('',#93,#95,#1592,.F.);
#1590=EDGE_CURVE('',#95,#97,#1593,.T.);
#1591=EDGE_CURVE('',#97,#93,#1594,.T.);
#1592=LINE('',#92,#1595);
#1593=LINE('',#94,#1596);
#1594=LINE('',#96,#1597);
#1595=VECTOR('',#1598,1.0);
#1596=VECTOR('',#1599,1.0);
#1597=VECTOR('',#1600,1.0);
#1598=DIRECTION('',(-0.18836603770954377,-0.6395816636370228,-0.7452875494578619));
#1599=DIRECTION('',(-0.21316117261211953,-0.8382318175506912,0.5019260249641285));
#1600=DIRECTION('',(0.25881923114972044,0.9659257764378522,0));
#1601=FACE_SURFACE('',(#1606),#1602,.T.);
#1602=PLANE('',#1603);
#1603=AXIS2_PLACEMENT_3D('',#96,#1604,#1605);
#1604=DIRECTION('',(-0.9719664184615915,0.23410521784418817,-0.021818074183388308));
#1605=DIRECTION('',(0.21316117261211953,0.8382318175506912,-0.5019260249641285));
#1606=FACE_BOUND('',#1607,.T.);
#1607=EDGE_LOOP('',(#1608,#1609,#1610));
#1608=ORIENTED_EDGE('',*,*,#1611,.T.);
#1609=ORIENTED_EDGE('',*,*,#1612,.T.);
#1610=ORIENTED_EDGE('',*,*,#1613,.T.);
#1611=EDGE_CURVE('',#97,#95,#1614,.F.);
#1612=EDGE_CURVE('',#95,#99,#1615,.T.);
#1613=EDGE_CURVE('',#99,#97,#1616,.T.);
#1614=LINE('',#96,#1617);
#1615=LINE('',#94,#1618);
#1616=LINE('',#98,#1619);
#1617=VECTOR('',#1620,1.0);
#1618=VECTOR('',#1621,1.0);
#1619=VECTOR('',#1622,1.0);
#1620=DIRECTION('',(0.21316117261211953,0.8382318175506912,-0.5019260249641285));
#1621=DIRECTION('',(-0.23416095810702162,-0.972197842878908,0));
#1622=DIRECTION('',(0.13940465914034544,0.6485267598452117,0.7483177017648556));
#1623=FACE_SURFACE('',(#1628),#1624,.T.);
#1624=PLANE('',#1625);
#1625=AXIS2_PLACEMENT_3D('',#96,#1626,#1627);
#1626=DIRECTION('',(-0.9823306203015316,0.18586581731832832,0.021919178146043376));
#1627=DIRECTION('',(-0.13940465914034544,-0.6485267598452117,-0.7483177017648556));
#1628=FACE_BOUND('',#1629,.T.);
#1629=EDGE_LOOP('',(#1630,#1631,#1632));
#1630=ORIENTED_EDGE('',*,*,#1633,.T.);
#1631=ORIENTED_EDGE('',*,*,#1634,.T.);
#1632=ORIENTED_EDGE('',*,*,#1635,.T.);
#1633=EDGE_CURVE('',#97,#99,#1636,.F.);
#1634=EDGE_CURVE('',#99,#101,#1637,.T.);
#1635=EDGE_CURVE('',#101,#97,#1638,.T.);
#1636=LINE('',#96,#1639);
#1637=LINE('',#98,#1640);
#1638=LINE('',#100,#1641);
#1639=VECTOR('',#1642,1.0);
#1640=VECTOR('',#1643,1.0);
#1641=VECTOR('',#1644,1.0);
#1642=DIRECTION('',(-0.13940465914034544,-0.6485267598452117,-0.7483177017648556));
#1643=DIRECTION('',(-0.15019963798974603,-0.8528120860518317,0.5001515916516436));
#1644=DIRECTION('',(0.18591048306413452,0.9825666859235868,0));
#1645=FACE_SURFACE('',(#1650),#1646,.T.);
#1646=PLANE('',#1647);
#1647=AXIS2_PLACEMENT_3D('',#100,#1648,#1649);
#1648=DIRECTION('',(-0.986707966737117,0.16104598882074211,-0.021715843576843294));
#1649=DIRECTION('',(0.15019963798974603,0.8528120860518317,-0.5001515916516436));
#1650=FACE_BOUND('',#1651,.T.);
#1651=EDGE_LOOP('',(#1652,#1653,#1654));
#1652=ORIENTED_EDGE('',*,*,#1655,.T.);
#1653=ORIENTED_EDGE('',*,*,#1656,.T.);
#1654=ORIENTED_EDGE('',*,*,#1657,.T.);
#1655=EDGE_CURVE('',#101,#99,#1658,.F.);
#1656=EDGE_CURVE('',#99,#103,#1659,.T.);
#1657=EDGE_CURVE('',#103,#101,#1660,.T.);
#1658=LINE('',#100,#1661);
#1659=LINE('',#98,#1662);
#1660=LINE('',#102,#1663);
#1661=VECTOR('',#1664,1.0);
#1662=VECTOR('',#1665,1.0);
#1663=VECTOR('',#1666,1.0);
#1664=DIRECTION('',(0.15019963798974603,0.8528120860518317,-0.5001515916516436));
#1665=DIRECTION('',(-0.1610839751179592,-0.9869407038724246,0));
#1666=DIRECTION('',(0.09015913725183554,0.653708202845638,0.7513567165483588));
#1667=FACE_SURFACE('',(#1672),#1668,.T.);
#1668=PLANE('',#1669);
#1669=AXIS2_PLACEMENT_3D('',#100,#1670,#1671);
#1670=DIRECTION('',(-0.9934754865061497,0.1119387655448841,0.02182133084063722));
#1671=DIRECTION('',(-0.09015913725183554,-0.653708202845638,-0.7513567165483588));
#1672=FACE_BOUND('',#1673,.T.);
#1673=EDGE_LOOP('',(#1674,#1675,#1676));
#1674=ORIENTED_EDGE('',*,*,#1677,.T.);
#1675=ORIENTED_EDGE('',*,*,#1678,.T.);
#1676=ORIENTED_EDGE('',*,*,#1679,.T.);
#1677=EDGE_CURVE('',#101,#103,#1680,.F.);
#1678=EDGE_CURVE('',#103,#105,#1681,.T.);
#1679=EDGE_CURVE('',#105,#101,#1682,.T.);
#1680=LINE('',#100,#1683);
#1681=LINE('',#102,#1684);
#1682=LINE('',#104,#1685);
#1683=VECTOR('',#1686,1.0);
#1684=VECTOR('',#1687,1.0);
#1685=VECTOR('',#1688,1.0);
#1686=DIRECTION('',(-0.09015913725183554,-0.653708202845638,-0.7513567165483588));
#1687=DIRECTION('',(-0.08625161239088057,-0.8626532477552953,0.4983874331252892));
#1688=DIRECTION('',(0.11196542603430636,0.9937121028612644,0));
#1689=FACE_SURFACE('',(#1694),#1690,.T.);
#1690=PLANE('',#1691);
#1691=AXIS2_PLACEMENT_3D('',#104,#1692,#1693);
#1692=DIRECTION('',(-0.9959657209787375,0.08709187752523455,-0.021616833820734857));
#1693=DIRECTION('',(0.08625161239088057,0.8626532477552953,-0.4983874331252892));
#1694=FACE_BOUND('',#1695,.T.);
#1695=EDGE_LOOP('',(#1696,#1697,#1698));
#1696=ORIENTED_EDGE('',*,*,#1699,.T.);
#1697=ORIENTED_EDGE('',*,*,#1700,.T.);
#1698=ORIENTED_EDGE('',*,*,#1701,.T.);
#1699=EDGE_CURVE('',#105,#103,#1702,.F.);
#1700=EDGE_CURVE('',#103,#107,#1703,.T.);
#1701=EDGE_CURVE('',#107,#105,#1704,.T.);
#1702=LINE('',#104,#1705);
#1703=LINE('',#102,#1706);
#1704=LINE('',#106,#1707);
#1705=VECTOR('',#1708,1.0);
#1706=VECTOR('',#1709,1.0);
#1707=VECTOR('',#1710,1.0);
#1708=DIRECTION('',(0.08625161239088057,0.8626532477552953,-0.4983874331252892));
#1709=DIRECTION('',(-0.0871122331325057,-0.9961985037323978,0));
#1710=DIRECTION('',(0.040914032732231896,0.6551335389467375,0.7544044592078637));
#1711=FACE_SURFACE('',(#1716),#1712,.T.);
#1712=PLANE('',#1713);
#1713=AXIS2_PLACEMENT_3D('',#104,#1714,#1715);
#1714=DIRECTION('',(-0.999064979742963,0.03738197522000429,0.021719902850699815));
#1715=DIRECTION('',(-0.040914032732231896,-0.6551335389467375,-0.7544044592078637));
#1716=FACE_BOUND('',#1717,.T.);
#1717=EDGE_LOOP('',(#1718,#1719,#1720));
#1718=ORIENTED_EDGE('',*,*,#1721,.T.);
#1719=ORIENTED_EDGE('',*,*,#1722,.T.);
#1720=ORIENTED_EDGE('',*,*,#1723,.T.);
#1721=EDGE_CURVE('',#105,#107,#1724,.F.);
#1722=EDGE_CURVE('',#107,#109,#1725,.T.);
#1723=EDGE_CURVE('',#109,#105,#1726,.T.);
#1724=LINE('',#104,#1727);
#1725=LINE('',#106,#1728);
#1726=LINE('',#108,#1729);
#1727=VECTOR('',#1730,1.0);
#1728=VECTOR('',#1731,1.0);
#1729=VECTOR('',#1732,1.0);
#1730=DIRECTION('',(-0.040914032732231896,-0.6551335389467375,-0.7544044592078637));
#1731=DIRECTION('',(-0.021669376922532353,-0.8676896504027258,0.4966337772320616));
#1732=DIRECTION('',(0.03739079589254929,0.9993007196947882,0));
#1733=FACE_SURFACE('',(#1738),#1734,.T.);
#1734=PLANE('',#1735);
#1735=AXIS2_PLACEMENT_3D('',#108,#1736,#1737);
#1736=DIRECTION('',(-0.9996884923304528,0.012652206691558579,-0.02151371580876722));
#1737=DIRECTION('',(0.021669376922532353,0.8676896504027258,-0.4966337772320616));
#1738=FACE_BOUND('',#1739,.T.);
#1739=EDGE_LOOP('',(#1740,#1741,#1742));
#1740=ORIENTED_EDGE('',*,*,#1743,.T.);
#1741=ORIENTED_EDGE('',*,*,#1744,.T.);
#1742=ORIENTED_EDGE('',*,*,#1745,.T.);
#1743=EDGE_CURVE('',#109,#107,#1746,.F.);
#1744=EDGE_CURVE('',#107,#111,#1747,.T.);
#1745=EDGE_CURVE('',#111,#109,#1748,.T.);
#1746=LINE('',#108,#1749);
#1747=LINE('',#106,#1750);
#1748=LINE('',#110,#1751);
#1749=VECTOR('',#1752,1.0);
#1750=VECTOR('',#1753,1.0);
#1751=VECTOR('',#1754,1.0);
#1752=DIRECTION('',(0.021669376922532353,0.8676896504027258,-0.4966337772320616));
#1753=DIRECTION('',(-0.012655135681807612,-0.9999199205640794,0));
#1754=DIRECTION('',(-0.008038542564137002,0.652831257664755,0.757460712413059));
#1755=FACE_SURFACE('',(#1760),#1756,.T.);
#1756=PLANE('',#1757);
#1757=AXIS2_PLACEMENT_3D('',#108,#1758,#1759);
#1758=DIRECTION('',(-0.9990672340032658,-0.03738205956757388,0.021615817438858216));
#1759=DIRECTION('',(0.008038542564137002,-0.652831257664755,-0.757460712413059));
#1760=FACE_BOUND('',#1761,.T.);
#1761=EDGE_LOOP('',(#1762,#1763,#1764));
#1762=ORIENTED_EDGE('',*,*,#1765,.T.);
#1763=ORIENTED_EDGE('',*,*,#1766,.T.);
#1764=ORIENTED_EDGE('',*,*,#1767,.T.);
#1765=EDGE_CURVE('',#109,#111,#1768,.F.);
#1766=EDGE_CURVE('',#111,#113,#1769,.T.);
#1767=EDGE_CURVE('',#113,#109,#1770,.T.);
#1768=LINE('',#108,#1771);
#1769=LINE('',#110,#1772);
#1770=LINE('',#112,#1773);
#1771=VECTOR('',#1774,1.0);
#1772=VECTOR('',#1775,1.0);
#1773=VECTOR('',#1776,1.0);
#1774=DIRECTION('',(0.008038542564137002,-0.652831257664755,-0.757460712413059));
#1775=DIRECTION('',(0.0431809490847081,-0.8678818803888058,0.49489033869023386));
#1776=DIRECTION('',(-0.03739079589254942,0.9993007196947882,0));
#1777=FACE_SURFACE('',(#1782),#1778,.T.);
#1778=PLANE('',#1779);
#1779=AXIS2_PLACEMENT_3D('',#112,#1780,#1781);
#1780=DIRECTION('',(-0.9978553841183825,-0.061856505938592016,-0.02141039605014611));
#1781=DIRECTION('',(-0.0431809490847081,0.8678818803888058,-0.49489033869023386));
#1782=FACE_BOUND('',#1783,.T.);
#1783=EDGE_LOOP('',(#1784,#1785,#1786));
#1784=ORIENTED_EDGE('',*,*,#1787,.T.);
#1785=ORIENTED_EDGE('',*,*,#1788,.T.);
#1786=ORIENTED_EDGE('',*,*,#1789,.T.);
#1787=EDGE_CURVE('',#113,#111,#1790,.F.);
#1788=EDGE_CURVE('',#111,#115,#1791,.T.);
#1789=EDGE_CURVE('',#115,#113,#1792,.T.);
#1790=LINE('',#112,#1793);
#1791=LINE('',#110,#1794);
#1792=LINE('',#114,#1795);
#1793=VECTOR('',#1796,1.0);
#1794=VECTOR('',#1797,1.0);
#1795=VECTOR('',#1798,1.0);
#1796=DIRECTION('',(-0.0431809490847081,0.8678818803888058,-0.49489033869023386));
#1797=DIRECTION('',(0.06187068848241861,-0.9980841737582615,0));
#1798=DIRECTION('',(-0.05641620442058468,0.6468530818754584,0.7605250175681245));
#1799=FACE_SURFACE('',(#1804),#1800,.T.);
#1800=PLANE('',#1801);
#1801=AXIS2_PLACEMENT_3D('',#112,#1802,#1803);
#1802=DIRECTION('',(-0.9934821617281958,-0.11193951766823866,0.021511362394629956));
#1803=DIRECTION('',(0.05641620442058468,-0.6468530818754584,-0.7605250175681245));
#1804=FACE_BOUND('',#1805,.T.);
#1805=EDGE_LOOP('',(#1806,#1807,#1808));
#1806=ORIENTED_EDGE('',*,*,#1809,.T.);
#1807=ORIENTED_EDGE('',*,*,#1810,.T.);
#1808=ORIENTED_EDGE('',*,*,#1811,.T.);
#1809=EDGE_CURVE('',#113,#115,#1812,.F.);
#1810=EDGE_CURVE('',#115,#117,#1813,.T.);
#1811=EDGE_CURVE('',#117,#113,#1814,.T.);
#1812=LINE('',#112,#1815);
#1813=LINE('',#114,#1816);
#1814=LINE('',#116,#1817);
#1815=VECTOR('',#1818,1.0);
#1816=VECTOR('',#1819,1.0);
#1817=VECTOR('',#1820,1.0);
#1818=DIRECTION('',(0.05641620442058468,-0.6468530818754584,-0.7605250175681245));
#1819=DIRECTION('',(0.10794020212028137,-0.863217795872922,0.4931571247123244));
#1820=DIRECTION('',(-0.11196542603430636,0.9937121028612644,0));
#1821=FACE_SURFACE('',(#1826),#1822,.T.);
#1822=PLANE('',#1823);
#1823=AXIS2_PLACEMENT_3D('',#116,#1824,#1825);
#1824=DIRECTION('',(-0.9904765474622301,-0.13602351059328033,-0.021302898703704706));
#1825=DIRECTION('',(-0.10794020212028137,0.863217795872922,-0.4931571247123244));
#1826=FACE_BOUND('',#1827,.T.);
#1827=EDGE_LOOP('',(#1828,#1829,#1830));
#1828=ORIENTED_EDGE('',*,*,#1831,.T.);
#1829=ORIENTED_EDGE('',*,*,#1832,.T.);
#1830=ORIENTED_EDGE('',*,*,#1833,.T.);
#1831=EDGE_CURVE('',#117,#115,#1834,.F.);
#1832=EDGE_CURVE('',#115,#119,#1835,.T.);
#1833=EDGE_CURVE('',#119,#117,#1836,.T.);
#1834=LINE('',#116,#1837);
#1835=LINE('',#114,#1838);
#1836=LINE('',#118,#1839);
#1837=VECTOR('',#1840,1.0);
#1838=VECTOR('',#1841,1.0);
#1839=VECTOR('',#1842,1.0);
#1840=DIRECTION('',(-0.10794020212028137,0.863217795872922,-0.4931571247123244));
#1841=DIRECTION('',(0.13605438575459994,-0.9907013697966398,0));
#1842=DIRECTION('',(-0.1039407094702745,0.6372722199765578,0.76359704462561));
#1843=FACE_SURFACE('',(#1848),#1844,.T.);
#1844=PLANE('',#1845);
#1845=AXIS2_PLACEMENT_3D('',#116,#1846,#1847);
#1846=DIRECTION('',(-0.9823416118116801,-0.18586789701122916,0.021402863449863408));
#1847=DIRECTION('',(0.1039407094702745,-0.6372722199765578,-0.76359704462561));
#1848=FACE_BOUND('',#1849,.T.);
#1849=EDGE_LOOP('',(#1850,#1851,#1852));
#1850=ORIENTED_EDGE('',*,*,#1853,.T.);
#1851=ORIENTED_EDGE('',*,*,#1854,.T.);
#1852=ORIENTED_EDGE('',*,*,#1855,.T.);
#1853=EDGE_CURVE('',#117,#119,#1856,.F.);
#1854=EDGE_CURVE('',#119,#121,#1857,.T.);
#1855=EDGE_CURVE('',#121,#117,#1858,.T.);
#1856=LINE('',#116,#1859);
#1857=LINE('',#118,#1860);
#1858=LINE('',#120,#1861);
#1859=VECTOR('',#1862,1.0);
#1860=VECTOR('',#1863,1.0);
#1861=VECTOR('',#1864,1.0);
#1862=DIRECTION('',(0.1039407094702745,-0.6372722199765578,-0.76359704462561));
#1863=DIRECTION('',(0.1722374554492336,-0.8537134247110965,0.4914342757769591));
#1864=DIRECTION('',(-0.18591048306413452,0.9825666859235868,0));
#1865=FACE_SURFACE('',(#1870),#1866,.T.);
#1866=PLANE('',#1867);
#1867=AXIS2_PLACEMENT_3D('',#120,#1868,#1869);
#1868=DIRECTION('',(-0.9775933630695423,-0.2094323241692383,-0.021197124226019718));
#1869=DIRECTION('',(-0.1722374554492336,0.8537134247110965,-0.4914342757769591));
#1870=FACE_BOUND('',#1871,.T.);
#1871=EDGE_LOOP('',(#1872,#1873,#1874));
#1872=ORIENTED_EDGE('',*,*,#1875,.T.);
#1873=ORIENTED_EDGE('',*,*,#1876,.T.);
#1874=ORIENTED_EDGE('',*,*,#1877,.T.);
#1875=EDGE_CURVE('',#121,#119,#1878,.F.);
#1876=EDGE_CURVE('',#119,#123,#1879,.T.);
#1877=EDGE_CURVE('',#123,#121,#1880,.T.);
#1878=LINE('',#120,#1881);
#1879=LINE('',#118,#1882);
#1880=LINE('',#122,#1883);
#1881=VECTOR('',#1884,1.0);
#1882=VECTOR('',#1885,1.0);
#1883=VECTOR('',#1886,1.0);
#1884=DIRECTION('',(-0.1722374554492336,0.8537134247110965,-0.4914342757769591));
#1885=DIRECTION('',(0.20947939089519707,-0.9778130622926743,0));
#1886=DIRECTION('',(-0.15034400578550652,0.6241823600893743,0.7666766341017746));
#1887=FACE_SURFACE('',(#1892),#1888,.T.);
#1888=PLANE('',#1889);
#1889=AXIS2_PLACEMENT_3D('',#120,#1890,#1891);
#1890=DIRECTION('',(-0.9657067613937592,-0.25876054620031225,0.021293912944623766));
#1891=DIRECTION('',(0.15034400578550652,-0.6241823600893743,-0.7666766341017746));
#1892=FACE_BOUND('',#1893,.T.);
#1893=EDGE_LOOP('',(#1894,#1895,#1896));
#1894=ORIENTED_EDGE('',*,*,#1897,.T.);
#1895=ORIENTED_EDGE('',*,*,#1898,.T.);
#1896=ORIENTED_EDGE('',*,*,#1899,.T.);
#1897=EDGE_CURVE('',#121,#123,#1900,.F.);
#1898=EDGE_CURVE('',#123,#125,#1901,.T.);
#1899=EDGE_CURVE('',#125,#121,#1902,.T.);
#1900=LINE('',#120,#1903);
#1901=LINE('',#122,#1904);
#1902=LINE('',#124,#1905);
#1903=VECTOR('',#1906,1.0);
#1904=VECTOR('',#1907,1.0);
#1905=VECTOR('',#1908,1.0);
#1906=DIRECTION('',(0.15034400578550652,-0.6241823600893743,-0.7666766341017746));
#1907=DIRECTION('',(0.23571795688468064,-0.8394105911251847,0.48972125164115554));
#1908=DIRECTION('',(-0.25881923114972044,0.9659257764378522,0));
#1909=FACE_SURFACE('',(#1914),#1910,.T.);
#1910=PLANE('',#1911);
#1911=AXIS2_PLACEMENT_3D('',#124,#1912,#1913);
#1912=DIRECTION('',(-0.959276452493391,-0.281680670656057,-0.021087614147853827));
#1913=DIRECTION('',(-0.23571795688468064,0.8394105911251847,-0.48972125164115554));
#1914=FACE_BOUND('',#1915,.T.);
#1915=EDGE_LOOP('',(#1916,#1917,#1918));
#1916=ORIENTED_EDGE('',*,*,#1919,.T.);
#1917=ORIENTED_EDGE('',*,*,#1920,.T.);
#1918=ORIENTED_EDGE('',*,*,#1921,.T.);
#1919=EDGE_CURVE('',#125,#123,#1922,.F.);
#1920=EDGE_CURVE('',#123,#127,#1923,.T.);
#1921=EDGE_CURVE('',#127,#125,#1924,.T.);
#1922=LINE('',#124,#1925);
#1923=LINE('',#122,#1926);
#1924=LINE('',#126,#1927);
#1925=VECTOR('',#1928,1.0);
#1926=VECTOR('',#1929,1.0);
#1927=VECTOR('',#1930,1.0);
#1928=DIRECTION('',(-0.23571795688468064,0.8394105911251847,-0.48972125164115554));
#1929=DIRECTION('',(0.28174332148431447,-0.9594898127645684,0));
#1930=DIRECTION('',(-0.19536537416137242,0.6076985726789359,0.769762830580154));
#1931=FACE_SURFACE('',(#1936),#1932,.T.);
#1932=PLANE('',#1933);
#1933=AXIS2_PLACEMENT_3D('',#124,#1934,#1935);
#1934=DIRECTION('',(-0.943671500288578,-0.33020517494286244,0.021181170507266235));
#1935=DIRECTION('',(0.19536537416137242,-0.6076985726789359,-0.769762830580154));
#1936=FACE_BOUND('',#1937,.T.);
#1937=EDGE_LOOP('',(#1938,#1939,#1940));
#1938=ORIENTED_EDGE('',*,*,#1941,.T.);
#1939=ORIENTED_EDGE('',*,*,#1942,.T.);
#1940=ORIENTED_EDGE('',*,*,#1943,.T.);
#1941=EDGE_CURVE('',#125,#127,#1944,.F.);
#1942=EDGE_CURVE('',#127,#129,#1945,.T.);
#1943=EDGE_CURVE('',#129,#125,#1946,.T.);
#1944=LINE('',#124,#1947);
#1945=LINE('',#126,#1948);
#1946=LINE('',#128,#1949);
#1947=VECTOR('',#1950,1.0);
#1948=VECTOR('',#1951,1.0);
#1949=VECTOR('',#1952,1.0);
#1950=DIRECTION('',(0.19536537416137242,-0.6076985726789359,-0.769762830580154));
#1951=DIRECTION('',(0.2980174259140649,-0.8203800757671771,0.48801859097353634));
#1952=DIRECTION('',(-0.33027927182844136,0.9438832568705066,0));
#1953=FACE_SURFACE('',(#1958),#1954,.T.);
#1954=PLANE('',#1955);
#1955=AXIS2_PLACEMENT_3D('',#128,#1956,#1957);
#1956=DIRECTION('',(-0.935628979051082,-0.3523612417458745,-0.02097543504043324));
#1957=DIRECTION('',(-0.2980174259140649,0.8203800757671771,-0.48801859097353634));
#1958=FACE_BOUND('',#1959,.T.);
#1959=EDGE_LOOP('',(#1960,#1961,#1962));
#1960=ORIENTED_EDGE('',*,*,#1963,.T.);
#1961=ORIENTED_EDGE('',*,*,#1964,.T.);
#1962=ORIENTED_EDGE('',*,*,#1965,.T.);
#1963=EDGE_CURVE('',#129,#127,#1966,.F.);
#1964=EDGE_CURVE('',#127,#131,#1967,.T.);
#1965=EDGE_CURVE('',#131,#129,#1968,.T.);
#1966=LINE('',#128,#1969);
#1967=LINE('',#126,#1970);
#1968=LINE('',#130,#1971);
#1969=VECTOR('',#1972,1.0);
#1970=VECTOR('',#1973,1.0);
#1971=VECTOR('',#1974,1.0);
#1972=DIRECTION('',(-0.2980174259140649,0.8203800757671771,-0.48801859097353634));
#1973=DIRECTION('',(0.3524387813226492,-0.9358348708077755,0));
#1974=DIRECTION('',(-0.23875214608615491,0.5879546518188814,0.7728562221680002));
#1975=FACE_SURFACE('',(#1980),#1976,.T.);
#1976=PLANE('',#1977);
#1977=AXIS2_PLACEMENT_3D('',#128,#1978,#1979);
#1978=DIRECTION('',(-0.9163588064191978,-0.3998032298845926,0.02106929689930009));
#1979=DIRECTION('',(0.23875214608615491,-0.5879546518188814,-0.7728562221680002));
#1980=FACE_BOUND('',#1981,.T.);
#1981=EDGE_LOOP('',(#1982,#1983,#1984));
#1982=ORIENTED_EDGE('',*,*,#1985,.T.);
#1983=ORIENTED_EDGE('',*,*,#1986,.T.);
#1984=ORIENTED_EDGE('',*,*,#1987,.T.);
#1985=EDGE_CURVE('',#129,#131,#1988,.F.);
#1986=EDGE_CURVE('',#131,#133,#1989,.T.);
#1987=EDGE_CURVE('',#133,#129,#1990,.T.);
#1988=LINE('',#128,#1991);
#1989=LINE('',#130,#1992);
#1990=LINE('',#132,#1993);
#1991=VECTOR('',#1994,1.0);
#1992=VECTOR('',#1995,1.0);
#1993=VECTOR('',#1996,1.0);
#1994=DIRECTION('',(0.23875214608615491,-0.5879546518188814,-0.7728562221680002));
#1995=DIRECTION('',(0.3587863230984722,-0.7967180930868635,0.48632566712596087));
#1996=DIRECTION('',(-0.3998919988198372,0.91656226699547,0));
#1997=FACE_SURFACE('',(#2002),#1998,.T.);
#1998=PLANE('',#1999);
#1999=AXIS2_PLACEMENT_3D('',#132,#2000,#2001);
#2000=DIRECTION('',(-0.9067812839594318,-0.4210849319240835,-0.020861044254165906));
#2001=DIRECTION('',(-0.3587863230984722,0.7967180930868635,-0.48632566712596087));
#2002=FACE_BOUND('',#2003,.T.);
#2003=EDGE_LOOP('',(#2004,#2005,#2006));
#2004=ORIENTED_EDGE('',*,*,#2007,.T.);
#2005=ORIENTED_EDGE('',*,*,#2008,.T.);
#2006=ORIENTED_EDGE('',*,*,#2009,.T.);
#2007=EDGE_CURVE('',#133,#131,#2010,.F.);
#2008=EDGE_CURVE('',#131,#135,#2011,.T.);
#2009=EDGE_CURVE('',#135,#133,#2012,.T.);
#2010=LINE('',#132,#2013);
#2011=LINE('',#130,#2014);
#2012=LINE('',#134,#2015);
#2013=VECTOR('',#2016,1.0);
#2014=VECTOR('',#2017,1.0);
#2015=VECTOR('',#2018,1.0);
#2016=DIRECTION('',(-0.3587863230984722,0.7967180930868635,-0.48632566712596087));
#2017=DIRECTION('',(0.42117658637722927,-0.906978656357262,0));
#2018=DIRECTION('',(-0.2802697474384757,0.565102393933042,0.7759562829450626));
#2019=FACE_SURFACE('',(#2024),#2020,.T.);
#2020=PLANE('',#2021);
#2021=AXIS2_PLACEMENT_3D('',#132,#2022,#2023);
#2022=DIRECTION('',(-0.88392103007617,-0.46716643695474663,0.020955495033271966));
#2023=DIRECTION('',(0.2802697474384757,-0.565102393933042,-0.7759562829450626));
#2024=FACE_BOUND('',#2025,.T.);
#2025=EDGE_LOOP('',(#2026,#2027,#2028));
#2026=ORIENTED_EDGE('',*,*,#2029,.T.);
#2027=ORIENTED_EDGE('',*,*,#2030,.T.);
#2028=ORIENTED_EDGE('',*,*,#2031,.T.);
#2029=EDGE_CURVE('',#133,#135,#2032,.F.);
#2030=EDGE_CURVE('',#135,#137,#2033,.T.);
#2031=EDGE_CURVE('',#137,#133,#2034,.T.);
#2032=LINE('',#132,#2035);
#2033=LINE('',#134,#2036);
#2034=LINE('',#136,#2037);
#2035=VECTOR('',#2038,1.0);
#2036=VECTOR('',#2039,1.0);
#2037=VECTOR('',#2040,1.0);
#2038=DIRECTION('',(0.2802697474384757,-0.565102393933042,-0.7759562829450626));
#2039=DIRECTION('',(0.4176793900670216,-0.7685476594755479,0.4846425716214971));
#2040=DIRECTION('',(-0.46726904479607645,0.8841151733656437,0));
#2041=FACE_SURFACE('',(#2046),#2042,.T.);
#2042=PLANE('',#2043);
#2043=AXIS2_PLACEMENT_3D('',#136,#2044,#2045);
#2044=DIRECTION('',(-0.8728940373695385,-0.4874686828417243,-0.020743258501520975));
#2045=DIRECTION('',(-0.4176793900670216,0.7685476594755479,-0.4846425716214971));
#2046=FACE_BOUND('',#2047,.T.);
#2047=EDGE_LOOP('',(#2048,#2049,#2050));
#2048=ORIENTED_EDGE('',*,*,#2051,.T.);
#2049=ORIENTED_EDGE('',*,*,#2052,.T.);
#2050=ORIENTED_EDGE('',*,*,#2053,.T.);
#2051=EDGE_CURVE('',#137,#135,#2054,.F.);
#2052=EDGE_CURVE('',#135,#139,#2055,.T.);
#2053=EDGE_CURVE('',#139,#137,#2056,.T.);
#2054=LINE('',#136,#2057);
#2055=LINE('',#134,#2058);
#2056=LINE('',#138,#2059);
#2057=VECTOR('',#2060,1.0);
#2058=VECTOR('',#2061,1.0);
#2059=VECTOR('',#2062,1.0);
#2060=DIRECTION('',(-0.4176793900670216,0.7685476594755479,-0.4846425716214971));
#2061=DIRECTION('',(0.4875735913865587,-0.8730818936287781,0));
#2062=DIRECTION('',(-0.31969327577527346,0.5393127267178186,0.7790622518286112));
#2063=FACE_SURFACE('',(#2068),#2064,.T.);
#2064=PLANE('',#2065);
#2065=AXIS2_PLACEMENT_3D('',#136,#2066,#2067);
#2066=DIRECTION('',(-0.8465405536426789,-0.5319161369614318,0.020840208213307922));
#2067=DIRECTION('',(0.31969327577527346,-0.5393127267178186,-0.7790622518286112));
#2068=FACE_BOUND('',#2069,.T.);
#2069=EDGE_LOOP('',(#2070,#2071,#2072));
#2070=ORIENTED_EDGE('',*,*,#2073,.T.);
#2071=ORIENTED_EDGE('',*,*,#2074,.T.);
#2072=ORIENTED_EDGE('',*,*,#2075,.T.);
#2073=EDGE_CURVE('',#137,#139,#2076,.F.);
#2074=EDGE_CURVE('',#139,#141,#2077,.T.);
#2075=EDGE_CURVE('',#141,#137,#2078,.T.);
#2076=LINE('',#136,#2079);
#2077=LINE('',#138,#2080);
#2078=LINE('',#140,#2081);
#2079=VECTOR('',#2082,1.0);
#2080=VECTOR('',#2083,1.0);
#2081=VECTOR('',#2084,1.0);
#2082=DIRECTION('',(0.31969327577527346,-0.5393127267178186,-0.7790622518286112));
#2083=DIRECTION('',(0.4743601810566875,-0.7360181714864538,0.48296963659178815));
#2084=DIRECTION('',(-0.5320316839871766,0.8467244458699471,0));
#2085=FACE_SURFACE('',(#2090),#2086,.T.);
#2086=PLANE('',#2087);
#2087=AXIS2_PLACEMENT_3D('',#140,#2088,#2089);
#2088=DIRECTION('',(-0.8341549721993526,-0.5511442666373626,-0.020627159471462375));
#2089=DIRECTION('',(-0.4743601810566875,0.7360181714864538,-0.48296963659178815));
#2090=FACE_BOUND('',#2091,.T.);
#2091=EDGE_LOOP('',(#2092,#2093,#2094));
#2092=ORIENTED_EDGE('',*,*,#2095,.T.);
#2093=ORIENTED_EDGE('',*,*,#2096,.T.);
#2094=ORIENTED_EDGE('',*,*,#2097,.T.);
#2095=EDGE_CURVE('',#141,#139,#2098,.F.);
#2096=EDGE_CURVE('',#139,#143,#2099,.T.);
#2097=EDGE_CURVE('',#143,#141,#2100,.T.);
#2098=LINE('',#140,#2101);
#2099=LINE('',#138,#2102);
#2100=LINE('',#142,#2103);
#2101=VECTOR('',#2104,1.0);
#2102=VECTOR('',#2105,1.0);
#2103=VECTOR('',#2106,1.0);
#2104=DIRECTION('',(-0.4743601810566875,0.7360181714864538,-0.48296963659178815));
#2105=DIRECTION('',(0.5512615544171466,-0.8343324868549655,0));
#2106=DIRECTION('',(-0.3568182640631336,0.5107695594525444,0.7821733718093614));
#2107=FACE_SURFACE('',(#2112),#2108,.T.);
#2108=PLANE('',#2109);
#2109=AXIS2_PLACEMENT_3D('',#140,#2110,#2111);
#2110=DIRECTION('',(-0.8044249207255906,-0.5936928690278482,0.020720139505071483));
#2111=DIRECTION('',(0.3568182640631336,-0.5107695594525444,-0.7821733718093614));
#2112=FACE_BOUND('',#2113,.T.);
#2113=EDGE_LOOP('',(#2114,#2115,#2116));
#2114=ORIENTED_EDGE('',*,*,#2117,.T.);
#2115=ORIENTED_EDGE('',*,*,#2118,.T.);
#2116=ORIENTED_EDGE('',*,*,#2119,.T.);
#2117=EDGE_CURVE('',#141,#143,#2120,.F.);
#2118=EDGE_CURVE('',#143,#145,#2121,.T.);
#2119=EDGE_CURVE('',#145,#141,#2122,.T.);
#2120=LINE('',#140,#2123);
#2121=LINE('',#142,#2124);
#2122=LINE('',#144,#2125);
#2123=VECTOR('',#2126,1.0);
#2124=VECTOR('',#2127,1.0);
#2125=VECTOR('',#2128,1.0);
#2126=DIRECTION('',(0.3568182640631336,-0.5107695594525444,-0.7821733718093614));
#2127=DIRECTION('',(0.5285068476522305,-0.699303247362585,0.48130601514301213));
#2128=DIRECTION('',(-0.5938203534308328,0.8045976558822929,0));
#2129=FACE_SURFACE('',(#2134),#2130,.T.);
#2130=PLANE('',#2131);
#2131=AXIS2_PLACEMENT_3D('',#144,#2132,#2133);
#2132=DIRECTION('',(-0.79078030964298,-0.6117564370329021,-0.0205076480797236));
#2133=DIRECTION('',(-0.5285068476522305,0.699303247362585,-0.48130601514301213));
#2134=FACE_BOUND('',#2135,.T.);
#2135=EDGE_LOOP('',(#2136,#2137,#2138));
#2136=ORIENTED_EDGE('',*,*,#2139,.T.);
#2137=ORIENTED_EDGE('',*,*,#2140,.T.);
#2138=ORIENTED_EDGE('',*,*,#2141,.T.);
#2139=EDGE_CURVE('',#145,#143,#2142,.F.);
#2140=EDGE_CURVE('',#143,#147,#2143,.T.);
#2141=EDGE_CURVE('',#147,#145,#2144,.T.);
#2142=LINE('',#144,#2145);
#2143=LINE('',#142,#2146);
#2144=LINE('',#146,#2147);
#2145=VECTOR('',#2148,1.0);
#2146=VECTOR('',#2149,1.0);
#2147=VECTOR('',#2150,1.0);
#2148=DIRECTION('',(-0.5285068476522305,0.699303247362585,-0.48130601514301213));
#2149=DIRECTION('',(0.6118851188773469,-0.7909466488306622,0));
#2150=DIRECTION('',(-0.3914470355250476,0.4796747973277575,0.7852905877363022));
#2151=FACE_SURFACE('',(#2156),#2152,.T.);
#2152=PLANE('',#2153);
#2153=AXIS2_PLACEMENT_3D('',#144,#2154,#2155);
#2154=DIRECTION('',(-0.7578106690009505,-0.6521492458000115,0.02059978521266496));
#2155=DIRECTION('',(0.3914470355250476,-0.4796747973277575,-0.7852905877363022));
#2156=FACE_BOUND('',#2157,.T.);
#2157=EDGE_LOOP('',(#2158,#2159,#2160));
#2158=ORIENTED_EDGE('',*,*,#2161,.T.);
#2159=ORIENTED_EDGE('',*,*,#2162,.T.);
#2160=ORIENTED_EDGE('',*,*,#2163,.T.);
#2161=EDGE_CURVE('',#145,#147,#2164,.F.);
#2162=EDGE_CURVE('',#147,#149,#2165,.T.);
#2163=EDGE_CURVE('',#149,#145,#2166,.T.);
#2164=LINE('',#144,#2167);
#2165=LINE('',#146,#2168);
#2166=LINE('',#148,#2169);
#2167=VECTOR('',#2170,1.0);
#2168=VECTOR('',#2171,1.0);
#2169=VECTOR('',#2172,1.0);
#2170=DIRECTION('',(0.3914470355250476,-0.4796747973277575,-0.7852905877363022));
#2171=DIRECTION('',(0.5798099912118874,-0.6585999484881536,0.4796524595394799));
#2172=DIRECTION('',(-0.6522876599952139,0.7579715091070167,0));
#2173=FACE_SURFACE('',(#2178),#2174,.T.);
#2174=PLANE('',#2175);
#2175=AXIS2_PLACEMENT_3D('',#148,#2176,#2177);
#2176=DIRECTION('',(-0.7430107750060055,-0.6689689305668562,-0.02038524371234304));
#2177=DIRECTION('',(-0.5798099912118874,0.6585999484881536,-0.4796524595394799));
#2178=FACE_BOUND('',#2179,.T.);
#2179=EDGE_LOOP('',(#2180,#2181,#2182));
#2180=ORIENTED_EDGE('',*,*,#2183,.T.);
#2181=ORIENTED_EDGE('',*,*,#2184,.T.);
#2182=ORIENTED_EDGE('',*,*,#2185,.T.);
#2183=EDGE_CURVE('',#149,#147,#2186,.F.);
#2184=EDGE_CURVE('',#147,#151,#2187,.T.);
#2185=EDGE_CURVE('',#151,#149,#2188,.T.);
#2186=LINE('',#148,#2189);
#2187=LINE('',#146,#2190);
#2188=LINE('',#150,#2191);
#2189=VECTOR('',#2192,1.0);
#2190=VECTOR('',#2193,1.0);
#2191=VECTOR('',#2194,1.0);
#2192=DIRECTION('',(-0.5798099912118874,0.6585999484881536,-0.4796524595394799));
#2193=DIRECTION('',(0.6691079716524477,-0.74316520523444,0));
#2194=DIRECTION('',(-0.4234062738800577,0.44624412515763223,0.7884118898147751));
#2195=FACE_SURFACE('',(#2200),#2196,.T.);
#2196=PLANE('',#2197);
#2197=AXIS2_PLACEMENT_3D('',#148,#2198,#2199);
#2198=DIRECTION('',(-0.7069584977868355,-0.7069584977868355,0.020478398715760557));
#2199=DIRECTION('',(0.4234062738800577,-0.44624412515763223,-0.7884118898147751));
#2200=FACE_BOUND('',#2201,.T.);
#2201=EDGE_LOOP('',(#2202,#2203,#2204));
#2202=ORIENTED_EDGE('',*,*,#2205,.T.);
#2203=ORIENTED_EDGE('',*,*,#2206,.T.);
#2204=ORIENTED_EDGE('',*,*,#2207,.T.);
#2205=EDGE_CURVE('',#149,#151,#2208,.F.);
#2206=EDGE_CURVE('',#151,#153,#2209,.T.);
#2207=EDGE_CURVE('',#153,#149,#2210,.T.);
#2208=LINE('',#148,#2211);
#2209=LINE('',#150,#2212);
#2210=LINE('',#152,#2213);
#2211=VECTOR('',#2214,1.0);
#2212=VECTOR('',#2215,1.0);
#2213=VECTOR('',#2216,1.0);
#2214=DIRECTION('',(0.4234062738800577,-0.44624412515763223,-0.7884118898147751));
#2215=DIRECTION('',(0.6279754588524942,-0.6141290254888759,0.4780087479650168));
#2216=DIRECTION('',(-0.7071067811865476,0.7071067811865476,0));
#2217=FACE_SURFACE('',(#2222),#2218,.T.);
#2218=PLANE('',#2219);
#2219=AXIS2_PLACEMENT_3D('',#152,#2220,#2221);
#2220=DIRECTION('',(-0.691111343178145,-0.7224642363119756,-0.02026175166795945));
#2221=DIRECTION('',(-0.6279754588524942,0.6141290254888759,-0.4780087479650168));
#2222=FACE_BOUND('',#2223,.T.);
#2223=EDGE_LOOP('',(#2224,#2225,#2226));
#2224=ORIENTED_EDGE('',*,*,#2227,.T.);
#2225=ORIENTED_EDGE('',*,*,#2228,.T.);
#2226=ORIENTED_EDGE('',*,*,#2229,.T.);
#2227=EDGE_CURVE('',#153,#151,#2230,.F.);
#2228=EDGE_CURVE('',#151,#155,#2231,.T.);
#2229=EDGE_CURVE('',#155,#153,#2232,.T.);
#2230=LINE('',#152,#2233);
#2231=LINE('',#150,#2234);
#2232=LINE('',#154,#2235);
#2233=VECTOR('',#2236,1.0);
#2234=VECTOR('',#2237,1.0);
#2235=VECTOR('',#2238,1.0);
#2236=DIRECTION('',(-0.6279754588524942,0.6141290254888759,-0.4780087479650168));
#2237=DIRECTION('',(0.7226125817107452,-0.6912532508085092,0));
#2238=DIRECTION('',(-0.4525395795823769,0.4107017068784405,0.7915377671839425));
#2239=FACE_SURFACE('',(#2244),#2240,.T.);
#2240=PLANE('',#2241);
#2241=AXIS2_PLACEMENT_3D('',#152,#2242,#2243);
#2242=DIRECTION('',(-0.6521525308886734,-0.7578144863406969,0.02035388777809962));
#2243=DIRECTION('',(0.4525395795823769,-0.4107017068784405,-0.7915377671839425));
#2244=FACE_BOUND('',#2245,.T.);
#2245=EDGE_LOOP('',(#2246,#2247,#2248));
#2246=ORIENTED_EDGE('',*,*,#2249,.T.);
#2247=ORIENTED_EDGE('',*,*,#2250,.T.);
#2248=ORIENTED_EDGE('',*,*,#2251,.T.);
#2249=EDGE_CURVE('',#153,#155,#2252,.F.);
#2250=EDGE_CURVE('',#155,#157,#2253,.T.);
#2251=EDGE_CURVE('',#157,#153,#2254,.T.);
#2252=LINE('',#152,#2255);
#2253=LINE('',#154,#2256);
#2254=LINE('',#156,#2257);
#2255=VECTOR('',#2258,1.0);
#2256=VECTOR('',#2259,1.0);
#2257=VECTOR('',#2260,1.0);
#2258=DIRECTION('',(0.4525395795823769,-0.4107017068784405,-0.7915377671839425));
#2259=DIRECTION('',(0.6727262273796233,-0.5661333354825082,0.4763742955397878));
#2260=DIRECTION('',(-0.7579715091070167,0.6522876599952139,0));
#2261=FACE_SURFACE('',(#2266),#2262,.T.);
#2262=PLANE('',#2263);
#2263=AXIS2_PLACEMENT_3D('',#156,#2264,#2265);
#2264=DIRECTION('',(-0.6353709254352732,-0.7719444814795897,-0.020137145396802635));
#2265=DIRECTION('',(-0.6727262273796233,0.5661333354825082,-0.4763742955397878));
#2266=FACE_BOUND('',#2267,.T.);
#2267=EDGE_LOOP('',(#2268,#2269,#2270));
#2268=ORIENTED_EDGE('',*,*,#2271,.T.);
#2269=ORIENTED_EDGE('',*,*,#2272,.T.);
#2270=ORIENTED_EDGE('',*,*,#2273,.T.);
#2271=EDGE_CURVE('',#157,#155,#2274,.F.);
#2272=EDGE_CURVE('',#155,#159,#2275,.T.);
#2273=EDGE_CURVE('',#159,#157,#2276,.T.);
#2274=LINE('',#156,#2277);
#2275=LINE('',#154,#2278);
#2276=LINE('',#158,#2279);
#2277=VECTOR('',#2280,1.0);
#2278=VECTOR('',#2281,1.0);
#2279=VECTOR('',#2282,1.0);
#2280=DIRECTION('',(-0.6727262273796233,0.5661333354825082,-0.4763742955397878));
#2281=DIRECTION('',(0.7721010426245384,-0.635499787551578,0));
#2282=DIRECTION('',(-0.47870796575916413,0.37328432510826887,0.7946681673171432));
#2283=FACE_SURFACE('',(#2288),#2284,.T.);
#2284=PLANE('',#2285);
#2285=AXIS2_PLACEMENT_3D('',#156,#2286,#2287);
#2286=DIRECTION('',(-0.5936988639155228,-0.8044330435063987,0.020227147610324545));
#2287=DIRECTION('',(0.47870796575916413,-0.37328432510826887,-0.7946681673171432));
#2288=FACE_BOUND('',#2289,.T.);
#2289=EDGE_LOOP('',(#2290,#2291,#2292));
#2290=ORIENTED_EDGE('',*,*,#2293,.T.);
#2291=ORIENTED_EDGE('',*,*,#2294,.T.);
#2292=ORIENTED_EDGE('',*,*,#2295,.T.);
#2293=EDGE_CURVE('',#157,#159,#2296,.F.);
#2294=EDGE_CURVE('',#159,#161,#2297,.T.);
#2295=EDGE_CURVE('',#161,#157,#2298,.T.);
#2296=LINE('',#156,#2299);
#2297=LINE('',#158,#2300);
#2298=LINE('',#160,#2301);
#2299=VECTOR('',#2302,1.0);
#2300=VECTOR('',#2303,1.0);
#2301=VECTOR('',#2304,1.0);
#2302=DIRECTION('',(0.47870796575916413,-0.37328432510826887,-0.7946681673171432));
#2303=DIRECTION('',(0.7138048739637548,-0.5148748303485967,0.4747488925517279));
#2304=DIRECTION('',(-0.8045976558822929,0.5938203534308328,0));
#2305=FACE_SURFACE('',(#2310),#2306,.T.);
#2306=PLANE('',#2307);
#2307=AXIS2_PLACEMENT_3D('',#160,#2308,#2309);
#2308=DIRECTION('',(-0.576098971283331,-0.8171349669627164,-0.02001052355957382));
#2309=DIRECTION('',(-0.7138048739637548,0.5148748303485967,-0.4747488925517279));
#2310=FACE_BOUND('',#2311,.T.);
#2311=EDGE_LOOP('',(#2312,#2313,#2314));
#2312=ORIENTED_EDGE('',*,*,#2315,.T.);
#2313=ORIENTED_EDGE('',*,*,#2316,.T.);
#2314=ORIENTED_EDGE('',*,*,#2317,.T.);
#2315=EDGE_CURVE('',#161,#159,#2318,.F.);
#2316=EDGE_CURVE('',#159,#163,#2319,.T.);
#2317=EDGE_CURVE('',#163,#161,#2320,.T.);
#2318=LINE('',#160,#2321);
#2319=LINE('',#158,#2322);
#2320=LINE('',#162,#2323);
#2321=VECTOR('',#2324,1.0);
#2322=VECTOR('',#2325,1.0);
#2323=VECTOR('',#2326,1.0);
#2324=DIRECTION('',(-0.7138048739637548,0.5148748303485967,-0.4747488925517279));
#2325=DIRECTION('',(0.8172986151324956,-0.5762143470120341,0));
#2326=DIRECTION('',(-0.501793013232736,0.3342385405083392,0.797802212274237));
#2327=FACE_SURFACE('',(#2332),#2328,.T.);
#2328=PLANE('',#2329);
#2329=AXIS2_PLACEMENT_3D('',#160,#2330,#2331);
#2330=DIRECTION('',(-0.5319242121764508,-0.8465534052869851,0.020098868064437284));
#2331=DIRECTION('',(0.501793013232736,-0.3342385405083392,-0.797802212274237));
#2332=FACE_BOUND('',#2333,.T.);
#2333=EDGE_LOOP('',(#2334,#2335,#2336));
#2334=ORIENTED_EDGE('',*,*,#2337,.T.);
#2335=ORIENTED_EDGE('',*,*,#2338,.T.);
#2336=ORIENTED_EDGE('',*,*,#2339,.T.);
#2337=EDGE_CURVE('',#161,#163,#2340,.F.);
#2338=EDGE_CURVE('',#163,#165,#2341,.T.);
#2339=EDGE_CURVE('',#165,#161,#2342,.T.);
#2340=LINE('',#160,#2343);
#2341=LINE('',#162,#2344);
#2342=LINE('',#164,#2345);
#2343=VECTOR('',#2346,1.0);
#2344=VECTOR('',#2347,1.0);
#2345=VECTOR('',#2348,1.0);
#2346=DIRECTION('',(0.501793013232736,-0.3342385405083392,-0.797802212274237));
#2347=DIRECTION('',(0.7509731947779562,-0.4606341090464722,0.47313367910977616));
#2348=DIRECTION('',(-0.8467244458699471,0.5320316839871766,0));
#2349=FACE_SURFACE('',(#2354),#2350,.T.);
#2350=PLANE('',#2351);
#2351=AXIS2_PLACEMENT_3D('',#164,#2352,#2353);
#2352=DIRECTION('',(-0.5136250671051996,-0.8577843900472149,-0.01988040825805209));
#2353=DIRECTION('',(-0.7509731947779562,0.4606341090464722,-0.47313367910977616));
#2354=FACE_BOUND('',#2355,.T.);
#2355=EDGE_LOOP('',(#2356,#2357,#2358));
#2356=ORIENTED_EDGE('',*,*,#2359,.T.);
#2357=ORIENTED_EDGE('',*,*,#2360,.T.);
#2358=ORIENTED_EDGE('',*,*,#2361,.T.);
#2359=EDGE_CURVE('',#165,#163,#2362,.F.);
#2360=EDGE_CURVE('',#163,#167,#2363,.T.);
#2361=EDGE_CURVE('',#167,#165,#2364,.T.);
#2362=LINE('',#164,#2365);
#2363=LINE('',#162,#2366);
#2364=LINE('',#166,#2367);
#2365=VECTOR('',#2368,1.0);
#2366=VECTOR('',#2369,1.0);
#2367=VECTOR('',#2370,1.0);
#2368=DIRECTION('',(-0.7509731947779562,0.4606341090464722,-0.47313367910977616));
#2369=DIRECTION('',(0.85795395164434,-0.5137265973821693,0));
#2370=DIRECTION('',(-0.5216972500432279,0.29381952947245554,0.8009382394404195));
#2371=FACE_SURFACE('',(#2376),#2372,.T.);
#2372=PLANE('',#2373);
#2373=AXIS2_PLACEMENT_3D('',#164,#2374,#2375);
#2374=DIRECTION('',(-0.4671758688159474,-0.8839388760081732,0.019969253302815917));
#2375=DIRECTION('',(0.5216972500432279,-0.29381952947245554,-0.8009382394404195));
#2376=FACE_BOUND('',#2377,.T.);
#2377=EDGE_LOOP('',(#2378,#2379,#2380));
#2378=ORIENTED_EDGE('',*,*,#2381,.T.);
#2379=ORIENTED_EDGE('',*,*,#2382,.T.);
#2380=ORIENTED_EDGE('',*,*,#2383,.T.);
#2381=EDGE_CURVE('',#165,#167,#2384,.F.);
#2382=EDGE_CURVE('',#167,#169,#2385,.T.);
#2383=EDGE_CURVE('',#169,#165,#2386,.T.);
#2384=LINE('',#164,#2387);
#2385=LINE('',#166,#2388);
#2386=LINE('',#168,#2389);
#2387=VECTOR('',#2390,1.0);
#2388=VECTOR('',#2391,1.0);
#2389=VECTOR('',#2392,1.0);
#2390=DIRECTION('',(0.5216972500432279,-0.29381952947245554,-0.8009382394404195));
#2391=DIRECTION('',(0.7840143262380309,-0.4037117588672215,0.4715276789392757));
#2392=DIRECTION('',(-0.8841151733656437,0.46726904479607645,0));
#2393=FACE_SURFACE('',(#2398),#2394,.T.);
#2394=PLANE('',#2395);
#2395=AXIS2_PLACEMENT_3D('',#168,#2396,#2397);
#2396=DIRECTION('',(-0.4482962293367712,-0.893666822232187,-0.019750989946271353));
#2397=DIRECTION('',(-0.7840143262380309,0.4037117588672215,-0.4715276789392757));
#2398=FACE_BOUND('',#2399,.T.);
#2399=EDGE_LOOP('',(#2400,#2401,#2402));
#2400=ORIENTED_EDGE('',*,*,#2403,.T.);
#2401=ORIENTED_EDGE('',*,*,#2404,.T.);
#2402=ORIENTED_EDGE('',*,*,#2405,.T.);
#2403=EDGE_CURVE('',#169,#167,#2406,.F.);
#2404=EDGE_CURVE('',#167,#171,#2407,.T.);
#2405=EDGE_CURVE('',#171,#169,#2408,.T.);
#2406=LINE('',#168,#2409);
#2407=LINE('',#166,#2410);
#2408=LINE('',#170,#2411);
#2409=VECTOR('',#2412,1.0);
#2410=VECTOR('',#2413,1.0);
#2411=VECTOR('',#2414,1.0);
#2412=DIRECTION('',(-0.7840143262380309,0.4037117588672215,-0.4715276789392757));
#2413=DIRECTION('',(0.8938411836781891,-0.44838369546714546,0));
#2414=DIRECTION('',(-0.538343163061605,0.25228181139265726,0.8040774380774937));
#2415=FACE_SURFACE('',(#2420),#2416,.T.);
#2416=PLANE('',#2417);
#2417=AXIS2_PLACEMENT_3D('',#168,#2418,#2419);
#2418=DIRECTION('',(-0.39981331848810575,-0.9163819297458312,0.01983605794594642));
#2419=DIRECTION('',(0.538343163061605,-0.25228181139265726,-0.8040774380774937));
#2420=FACE_BOUND('',#2421,.T.);
#2421=EDGE_LOOP('',(#2422,#2423,#2424));
#2422=ORIENTED_EDGE('',*,*,#2425,.T.);
#2423=ORIENTED_EDGE('',*,*,#2426,.T.);
#2424=ORIENTED_EDGE('',*,*,#2427,.T.);
#2425=EDGE_CURVE('',#169,#171,#2428,.F.);
#2426=EDGE_CURVE('',#171,#173,#2429,.T.);
#2427=EDGE_CURVE('',#173,#169,#2430,.T.);
#2428=LINE('',#168,#2431);
#2429=LINE('',#170,#2432);
#2430=LINE('',#172,#2433);
#2431=VECTOR('',#2434,1.0);
#2432=VECTOR('',#2435,1.0);
#2433=VECTOR('',#2436,1.0);
#2434=DIRECTION('',(0.538343163061605,-0.25228181139265726,-0.8040774380774937));
#2435=DIRECTION('',(0.8127356487262404,-0.3444207581839935,0.46993095942010504));
#2436=DIRECTION('',(-0.91656226699547,0.3998919988198372,0));
#2437=FACE_SURFACE('',(#2442),#2438,.T.);
#2438=PLANE('',#2439);
#2439=AXIS2_PLACEMENT_3D('',#172,#2440,#2441);
#2440=DIRECTION('',(-0.3804756627490207,-0.9245828147131397,-0.01961858284437236));
#2441=DIRECTION('',(-0.8127356487262404,0.3444207581839935,-0.46993095942010504));
#2442=FACE_BOUND('',#2443,.T.);
#2443=EDGE_LOOP('',(#2444,#2445,#2446));
#2444=ORIENTED_EDGE('',*,*,#2447,.T.);
#2445=ORIENTED_EDGE('',*,*,#2448,.T.);
#2446=ORIENTED_EDGE('',*,*,#2449,.T.);
#2447=EDGE_CURVE('',#173,#171,#2450,.F.);
#2448=EDGE_CURVE('',#171,#175,#2451,.T.);
#2449=EDGE_CURVE('',#175,#173,#2452,.T.);
#2450=LINE('',#172,#2453);
#2451=LINE('',#170,#2454);
#2452=LINE('',#174,#2455);
#2453=VECTOR('',#2456,1.0);
#2454=VECTOR('',#2457,1.0);
#2455=VECTOR('',#2458,1.0);
#2456=DIRECTION('',(-0.8127356487262404,0.3444207581839935,-0.46993095942010504));
#2457=DIRECTION('',(0.9247607968740014,-0.38054890430135513,0));
#2458=DIRECTION('',(-0.5516729298908115,0.20989101784325626,0.8072191394252306));
#2459=FACE_SURFACE('',(#2464),#2460,.T.);
#2460=PLANE('',#2461);
#2461=AXIS2_PLACEMENT_3D('',#172,#2462,#2463);
#2462=DIRECTION('',(-0.3302151670579402,-0.9437000560924902,0.019701461263761596));
#2463=DIRECTION('',(0.5516729298908115,-0.20989101784325626,-0.8072191394252306));
#2464=FACE_BOUND('',#2465,.T.);
#2465=EDGE_LOOP('',(#2466,#2467,#2468));
#2466=ORIENTED_EDGE('',*,*,#2469,.T.);
#2467=ORIENTED_EDGE('',*,*,#2470,.T.);
#2468=ORIENTED_EDGE('',*,*,#2471,.T.);
#2469=EDGE_CURVE('',#173,#175,#2472,.F.);
#2470=EDGE_CURVE('',#175,#177,#2473,.T.);
#2471=EDGE_CURVE('',#177,#173,#2474,.T.);
#2472=LINE('',#172,#2475);
#2473=LINE('',#174,#2476);
#2474=LINE('',#176,#2477);
#2475=VECTOR('',#2478,1.0);
#2476=VECTOR('',#2479,1.0);
#2477=VECTOR('',#2480,1.0);
#2478=DIRECTION('',(0.5516729298908115,-0.20989101784325626,-0.8072191394252306));
#2479=DIRECTION('',(0.8369673941941311,-0.2830902443841264,0.4683433511756321));
#2480=DIRECTION('',(-0.9438832568705066,0.33027927182844136,0));
#2481=FACE_SURFACE('',(#2486),#2482,.T.);
#2482=PLANE('',#2483);
#2483=AXIS2_PLACEMENT_3D('',#176,#2484,#2485);
#2484=DIRECTION('',(-0.31054014141434816,-0.9503605329901799,-0.01948532537521262));
#2485=DIRECTION('',(-0.8369673941941311,0.2830902443841264,-0.4683433511756321));
#2486=FACE_BOUND('',#2487,.T.);
#2487=EDGE_LOOP('',(#2488,#2489,#2490));
#2488=ORIENTED_EDGE('',*,*,#2491,.T.);
#2489=ORIENTED_EDGE('',*,*,#2492,.T.);
#2490=ORIENTED_EDGE('',*,*,#2493,.T.);
#2491=EDGE_CURVE('',#177,#175,#2494,.F.);
#2492=EDGE_CURVE('',#175,#179,#2495,.T.);
#2493=EDGE_CURVE('',#179,#177,#2496,.T.);
#2494=LINE('',#176,#2497);
#2495=LINE('',#174,#2498);
#2496=LINE('',#178,#2499);
#2497=VECTOR('',#2500,1.0);
#2498=VECTOR('',#2501,1.0);
#2499=VECTOR('',#2502,1.0);
#2500=DIRECTION('',(-0.8369673941941311,0.2830902443841264,-0.4683433511756321));
#2501=DIRECTION('',(0.9505409998293294,-0.3105991108220673,0));
#2502=DIRECTION('',(-0.5616527585940746,0.1669109249736003,0.8103622164736726));
#2503=FACE_SURFACE('',(#2508),#2504,.T.);
#2504=PLANE('',#2505);
#2505=AXIS2_PLACEMENT_3D('',#176,#2506,#2507);
#2506=DIRECTION('',(-0.2587696944396912,-0.9657409030616173,0.01956408426992761));
#2507=DIRECTION('',(0.5616527585940746,-0.1669109249736003,-0.8103622164736726));
#2508=FACE_BOUND('',#2509,.T.);
#2509=EDGE_LOOP('',(#2510,#2511,#2512));
#2510=ORIENTED_EDGE('',*,*,#2513,.T.);
#2511=ORIENTED_EDGE('',*,*,#2514,.T.);
#2512=ORIENTED_EDGE('',*,*,#2515,.T.);
#2513=EDGE_CURVE('',#177,#179,#2516,.F.);
#2514=EDGE_CURVE('',#179,#181,#2517,.T.);
#2515=EDGE_CURVE('',#181,#177,#2518,.T.);
#2516=LINE('',#176,#2519);
#2517=LINE('',#178,#2520);
#2518=LINE('',#180,#2521);
#2519=VECTOR('',#2522,1.0);
#2520=VECTOR('',#2523,1.0);
#2521=VECTOR('',#2524,1.0);
#2522=DIRECTION('',(0.5616527585940746,-0.1669109249736003,-0.8103622164736726));
#2523=DIRECTION('',(0.856565124887959,-0.22006033260696176,0.46676507671267403));
#2524=DIRECTION('',(-0.9659257764378522,0.25881923114972044,0));
#2525=FACE_SURFACE('',(#2530),#2526,.T.);
#2526=PLANE('',#2527);
#2527=AXIS2_PLACEMENT_3D('',#180,#2528,#2529);
#2528=DIRECTION('',(-0.23887939469421832,-0.9708564608621991,-0.019348570816705473));
#2529=DIRECTION('',(-0.856565124887959,0.22006033260696176,-0.46676507671267403));
#2530=FACE_BOUND('',#2531,.T.);
#2531=EDGE_LOOP('',(#2532,#2533,#2534));
#2532=ORIENTED_EDGE('',*,*,#2535,.T.);
#2533=ORIENTED_EDGE('',*,*,#2536,.T.);
#2534=ORIENTED_EDGE('',*,*,#2537,.T.);
#2535=EDGE_CURVE('',#181,#179,#2538,.F.);
#2536=EDGE_CURVE('',#179,#183,#2539,.T.);
#2537=EDGE_CURVE('',#183,#181,#2540,.T.);
#2538=LINE('',#180,#2541);
#2539=LINE('',#178,#2542);
#2540=LINE('',#182,#2543);
#2541=VECTOR('',#2544,1.0);
#2542=VECTOR('',#2545,1.0);
#2543=VECTOR('',#2546,1.0);
#2544=DIRECTION('',(-0.856565124887959,0.22006033260696176,-0.46676507671267403));
#2545=DIRECTION('',(0.9710382403068462,-0.23892412155699944,0));
#2546=DIRECTION('',(-0.5682681616582566,0.12360980438320611,0.8135059389493668));
#2547=FACE_SURFACE('',(#2552),#2548,.T.);
#2548=PLANE('',#2549);
#2549=AXIS2_PLACEMENT_3D('',#180,#2550,#2551);
#2550=DIRECTION('',(-0.18587539365724617,-0.9823812327868456,0.01942811110121534));
#2551=DIRECTION('',(0.5682681616582566,-0.12360980438320611,-0.8135059389493668));
#2552=FACE_BOUND('',#2553,.T.);
#2553=EDGE_LOOP('',(#2554,#2555,#2556));
#2554=ORIENTED_EDGE('',*,*,#2557,.T.);
#2555=ORIENTED_EDGE('',*,*,#2558,.T.);
#2556=ORIENTED_EDGE('',*,*,#2559,.T.);
#2557=EDGE_CURVE('',#181,#183,#2560,.F.);
#2558=EDGE_CURVE('',#183,#185,#2561,.T.);
#2559=EDGE_CURVE('',#185,#181,#2562,.T.);
#2560=LINE('',#180,#2563);
#2561=LINE('',#182,#2564);
#2562=LINE('',#184,#2565);
#2563=VECTOR('',#2566,1.0);
#2564=VECTOR('',#2567,1.0);
#2565=VECTOR('',#2568,1.0);
#2566=DIRECTION('',(0.5682681616582566,-0.12360980438320611,-0.8135059389493668));
#2567=DIRECTION('',(0.8714107257947104,-0.1556787976848491,0.4651961510173275));
#2568=DIRECTION('',(-0.9825666859235868,0.18591048306413452,0));
#2569=FACE_SURFACE('',(#2574),#2570,.T.);
#2570=PLANE('',#2571);
#2571=AXIS2_PLACEMENT_3D('',#184,#2572,#2573);
#2572=DIRECTION('',(-0.16588969235457468,-0.9859572694797583,-0.01920605973447019));
#2573=DIRECTION('',(-0.8714107257947104,0.1556787976848491,-0.4651961510173275));
#2574=FACE_BOUND('',#2575,.T.);
#2575=EDGE_LOOP('',(#2576,#2577,#2578));
#2576=ORIENTED_EDGE('',*,*,#2579,.T.);
#2577=ORIENTED_EDGE('',*,*,#2580,.T.);
#2578=ORIENTED_EDGE('',*,*,#2581,.T.);
#2579=EDGE_CURVE('',#185,#183,#2582,.F.);
#2580=EDGE_CURVE('',#183,#187,#2583,.T.);
#2581=EDGE_CURVE('',#187,#185,#2584,.T.);
#2582=LINE('',#184,#2585);
#2583=LINE('',#182,#2586);
#2584=LINE('',#186,#2587);
#2585=VECTOR('',#2588,1.0);
#2586=VECTOR('',#2589,1.0);
#2587=VECTOR('',#2590,1.0);
#2588=DIRECTION('',(-0.8714107257947104,0.1556787976848491,-0.4651961510173275));
#2589=DIRECTION('',(0.9861391661789409,-0.16592029691361773,0));
#2590=DIRECTION('',(-0.5715258009918651,0.08025256921824021,0.8166503437423378));
#2591=FACE_SURFACE('',(#2596),#2592,.T.);
#2592=PLANE('',#2593);
#2593=AXIS2_PLACEMENT_3D('',#184,#2594,#2595);
#2594=DIRECTION('',(-0.11194459084135376,-0.9935271869980754,0.01929085993555371));
#2595=DIRECTION('',(0.5715258009918651,-0.08025256921824021,-0.8166503437423378));
#2596=FACE_BOUND('',#2597,.T.);
#2597=EDGE_LOOP('',(#2598,#2599,#2600));
#2598=ORIENTED_EDGE('',*,*,#2601,.T.);
#2599=ORIENTED_EDGE('',*,*,#2602,.T.);
#2600=ORIENTED_EDGE('',*,*,#2603,.T.);
#2601=EDGE_CURVE('',#185,#187,#2604,.F.);
#2602=EDGE_CURVE('',#187,#189,#2605,.T.);
#2603=EDGE_CURVE('',#189,#185,#2606,.T.);
#2604=LINE('',#184,#2607);
#2605=LINE('',#186,#2608);
#2606=LINE('',#188,#2609);
#2607=VECTOR('',#2610,1.0);
#2608=VECTOR('',#2611,1.0);
#2609=VECTOR('',#2612,1.0);
#2610=DIRECTION('',(0.5715258009918651,-0.08025256921824021,-0.8166503437423378));
#2611=DIRECTION('',(0.8814112345226306,-0.09030984100972532,0.46363602995678654));
#2612=DIRECTION('',(-0.9937121028612644,0.11196542603430636,0));
#2613=FACE_SURFACE('',(#2618),#2614,.T.);
#2614=PLANE('',#2615);
#2615=AXIS2_PLACEMENT_3D('',#188,#2616,#2617);
#2616=DIRECTION('',(-0.09197716036345889,-0.9955785227380445,-0.019068482745294272));
#2617=DIRECTION('',(-0.8814112345226306,0.09030984100972532,-0.46363602995678654));
#2618=FACE_BOUND('',#2619,.T.);
#2619=EDGE_LOOP('',(#2620,#2621,#2622));
#2620=ORIENTED_EDGE('',*,*,#2623,.T.);
#2621=ORIENTED_EDGE('',*,*,#2624,.T.);
#2622=ORIENTED_EDGE('',*,*,#2625,.T.);
#2623=EDGE_CURVE('',#189,#187,#2626,.F.);
#2624=EDGE_CURVE('',#187,#191,#2627,.T.);
#2625=EDGE_CURVE('',#191,#189,#2628,.T.);
#2626=LINE('',#188,#2629);
#2627=LINE('',#186,#2630);
#2628=LINE('',#190,#2631);
#2629=VECTOR('',#2632,1.0);
#2630=VECTOR('',#2633,1.0);
#2631=VECTOR('',#2634,1.0);
#2632=DIRECTION('',(-0.8814112345226306,0.09030984100972532,-0.46363602995678654));
#2633=DIRECTION('',(0.9957595717895591,-0.09199388669620362,0));
#2634=DIRECTION('',(-0.5714547151189904,0.037092541198786314,0.8197948840750897));
#2635=FACE_SURFACE('',(#2640),#2636,.T.);
#2636=PLANE('',#2637);
#2637=AXIS2_PLACEMENT_3D('',#188,#2638,#2639);
#2638=DIRECTION('',(-0.03738394141896577,-0.9991175280771275,0.019146958323287784));
#2639=DIRECTION('',(0.5714547151189904,-0.037092541198786314,-0.8197948840750897));
#2640=FACE_BOUND('',#2641,.T.);
#2641=EDGE_LOOP('',(#2642,#2643,#2644));
#2642=ORIENTED_EDGE('',*,*,#2645,.T.);
#2643=ORIENTED_EDGE('',*,*,#2646,.T.);
#2644=ORIENTED_EDGE('',*,*,#2647,.T.);
#2645=EDGE_CURVE('',#189,#191,#2648,.F.);
#2646=EDGE_CURVE('',#191,#193,#2649,.T.);
#2647=EDGE_CURVE('',#193,#189,#2650,.T.);
#2648=LINE('',#188,#2651);
#2649=LINE('',#190,#2652);
#2650=LINE('',#192,#2653);
#2651=VECTOR('',#2654,1.0);
#2652=VECTOR('',#2655,1.0);
#2653=VECTOR('',#2656,1.0);
#2654=DIRECTION('',(0.5714547151189904,-0.037092541198786314,-0.8197948840750897));
#2655=DIRECTION('',(0.8865022448230678,-0.024314882762691212,0.46208500992771673));
#2656=DIRECTION('',(-0.9993007196947882,0.037390795892549324,0));
#2657=FACE_SURFACE('',(#2662),#2658,.T.);
#2658=PLANE('',#2659);
#2659=AXIS2_PLACEMENT_3D('',#192,#2660,#2661);
#2660=DIRECTION('',(-0.01755410108217235,-0.999666790492625,-0.01892515578195257));
#2661=DIRECTION('',(-0.8865022448230678,0.024314882762691212,-0.46208500992771673));
#2662=FACE_BOUND('',#2663,.T.);
#2663=EDGE_LOOP('',(#2664,#2665,#2666));
#2664=ORIENTED_EDGE('',*,*,#2667,.T.);
#2665=ORIENTED_EDGE('',*,*,#2668,.T.);
#2666=ORIENTED_EDGE('',*,*,#2669,.T.);
#2667=EDGE_CURVE('',#193,#191,#2670,.F.);
#2668=EDGE_CURVE('',#191,#195,#2671,.T.);
#2669=EDGE_CURVE('',#195,#193,#2672,.T.);
#2670=LINE('',#192,#2673);
#2671=LINE('',#190,#2674);
#2672=LINE('',#194,#2675);
#2673=VECTOR('',#2676,1.0);
#2674=VECTOR('',#2677,1.0);
#2675=VECTOR('',#2678,1.0);
#2676=DIRECTION('',(-0.8865022448230678,0.024314882762691212,-0.46208500992771673));
#2677=DIRECTION('',(0.9998458596851052,-0.01755724552863731,0));
#2678=DIRECTION('',(-0.5681024692218202,-0.00560358301794708,0.8229387488272938));
#2679=FACE_SURFACE('',(#2684),#2680,.T.);
#2680=PLANE('',#2681);
#2681=AXIS2_PLACEMENT_3D('',#192,#2682,#2683);
#2682=DIRECTION('',(0.037384043241507785,-0.9991202493708852,0.019004226055730756));
#2683=DIRECTION('',(0.5681024692218202,0.00560358301794708,-0.8229387488272938));
#2684=FACE_BOUND('',#2685,.T.);
#2685=EDGE_LOOP('',(#2686,#2687,#2688));
#2686=ORIENTED_EDGE('',*,*,#2689,.T.);
#2687=ORIENTED_EDGE('',*,*,#2690,.T.);
#2688=ORIENTED_EDGE('',*,*,#2691,.T.);
#2689=EDGE_CURVE('',#193,#195,#2692,.F.);
#2690=EDGE_CURVE('',#195,#197,#2693,.T.);
#2691=EDGE_CURVE('',#197,#193,#2694,.T.);
#2692=LINE('',#192,#2695);
#2693=LINE('',#194,#2696);
#2694=LINE('',#196,#2697);
#2695=VECTOR('',#2698,1.0);
#2696=VECTOR('',#2699,1.0);
#2697=VECTOR('',#2700,1.0);
#2698=DIRECTION('',(0.5681024692218202,0.00560358301794708,-0.8229387488272938));
#2699=DIRECTION('',(0.8866462688206557,0.041935577480296464,0.46054294189337397));
#2700=DIRECTION('',(-0.9993007196947882,-0.037390795892549386,0));
#2701=FACE_SURFACE('',(#2706),#2702,.T.);
#2702=PLANE('',#2703);
#2703=AXIS2_PLACEMENT_3D('',#196,#2704,#2705);
#2704=DIRECTION('',(0.056967299177809905,-0.9981993662651809,-0.018781693538583107));
#2705=DIRECTION('',(-0.8866462688206557,-0.041935577480296464,-0.46054294189337397));
#2706=FACE_BOUND('',#2707,.T.);
#2707=EDGE_LOOP('',(#2708,#2709,#2710));
#2708=ORIENTED_EDGE('',*,*,#2711,.T.);
#2709=ORIENTED_EDGE('',*,*,#2712,.T.);
#2710=ORIENTED_EDGE('',*,*,#2713,.T.);
#2711=EDGE_CURVE('',#197,#195,#2714,.F.);
#2712=EDGE_CURVE('',#195,#199,#2715,.T.);
#2713=EDGE_CURVE('',#199,#197,#2716,.T.);
#2714=LINE('',#196,#2717);
#2715=LINE('',#194,#2718);
#2716=LINE('',#198,#2719);
#2717=VECTOR('',#2720,1.0);
#2718=VECTOR('',#2721,1.0);
#2719=VECTOR('',#2722,1.0);
#2720=DIRECTION('',(-0.8866462688206557,-0.041935577480296464,-0.46054294189337397));
#2721=DIRECTION('',(0.9983754712751001,0.05697734950154865,0));
#2722=DIRECTION('',(-0.5615377067186121,-0.04759018784872897,0.8260814596356248));
#2723=FACE_SURFACE('',(#2728),#2724,.T.);
#2724=PLANE('',#2725);
#2725=AXIS2_PLACEMENT_3D('',#196,#2726,#2727);
#2726=DIRECTION('',(0.11194551329165818,-0.9935353739006244,0.018859026009153526));
#2727=DIRECTION('',(0.5615377067186121,0.04759018784872897,-0.8260814596356248));
#2728=FACE_BOUND('',#2729,.T.);
#2729=EDGE_LOOP('',(#2730,#2731,#2732));
#2730=ORIENTED_EDGE('',*,*,#2733,.T.);
#2731=ORIENTED_EDGE('',*,*,#2734,.T.);
#2732=ORIENTED_EDGE('',*,*,#2735,.T.);
#2733=EDGE_CURVE('',#197,#199,#2736,.F.);
#2734=EDGE_CURVE('',#199,#201,#2737,.T.);
#2735=EDGE_CURVE('',#201,#197,#2738,.T.);
#2736=LINE('',#196,#2739);
#2737=LINE('',#198,#2740);
#2738=LINE('',#200,#2741);
#2739=VECTOR('',#2742,1.0);
#2740=VECTOR('',#2743,1.0);
#2741=VECTOR('',#2744,1.0);
#2742=DIRECTION('',(0.5615377067186121,0.04759018784872897,-0.8260814596356248));
#2743=DIRECTION('',(0.8818335493615649,0.10807243379890524,0.45900973875634254));
#2744=DIRECTION('',(-0.9937121028612644,-0.11196542603430636,0));
#2745=FACE_SURFACE('',(#2750),#2746,.T.);
#2746=PLANE('',#2747);
#2747=AXIS2_PLACEMENT_3D('',#200,#2748,#2749);
#2748=DIRECTION('',(0.13117192478685868,-0.9911845389341363,-0.018631584088166134));
#2749=DIRECTION('',(-0.8818335493615649,-0.10807243379890524,-0.45900973875634254));
#2750=FACE_BOUND('',#2751,.T.);
#2751=EDGE_LOOP('',(#2752,#2753,#2754));
#2752=ORIENTED_EDGE('',*,*,#2755,.T.);
#2753=ORIENTED_EDGE('',*,*,#2756,.T.);
#2754=ORIENTED_EDGE('',*,*,#2757,.T.);
#2755=EDGE_CURVE('',#201,#199,#2758,.F.);
#2756=EDGE_CURVE('',#199,#203,#2759,.T.);
#2757=EDGE_CURVE('',#203,#201,#2760,.T.);
#2758=LINE('',#200,#2761);
#2759=LINE('',#198,#2762);
#2760=LINE('',#202,#2763);
#2761=VECTOR('',#2764,1.0);
#2762=VECTOR('',#2765,1.0);
#2763=VECTOR('',#2766,1.0);
#2764=DIRECTION('',(-0.8818335493615649,-0.10807243379890524,-0.45900973875634254));
#2765=DIRECTION('',(0.9913566216186926,0.13119469795983416,0));
#2766=DIRECTION('',(-0.5518485375046416,-0.08861797291565211,0.8292225554881566));
#2767=FACE_SURFACE('',(#2772),#2768,.T.);
#2768=PLANE('',#2769);
#2769=AXIS2_PLACEMENT_3D('',#200,#2770,#2771);
#2770=DIRECTION('',(0.18587792360928504,-0.9823946039886703,0.018714688579951833));
#2771=DIRECTION('',(0.5518485375046416,0.08861797291565211,-0.8292225554881566));
#2772=FACE_BOUND('',#2773,.T.);
#2773=EDGE_LOOP('',(#2774,#2775,#2776));
#2774=ORIENTED_EDGE('',*,*,#2777,.T.);
#2775=ORIENTED_EDGE('',*,*,#2778,.T.);
#2776=ORIENTED_EDGE('',*,*,#2779,.T.);
#2777=EDGE_CURVE('',#201,#203,#2780,.F.);
#2778=EDGE_CURVE('',#203,#205,#2781,.T.);
#2779=EDGE_CURVE('',#205,#201,#2782,.T.);
#2780=LINE('',#200,#2783);
#2781=LINE('',#202,#2784);
#2782=LINE('',#204,#2785);
#2783=VECTOR('',#2786,1.0);
#2784=VECTOR('',#2787,1.0);
#2785=VECTOR('',#2788,1.0);
#2786=DIRECTION('',(0.5518485375046416,0.08861797291565211,-0.8292225554881566));
#2787=DIRECTION('',(0.8720826300657079,0.17372103281813386,0.4574853976842088));
#2788=DIRECTION('',(-0.9825666859235868,-0.18591048306413452,0));
#2789=FACE_SURFACE('',(#2794),#2790,.T.);
#2790=PLANE('',#2791);
#2791=AXIS2_PLACEMENT_3D('',#204,#2792,#2793);
#2792=DIRECTION('',(0.20465039277967872,-0.9786605124606287,-0.018488322947820553));
#2793=DIRECTION('',(-0.8720826300657079,-0.17372103281813386,-0.4574853976842088));
#2794=FACE_BOUND('',#2795,.T.);
#2795=EDGE_LOOP('',(#2796,#2797,#2798));
#2796=ORIENTED_EDGE('',*,*,#2799,.T.);
#2797=ORIENTED_EDGE('',*,*,#2800,.T.);
#2798=ORIENTED_EDGE('',*,*,#2801,.T.);
#2799=EDGE_CURVE('',#205,#203,#2802,.F.);
#2800=EDGE_CURVE('',#203,#207,#2803,.T.);
#2801=EDGE_CURVE('',#207,#205,#2804,.T.);
#2802=LINE('',#204,#2805);
#2803=LINE('',#202,#2806);
#2804=LINE('',#206,#2807);
#2805=VECTOR('',#2808,1.0);
#2806=VECTOR('',#2809,1.0);
#2807=VECTOR('',#2810,1.0);
#2808=DIRECTION('',(-0.8720826300657079,-0.17372103281813386,-0.4574853976842088));
#2809=DIRECTION('',(0.9788278172840356,0.20468537835168063,0));
#2810=DIRECTION('',(-0.5391401771483721,-0.1284655937810797,0.8323607755047667));
#2811=FACE_SURFACE('',(#2816),#2812,.T.);
#2812=PLANE('',#2813);
#2813=AXIS2_PLACEMENT_3D('',#204,#2814,#2815);
#2814=DIRECTION('',(0.2587746471511438,-0.9657593868181529,0.018560408519924614));
#2815=DIRECTION('',(0.5391401771483721,0.1284655937810797,-0.8323607755047667));
#2816=FACE_BOUND('',#2817,.T.);
#2817=EDGE_LOOP('',(#2818,#2819,#2820));
#2818=ORIENTED_EDGE('',*,*,#2821,.T.);
#2819=ORIENTED_EDGE('',*,*,#2822,.T.);
#2820=ORIENTED_EDGE('',*,*,#2823,.T.);
#2821=EDGE_CURVE('',#205,#207,#2824,.F.);
#2822=EDGE_CURVE('',#207,#209,#2825,.T.);
#2823=EDGE_CURVE('',#209,#205,#2826,.T.);
#2824=LINE('',#204,#2827);
#2825=LINE('',#206,#2828);
#2826=LINE('',#208,#2829);
#2827=VECTOR('',#2830,1.0);
#2828=VECTOR('',#2831,1.0);
#2829=VECTOR('',#2832,1.0);
#2830=DIRECTION('',(0.5391401771483721,0.1284655937810797,-0.8323607755047667));
#2831=DIRECTION('',(0.8574396434810141,0.23851347711725016,0.4559699321453012));
#2832=DIRECTION('',(-0.9659257764378522,-0.25881923114972044,0));
#2833=FACE_SURFACE('',(#2838),#2834,.T.);
#2834=PLANE('',#2835);
#2835=AXIS2_PLACEMENT_3D('',#208,#2836,#2837);
#2836=DIRECTION('',(0.27698781101368386,-0.9606984609159782,-0.01833629579600148));
#2837=DIRECTION('',(-0.8574396434810141,-0.23851347711725016,-0.4559699321453012));
#2838=FACE_BOUND('',#2839,.T.);
#2839=EDGE_LOOP('',(#2840,#2841,#2842));
#2840=ORIENTED_EDGE('',*,*,#2843,.T.);
#2841=ORIENTED_EDGE('',*,*,#2844,.T.);
#2842=ORIENTED_EDGE('',*,*,#2845,.T.);
#2843=EDGE_CURVE('',#209,#207,#2846,.F.);
#2844=EDGE_CURVE('',#207,#211,#2847,.T.);
#2845=EDGE_CURVE('',#211,#209,#2848,.T.);
#2846=LINE('',#208,#2849);
#2847=LINE('',#206,#2850);
#2848=LINE('',#210,#2851);
#2849=VECTOR('',#2852,1.0);
#2850=VECTOR('',#2853,1.0);
#2851=VECTOR('',#2854,1.0);
#2852=DIRECTION('',(-0.8574396434810141,-0.23851347711725016,-0.4559699321453012));
#2853=DIRECTION('',(0.9608600045478025,0.2770343871442624,0));
#2854=DIRECTION('',(-0.5235382872818601,-0.1668927788732643,0.8354965362644756));
#2855=FACE_SURFACE('',(#2860),#2856,.T.);
#2856=PLANE('',#2857);
#2857=AXIS2_PLACEMENT_3D('',#208,#2858,#2859);
#2858=DIRECTION('',(0.3302232788247451,-0.9437232381736074,0.018412926257265354));
#2859=DIRECTION('',(0.5235382872818601,0.1668927788732643,-0.8354965362644756));
#2860=FACE_BOUND('',#2861,.T.);
#2861=EDGE_LOOP('',(#2862,#2863,#2864));
#2862=ORIENTED_EDGE('',*,*,#2865,.T.);
#2863=ORIENTED_EDGE('',*,*,#2866,.T.);
#2864=ORIENTED_EDGE('',*,*,#2867,.T.);
#2865=EDGE_CURVE('',#209,#211,#2868,.F.);
#2866=EDGE_CURVE('',#211,#213,#2869,.T.);
#2867=EDGE_CURVE('',#213,#209,#2870,.T.);
#2868=LINE('',#208,#2871);
#2869=LINE('',#210,#2872);
#2870=LINE('',#212,#2873);
#2871=VECTOR('',#2874,1.0);
#2872=VECTOR('',#2875,1.0);
#2873=VECTOR('',#2876,1.0);
#2874=DIRECTION('',(0.5235382872818601,0.1668927788732643,-0.8354965362644756));
#2875=DIRECTION('',(0.8379774579877319,0.30208820076778714,0.4544628685176601));
#2876=DIRECTION('',(-0.9438832568705066,-0.33027927182844136,0));
#2877=FACE_SURFACE('',(#2882),#2878,.T.);
#2878=PLANE('',#2879);
#2879=AXIS2_PLACEMENT_3D('',#212,#2880,#2881);
#2880=DIRECTION('',(0.34779044395060904,-0.9373959255130976,-0.018184771873235545));
#2881=DIRECTION('',(-0.8379774579877319,-0.30208820076778714,-0.4544628685176601));
#2882=FACE_BOUND('',#2883,.T.);
#2883=EDGE_LOOP('',(#2884,#2885,#2886));
#2884=ORIENTED_EDGE('',*,*,#2887,.T.);
#2885=ORIENTED_EDGE('',*,*,#2888,.T.);
#2886=ORIENTED_EDGE('',*,*,#2889,.T.);
#2887=EDGE_CURVE('',#213,#211,#2890,.F.);
#2888=EDGE_CURVE('',#211,#215,#2891,.T.);
#2889=EDGE_CURVE('',#215,#213,#2892,.T.);
#2890=LINE('',#212,#2893);
#2891=LINE('',#210,#2894);
#2892=LINE('',#214,#2895);
#2893=VECTOR('',#2896,1.0);
#2894=VECTOR('',#2897,1.0);
#2895=VECTOR('',#2898,1.0);
#2896=DIRECTION('',(-0.8379774579877319,-0.30208820076778714,-0.4544628685176601));
#2897=DIRECTION('',(0.9375509557847084,0.3478479629194053,0));
#2898=DIRECTION('',(-0.5051822305523301,-0.203700280680621,0.8386281116113438));
#2899=FACE_SURFACE('',(#2904),#2900,.T.);
#2900=PLANE('',#2901);
#2901=AXIS2_PLACEMENT_3D('',#212,#2902,#2903);
#2902=DIRECTION('',(0.39982533934234693,-0.9164094818385139,0.01825813835646568));
#2903=DIRECTION('',(0.5051822305523301,0.203700280680621,-0.8386281116113438));
#2904=FACE_BOUND('',#2905,.T.);
#2905=EDGE_LOOP('',(#2906,#2907,#2908));
#2906=ORIENTED_EDGE('',*,*,#2909,.T.);
#2907=ORIENTED_EDGE('',*,*,#2910,.T.);
#2908=ORIENTED_EDGE('',*,*,#2911,.T.);
#2909=EDGE_CURVE('',#213,#215,#2912,.F.);
#2910=EDGE_CURVE('',#215,#217,#2913,.T.);
#2911=EDGE_CURVE('',#217,#213,#2914,.T.);
#2912=LINE('',#212,#2915);
#2913=LINE('',#214,#2916);
#2914=LINE('',#216,#2917);
#2915=VECTOR('',#2918,1.0);
#2916=VECTOR('',#2919,1.0);
#2917=VECTOR('',#2920,1.0);
#2918=DIRECTION('',(0.5051822305523301,0.203700280680621,-0.8386281116113438));
#2919=DIRECTION('',(0.8137983652797123,0.3640812402877453,0.45296475706019906));
#2920=DIRECTION('',(-0.91656226699547,-0.3998919988198372,0));
#2921=FACE_SURFACE('',(#2926),#2922,.T.);
#2922=PLANE('',#2923);
#2923=AXIS2_PLACEMENT_3D('',#216,#2924,#2925);
#2924=DIRECTION('',(0.41665773942068823,-0.9088845907089139,-0.01803133252790748));
#2925=DIRECTION('',(-0.8137983652797123,-0.3640812402877453,-0.45296475706019906));
#2926=FACE_BOUND('',#2927,.T.);
#2927=EDGE_LOOP('',(#2928,#2929,#2930));
#2928=ORIENTED_EDGE('',*,*,#2931,.T.);
#2929=ORIENTED_EDGE('',*,*,#2932,.T.);
#2930=ORIENTED_EDGE('',*,*,#2933,.T.);
#2931=EDGE_CURVE('',#217,#215,#2934,.F.);
#2932=EDGE_CURVE('',#215,#219,#2935,.T.);
#2933=EDGE_CURVE('',#219,#217,#2936,.T.);
#2934=LINE('',#216,#2937);
#2935=LINE('',#214,#2938);
#2936=LINE('',#218,#2939);
#2937=VECTOR('',#2940,1.0);
#2938=VECTOR('',#2941,1.0);
#2939=VECTOR('',#2942,1.0);
#2940=DIRECTION('',(-0.8137983652797123,-0.3640812402877453,-0.45296475706019906));
#2941=DIRECTION('',(0.9090323790951685,0.41672548968904904,0));
#2942=DIRECTION('',(-0.4842286132224729,-0.23868330633121038,0.8417558609332295));
#2943=FACE_SURFACE('',(#2948),#2944,.T.);
#2944=PLANE('',#2945);
#2945=AXIS2_PLACEMENT_3D('',#216,#2946,#2947);
#2946=DIRECTION('',(0.46719246505973205,-0.8839702775981444,0.018103837009610702));
#2947=DIRECTION('',(0.4842286132224729,0.23868330633121038,-0.8417558609332295));
#2948=FACE_BOUND('',#2949,.T.);
#2949=EDGE_LOOP('',(#2950,#2951,#2952));
#2950=ORIENTED_EDGE('',*,*,#2953,.T.);
#2951=ORIENTED_EDGE('',*,*,#2954,.T.);
#2952=ORIENTED_EDGE('',*,*,#2955,.T.);
#2953=EDGE_CURVE('',#217,#219,#2956,.F.);
#2954=EDGE_CURVE('',#219,#221,#2957,.T.);
#2955=EDGE_CURVE('',#221,#217,#2958,.T.);
#2956=LINE('',#216,#2959);
#2957=LINE('',#218,#2960);
#2958=LINE('',#220,#2961);
#2959=VECTOR('',#2962,1.0);
#2960=VECTOR('',#2963,1.0);
#2961=VECTOR('',#2964,1.0);
#2962=DIRECTION('',(0.4842286132224729,0.23868330633121038,-0.8417558609332295));
#2963=DIRECTION('',(0.7850286801786344,0.4241465172569842,0.4514750305340954));
#2964=DIRECTION('',(-0.8841151733656437,-0.46726904479607645,0));
#2965=FACE_SURFACE('',(#2970),#2966,.T.);
#2966=PLANE('',#2967);
#2967=AXIS2_PLACEMENT_3D('',#220,#2968,#2969);
#2968=DIRECTION('',(0.4832106274316422,-0.8753216651770833,-0.017873779923026207));
#2969=DIRECTION('',(-0.7850286801786344,-0.4241465172569842,-0.4514750305340954));
#2970=FACE_BOUND('',#2971,.T.);
#2971=EDGE_LOOP('',(#2972,#2973,#2974));
#2972=ORIENTED_EDGE('',*,*,#2975,.T.);
#2973=ORIENTED_EDGE('',*,*,#2976,.T.);
#2974=ORIENTED_EDGE('',*,*,#2977,.T.);
#2975=EDGE_CURVE('',#221,#219,#2978,.F.);
#2976=EDGE_CURVE('',#219,#223,#2979,.T.);
#2977=EDGE_CURVE('',#223,#221,#2980,.T.);
#2978=LINE('',#220,#2981);
#2979=LINE('',#218,#2982);
#2980=LINE('',#222,#2983);
#2981=VECTOR('',#2984,1.0);
#2982=VECTOR('',#2985,1.0);
#2983=VECTOR('',#2986,1.0);
#2984=DIRECTION('',(-0.7850286801786344,-0.4241465172569842,-0.4514750305340954));
#2985=DIRECTION('',(0.8754615190728617,0.48328783206556863,0));
#2986=DIRECTION('',(-0.46084895290216976,-0.27165817746544,0.8448787352189244));
#2987=FACE_SURFACE('',(#2992),#2988,.T.);
#2988=PLANE('',#2989);
#2989=AXIS2_PLACEMENT_3D('',#220,#2990,#2991);
#2990=DIRECTION('',(0.531945981845496,-0.8465880515524499,0.017948352767249598));
#2991=DIRECTION('',(0.46084895290216976,0.27165817746544,-0.8448787352189244));
#2992=FACE_BOUND('',#2993,.T.);
#2993=EDGE_LOOP('',(#2994,#2995,#2996));
#2994=ORIENTED_EDGE('',*,*,#2997,.T.);
#2995=ORIENTED_EDGE('',*,*,#2998,.T.);
#2996=ORIENTED_EDGE('',*,*,#2999,.T.);
#2997=EDGE_CURVE('',#221,#223,#3000,.F.);
#2998=EDGE_CURVE('',#223,#225,#3001,.T.);
#2999=EDGE_CURVE('',#225,#221,#3002,.T.);
#3000=LINE('',#220,#3003);
#3001=LINE('',#222,#3004);
#3002=LINE('',#224,#3005);
#3003=VECTOR('',#3006,1.0);
#3004=VECTOR('',#3007,1.0);
#3005=VECTOR('',#3008,1.0);
#3006=DIRECTION('',(0.46084895290216976,0.27165817746544,-0.8448787352189244));
#3007=DIRECTION('',(0.7518230118277667,0.48194145934456145,0.44999398734989837));
#3008=DIRECTION('',(-0.8467244458699471,-0.5320316839871766,0));
#3009=FACE_SURFACE('',(#3014),#3010,.T.);
#3010=PLANE('',#3011);
#3011=AXIS2_PLACEMENT_3D('',#224,#3012,#3013);
#3012=DIRECTION('',(0.5470786112495724,-0.8368937231812947,-0.017716918834539158));
#3013=DIRECTION('',(-0.7518230118277667,-0.48194145934456145,-0.44999398734989837));
#3014=FACE_BOUND('',#3015,.T.);
#3015=EDGE_LOOP('',(#3016,#3017,#3018));
#3016=ORIENTED_EDGE('',*,*,#3019,.T.);
#3017=ORIENTED_EDGE('',*,*,#3020,.T.);
#3018=ORIENTED_EDGE('',*,*,#3021,.T.);
#3019=EDGE_CURVE('',#225,#223,#3022,.F.);
#3020=EDGE_CURVE('',#223,#227,#3023,.T.);
#3021=EDGE_CURVE('',#227,#225,#3024,.T.);
#3022=LINE('',#224,#3025);
#3023=LINE('',#222,#3026);
#3024=LINE('',#226,#3027);
#3025=VECTOR('',#3028,1.0);
#3026=VECTOR('',#3029,1.0);
#3027=VECTOR('',#3030,1.0);
#3028=DIRECTION('',(-0.7518230118277667,-0.48194145934456145,-0.44999398734989837));
#3029=DIRECTION('',(0.8370251000665069,0.5471644925053655,0));
#3030=DIRECTION('',(-0.4352259355565914,-0.3024597532945532,0.8479955675921237));
#3031=FACE_SURFACE('',(#3036),#3032,.T.);
#3032=PLANE('',#3033);
#3033=AXIS2_PLACEMENT_3D('',#224,#3034,#3035);
#3034=DIRECTION('',(0.5937263863479573,-0.8044703350618211,0.017789270915853195));
#3035=DIRECTION('',(0.4352259355565914,0.3024597532945532,-0.8479955675921237));
#3036=FACE_BOUND('',#3037,.T.);
#3037=EDGE_LOOP('',(#3038,#3039,#3040));
#3038=ORIENTED_EDGE('',*,*,#3041,.T.);
#3039=ORIENTED_EDGE('',*,*,#3042,.T.);
#3040=ORIENTED_EDGE('',*,*,#3043,.T.);
#3041=EDGE_CURVE('',#225,#227,#3044,.F.);
#3042=EDGE_CURVE('',#227,#229,#3045,.T.);
#3043=EDGE_CURVE('',#229,#225,#3046,.T.);
#3044=LINE('',#224,#3047);
#3045=LINE('',#226,#3048);
#3046=LINE('',#228,#3049);
#3047=VECTOR('',#3050,1.0);
#3048=VECTOR('',#3051,1.0);
#3049=VECTOR('',#3052,1.0);
#3050=DIRECTION('',(0.4352259355565914,0.3024597532945532,-0.8479955675921237));
#3051=DIRECTION('',(0.7143596999966532,0.5371398354495728,0.44852092057550386));
#3052=DIRECTION('',(-0.8045976558822929,-0.5938203534308328,0));
#3053=FACE_SURFACE('',(#3058),#3054,.T.);
#3054=PLANE('',#3055);
#3055=AXIS2_PLACEMENT_3D('',#228,#3056,#3057);
#3056=DIRECTION('',(0.6079065669050504,-0.7938144395480285,-0.01755680719164718));
#3057=DIRECTION('',(-0.7143596999966532,-0.5371398354495728,-0.44852092057550386));
#3058=FACE_BOUND('',#3059,.T.);
#3059=EDGE_LOOP('',(#3060,#3061,#3062));
#3060=ORIENTED_EDGE('',*,*,#3063,.T.);
#3061=ORIENTED_EDGE('',*,*,#3064,.T.);
#3062=ORIENTED_EDGE('',*,*,#3065,.T.);
#3063=EDGE_CURVE('',#229,#227,#3066,.F.);
#3064=EDGE_CURVE('',#227,#231,#3067,.T.);
#3065=EDGE_CURVE('',#231,#229,#3068,.T.);
#3066=LINE('',#228,#3069);
#3067=LINE('',#226,#3070);
#3068=LINE('',#230,#3071);
#3069=VECTOR('',#3072,1.0);
#3070=VECTOR('',#3073,1.0);
#3071=VECTOR('',#3074,1.0);
#3072=DIRECTION('',(-0.7143596999966532,-0.5371398354495728,-0.44852092057550386));
#3073=DIRECTION('',(0.7939368111071037,0.6080002795797739,0));
#3074=DIRECTION('',(-0.407556477699406,-0.33093245733801674,0.8511060017209815));
#3075=FACE_SURFACE('',(#3080),#3076,.T.);
#3076=PLANE('',#3077);
#3077=AXIS2_PLACEMENT_3D('',#228,#3078,#3079);
#3078=DIRECTION('',(0.6521862898041982,-0.7578537148861922,0.017629243450370615));
#3079=DIRECTION('',(0.407556477699406,0.33093245733801674,-0.8511060017209815));
#3080=FACE_BOUND('',#3081,.T.);
#3081=EDGE_LOOP('',(#3082,#3083,#3084));
#3082=ORIENTED_EDGE('',*,*,#3085,.T.);
#3083=ORIENTED_EDGE('',*,*,#3086,.T.);
#3084=ORIENTED_EDGE('',*,*,#3087,.T.);
#3085=EDGE_CURVE('',#229,#231,#3088,.F.);
#3086=EDGE_CURVE('',#231,#233,#3089,.T.);
#3087=EDGE_CURVE('',#233,#229,#3090,.T.);
#3088=LINE('',#228,#3091);
#3089=LINE('',#230,#3092);
#3090=LINE('',#232,#3093);
#3091=VECTOR('',#3094,1.0);
#3092=VECTOR('',#3095,1.0);
#3093=VECTOR('',#3096,1.0);
#3094=DIRECTION('',(0.407556477699406,0.33093245733801674,-0.8511060017209815));
#3095=DIRECTION('',(0.6728416882485541,0.5894269457859397,0.44705697415015744));
#3096=DIRECTION('',(-0.7579715091070167,-0.6522876599952139,0));
#3097=FACE_SURFACE('',(#3102),#3098,.T.);
#3098=PLANE('',#3099);
#3099=AXIS2_PLACEMENT_3D('',#232,#3100,#3101);
#3100=DIRECTION('',(0.6653563327728241,-0.746323235908169,-0.0173947688302707));
#3101=DIRECTION('',(-0.6728416882485541,-0.5894269457859397,-0.44705697415015744));
#3102=FACE_BOUND('',#3103,.T.);
#3103=EDGE_LOOP('',(#3104,#3105,#3106));
#3104=ORIENTED_EDGE('',*,*,#3107,.T.);
#3105=ORIENTED_EDGE('',*,*,#3108,.T.);
#3106=ORIENTED_EDGE('',*,*,#3109,.T.);
#3107=EDGE_CURVE('',#233,#231,#3110,.F.);
#3108=EDGE_CURVE('',#231,#235,#3111,.T.);
#3109=EDGE_CURVE('',#235,#233,#3112,.T.);
#3110=LINE('',#232,#3113);
#3111=LINE('',#230,#3114);
#3112=LINE('',#234,#3115);
#3113=VECTOR('',#3116,1.0);
#3114=VECTOR('',#3117,1.0);
#3115=VECTOR('',#3118,1.0);
#3116=DIRECTION('',(-0.6728416882485541,-0.5894269457859397,-0.44705697415015744));
#3117=DIRECTION('',(0.7464361720273688,0.6654570167104171,0));
#3118=DIRECTION('',(-0.37804569578428976,-0.35694168946840404,0.8542096242834153));
#3119=FACE_SURFACE('',(#3124),#3120,.T.);
#3120=PLANE('',#3121);
#3121=AXIS2_PLACEMENT_3D('',#232,#3122,#3123);
#3122=DIRECTION('',(0.7069989047694774,-0.7069989047694774,0.017467034937818603));
#3123=DIRECTION('',(0.37804569578428976,0.35694168946840404,-0.8542096242834153));
#3124=FACE_BOUND('',#3125,.T.);
#3125=EDGE_LOOP('',(#3126,#3127,#3128));
#3126=ORIENTED_EDGE('',*,*,#3129,.T.);
#3127=ORIENTED_EDGE('',*,*,#3130,.T.);
#3128=ORIENTED_EDGE('',*,*,#3131,.T.);
#3129=EDGE_CURVE('',#233,#235,#3132,.F.);
#3130=EDGE_CURVE('',#235,#237,#3133,.T.);
#3131=EDGE_CURVE('',#237,#233,#3134,.T.);
#3132=LINE('',#232,#3135);
#3133=LINE('',#234,#3136);
#3134=LINE('',#236,#3137);
#3135=VECTOR('',#3138,1.0);
#3136=VECTOR('',#3139,1.0);
#3137=VECTOR('',#3140,1.0);
#3138=DIRECTION('',(0.37804569578428976,0.35694168946840404,-0.8542096242834153));
#3139=DIRECTION('',(0.6274959498327077,0.6385049191016706,0.4456010561326321));
#3140=DIRECTION('',(-0.7071067811865476,-0.7071067811865476,0));
#3141=FACE_SURFACE('',(#3146),#3142,.T.);
#3142=PLANE('',#3143);
#3143=AXIS2_PLACEMENT_3D('',#236,#3144,#3145);
#3144=DIRECTION('',(0.7191084719451518,-0.6946841576457689,-0.017231560947783883));
#3145=DIRECTION('',(-0.6274959498327077,-0.6385049191016706,-0.4456010561326321));
#3146=FACE_BOUND('',#3147,.T.);
#3147=EDGE_LOOP('',(#3148,#3149,#3150));
#3148=ORIENTED_EDGE('',*,*,#3151,.T.);
#3149=ORIENTED_EDGE('',*,*,#3152,.T.);
#3150=ORIENTED_EDGE('',*,*,#3153,.T.);
#3151=EDGE_CURVE('',#237,#235,#3154,.F.);
#3152=EDGE_CURVE('',#235,#239,#3155,.T.);
#3153=EDGE_CURVE('',#239,#237,#3156,.T.);
#3154=LINE('',#236,#3157);
#3155=LINE('',#234,#3158);
#3156=LINE('',#238,#3159);
#3157=VECTOR('',#3160,1.0);
#3158=VECTOR('',#3161,1.0);
#3159=VECTOR('',#3162,1.0);
#3160=DIRECTION('',(-0.6274959498327077,-0.6385049191016706,-0.4456010561326321));
#3161=DIRECTION('',(0.6947873157538338,0.7192152569763676,0));
#3162=DIRECTION('',(-0.3469096455498804,-0.3803719370293375,0.8573044309607912));
#3163=FACE_SURFACE('',(#3168),#3164,.T.);
#3164=PLANE('',#3165);
#3165=AXIS2_PLACEMENT_3D('',#236,#3166,#3167);
#3166=DIRECTION('',(0.7578580415497242,-0.6521900132017098,0.017302472030610763));
#3167=DIRECTION('',(0.3469096455498804,0.3803719370293375,-0.8573044309607912));
#3168=FACE_BOUND('',#3169,.T.);
#3169=EDGE_LOOP('',(#3170,#3171,#3172));
#3170=ORIENTED_EDGE('',*,*,#3173,.T.);
#3171=ORIENTED_EDGE('',*,*,#3174,.T.);
#3172=ORIENTED_EDGE('',*,*,#3175,.T.);
#3173=EDGE_CURVE('',#237,#239,#3176,.F.);
#3174=EDGE_CURVE('',#239,#241,#3177,.T.);
#3175=EDGE_CURVE('',#241,#237,#3178,.T.);
#3176=LINE('',#236,#3179);
#3177=LINE('',#238,#3180);
#3178=LINE('',#240,#3181);
#3179=VECTOR('',#3182,1.0);
#3180=VECTOR('',#3183,1.0);
#3181=VECTOR('',#3184,1.0);
#3182=DIRECTION('',(0.3469096455498804,0.3803719370293375,-0.8573044309607912));
#3183=DIRECTION('',(0.5785701839098845,0.6840936133082396,0.44415365643137406));
#3184=DIRECTION('',(-0.6522876599952139,-0.7579715091070167,0));
#3185=FACE_SURFACE('',(#3190),#3186,.T.);
#3186=PLANE('',#3187);
#3187=AXIS2_PLACEMENT_3D('',#240,#3188,#3189);
#3188=DIRECTION('',(0.768864317869818,-0.6391841627455337,-0.017066540418913853));
#3189=DIRECTION('',(-0.5785701839098845,-0.6840936133082396,-0.44415365643137406));
#3190=FACE_BOUND('',#3191,.T.);
#3191=EDGE_LOOP('',(#3192,#3193,#3194));
#3192=ORIENTED_EDGE('',*,*,#3195,.T.);
#3193=ORIENTED_EDGE('',*,*,#3196,.T.);
#3194=ORIENTED_EDGE('',*,*,#3197,.T.);
#3195=EDGE_CURVE('',#241,#239,#3198,.F.);
#3196=EDGE_CURVE('',#239,#243,#3199,.T.);
#3197=EDGE_CURVE('',#243,#241,#3200,.T.);
#3198=LINE('',#240,#3201);
#3199=LINE('',#238,#3202);
#3200=LINE('',#242,#3203);
#3201=VECTOR('',#3204,1.0);
#3202=VECTOR('',#3205,1.0);
#3203=VECTOR('',#3206,1.0);
#3204=DIRECTION('',(-0.5785701839098845,-0.6840936133082396,-0.44415365643137406));
#3205=DIRECTION('',(0.6392772696486846,0.7689763146615917,0));
#3206=DIRECTION('',(-0.31436912738695316,-0.401122429417522,0.8603911019787168));
#3207=FACE_SURFACE('',(#3212),#3208,.T.);
#3208=PLANE('',#3209);
#3209=AXIS2_PLACEMENT_3D('',#240,#3210,#3211);
#3210=DIRECTION('',(0.8044795124039927,-0.5937331595376778,0.017136201085439607));
#3211=DIRECTION('',(0.31436912738695316,0.401122429417522,-0.8603911019787168));
#3212=FACE_BOUND('',#3213,.T.);
#3213=EDGE_LOOP('',(#3214,#3215,#3216));
#3214=ORIENTED_EDGE('',*,*,#3217,.T.);
#3215=ORIENTED_EDGE('',*,*,#3218,.T.);
#3216=ORIENTED_EDGE('',*,*,#3219,.T.);
#3217=EDGE_CURVE('',#241,#243,#3220,.F.);
#3218=EDGE_CURVE('',#243,#245,#3221,.T.);
#3219=EDGE_CURVE('',#245,#241,#3222,.T.);
#3220=LINE('',#240,#3223);
#3221=LINE('',#242,#3224);
#3222=LINE('',#244,#3225);
#3223=VECTOR('',#3226,1.0);
#3224=VECTOR('',#3227,1.0);
#3225=VECTOR('',#3228,1.0);
#3226=DIRECTION('',(0.31436912738695316,0.401122429417522,-0.8603911019787168));
#3227=DIRECTION('',(0.5263326490179447,0.7259326241662066,0.44271409255739513));
#3228=DIRECTION('',(-0.5938203534308328,-0.8045976558822929,0));
#3229=FACE_SURFACE('',(#3234),#3230,.T.);
#3230=PLANE('',#3231);
#3231=AXIS2_PLACEMENT_3D('',#244,#3232,#3233);
#3232=DIRECTION('',(0.8143478121782133,-0.5801310517386147,-0.01689981092219867));
#3233=DIRECTION('',(-0.5263326490179447,-0.7259326241662066,-0.44271409255739513));
#3234=FACE_BOUND('',#3235,.T.);
#3235=EDGE_LOOP('',(#3236,#3237,#3238));
#3236=ORIENTED_EDGE('',*,*,#3239,.T.);
#3237=ORIENTED_EDGE('',*,*,#3240,.T.);
#3238=ORIENTED_EDGE('',*,*,#3241,.T.);
#3239=EDGE_CURVE('',#245,#243,#3242,.F.);
#3240=EDGE_CURVE('',#243,#247,#3243,.T.);
#3241=EDGE_CURVE('',#247,#245,#3244,.T.);
#3242=LINE('',#244,#3245);
#3243=LINE('',#242,#3246);
#3244=LINE('',#246,#3247);
#3245=VECTOR('',#3248,1.0);
#3246=VECTOR('',#3249,1.0);
#3247=VECTOR('',#3250,1.0);
#3248=DIRECTION('',(-0.5263326490179447,-0.7259326241662066,-0.44271409255739513));
#3249=DIRECTION('',(0.5802139132492917,0.814464127431002,0));
#3250=DIRECTION('',(-0.2806512863564224,-0.4191125965446597,0.8634694475684004));
#3251=FACE_SURFACE('',(#3256),#3252,.T.);
#3252=PLANE('',#3253);
#3253=AXIS2_PLACEMENT_3D('',#244,#3254,#3255);
#3254=DIRECTION('',(0.8466025511662809,-0.5319550925473322,0.016967612433812174));
#3255=DIRECTION('',(0.2806512863564224,0.4191125965446597,-0.8634694475684004));
#3256=FACE_BOUND('',#3257,.T.);
#3257=EDGE_LOOP('',(#3258,#3259,#3260));
#3258=ORIENTED_EDGE('',*,*,#3261,.T.);
#3259=ORIENTED_EDGE('',*,*,#3262,.T.);
#3260=ORIENTED_EDGE('',*,*,#3263,.T.);
#3261=EDGE_CURVE('',#245,#247,#3264,.F.);
#3262=EDGE_CURVE('',#247,#249,#3265,.T.);
#3263=EDGE_CURVE('',#249,#245,#3266,.T.);
#3264=LINE('',#244,#3267);
#3265=LINE('',#246,#3268);
#3266=LINE('',#248,#3269);
#3267=VECTOR('',#3270,1.0);
#3268=VECTOR('',#3271,1.0);
#3269=VECTOR('',#3272,1.0);
#3270=DIRECTION('',(0.2806512863564224,0.4191125965446597,-0.8634694475684004));
#3271=DIRECTION('',(0.47107082507682707,0.7637811639784886,0.4412829152744332));
#3272=DIRECTION('',(-0.5320316839871766,-0.8467244458699471,0));
#3273=FACE_SURFACE('',(#3278),#3274,.T.);
#3274=PLANE('',#3275);
#3275=AXIS2_PLACEMENT_3D('',#248,#3276,#3277);
#3276=DIRECTION('',(0.8553056061380309,-0.51785367565506,-0.0167299348295099));
#3277=DIRECTION('',(-0.47107082507682707,-0.7637811639784886,-0.4412829152744332));
#3278=FACE_BOUND('',#3279,.T.);
#3279=EDGE_LOOP('',(#3280,#3281,#3282));
#3280=ORIENTED_EDGE('',*,*,#3283,.T.);
#3281=ORIENTED_EDGE('',*,*,#3284,.T.);
#3282=ORIENTED_EDGE('',*,*,#3285,.T.);
#3283=EDGE_CURVE('',#249,#247,#3286,.F.);
#3284=EDGE_CURVE('',#247,#251,#3287,.T.);
#3285=EDGE_CURVE('',#251,#249,#3288,.T.);
#3286=LINE('',#248,#3289);
#3287=LINE('',#246,#3290);
#3288=LINE('',#250,#3291);
#3289=VECTOR('',#3292,1.0);
#3290=VECTOR('',#3293,1.0);
#3291=VECTOR('',#3294,1.0);
#3292=DIRECTION('',(-0.47107082507682707,-0.7637811639784886,-0.4412829152744332));
#3293=DIRECTION('',(0.5179261620905368,0.8554253273209574,0));
#3294=DIRECTION('',(-0.24599245255060084,-0.4342844817398013,0.8665360363009333));
#3295=FACE_SURFACE('',(#3300),#3296,.T.);
#3296=PLANE('',#3297);
#3297=AXIS2_PLACEMENT_3D('',#248,#3298,#3299);
#3298=DIRECTION('',(0.8839904307043803,-0.4672031162995074,0.016797813640869474));
#3299=DIRECTION('',(0.24599245255060084,0.4342844817398013,-0.8665360363009333));
#3300=FACE_BOUND('',#3301,.T.);
#3301=EDGE_LOOP('',(#3302,#3303,#3304));
#3302=ORIENTED_EDGE('',*,*,#3305,.T.);
#3303=ORIENTED_EDGE('',*,*,#3306,.T.);
#3304=ORIENTED_EDGE('',*,*,#3307,.T.);
#3305=EDGE_CURVE('',#249,#251,#3308,.F.);
#3306=EDGE_CURVE('',#251,#253,#3309,.T.);
#3307=EDGE_CURVE('',#253,#249,#3310,.T.);
#3308=LINE('',#248,#3311);
#3309=LINE('',#250,#3312);
#3310=LINE('',#252,#3313);
#3311=VECTOR('',#3314,1.0);
#3312=VECTOR('',#3315,1.0);
#3313=VECTOR('',#3316,1.0);
#3314=DIRECTION('',(0.24599245255060084,0.4342844817398013,-0.8665360363009333));
#3315=DIRECTION('',(0.4130910446819357,0.7974202286517227,0.4398599410501272));
#3316=DIRECTION('',(-0.46726904479607645,-0.8841151733656437,0));
#3317=FACE_SURFACE('',(#3322),#3318,.T.);
#3318=PLANE('',#3319);
#3319=AXIS2_PLACEMENT_3D('',#252,#3320,#3321);
#3320=DIRECTION('',(0.8915100045291809,-0.4526982197680563,-0.016560001304722464));
#3321=DIRECTION('',(-0.4130910446819357,-0.7974202286517227,-0.4398599410501272));
#3322=FACE_BOUND('',#3323,.T.);
#3323=EDGE_LOOP('',(#3324,#3325,#3326));
#3324=ORIENTED_EDGE('',*,*,#3327,.T.);
#3325=ORIENTED_EDGE('',*,*,#3328,.T.);
#3326=ORIENTED_EDGE('',*,*,#3329,.T.);
#3327=EDGE_CURVE('',#253,#251,#3330,.F.);
#3328=EDGE_CURVE('',#251,#255,#3331,.T.);
#3329=EDGE_CURVE('',#255,#253,#3332,.T.);
#3330=LINE('',#252,#3333);
#3331=LINE('',#250,#3334);
#3332=LINE('',#254,#3335);
#3333=VECTOR('',#3336,1.0);
#3334=VECTOR('',#3337,1.0);
#3335=VECTOR('',#3338,1.0);
#3336=DIRECTION('',(-0.4130910446819357,-0.7974202286517227,-0.4398599410501272));
#3337=DIRECTION('',(0.4527603050788003,0.8916322706951288,0));
#3338=DIRECTION('',(-0.21062268281153193,-0.4465948248019566,0.8695925183356757));
#3339=FACE_SURFACE('',(#3344),#3340,.T.);
#3340=PLANE('',#3341);
#3341=AXIS2_PLACEMENT_3D('',#252,#3342,#3343);
#3342=DIRECTION('',(0.9164355913107667,-0.3998367307877766,0.0166251523851215));
#3343=DIRECTION('',(0.21062268281153193,0.4465948248019566,-0.8695925183356757));
#3344=FACE_BOUND('',#3345,.T.);
#3345=EDGE_LOOP('',(#3346,#3347,#3348));
#3346=ORIENTED_EDGE('',*,*,#3349,.T.);
#3347=ORIENTED_EDGE('',*,*,#3350,.T.);
#3348=ORIENTED_EDGE('',*,*,#3351,.T.);
#3349=EDGE_CURVE('',#253,#255,#3352,.F.);
#3350=EDGE_CURVE('',#255,#257,#3353,.T.);
#3351=EDGE_CURVE('',#257,#253,#3354,.T.);
#3352=LINE('',#252,#3355);
#3353=LINE('',#254,#3356);
#3354=LINE('',#256,#3357);
#3355=VECTOR('',#3358,1.0);
#3356=VECTOR('',#3359,1.0);
#3357=VECTOR('',#3360,1.0);
#3358=DIRECTION('',(0.21062268281153193,0.4465948248019566,-0.8695925183356757));
#3359=DIRECTION('',(0.3527124075271929,0.8266559590001253,0.4384448460478861));
#3360=DIRECTION('',(-0.3998919988198372,-0.91656226699547,0));
#3361=FACE_SURFACE('',(#3366),#3362,.T.);
#3362=PLANE('',#3363);
#3363=AXIS2_PLACEMENT_3D('',#256,#3364,#3365);
#3364=DIRECTION('',(0.9227600855878296,-0.3850263708325038,-0.016386525241571553));
#3365=DIRECTION('',(-0.3527124075271929,-0.8266559590001253,-0.4384448460478861));
#3366=FACE_BOUND('',#3367,.T.);
#3367=EDGE_LOOP('',(#3368,#3369,#3370));
#3368=ORIENTED_EDGE('',*,*,#3371,.T.);
#3369=ORIENTED_EDGE('',*,*,#3372,.T.);
#3370=ORIENTED_EDGE('',*,*,#3373,.T.);
#3371=EDGE_CURVE('',#257,#255,#3374,.F.);
#3372=EDGE_CURVE('',#255,#259,#3375,.T.);
#3373=EDGE_CURVE('',#259,#257,#3376,.T.);
#3374=LINE('',#256,#3377);
#3375=LINE('',#254,#3378);
#3376=LINE('',#258,#3379);
#3377=VECTOR('',#3380,1.0);
#3378=VECTOR('',#3381,1.0);
#3379=VECTOR('',#3382,1.0);
#3380=DIRECTION('',(-0.3527124075271929,-0.8266559590001253,-0.4384448460478861));
#3381=DIRECTION('',(0.38507807454112897,0.9228839994862283,0));
#3382=DIRECTION('',(-0.17478107893337477,-0.45602199379415187,0.8726371041978972));
#3383=FACE_SURFACE('',(#3388),#3384,.T.);
#3384=PLANE('',#3385);
#3385=AXIS2_PLACEMENT_3D('',#256,#3386,#3387);
#3386=DIRECTION('',(0.9437555129795979,-0.33023457227586145,0.016451717065243746));
#3387=DIRECTION('',(0.17478107893337477,0.45602199379415187,-0.8726371041978972));
#3388=FACE_BOUND('',#3389,.T.);
#3389=EDGE_LOOP('',(#3390,#3391,#3392));
#3390=ORIENTED_EDGE('',*,*,#3393,.T.);
#3391=ORIENTED_EDGE('',*,*,#3394,.T.);
#3392=ORIENTED_EDGE('',*,*,#3395,.T.);
#3393=EDGE_CURVE('',#257,#259,#3396,.F.);
#3394=EDGE_CURVE('',#259,#261,#3397,.T.);
#3395=EDGE_CURVE('',#261,#257,#3398,.T.);
#3396=LINE('',#256,#3399);
#3397=LINE('',#258,#3400);
#3398=LINE('',#260,#3401);
#3399=VECTOR('',#3402,1.0);
#3400=VECTOR('',#3403,1.0);
#3401=VECTOR('',#3404,1.0);
#3402=DIRECTION('',(0.17478107893337477,0.45602199379415187,-0.8726371041978972));
#3403=DIRECTION('',(0.29027046197563805,0.8513172011478599,0.43703784954420577));
#3404=DIRECTION('',(-0.33027927182844136,-0.9438832568705066,0));
#3405=FACE_SURFACE('',(#3410),#3406,.T.);
#3406=PLANE('',#3407);
#3407=AXIS2_PLACEMENT_3D('',#260,#3408,#3409);
#3408=DIRECTION('',(0.9488820964177173,-0.315214116225268,-0.01621197181841501));
#3409=DIRECTION('',(-0.29027046197563805,-0.8513172011478599,-0.43703784954420577));
#3410=FACE_BOUND('',#3411,.T.);
#3411=EDGE_LOOP('',(#3412,#3413,#3414));
#3412=ORIENTED_EDGE('',*,*,#3415,.T.);
#3413=ORIENTED_EDGE('',*,*,#3416,.T.);
#3414=ORIENTED_EDGE('',*,*,#3417,.T.);
#3415=EDGE_CURVE('',#261,#259,#3418,.F.);
#3416=EDGE_CURVE('',#259,#263,#3419,.T.);
#3417=EDGE_CURVE('',#263,#261,#3420,.T.);
#3418=LINE('',#260,#3421);
#3419=LINE('',#258,#3422);
#3420=LINE('',#262,#3423);
#3421=VECTOR('',#3424,1.0);
#3422=VECTOR('',#3425,1.0);
#3423=VECTOR('',#3426,1.0);
#3424=DIRECTION('',(-0.29027046197563805,-0.8513172011478599,-0.43703784954420577));
#3425=DIRECTION('',(0.3152555479451457,0.9490068174095515,0));
#3426=DIRECTION('',(-0.1387006010640047,-0.4625644334928067,0.8756690517152943));
#3427=FACE_SURFACE('',(#3432),#3428,.T.);
#3428=PLANE('',#3429);
#3429=AXIS2_PLACEMENT_3D('',#260,#3430,#3431);
#3430=DIRECTION('',(0.9657978336594666,-0.25878494895916226,0.01627558573093848));
#3431=DIRECTION('',(0.1387006010640047,0.4625644334928067,-0.8756690517152943));
#3432=FACE_BOUND('',#3433,.T.);
#3433=EDGE_LOOP('',(#3434,#3435,#3436));
#3434=ORIENTED_EDGE('',*,*,#3437,.T.);
#3435=ORIENTED_EDGE('',*,*,#3438,.T.);
#3436=ORIENTED_EDGE('',*,*,#3439,.T.);
#3437=EDGE_CURVE('',#261,#263,#3440,.F.);
#3438=EDGE_CURVE('',#263,#265,#3441,.T.);
#3439=EDGE_CURVE('',#265,#261,#3442,.T.);
#3440=LINE('',#260,#3443);
#3441=LINE('',#262,#3444);
#3442=LINE('',#264,#3445);
#3443=VECTOR('',#3446,1.0);
#3444=VECTOR('',#3447,1.0);
#3445=VECTOR('',#3448,1.0);
#3446=DIRECTION('',(0.1387006010640047,0.4625644334928067,-0.8756690517152943));
#3447=DIRECTION('',(0.22611194951652064,0.871258970386188,0.43563883298833467));
#3448=DIRECTION('',(-0.25881923114972044,-0.9659257764378522,0));
#3449=FACE_SURFACE('',(#3454),#3450,.T.);
#3450=PLANE('',#3451);
#3451=AXIS2_PLACEMENT_3D('',#264,#3452,#3453);
#3452=DIRECTION('',(0.9697309260443505,-0.2436487826951556,-0.0160375111639938));
#3453=DIRECTION('',(-0.22611194951652064,-0.871258970386188,-0.43563883298833467));
#3454=FACE_BOUND('',#3455,.T.);
#3455=EDGE_LOOP('',(#3456,#3457,#3458));
#3456=ORIENTED_EDGE('',*,*,#3459,.T.);
#3457=ORIENTED_EDGE('',*,*,#3460,.T.);
#3458=ORIENTED_EDGE('',*,*,#3461,.T.);
#3459=EDGE_CURVE('',#265,#263,#3462,.F.);
#3460=EDGE_CURVE('',#263,#267,#3463,.T.);
#3461=EDGE_CURVE('',#267,#265,#3464,.T.);
#3462=LINE('',#264,#3465);
#3463=LINE('',#262,#3466);
#3464=LINE('',#266,#3467);
#3465=VECTOR('',#3468,1.0);
#3466=VECTOR('',#3469,1.0);
#3467=VECTOR('',#3470,1.0);
#3468=DIRECTION('',(-0.22611194951652064,-0.871258970386188,-0.43563883298833467));
#3469=DIRECTION('',(0.24368012218910873,0.9698556583584492,0));
#3470=DIRECTION('',(-0.10261255328760904,-0.46623885470077897,0.8786876545594023));
#3471=FACE_SURFACE('',(#3476),#3472,.T.);
#3472=PLANE('',#3473);
#3473=AXIS2_PLACEMENT_3D('',#264,#3474,#3475);
#3474=DIRECTION('',(0.98243939905009,-0.18588639923910918,0.01609576876128038));
#3475=DIRECTION('',(0.10261255328760904,0.46623885470077897,-0.8786876545594023));
#3476=FACE_BOUND('',#3477,.T.);
#3477=EDGE_LOOP('',(#3478,#3479,#3480));
#3478=ORIENTED_EDGE('',*,*,#3481,.T.);
#3479=ORIENTED_EDGE('',*,*,#3482,.T.);
#3480=ORIENTED_EDGE('',*,*,#3483,.T.);
#3481=EDGE_CURVE('',#265,#267,#3484,.F.);
#3482=EDGE_CURVE('',#267,#269,#3485,.T.);
#3483=EDGE_CURVE('',#269,#265,#3486,.T.);
#3484=LINE('',#264,#3487);
#3485=LINE('',#266,#3488);
#3486=LINE('',#268,#3489);
#3487=VECTOR('',#3490,1.0);
#3488=VECTOR('',#3491,1.0);
#3489=VECTOR('',#3492,1.0);
#3490=DIRECTION('',(0.10261255328760904,0.46623885470077897,-0.8786876545594023));
#3491=DIRECTION('',(0.1605933244071058,0.8863626396530825,0.43424768874813136));
#3492=DIRECTION('',(-0.18591048306413452,-0.9825666859235868,0));
#3493=FACE_SURFACE('',(#3498),#3494,.T.);
#3494=PLANE('',#3495);
#3495=AXIS2_PLACEMENT_3D('',#268,#3496,#3497);
#3496=DIRECTION('',(0.9851901259277446,-0.17073075643668642,-0.015856373514509473));
#3497=DIRECTION('',(-0.1605933244071058,-0.8863626396530825,-0.43424768874813136));
#3498=FACE_BOUND('',#3499,.T.);
#3499=EDGE_LOOP('',(#3500,#3501,#3502));
#3500=ORIENTED_EDGE('',*,*,#3503,.T.);
#3501=ORIENTED_EDGE('',*,*,#3504,.T.);
#3502=ORIENTED_EDGE('',*,*,#3505,.T.);
#3503=EDGE_CURVE('',#269,#267,#3506,.F.);
#3504=EDGE_CURVE('',#267,#271,#3507,.T.);
#3505=EDGE_CURVE('',#271,#269,#3508,.T.);
#3506=LINE('',#268,#3509);
#3507=LINE('',#266,#3510);
#3508=LINE('',#270,#3511);
#3509=VECTOR('',#3512,1.0);
#3510=VECTOR('',#3513,1.0);
#3511=VECTOR('',#3514,1.0);
#3512=DIRECTION('',(-0.1605933244071058,-0.8863626396530825,-0.43424768874813136));
#3513=DIRECTION('',(0.1707522234392235,0.9853139997942593,0));
#3514=DIRECTION('',(-0.06675313305880702,-0.467080218377722,0.8816916064174892));
#3515=FACE_SURFACE('',(#3520),#3516,.T.);
#3516=PLANE('',#3517);
#3517=AXIS2_PLACEMENT_3D('',#268,#3518,#3519);
#3518=DIRECTION('',(0.9935861998735508,-0.11195124005265458,0.015918017197792497));
#3519=DIRECTION('',(0.06675313305880702,0.467080218377722,-0.8816916064174892));
#3520=FACE_BOUND('',#3521,.T.);
#3521=EDGE_LOOP('',(#3522,#3523,#3524));
#3522=ORIENTED_EDGE('',*,*,#3525,.T.);
#3523=ORIENTED_EDGE('',*,*,#3526,.T.);
#3524=ORIENTED_EDGE('',*,*,#3527,.T.);
#3525=EDGE_CURVE('',#269,#271,#3528,.F.);
#3526=EDGE_CURVE('',#271,#273,#3529,.T.);
#3527=EDGE_CURVE('',#273,#269,#3530,.T.);
#3528=LINE('',#268,#3531);
#3529=LINE('',#270,#3532);
#3530=LINE('',#272,#3533);
#3531=VECTOR('',#3534,1.0);
#3532=VECTOR('',#3535,1.0);
#3533=VECTOR('',#3536,1.0);
#3534=DIRECTION('',(0.06675313305880702,0.467080218377722,-0.8816916064174892));
#3535=DIRECTION('',(0.09408141611998548,0.8965361948090869,0.432864341957271));
#3536=DIRECTION('',(-0.11196542603430636,-0.9937121028612644,0));
#3537=FACE_SURFACE('',(#3542),#3538,.T.);
#3538=PLANE('',#3539);
#3539=AXIS2_PLACEMENT_3D('',#272,#3540,#3541);
#3540=DIRECTION('',(0.9951742042651572,-0.09686361865026845,-0.01567617769695003));
#3541=DIRECTION('',(-0.09408141611998548,-0.8965361948090869,-0.432864341957271));
#3542=FACE_BOUND('',#3543,.T.);
#3543=EDGE_LOOP('',(#3544,#3545,#3546));
#3544=ORIENTED_EDGE('',*,*,#3547,.T.);
#3545=ORIENTED_EDGE('',*,*,#3548,.T.);
#3546=ORIENTED_EDGE('',*,*,#3549,.T.);
#3547=EDGE_CURVE('',#273,#271,#3550,.F.);
#3548=EDGE_CURVE('',#271,#275,#3551,.T.);
#3549=EDGE_CURVE('',#275,#273,#3552,.T.);
#3550=LINE('',#272,#3553);
#3551=LINE('',#270,#3554);
#3552=LINE('',#274,#3555);
#3553=VECTOR('',#3556,1.0);
#3554=VECTOR('',#3557,1.0);
#3555=VECTOR('',#3558,1.0);
#3556=DIRECTION('',(-0.09408141611998548,-0.8965361948090869,-0.432864341957271));
#3557=DIRECTION('',(0.09687552260048207,0.9952965051284384,0));
#3558=DIRECTION('',(-0.0313382849613501,-0.4651432867383483,0.8846805269123583));
#3559=FACE_SURFACE('',(#3564),#3560,.T.);
#3560=PLANE('',#3561);
#3561=AXIS2_PLACEMENT_3D('',#272,#3562,#3563);
#3562=DIRECTION('',(0.9991769657943363,-0.0373861653977028,0.015737396953723535));
#3563=DIRECTION('',(0.0313382849613501,0.4651432867383483,-0.8846805269123583));
#3564=FACE_BOUND('',#3565,.T.);
#3565=EDGE_LOOP('',(#3566,#3567,#3568));
#3566=ORIENTED_EDGE('',*,*,#3569,.T.);
#3567=ORIENTED_EDGE('',*,*,#3570,.T.);
#3568=ORIENTED_EDGE('',*,*,#3571,.T.);
#3569=EDGE_CURVE('',#273,#275,#3572,.F.);
#3570=EDGE_CURVE('',#275,#277,#3573,.T.);
#3571=EDGE_CURVE('',#277,#273,#3574,.T.);
#3572=LINE('',#272,#3575);
#3573=LINE('',#274,#3576);
#3574=LINE('',#276,#3577);
#3575=VECTOR('',#3578,1.0);
#3576=VECTOR('',#3579,1.0);
#3577=VECTOR('',#3580,1.0);
#3578=DIRECTION('',(0.0313382849613501,0.4651432867383483,-0.8846805269123583));
#3579=DIRECTION('',(0.0269433617079424,0.9017158351206368,0.431488827146854));
#3580=DIRECTION('',(-0.03739079589254935,-0.9993007196947882,0));
#3581=FACE_SURFACE('',(#3586),#3582,.T.);
#3582=PLANE('',#3583);
#3583=AXIS2_PLACEMENT_3D('',#276,#3584,#3585);
#3584=DIRECTION('',(0.9996277937773919,-0.022455199421925646,-0.015493157414338724));
#3585=DIRECTION('',(-0.0269433617079424,-0.9017158351206368,-0.431488827146854));
#3586=FACE_BOUND('',#3587,.T.);
#3587=EDGE_LOOP('',(#3588,#3589,#3590));
#3588=ORIENTED_EDGE('',*,*,#3591,.T.);
#3589=ORIENTED_EDGE('',*,*,#3592,.T.);
#3590=ORIENTED_EDGE('',*,*,#3593,.T.);
#3591=EDGE_CURVE('',#277,#275,#3594,.F.);
#3592=EDGE_CURVE('',#275,#279,#3595,.T.);
#3593=EDGE_CURVE('',#279,#277,#3596,.T.);
#3594=LINE('',#276,#3597);
#3595=LINE('',#274,#3598);
#3596=LINE('',#278,#3599);
#3597=VECTOR('',#3600,1.0);
#3598=VECTOR('',#3601,1.0);
#3599=VECTOR('',#3602,1.0);
#3600=DIRECTION('',(-0.0269433617079424,-0.9017158351206368,-0.431488827146854));
#3601=DIRECTION('',(0.022457894956964385,0.9997477896720263,0));
#3602=DIRECTION('',(0.0034132181631991,-0.460499435194001,0.8876534346960961));
#3603=FACE_SURFACE('',(#3608),#3604,.T.);
#3604=PLANE('',#3605);
#3605=AXIS2_PLACEMENT_3D('',#276,#3606,#3607);
#3606=DIRECTION('',(0.9991798444164911,0.03738627310699523,0.01555329852493824));
#3607=DIRECTION('',(-0.0034132181631991,0.460499435194001,-0.8876534346960961));
#3608=FACE_BOUND('',#3609,.T.);
#3609=EDGE_LOOP('',(#3610,#3611,#3612));
#3610=ORIENTED_EDGE('',*,*,#3613,.T.);
#3611=ORIENTED_EDGE('',*,*,#3614,.T.);
#3612=ORIENTED_EDGE('',*,*,#3615,.T.);
#3613=EDGE_CURVE('',#277,#279,#3616,.F.);
#3614=EDGE_CURVE('',#279,#281,#3617,.T.);
#3615=EDGE_CURVE('',#281,#277,#3618,.T.);
#3616=LINE('',#276,#3619);
#3617=LINE('',#278,#3620);
#3618=LINE('',#280,#3621);
#3619=VECTOR('',#3622,1.0);
#3620=VECTOR('',#3623,1.0);
#3621=VECTOR('',#3624,1.0);
#3622=DIRECTION('',(-0.0034132181631991,0.460499435194001,-0.8876534346960961));
#3623=DIRECTION('',(-0.04044033941672828,0.9018650135106607,0.430121001990458));
#3624=DIRECTION('',(0.03739079589254935,-0.9993007196947882,0));
#3625=FACE_SURFACE('',(#3630),#3626,.T.);
#3626=PLANE('',#3627);
#3627=AXIS2_PLACEMENT_3D('',#280,#3628,#3629);
#3628=DIRECTION('',(0.9985257354934761,0.05207644299171098,-0.015310115693346789));
#3629=DIRECTION('',(0.04044033941672828,-0.9018650135106607,-0.430121001990458));
#3630=FACE_BOUND('',#3631,.T.);
#3631=EDGE_LOOP('',(#3632,#3633,#3634));
#3632=ORIENTED_EDGE('',*,*,#3635,.T.);
#3633=ORIENTED_EDGE('',*,*,#3636,.T.);
#3634=ORIENTED_EDGE('',*,*,#3637,.T.);
#3635=EDGE_CURVE('',#281,#279,#3638,.F.);
#3636=EDGE_CURVE('',#279,#283,#3639,.T.);
#3637=EDGE_CURVE('',#283,#281,#3640,.T.);
#3638=LINE('',#280,#3641);
#3639=LINE('',#278,#3642);
#3640=LINE('',#282,#3643);
#3641=VECTOR('',#3644,1.0);
#3642=VECTOR('',#3645,1.0);
#3643=VECTOR('',#3646,1.0);
#3644=DIRECTION('',(0.04044033941672828,-0.9018650135106607,-0.430121001990458));
#3645=DIRECTION('',(-0.05208254741469896,0.9986427831085526,0));
#3646=DIRECTION('',(0.037293312609198076,-0.4532375836071138,0.8906092867473464));
#3647=FACE_SURFACE('',(#3652),#3648,.T.);
#3648=PLANE('',#3649);
#3649=AXIS2_PLACEMENT_3D('',#280,#3650,#3651);
#3650=DIRECTION('',(0.9935947572063341,0.11195220424078114,0.015367576832946626));
#3651=DIRECTION('',(-0.037293312609198076,0.4532375836071138,-0.8906092867473464));
#3652=FACE_BOUND('',#3653,.T.);
#3653=EDGE_LOOP('',(#3654,#3655,#3656));
#3654=ORIENTED_EDGE('',*,*,#3657,.T.);
#3655=ORIENTED_EDGE('',*,*,#3658,.T.);
#3656=ORIENTED_EDGE('',*,*,#3659,.T.);
#3657=EDGE_CURVE('',#281,#283,#3660,.F.);
#3658=EDGE_CURVE('',#283,#285,#3661,.T.);
#3659=EDGE_CURVE('',#285,#281,#3662,.T.);
#3660=LINE('',#280,#3663);
#3661=LINE('',#282,#3664);
#3662=LINE('',#284,#3665);
#3663=VECTOR('',#3666,1.0);
#3664=VECTOR('',#3667,1.0);
#3665=VECTOR('',#3668,1.0);
#3666=DIRECTION('',(-0.037293312609198076,0.4532375836071138,-0.8906092867473464));
#3667=DIRECTION('',(-0.10769725032689513,0.8969757086828183,0.4287608661071834));
#3668=DIRECTION('',(0.11196542603430636,-0.9937121028612644,0));
#3669=FACE_SURFACE('',(#3674),#3670,.T.);
#3670=PLANE('',#3671);
#3671=AXIS2_PLACEMENT_3D('',#284,#3672,#3673);
#3672=DIRECTION('',(0.9918744189788071,0.12631908988675228,-0.015120334177404472));
#3673=DIRECTION('',(0.10769725032689513,-0.8969757086828183,-0.4287608661071834));
#3674=FACE_BOUND('',#3675,.T.);
#3675=EDGE_LOOP('',(#3676,#3677,#3678));
#3676=ORIENTED_EDGE('',*,*,#3679,.T.);
#3677=ORIENTED_EDGE('',*,*,#3680,.T.);
#3678=ORIENTED_EDGE('',*,*,#3681,.T.);
#3679=EDGE_CURVE('',#285,#283,#3682,.F.);
#3680=EDGE_CURVE('',#283,#287,#3683,.T.);
#3681=EDGE_CURVE('',#287,#285,#3684,.T.);
#3682=LINE('',#284,#3685);
#3683=LINE('',#282,#3686);
#3684=LINE('',#286,#3687);
#3685=VECTOR('',#3688,1.0);
#3686=VECTOR('',#3689,1.0);
#3687=VECTOR('',#3690,1.0);
#3688=DIRECTION('',(0.10769725032689513,-0.8969757086828183,-0.4287608661071834));
#3689=DIRECTION('',(-0.12633353218293547,0.9919878218235259,0));
#3690=DIRECTION('',(0.07009812858456932,-0.4434626958513413,0.8935474748200019));
#3691=FACE_SURFACE('',(#3696),#3692,.T.);
#3692=PLANE('',#3693);
#3693=AXIS2_PLACEMENT_3D('',#284,#3694,#3695);
#3694=DIRECTION('',(0.9824534273326573,0.18588905351675367,0.015182980766647343));
#3695=DIRECTION('',(-0.07009812858456932,0.4434626958513413,-0.8935474748200019));
#3696=FACE_BOUND('',#3697,.T.);
#3697=EDGE_LOOP('',(#3698,#3699,#3700));
#3698=ORIENTED_EDGE('',*,*,#3701,.T.);
#3699=ORIENTED_EDGE('',*,*,#3702,.T.);
#3700=ORIENTED_EDGE('',*,*,#3703,.T.);
#3701=EDGE_CURVE('',#285,#287,#3704,.F.);
#3702=EDGE_CURVE('',#287,#289,#3705,.T.);
#3703=EDGE_CURVE('',#289,#285,#3706,.T.);
#3704=LINE('',#284,#3707);
#3705=LINE('',#286,#3708);
#3706=LINE('',#288,#3709);
#3707=VECTOR('',#3710,1.0);
#3708=VECTOR('',#3711,1.0);
#3709=VECTOR('',#3712,1.0);
#3710=DIRECTION('',(-0.07009812858456932,0.4434626958513413,-0.8935474748200019));
#3711=DIRECTION('',(-0.1744465935706319,0.887068485365575,0.42740833901882097));
#3712=DIRECTION('',(0.18591048306413452,-0.9825666859235868,0));
#3713=FACE_SURFACE('',(#3718),#3714,.T.);
#3714=PLANE('',#3715);
#3715=AXIS2_PLACEMENT_3D('',#288,#3716,#3717);
#3716=DIRECTION('',(0.9797102268626025,0.19986187083200835,-0.014936665235506087));
#3717=DIRECTION('',(0.1744465935706319,-0.887068485365575,-0.42740833901882097));
#3718=FACE_BOUND('',#3719,.T.);
#3719=EDGE_LOOP('',(#3720,#3721,#3722));
#3720=ORIENTED_EDGE('',*,*,#3723,.T.);
#3721=ORIENTED_EDGE('',*,*,#3724,.T.);
#3722=ORIENTED_EDGE('',*,*,#3725,.T.);
#3723=EDGE_CURVE('',#289,#287,#3726,.F.);
#3724=EDGE_CURVE('',#287,#291,#3727,.T.);
#3725=EDGE_CURVE('',#291,#289,#3728,.T.);
#3726=LINE('',#288,#3729);
#3727=LINE('',#286,#3730);
#3728=LINE('',#290,#3731);
#3729=VECTOR('',#3732,1.0);
#3730=VECTOR('',#3733,1.0);
#3731=VECTOR('',#3734,1.0);
#3732=DIRECTION('',(0.1744465935706319,-0.887068485365575,-0.42740833901882097));
#3733=DIRECTION('',(-0.19988416955153035,0.9798195337727735,0));
#3734=DIRECTION('',(0.10165201016228988,-0.4312943467335676,0.8964664273165119));
#3735=FACE_SURFACE('',(#3740),#3736,.T.);
#3736=PLANE('',#3737);
#3737=AXIS2_PLACEMENT_3D('',#288,#3738,#3739);
#3738=DIRECTION('',(0.9658172576935101,0.25879015361740787,0.014989367300399287));
#3739=DIRECTION('',(-0.10165201016228988,0.4312943467335676,-0.8964664273165119));
#3740=FACE_BOUND('',#3741,.T.);
#3741=EDGE_LOOP('',(#3742,#3743,#3744));
#3742=ORIENTED_EDGE('',*,*,#3745,.T.);
#3743=ORIENTED_EDGE('',*,*,#3746,.T.);
#3744=ORIENTED_EDGE('',*,*,#3747,.T.);
#3745=EDGE_CURVE('',#289,#291,#3748,.F.);
#3746=EDGE_CURVE('',#291,#293,#3749,.T.);
#3747=EDGE_CURVE('',#293,#289,#3750,.T.);
#3748=LINE('',#288,#3751);
#3749=LINE('',#290,#3752);
#3750=LINE('',#292,#3753);
#3751=VECTOR('',#3754,1.0);
#3752=VECTOR('',#3755,1.0);
#3753=VECTOR('',#3756,1.0);
#3754=DIRECTION('',(-0.10165201016228988,0.4312943467335676,-0.8964664273165119));
#3755=DIRECTION('',(-0.24031568688233504,0.872191669615308,0.4260634484345413));
#3756=DIRECTION('',(0.25881923114972044,-0.9659257764378522,0));
#3757=FACE_SURFACE('',(#3762),#3758,.T.);
#3758=PLANE('',#3759);
#3759=AXIS2_PLACEMENT_3D('',#292,#3760,#3761);
#3760=DIRECTION('',(0.9621019031421746,0.2722912675770252,-0.014744272498244716));
#3761=DIRECTION('',(0.24031568688233504,-0.872191669615308,-0.4260634484345413));
#3762=FACE_BOUND('',#3763,.T.);
#3763=EDGE_LOOP('',(#3764,#3765,#3766));
#3764=ORIENTED_EDGE('',*,*,#3767,.T.);
#3765=ORIENTED_EDGE('',*,*,#3768,.T.);
#3766=ORIENTED_EDGE('',*,*,#3769,.T.);
#3767=EDGE_CURVE('',#293,#291,#3770,.F.);
#3768=EDGE_CURVE('',#291,#295,#3771,.T.);
#3769=EDGE_CURVE('',#295,#293,#3772,.T.);
#3770=LINE('',#292,#3773);
#3771=LINE('',#290,#3774);
#3772=LINE('',#294,#3775);
#3773=VECTOR('',#3776,1.0);
#3774=VECTOR('',#3777,1.0);
#3775=VECTOR('',#3778,1.0);
#3776=DIRECTION('',(0.24031568688233504,-0.872191669615308,-0.4260634484345413));
#3777=DIRECTION('',(-0.27232086958915175,0.9622064975805391,0));
#3778=DIRECTION('',(0.13176365571253365,-0.4168681835019724,0.899366030388648));
#3779=FACE_SURFACE('',(#3784),#3780,.T.);
#3780=PLANE('',#3781);
#3781=AXIS2_PLACEMENT_3D('',#292,#3782,#3783);
#3782=DIRECTION('',(0.9437798563615879,0.3302430903997067,0.014801485376535854));
#3783=DIRECTION('',(-0.13176365571253365,0.4168681835019724,-0.899366030388648));
#3784=FACE_BOUND('',#3785,.T.);
#3785=EDGE_LOOP('',(#3786,#3787,#3788));
#3786=ORIENTED_EDGE('',*,*,#3789,.T.);
#3787=ORIENTED_EDGE('',*,*,#3790,.T.);
#3788=ORIENTED_EDGE('',*,*,#3791,.T.);
#3789=EDGE_CURVE('',#293,#295,#3792,.F.);
#3790=EDGE_CURVE('',#295,#297,#3793,.T.);
#3791=EDGE_CURVE('',#297,#293,#3794,.T.);
#3792=LINE('',#292,#3795);
#3793=LINE('',#294,#3796);
#3794=LINE('',#296,#3797);
#3795=VECTOR('',#3798,1.0);
#3796=VECTOR('',#3799,1.0);
#3797=VECTOR('',#3800,1.0);
#3798=DIRECTION('',(-0.13176365571253365,0.4168681835019724,-0.899366030388648));
#3799=DIRECTION('',(-0.30493632637815804,0.8524211314885116,0.4247258544600729));
#3800=DIRECTION('',(0.33027927182844136,-0.9438832568705066,0));
#3801=FACE_SURFACE('',(#3806),#3802,.T.);
#3802=PLANE('',#3803);
#3803=AXIS2_PLACEMENT_3D('',#296,#3804,#3805);
#3804=DIRECTION('',(0.9391457042503786,0.3432107194457582,-0.01455157192833854));
#3805=DIRECTION('',(0.30493632637815804,-0.8524211314885116,-0.4247258544600729));
#3806=FACE_BOUND('',#3807,.T.);
#3807=EDGE_LOOP('',(#3808,#3809,#3810));
#3808=ORIENTED_EDGE('',*,*,#3811,.T.);
#3809=ORIENTED_EDGE('',*,*,#3812,.T.);
#3810=ORIENTED_EDGE('',*,*,#3813,.T.);
#3811=EDGE_CURVE('',#297,#295,#3814,.F.);
#3812=EDGE_CURVE('',#295,#299,#3815,.T.);
#3813=EDGE_CURVE('',#299,#297,#3816,.T.);
#3814=LINE('',#296,#3817);
#3815=LINE('',#294,#3818);
#3816=LINE('',#298,#3819);
#3817=VECTOR('',#3820,1.0);
#3818=VECTOR('',#3821,1.0);
#3819=VECTOR('',#3822,1.0);
#3820=DIRECTION('',(0.30493632637815804,-0.8524211314885116,-0.4247258544600729));
#3821=DIRECTION('',(-0.3432470623513743,0.9392451512715686,0));
#3822=DIRECTION('',(0.1602807115250692,-0.4003309259563345,0.9022445584407597));
#3823=FACE_SURFACE('',(#3828),#3824,.T.);
#3824=PLANE('',#3825);
#3825=AXIS2_PLACEMENT_3D('',#296,#3826,#3827);
#3826=DIRECTION('',(0.9164644602640026,0.39984932618236024,0.014608539438382539));
#3827=DIRECTION('',(-0.1602807115250692,0.4003309259563345,-0.9022445584407597));
#3828=FACE_BOUND('',#3829,.T.);
#3829=EDGE_LOOP('',(#3830,#3831,#3832));
#3830=ORIENTED_EDGE('',*,*,#3833,.T.);
#3831=ORIENTED_EDGE('',*,*,#3834,.T.);
#3832=ORIENTED_EDGE('',*,*,#3835,.T.);
#3833=EDGE_CURVE('',#297,#299,#3836,.F.);
#3834=EDGE_CURVE('',#299,#301,#3837,.T.);
#3835=EDGE_CURVE('',#301,#297,#3838,.T.);
#3836=LINE('',#296,#3839);
#3837=LINE('',#298,#3840);
#3838=LINE('',#300,#3841);
#3839=VECTOR('',#3842,1.0);
#3840=VECTOR('',#3843,1.0);
#3841=VECTOR('',#3844,1.0);
#3842=DIRECTION('',(-0.1602807115250692,0.4003309259563345,-0.9022445584407597));
#3843=DIRECTION('',(-0.3679413346449799,0.8278617443330535,0.42339592172044455));
#3844=DIRECTION('',(0.3998919988198372,-0.91656226699547,0));
#3845=FACE_SURFACE('',(#3850),#3846,.T.);
#3846=PLANE('',#3847);
#3847=AXIS2_PLACEMENT_3D('',#300,#3848,#3849);
#3848=DIRECTION('',(0.9109701244388189,0.41222233307742123,-0.014358986459030191));
#3849=DIRECTION('',(0.3679413346449799,-0.8278617443330535,-0.42339592172044455));
#3850=FACE_BOUND('',#3851,.T.);
#3851=EDGE_LOOP('',(#3852,#3853,#3854));
#3852=ORIENTED_EDGE('',*,*,#3855,.T.);
#3853=ORIENTED_EDGE('',*,*,#3856,.T.);
#3854=ORIENTED_EDGE('',*,*,#3857,.T.);
#3855=EDGE_CURVE('',#301,#299,#3858,.F.);
#3856=EDGE_CURVE('',#299,#303,#3859,.T.);
#3857=EDGE_CURVE('',#303,#301,#3860,.T.);
#3858=LINE('',#300,#3861);
#3859=LINE('',#298,#3862);
#3860=LINE('',#302,#3863);
#3861=VECTOR('',#3864,1.0);
#3862=VECTOR('',#3865,1.0);
#3863=VECTOR('',#3866,1.0);
#3864=DIRECTION('',(0.3679413346449799,-0.8278617443330535,-0.42339592172044455));
#3865=DIRECTION('',(-0.4122648357517015,0.9110640510977386,0));
#3866=DIRECTION('',(0.18705286480052205,-0.3818406155352099,0.905101635230878));
#3867=FACE_SURFACE('',(#3872),#3868,.T.);
#3868=PLANE('',#3869);
#3869=AXIS2_PLACEMENT_3D('',#300,#3870,#3871);
#3870=DIRECTION('',(0.8840233458552527,0.4672205124844964,0.014412379977262036));
#3871=DIRECTION('',(-0.18705286480052205,0.3818406155352099,-0.905101635230878));
#3872=FACE_BOUND('',#3873,.T.);
#3873=EDGE_LOOP('',(#3874,#3875,#3876));
#3874=ORIENTED_EDGE('',*,*,#3877,.T.);
#3875=ORIENTED_EDGE('',*,*,#3878,.T.);
#3876=ORIENTED_EDGE('',*,*,#3879,.T.);
#3877=EDGE_CURVE('',#301,#303,#3880,.F.);
#3878=EDGE_CURVE('',#303,#305,#3881,.T.);
#3879=EDGE_CURVE('',#305,#301,#3882,.T.);
#3880=LINE('',#300,#3883);
#3881=LINE('',#302,#3884);
#3882=LINE('',#304,#3885);
#3883=VECTOR('',#3886,1.0);
#3884=VECTOR('',#3887,1.0);
#3885=VECTOR('',#3888,1.0);
#3886=DIRECTION('',(-0.18705286480052205,0.3818406155352099,-0.905101635230878));
#3887=DIRECTION('',(-0.4289773777946504,0.7986441635214503,0.42207334601174346));
#3888=DIRECTION('',(0.46726904479607645,-0.8841151733656437,0));
#3889=FACE_SURFACE('',(#3894),#3890,.T.);
#3890=PLANE('',#3891);
#3891=AXIS2_PLACEMENT_3D('',#304,#3892,#3893);
#3892=DIRECTION('',(0.8777321619186838,0.4789422747515639,-0.014161546149731637));
#3893=DIRECTION('',(0.4289773777946504,-0.7986441635214503,-0.42207334601174346));
#3894=FACE_BOUND('',#3895,.T.);
#3895=EDGE_LOOP('',(#3896,#3897,#3898));
#3896=ORIENTED_EDGE('',*,*,#3899,.T.);
#3897=ORIENTED_EDGE('',*,*,#3900,.T.);
#3898=ORIENTED_EDGE('',*,*,#3901,.T.);
#3899=EDGE_CURVE('',#305,#303,#3902,.F.);
#3900=EDGE_CURVE('',#303,#307,#3903,.T.);
#3901=EDGE_CURVE('',#307,#305,#3904,.T.);
#3902=LINE('',#304,#3905);
#3903=LINE('',#302,#3906);
#3904=LINE('',#306,#3907);
#3905=VECTOR('',#3908,1.0);
#3906=VECTOR('',#3909,1.0);
#3907=VECTOR('',#3910,1.0);
#3908=DIRECTION('',(0.4289773777946504,-0.7986441635214503,-0.42207334601174346));
#3909=DIRECTION('',(-0.47899030776679646,0.8778201894838541,0));
#3910=DIRECTION('',(0.21194210661694143,-0.3615688768023954,0.9079363913681547));
#3911=FACE_SURFACE('',(#3916),#3912,.T.);
#3912=PLANE('',#3913);
#3913=AXIS2_PLACEMENT_3D('',#304,#3914,#3915);
#3914=DIRECTION('',(0.8466388689498651,0.5319779124997419,0.014217109259982931));
#3915=DIRECTION('',(-0.21194210661694143,0.3615688768023954,-0.9079363913681547));
#3916=FACE_BOUND('',#3917,.T.);
#3917=EDGE_LOOP('',(#3918,#3919,#3920));
#3918=ORIENTED_EDGE('',*,*,#3921,.T.);
#3919=ORIENTED_EDGE('',*,*,#3922,.T.);
#3920=ORIENTED_EDGE('',*,*,#3923,.T.);
#3921=EDGE_CURVE('',#305,#307,#3924,.F.);
#3922=EDGE_CURVE('',#307,#309,#3925,.T.);
#3923=EDGE_CURVE('',#309,#305,#3926,.T.);
#3924=LINE('',#304,#3927);
#3925=LINE('',#306,#3928);
#3926=LINE('',#308,#3929);
#3927=VECTOR('',#3930,1.0);
#3928=VECTOR('',#3931,1.0);
#3929=VECTOR('',#3932,1.0);
#3930=DIRECTION('',(-0.21194210661694143,0.3615688768023954,-0.9079363913681547));
#3931=DIRECTION('',(-0.4876997912751672,0.7649258090014874,0.420758149432163));
#3932=DIRECTION('',(0.5320316839871766,-0.8467244458699471,0));
#3933=FACE_SURFACE('',(#3938),#3934,.T.);
#3934=PLANE('',#3935);
#3935=AXIS2_PLACEMENT_3D('',#308,#3936,#3937);
#3936=DIRECTION('',(0.8396151522662806,0.543002165479748,-0.01396582862471773));
#3937=DIRECTION('',(0.4876997912751672,-0.7649258090014874,-0.420758149432163));
#3938=FACE_BOUND('',#3939,.T.);
#3939=EDGE_LOOP('',(#3940,#3941,#3942));
#3940=ORIENTED_EDGE('',*,*,#3943,.T.);
#3941=ORIENTED_EDGE('',*,*,#3944,.T.);
#3942=ORIENTED_EDGE('',*,*,#3945,.T.);
#3943=EDGE_CURVE('',#309,#307,#3946,.F.);
#3944=EDGE_CURVE('',#307,#311,#3947,.T.);
#3945=EDGE_CURVE('',#311,#309,#3948,.T.);
#3946=LINE('',#308,#3949);
#3947=LINE('',#306,#3950);
#3948=LINE('',#310,#3951);
#3949=VECTOR('',#3952,1.0);
#3950=VECTOR('',#3953,1.0);
#3951=VECTOR('',#3954,1.0);
#3952=DIRECTION('',(0.4876997912751672,-0.7649258090014874,-0.420758149432163));
#3953=DIRECTION('',(-0.543055127984816,0.8396970453499257,0));
#3954=DIRECTION('',(0.2348382990316321,-0.33969379323713234,0.9107464521721169));
#3955=FACE_SURFACE('',(#3960),#3956,.T.);
#3956=PLANE('',#3957);
#3957=AXIS2_PLACEMENT_3D('',#308,#3958,#3959);
#3958=DIRECTION('',(0.8045186153139305,0.5937620188111664,0.014016512784705072));
#3959=DIRECTION('',(-0.2348382990316321,0.33969379323713234,-0.9107464521721169));
#3960=FACE_BOUND('',#3961,.T.);
#3961=EDGE_LOOP('',(#3962,#3963,#3964));
#3962=ORIENTED_EDGE('',*,*,#3965,.T.);
#3963=ORIENTED_EDGE('',*,*,#3966,.T.);
#3964=ORIENTED_EDGE('',*,*,#3967,.T.);
#3965=EDGE_CURVE('',#309,#311,#3968,.F.);
#3966=EDGE_CURVE('',#311,#313,#3969,.T.);
#3967=EDGE_CURVE('',#313,#309,#3970,.T.);
#3968=LINE('',#308,#3971);
#3969=LINE('',#310,#3972);
#3970=LINE('',#312,#3973);
#3971=VECTOR('',#3974,1.0);
#3972=VECTOR('',#3975,1.0);
#3973=VECTOR('',#3976,1.0);
#3974=DIRECTION('',(-0.2348382990316321,0.33969379323713234,-0.9107464521721169));
#3975=DIRECTION('',(-0.5437768370414575,0.726889470116362,0.41945017550496133));
#3976=DIRECTION('',(0.5938203534308328,-0.8045976558822929,0));
#3977=FACE_SURFACE('',(#3982),#3978,.T.);
#3978=PLANE('',#3979);
#3979=AXIS2_PLACEMENT_3D('',#312,#3980,#3981);
#3980=DIRECTION('',(0.7968325046104962,0.6040434442204689,-0.01376506775997852));
#3981=DIRECTION('',(0.5437768370414575,-0.726889470116362,-0.41945017550496133));
#3982=FACE_BOUND('',#3983,.T.);
#3983=EDGE_LOOP('',(#3984,#3985,#3986));
#3984=ORIENTED_EDGE('',*,*,#3987,.T.);
#3985=ORIENTED_EDGE('',*,*,#3988,.T.);
#3986=ORIENTED_EDGE('',*,*,#3989,.T.);
#3987=EDGE_CURVE('',#313,#311,#3990,.F.);
#3988=EDGE_CURVE('',#311,#315,#3991,.T.);
#3989=EDGE_CURVE('',#315,#313,#3992,.T.);
#3990=LINE('',#312,#3993);
#3991=LINE('',#310,#3994);
#3992=LINE('',#314,#3995);
#3993=VECTOR('',#3996,1.0);
#3994=VECTOR('',#3997,1.0);
#3995=VECTOR('',#3998,1.0);
#3996=DIRECTION('',(0.5437768370414575,-0.726889470116362,-0.41945017550496133));
#3997=DIRECTION('',(-0.6041006785511973,0.796908006092286,0));
#3998=DIRECTION('',(0.2556312980412879,-0.3164018847891988,0.9135329697189746));
#3999=FACE_SURFACE('',(#4004),#4000,.T.);
#4000=PLANE('',#4001);
#4001=AXIS2_PLACEMENT_3D('',#312,#4002,#4003);
#4002=DIRECTION('',(0.7578991500751076,0.6522253899718204,0.013817343866908924));
#4003=DIRECTION('',(-0.2556312980412879,0.3164018847891988,-0.9135329697189746));
#4004=FACE_BOUND('',#4005,.T.);
#4005=EDGE_LOOP('',(#4006,#4007,#4008));
#4006=ORIENTED_EDGE('',*,*,#4009,.T.);
#4007=ORIENTED_EDGE('',*,*,#4010,.T.);
#4008=ORIENTED_EDGE('',*,*,#4011,.T.);
#4009=EDGE_CURVE('',#313,#315,#4012,.F.);
#4010=EDGE_CURVE('',#315,#317,#4013,.T.);
#4011=EDGE_CURVE('',#317,#313,#4014,.T.);
#4012=LINE('',#312,#4015);
#4013=LINE('',#314,#4016);
#4014=LINE('',#316,#4017);
#4015=VECTOR('',#4018,1.0);
#4016=VECTOR('',#4019,1.0);
#4017=VECTOR('',#4020,1.0);
#4018=DIRECTION('',(-0.2556312980412879,0.3164018847891988,-0.9135329697189746));
#4019=DIRECTION('',(-0.596891660286816,0.6847417664986445,0.4181495654575817));
#4020=DIRECTION('',(0.6522876599952139,-0.7579715091070167,0));
#4021=FACE_SURFACE('',(#4026),#4022,.T.);
#4022=PLANE('',#4023);
#4023=AXIS2_PLACEMENT_3D('',#316,#4024,#4025);
#4024=DIRECTION('',(0.7496204253703671,0.661728997988444,-0.013562856954189094));
#4025=DIRECTION('',(0.596891660286816,-0.6847417664986445,-0.4181495654575817));
#4026=FACE_BOUND('',#4027,.T.);
#4027=EDGE_LOOP('',(#4028,#4029,#4030));
#4028=ORIENTED_EDGE('',*,*,#4031,.T.);
#4029=ORIENTED_EDGE('',*,*,#4032,.T.);
#4030=ORIENTED_EDGE('',*,*,#4033,.T.);
#4031=EDGE_CURVE('',#317,#315,#4034,.F.);
#4032=EDGE_CURVE('',#315,#319,#4035,.T.);
#4033=EDGE_CURVE('',#319,#317,#4036,.T.);
#4034=LINE('',#316,#4037);
#4035=LINE('',#314,#4038);
#4036=LINE('',#318,#4039);
#4037=VECTOR('',#4040,1.0);
#4038=VECTOR('',#4041,1.0);
#4039=VECTOR('',#4042,1.0);
#4040=DIRECTION('',(0.596891660286816,-0.6847417664986445,-0.4181495654575817));
#4041=DIRECTION('',(-0.6617898692713988,0.7496893816306491,0));
#4042=DIRECTION('',(0.2742423424734572,-0.29188702526507326,0.9162931310866503));
#4043=FACE_SURFACE('',(#4048),#4044,.T.);
#4044=PLANE('',#4045);
#4045=AXIS2_PLACEMENT_3D('',#316,#4046,#4047);
#4046=DIRECTION('',(0.7070412386155418,0.7070412386155418,0.01361520451557638));
#4047=DIRECTION('',(-0.2742423424734572,0.29188702526507326,-0.9162931310866503));
#4048=FACE_BOUND('',#4049,.T.);
#4049=EDGE_LOOP('',(#4050,#4051,#4052));
#4050=ORIENTED_EDGE('',*,*,#4053,.T.);
#4051=ORIENTED_EDGE('',*,*,#4054,.T.);
#4052=ORIENTED_EDGE('',*,*,#4055,.T.);
#4053=EDGE_CURVE('',#317,#319,#4056,.F.);
#4054=EDGE_CURVE('',#319,#321,#4057,.T.);
#4055=EDGE_CURVE('',#321,#317,#4058,.T.);
#4056=LINE('',#316,#4059);
#4057=LINE('',#318,#4060);
#4058=LINE('',#320,#4061);
#4059=VECTOR('',#4062,1.0);
#4060=VECTOR('',#4063,1.0);
#4061=VECTOR('',#4064,1.0);
#4062=DIRECTION('',(-0.2742423424734572,0.29188702526507326,-0.9162931310866503));
#4063=DIRECTION('',(-0.6467416188948522,0.6387143864545448,0.4168563432709886));
#4064=DIRECTION('',(0.7071067811865476,-0.7071067811865476,0));
#4065=FACE_SURFACE('',(#4070),#4066,.T.);
#4066=PLANE('',#4067);
#4067=AXIS2_PLACEMENT_3D('',#320,#4068,#4069);
#4068=DIRECTION('',(0.69824242578859,0.7157367145314601,-0.013359277696661183));
#4069=DIRECTION('',(0.6467416188948522,-0.6387143864545448,-0.4168563432709886));
#4070=FACE_BOUND('',#4071,.T.);
#4071=EDGE_LOOP('',(#4072,#4073,#4074));
#4072=ORIENTED_EDGE('',*,*,#4075,.T.);
#4073=ORIENTED_EDGE('',*,*,#4076,.T.);
#4074=ORIENTED_EDGE('',*,*,#4077,.T.);
#4075=EDGE_CURVE('',#321,#319,#4078,.F.);
#4076=EDGE_CURVE('',#319,#323,#4079,.T.);
#4077=EDGE_CURVE('',#323,#321,#4080,.T.);
#4078=LINE('',#320,#4081);
#4079=LINE('',#318,#4082);
#4080=LINE('',#322,#4083);
#4081=VECTOR('',#4084,1.0);
#4082=VECTOR('',#4085,1.0);
#4083=VECTOR('',#4086,1.0);
#4084=DIRECTION('',(0.6467416188948522,-0.6387143864545448,-0.4168563432709886));
#4085=DIRECTION('',(-0.7158005919550425,0.6983047418976979,0));
#4086=DIRECTION('',(0.2906018634353829,-0.2663451628917878,0.9190271003468995));
#4087=FACE_SURFACE('',(#4092),#4088,.T.);
#4088=PLANE('',#4089);
#4089=AXIS2_PLACEMENT_3D('',#320,#4090,#4091);
#4090=DIRECTION('',(0.652229000168289,0.7579033451967283,0.013410841848406645));
#4091=DIRECTION('',(-0.2906018634353829,0.2663451628917878,-0.9190271003468995));
#4092=FACE_BOUND('',#4093,.T.);
#4093=EDGE_LOOP('',(#4094,#4095,#4096));
#4094=ORIENTED_EDGE('',*,*,#4097,.T.);
#4095=ORIENTED_EDGE('',*,*,#4098,.T.);
#4096=ORIENTED_EDGE('',*,*,#4099,.T.);
#4097=EDGE_CURVE('',#321,#323,#4100,.F.);
#4098=EDGE_CURVE('',#323,#325,#4101,.T.);
#4099=EDGE_CURVE('',#325,#321,#4102,.T.);
#4100=LINE('',#320,#4103);
#4101=LINE('',#322,#4104);
#4102=LINE('',#324,#4105);
#4103=VECTOR('',#4106,1.0);
#4104=VECTOR('',#4107,1.0);
#4105=VECTOR('',#4108,1.0);
#4106=DIRECTION('',(-0.2906018634353829,0.2663451628917878,-0.9190271003468995));
#4107=DIRECTION('',(-0.693044196819077,0.5890597853830768,0.4155698623575149));
#4108=DIRECTION('',(0.7579715091070167,-0.6522876599952139,0));
#4109=FACE_SURFACE('',(#4114),#4110,.T.);
#4110=PLANE('',#4111);
#4111=AXIS2_PLACEMENT_3D('',#324,#4112,#4113);
#4112=DIRECTION('',(0.6429832164582923,0.765767277322166,-0.013155239851322768));
#4113=DIRECTION('',(0.693044196819077,-0.5890597853830768,-0.4155698623575149));
#4114=FACE_BOUND('',#4115,.T.);
#4115=EDGE_LOOP('',(#4116,#4117,#4118));
#4116=ORIENTED_EDGE('',*,*,#4119,.T.);
#4117=ORIENTED_EDGE('',*,*,#4120,.T.);
#4118=ORIENTED_EDGE('',*,*,#4121,.T.);
#4119=EDGE_CURVE('',#325,#323,#4122,.F.);
#4120=EDGE_CURVE('',#323,#327,#4123,.T.);
#4121=EDGE_CURVE('',#327,#325,#4124,.T.);
#4122=LINE('',#324,#4125);
#4123=LINE('',#322,#4126);
#4124=LINE('',#326,#4127);
#4125=VECTOR('',#4128,1.0);
#4126=VECTOR('',#4129,1.0);
#4127=VECTOR('',#4130,1.0);
#4128=DIRECTION('',(0.693044196819077,-0.5890597853830768,-0.4155698623575149));
#4129=DIRECTION('',(-0.7658335478948773,0.6430388611264054,0));
#4130=DIRECTION('',(0.30466229075482865,-0.23997776813002683,0.9217329110948308));
#4131=FACE_SURFACE('',(#4136),#4132,.T.);
#4132=PLANE('',#4133);
#4133=AXIS2_PLACEMENT_3D('',#324,#4134,#4135);
#4134=DIRECTION('',(0.5937685924965675,0.8045275223374667,0.013203195301983568));
#4135=DIRECTION('',(-0.30466229075482865,0.23997776813002683,-0.9217329110948308));
#4136=FACE_BOUND('',#4137,.T.);
#4137=EDGE_LOOP('',(#4138,#4139,#4140));
#4138=ORIENTED_EDGE('',*,*,#4141,.T.);
#4139=ORIENTED_EDGE('',*,*,#4142,.T.);
#4140=ORIENTED_EDGE('',*,*,#4143,.T.);
#4141=EDGE_CURVE('',#325,#327,#4144,.F.);
#4142=EDGE_CURVE('',#327,#329,#4145,.T.);
#4143=EDGE_CURVE('',#329,#325,#4146,.T.);
#4144=LINE('',#324,#4147);
#4145=LINE('',#326,#4148);
#4146=LINE('',#328,#4149);
#4147=VECTOR('',#4150,1.0);
#4148=VECTOR('',#4151,1.0);
#4149=VECTOR('',#4152,1.0);
#4150=DIRECTION('',(-0.30466229075482865,0.23997776813002683,-0.9217329110948308));
#4151=DIRECTION('',(-0.7355354976704157,0.5360511677834134,0.4142905709580812));
#4152=DIRECTION('',(0.8045976558822929,-0.5938203534308328,0));
#4153=FACE_SURFACE('',(#4158),#4154,.T.);
#4154=PLANE('',#4155);
#4155=AXIS2_PLACEMENT_3D('',#328,#4156,#4157);
#4156=DIRECTION('',(0.5841508145186314,0.8115418481984193,-0.012948147354468508));
#4157=DIRECTION('',(0.7355354976704157,-0.5360511677834134,-0.4142905709580812));
#4158=FACE_BOUND('',#4159,.T.);
#4159=EDGE_LOOP('',(#4160,#4161,#4162));
#4160=ORIENTED_EDGE('',*,*,#4163,.T.);
#4161=ORIENTED_EDGE('',*,*,#4164,.T.);
#4162=ORIENTED_EDGE('',*,*,#4165,.T.);
#4163=EDGE_CURVE('',#329,#327,#4166,.F.);
#4164=EDGE_CURVE('',#327,#331,#4167,.T.);
#4165=EDGE_CURVE('',#331,#329,#4168,.T.);
#4166=LINE('',#328,#4169);
#4167=LINE('',#326,#4170);
#4168=LINE('',#330,#4171);
#4169=VECTOR('',#4172,1.0);
#4170=VECTOR('',#4173,1.0);
#4171=VECTOR('',#4174,1.0);
#4172=DIRECTION('',(0.7355354976704157,-0.5360511677834134,-0.4142905709580812));
#4173=DIRECTION('',(-0.8116098860831577,0.5841997884389243,0));
#4174=DIRECTION('',(0.3163873874941078,-0.21298783804523594,0.9244107322394466));
#4175=FACE_SURFACE('',(#4180),#4176,.T.);
#4176=PLANE('',#4177);
#4177=AXIS2_PLACEMENT_3D('',#328,#4178,#4179);
#4178=DIRECTION('',(0.5319867587719995,0.8466529477259995,0.012995175956421202));
#4179=DIRECTION('',(-0.3163873874941078,0.21298783804523594,-0.9244107322394466));
#4180=FACE_BOUND('',#4181,.T.);
#4181=EDGE_LOOP('',(#4182,#4183,#4184));
#4182=ORIENTED_EDGE('',*,*,#4185,.T.);
#4183=ORIENTED_EDGE('',*,*,#4186,.T.);
#4184=ORIENTED_EDGE('',*,*,#4187,.T.);
#4185=EDGE_CURVE('',#329,#331,#4188,.F.);
#4186=EDGE_CURVE('',#331,#333,#4189,.T.);
#4187=EDGE_CURVE('',#333,#329,#4190,.T.);
#4188=LINE('',#328,#4191);
#4189=LINE('',#330,#4192);
#4190=LINE('',#332,#4193);
#4191=VECTOR('',#4194,1.0);
#4192=VECTOR('',#4195,1.0);
#4193=VECTOR('',#4196,1.0);
#4194=DIRECTION('',(-0.3163873874941078,0.21298783804523594,-0.9244107322394466));
#4195=DIRECTION('',(-0.7739734703370701,0.4799798895538492,0.41301861076502033));
#4196=DIRECTION('',(0.8467244458699471,-0.5320316839871766,0));
#4197=FACE_SURFACE('',(#4202),#4198,.T.);
#4198=PLANE('',#4199);
#4199=AXIS2_PLACEMENT_3D('',#332,#4200,#4201);
#4200=DIRECTION('',(0.5220712235162074,0.8528067739360132,-0.012737499956426692));
#4201=DIRECTION('',(0.7739734703370701,-0.4799798895538492,-0.41301861076502033));
#4202=FACE_BOUND('',#4203,.T.);
#4203=EDGE_LOOP('',(#4204,#4205,#4206));
#4204=ORIENTED_EDGE('',*,*,#4207,.T.);
#4205=ORIENTED_EDGE('',*,*,#4208,.T.);
#4206=ORIENTED_EDGE('',*,*,#4209,.T.);
#4207=EDGE_CURVE('',#333,#331,#4210,.F.);
#4208=EDGE_CURVE('',#331,#335,#4211,.T.);
#4209=EDGE_CURVE('',#335,#333,#4212,.T.);
#4210=LINE('',#332,#4213);
#4211=LINE('',#330,#4214);
#4212=LINE('',#334,#4215);
#4213=VECTOR('',#4216,1.0);
#4214=VECTOR('',#4217,1.0);
#4215=VECTOR('',#4218,1.0);
#4216=DIRECTION('',(0.7739734703370701,-0.4799798895538492,-0.41301861076502033));
#4217=DIRECTION('',(-0.8528759637060075,0.5221135801073834,0));
#4218=DIRECTION('',(0.32576508895166656,-0.18558034326501907,0.9270582737961786));
#4219=FACE_SURFACE('',(#4224),#4220,.T.);
#4220=PLANE('',#4221);
#4221=AXIS2_PLACEMENT_3D('',#332,#4222,#4223);
#4222=DIRECTION('',(0.4672308474748294,0.8840429005890228,0.012786128659609718));
#4223=DIRECTION('',(-0.32576508895166656,0.18558034326501907,-0.9270582737961786));
#4224=FACE_BOUND('',#4225,.T.);
#4225=EDGE_LOOP('',(#4226,#4227,#4228));
#4226=ORIENTED_EDGE('',*,*,#4229,.T.);
#4227=ORIENTED_EDGE('',*,*,#4230,.T.);
#4228=ORIENTED_EDGE('',*,*,#4231,.T.);
#4229=EDGE_CURVE('',#333,#335,#4232,.F.);
#4230=EDGE_CURVE('',#335,#337,#4233,.T.);
#4231=EDGE_CURVE('',#337,#333,#4234,.T.);
#4232=LINE('',#332,#4235);
#4233=LINE('',#334,#4236);
#4234=LINE('',#336,#4237);
#4235=VECTOR('',#4238,1.0);
#4236=VECTOR('',#4239,1.0);
#4237=VECTOR('',#4240,1.0);
#4238=DIRECTION('',(-0.32576508895166656,0.18558034326501907,-0.9270582737961786));
#4239=DIRECTION('',(-0.8081368347289738,0.4211579854551445,0.41175333349178816));
#4240=DIRECTION('',(0.8841151733656437,-0.46726904479607645,0));
#4241=FACE_SURFACE('',(#4246),#4242,.T.);
#4242=PLANE('',#4243);
#4243=AXIS2_PLACEMENT_3D('',#336,#4244,#4245);
#4244=DIRECTION('',(0.4570900054795862,0.889332219923459,-0.012527150381640484));
#4245=DIRECTION('',(0.8081368347289738,-0.4211579854551445,-0.41175333349178816));
#4246=FACE_BOUND('',#4247,.T.);
#4247=EDGE_LOOP('',(#4248,#4249,#4250));
#4248=ORIENTED_EDGE('',*,*,#4251,.T.);
#4249=ORIENTED_EDGE('',*,*,#4252,.T.);
#4250=ORIENTED_EDGE('',*,*,#4253,.T.);
#4251=EDGE_CURVE('',#337,#335,#4254,.F.);
#4252=EDGE_CURVE('',#335,#339,#4255,.T.);
#4253=EDGE_CURVE('',#339,#337,#4256,.T.);
#4254=LINE('',#336,#4257);
#4255=LINE('',#334,#4258);
#4256=LINE('',#338,#4259);
#4257=VECTOR('',#4260,1.0);
#4258=VECTOR('',#4261,1.0);
#4259=VECTOR('',#4262,1.0);
#4260=DIRECTION('',(0.8081368347289738,-0.4211579854551445,-0.41175333349178816));
#4261=DIRECTION('',(-0.8894020093664118,0.4571258751536485,0));
#4262=DIRECTION('',(0.33279792389137713,-0.15795269442734966,0.9296754746559304));
#4263=FACE_SURFACE('',(#4268),#4264,.T.);
#4264=PLANE('',#4265);
#4265=AXIS2_PLACEMENT_3D('',#336,#4266,#4267);
#4266=DIRECTION('',(0.39986038723501427,0.9164898124679122,0.01257355808018326));
#4267=DIRECTION('',(-0.33279792389137713,0.15795269442734966,-0.9296754746559304));
#4268=FACE_BOUND('',#4269,.T.);
#4269=EDGE_LOOP('',(#4270,#4271,#4272));
#4270=ORIENTED_EDGE('',*,*,#4273,.T.);
#4271=ORIENTED_EDGE('',*,*,#4274,.T.);
#4272=ORIENTED_EDGE('',*,*,#4275,.T.);
#4273=EDGE_CURVE('',#337,#339,#4276,.F.);
#4274=EDGE_CURVE('',#339,#341,#4277,.T.);
#4275=EDGE_CURVE('',#341,#337,#4278,.T.);
#4276=LINE('',#336,#4279);
#4277=LINE('',#338,#4280);
#4278=LINE('',#340,#4281);
#4279=VECTOR('',#4282,1.0);
#4280=VECTOR('',#4283,1.0);
#4281=VECTOR('',#4284,1.0);
#4282=DIRECTION('',(-0.33279792389137713,0.15795269442734966,-0.9296754746559304));
#4283=DIRECTION('',(-0.8378298467050457,0.35990971169868474,0.41049500288696494));
#4284=DIRECTION('',(0.91656226699547,-0.3998919988198372,0));
#4285=FACE_SURFACE('',(#4290),#4286,.T.);
#4286=PLANE('',#4287);
#4287=AXIS2_PLACEMENT_3D('',#340,#4288,#4289);
#4288=DIRECTION('',(0.38956765528394754,0.9209155203695114,-0.012314475186518344));
#4289=DIRECTION('',(0.8378298467050457,-0.35990971169868474,-0.41049500288696494));
#4290=FACE_BOUND('',#4291,.T.);
#4291=EDGE_LOOP('',(#4292,#4293,#4294));
#4292=ORIENTED_EDGE('',*,*,#4295,.T.);
#4293=ORIENTED_EDGE('',*,*,#4296,.T.);
#4294=ORIENTED_EDGE('',*,*,#4297,.T.);
#4295=EDGE_CURVE('',#341,#339,#4298,.F.);
#4296=EDGE_CURVE('',#339,#343,#4299,.T.);
#4297=EDGE_CURVE('',#343,#341,#4300,.T.);
#4298=LINE('',#340,#4301);
#4299=LINE('',#338,#4302);
#4300=LINE('',#342,#4303);
#4301=VECTOR('',#4304,1.0);
#4302=VECTOR('',#4305,1.0);
#4303=VECTOR('',#4306,1.0);
#4304=DIRECTION('',(0.8378298467050457,-0.35990971169868474,-0.41049500288696494));
#4305=DIRECTION('',(-0.9209853550274703,0.38959719689048666,0));
#4306=DIRECTION('',(0.33750553968037567,-0.13030613099512553,0.9322608663406072));
#4307=FACE_SURFACE('',(#4312),#4308,.T.);
#4308=PLANE('',#4309);
#4309=AXIS2_PLACEMENT_3D('',#340,#4310,#4311);
#4310=DIRECTION('',(0.330254046634032,0.9438111674580452,0.012358999285071236));
#4311=DIRECTION('',(-0.33750553968037567,0.13030613099512553,-0.9322608663406072));
#4312=FACE_BOUND('',#4313,.T.);
#4313=EDGE_LOOP('',(#4314,#4315,#4316));
#4314=ORIENTED_EDGE('',*,*,#4317,.T.);
#4315=ORIENTED_EDGE('',*,*,#4318,.T.);
#4316=ORIENTED_EDGE('',*,*,#4319,.T.);
#4317=EDGE_CURVE('',#341,#343,#4320,.F.);
#4318=EDGE_CURVE('',#343,#345,#4321,.T.);
#4319=EDGE_CURVE('',#345,#341,#4322,.T.);
#4320=LINE('',#340,#4323);
#4321=LINE('',#342,#4324);
#4322=LINE('',#344,#4325);
#4323=VECTOR('',#4326,1.0);
#4324=VECTOR('',#4327,1.0);
#4325=VECTOR('',#4328,1.0);
#4326=DIRECTION('',(-0.33750553968037567,0.13030613099512553,-0.9322608663406072));
#4327=DIRECTION('',(-0.8628802192793014,0.2965761078464822,0.4092436186810207));
#4328=DIRECTION('',(0.9438832568705066,-0.33027927182844136,0));
#4329=FACE_SURFACE('',(#4334),#4330,.T.);
#4330=PLANE('',#4331);
#4331=AXIS2_PLACEMENT_3D('',#344,#4332,#4333);
#4332=DIRECTION('',(0.3198798626820432,0.9473808232284546,-0.01210162094485141));
#4333=DIRECTION('',(0.8628802192793014,-0.2965761078464822,-0.4092436186810207));
#4334=FACE_BOUND('',#4335,.T.);
#4335=EDGE_LOOP('',(#4336,#4337,#4338));
#4336=ORIENTED_EDGE('',*,*,#4339,.T.);
#4337=ORIENTED_EDGE('',*,*,#4340,.T.);
#4338=ORIENTED_EDGE('',*,*,#4341,.T.);
#4339=EDGE_CURVE('',#345,#343,#4342,.F.);
#4340=EDGE_CURVE('',#343,#347,#4343,.T.);
#4341=EDGE_CURVE('',#347,#345,#4344,.T.);
#4342=LINE('',#344,#4345);
#4343=LINE('',#342,#4346);
#4344=LINE('',#346,#4347);
#4345=VECTOR('',#4348,1.0);
#4346=VECTOR('',#4349,1.0);
#4347=VECTOR('',#4350,1.0);
#4348=DIRECTION('',(0.8628802192793014,-0.2965761078464822,-0.4092436186810207));
#4349=DIRECTION('',(-0.9474502024447462,0.3199032883347862,0));
#4350=DIRECTION('',(0.33992553912509077,-0.10283359801255457,0.9348132856192775));
#4351=FACE_SURFACE('',(#4356),#4352,.T.);
#4352=PLANE('',#4353);
#4353=AXIS2_PLACEMENT_3D('',#344,#4354,#4355);
#4354=DIRECTION('',(0.2588001551296752,0.9658545838166867,0.012140948280551848));
#4355=DIRECTION('',(-0.33992553912509077,0.10283359801255457,-0.9348132856192775));
#4356=FACE_BOUND('',#4357,.T.);
#4357=EDGE_LOOP('',(#4358,#4359,#4360));
#4358=ORIENTED_EDGE('',*,*,#4361,.T.);
#4359=ORIENTED_EDGE('',*,*,#4362,.T.);
#4360=ORIENTED_EDGE('',*,*,#4363,.T.);
#4361=EDGE_CURVE('',#345,#347,#4364,.F.);
#4362=EDGE_CURVE('',#347,#349,#4365,.T.);
#4363=EDGE_CURVE('',#349,#345,#4366,.T.);
#4364=LINE('',#344,#4367);
#4365=LINE('',#346,#4368);
#4366=LINE('',#348,#4369);
#4367=VECTOR('',#4370,1.0);
#4368=VECTOR('',#4371,1.0);
#4369=VECTOR('',#4372,1.0);
#4370=DIRECTION('',(-0.33992553912509077,0.10283359801255457,-0.9348132856192775));
#4371=DIRECTION('',(-0.8831423093452493,0.23150883540563955,0.40799916736859215));
#4372=DIRECTION('',(0.9659257764378522,-0.25881923114972044,0));
#4373=FACE_SURFACE('',(#4378),#4374,.T.);
#4374=PLANE('',#4375);
#4375=AXIS2_PLACEMENT_3D('',#348,#4376,#4377);
#4376=DIRECTION('',(0.24841550099080523,0.9685806650587191,-0.011884197149860073));
#4377=DIRECTION('',(0.8831423093452493,-0.23150883540563955,-0.40799916736859215));
#4378=FACE_BOUND('',#4379,.T.);
#4379=EDGE_LOOP('',(#4380,#4381,#4382));
#4380=ORIENTED_EDGE('',*,*,#4383,.T.);
#4381=ORIENTED_EDGE('',*,*,#4384,.T.);
#4382=ORIENTED_EDGE('',*,*,#4385,.T.);
#4383=EDGE_CURVE('',#349,#347,#4386,.F.);
#4384=EDGE_CURVE('',#347,#351,#4387,.T.);
#4385=EDGE_CURVE('',#351,#349,#4388,.T.);
#4386=LINE('',#348,#4389);
#4387=LINE('',#346,#4390);
#4388=LINE('',#350,#4391);
#4389=VECTOR('',#4392,1.0);
#4390=VECTOR('',#4393,1.0);
#4391=VECTOR('',#4394,1.0);
#4392=DIRECTION('',(0.8831423093452493,-0.23150883540563955,-0.40799916736859215));
#4393=DIRECTION('',(-0.96864907063425,0.2484330452242688,0));
#4394=DIRECTION('',(0.3401096306370271,-0.07572840615874754,0.9373316636327831));
#4395=FACE_SURFACE('',(#4400),#4396,.T.);
#4396=PLANE('',#4397);
#4397=AXIS2_PLACEMENT_3D('',#348,#4398,#4399);
#4398=DIRECTION('',(0.1858972643363262,0.9824968228294746,0.011924774306383348));
#4399=DIRECTION('',(-0.3401096306370271,0.07572840615874754,-0.9373316636327831));
#4400=FACE_BOUND('',#4401,.T.);
#4401=EDGE_LOOP('',(#4402,#4403,#4404));
#4402=ORIENTED_EDGE('',*,*,#4405,.T.);
#4403=ORIENTED_EDGE('',*,*,#4406,.T.);
#4404=ORIENTED_EDGE('',*,*,#4407,.T.);
#4405=EDGE_CURVE('',#349,#351,#4408,.F.);
#4406=EDGE_CURVE('',#351,#353,#4409,.T.);
#4407=EDGE_CURVE('',#353,#349,#4410,.T.);
#4408=LINE('',#348,#4411);
#4409=LINE('',#350,#4412);
#4410=LINE('',#352,#4413);
#4411=VECTOR('',#4414,1.0);
#4412=VECTOR('',#4415,1.0);
#4413=VECTOR('',#4416,1.0);
#4414=DIRECTION('',(-0.3401096306370271,0.07572840615874754,-0.9373316636327831));
#4415=DIRECTION('',(-0.8984975963770855,0.1650669002717063,0.40676158586977046));
#4416=DIRECTION('',(0.9825666859235868,-0.18591048306413452,0));
#4417=FACE_SURFACE('',(#4422),#4418,.T.);
#4418=PLANE('',#4419);
#4419=AXIS2_PLACEMENT_3D('',#352,#4420,#4421);
#4420=DIRECTION('',(0.17556784322297764,0.9843982396417964,-0.01166354217912857));
#4421=DIRECTION('',(0.8984975963770855,-0.1650669002717063,-0.40676158586977046));
#4422=FACE_BOUND('',#4423,.T.);
#4423=EDGE_LOOP('',(#4424,#4425,#4426));
#4424=ORIENTED_EDGE('',*,*,#4427,.T.);
#4425=ORIENTED_EDGE('',*,*,#4428,.T.);
#4426=ORIENTED_EDGE('',*,*,#4429,.T.);
#4427=EDGE_CURVE('',#353,#351,#4430,.F.);
#4428=EDGE_CURVE('',#351,#355,#4431,.T.);
#4429=EDGE_CURVE('',#355,#353,#4432,.T.);
#4430=LINE('',#352,#4433);
#4431=LINE('',#350,#4434);
#4432=LINE('',#354,#4435);
#4433=VECTOR('',#4436,1.0);
#4434=VECTOR('',#4437,1.0);
#4435=VECTOR('',#4438,1.0);
#4436=DIRECTION('',(0.8984975963770855,-0.1650669002717063,-0.40676158586977046));
#4437=DIRECTION('',(-0.9844652043644531,0.17557978640964275,0));
#4438=DIRECTION('',(0.3381269800853264,-0.0491697864518909,0.9398151293944214));
#4439=FACE_SURFACE('',(#4444),#4440,.T.);
#4440=PLANE('',#4441);
#4441=AXIS2_PLACEMENT_3D('',#352,#4442,#4443);
#4442=DIRECTION('',(0.11195775464401012,0.9936440179742314,0.011705841238337525));
#4443=DIRECTION('',(-0.3381269800853264,0.0491697864518909,-0.9398151293944214));
#4444=FACE_BOUND('',#4445,.T.);
#4445=EDGE_LOOP('',(#4446,#4447,#4448));
#4446=ORIENTED_EDGE('',*,*,#4449,.T.);
#4447=ORIENTED_EDGE('',*,*,#4450,.T.);
#4448=ORIENTED_EDGE('',*,*,#4451,.T.);
#4449=EDGE_CURVE('',#353,#355,#4452,.F.);
#4450=EDGE_CURVE('',#355,#357,#4453,.T.);
#4451=EDGE_CURVE('',#357,#353,#4454,.T.);
#4452=LINE('',#352,#4455);
#4453=LINE('',#354,#4456);
#4454=LINE('',#356,#4457);
#4455=VECTOR('',#4458,1.0);
#4456=VECTOR('',#4459,1.0);
#4457=VECTOR('',#4460,1.0);
#4458=DIRECTION('',(-0.3381269800853264,0.0491697864518909,-0.9398151293944214));
#4459=DIRECTION('',(-0.9088531150274197,0.09762659013907021,0.40553059588984636));
#4460=DIRECTION('',(0.9937121028612644,-0.11196542603430636,0));
#4461=FACE_SURFACE('',(#4466),#4462,.T.);
#4462=PLANE('',#4463);
#4463=AXIS2_PLACEMENT_3D('',#356,#4464,#4465);
#4464=DIRECTION('',(0.10174612976554873,0.9947445605429269,-0.011444839360657051));
#4465=DIRECTION('',(0.9088531150274197,-0.09762659013907021,-0.40553059588984636));
#4466=FACE_BOUND('',#4467,.T.);
#4467=EDGE_LOOP('',(#4468,#4469,#4470));
#4468=ORIENTED_EDGE('',*,*,#4471,.T.);
#4469=ORIENTED_EDGE('',*,*,#4472,.T.);
#4470=ORIENTED_EDGE('',*,*,#4473,.T.);
#4471=EDGE_CURVE('',#357,#355,#4474,.F.);
#4472=EDGE_CURVE('',#355,#359,#4475,.T.);
#4473=EDGE_CURVE('',#359,#357,#4476,.T.);
#4474=LINE('',#356,#4477);
#4475=LINE('',#354,#4478);
#4476=LINE('',#358,#4479);
#4477=VECTOR('',#4480,1.0);
#4478=VECTOR('',#4481,1.0);
#4479=VECTOR('',#4482,1.0);
#4480=DIRECTION('',(0.9088531150274197,-0.09762659013907021,-0.40553059588984636));
#4481=DIRECTION('',(-0.9948097149274905,0.10175279399547221,0));
#4482=DIRECTION('',(0.3340609519238997,-0.02332796186692733,0.9422627481731585));
#4483=FACE_SURFACE('',(#4488),#4484,.T.);
#4484=PLANE('',#4485);
#4485=AXIS2_PLACEMENT_3D('',#356,#4486,#4487);
#4486=DIRECTION('',(0.037388330591242476,0.9992348324273083,0.011483135441565227));
#4487=DIRECTION('',(-0.3340609519238997,0.02332796186692733,-0.9422627481731585));
#4488=FACE_BOUND('',#4489,.T.);
#4489=EDGE_LOOP('',(#4490,#4491,#4492));
#4490=ORIENTED_EDGE('',*,*,#4493,.T.);
#4491=ORIENTED_EDGE('',*,*,#4494,.T.);
#4492=ORIENTED_EDGE('',*,*,#4495,.T.);
#4493=EDGE_CURVE('',#357,#359,#4496,.F.);
#4494=EDGE_CURVE('',#359,#361,#4497,.T.);
#4495=EDGE_CURVE('',#361,#357,#4498,.T.);
#4496=LINE('',#356,#4499);
#4497=LINE('',#358,#4500);
#4498=LINE('',#360,#4501);
#4499=VECTOR('',#4502,1.0);
#4500=VECTOR('',#4503,1.0);
#4501=VECTOR('',#4504,1.0);
#4502=DIRECTION('',(-0.3340609519238997,0.02332796186692733,-0.9422627481731585));
#4503=DIRECTION('',(-0.9141458761492766,0.029558300711907366,0.4043063491689144));
#4504=DIRECTION('',(0.9993007196947882,-0.037390795892549386,0));
#4505=FACE_SURFACE('',(#4510),#4506,.T.);
#4506=PLANE('',#4507);
#4507=AXIS2_PLACEMENT_3D('',#360,#4508,#4509);
#4508=DIRECTION('',(0.027356819727630096,0.9995627364638412,-0.011222312030394047));
#4509=DIRECTION('',(0.9141458761492766,-0.029558300711907366,-0.4043063491689144));
#4510=FACE_BOUND('',#4511,.T.);
#4511=EDGE_LOOP('',(#4512,#4513,#4514));
#4512=ORIENTED_EDGE('',*,*,#4515,.T.);
#4513=ORIENTED_EDGE('',*,*,#4516,.T.);
#4514=ORIENTED_EDGE('',*,*,#4517,.T.);
#4515=EDGE_CURVE('',#361,#359,#4518,.F.);
#4516=EDGE_CURVE('',#359,#363,#4519,.T.);
#4517=EDGE_CURVE('',#363,#361,#4520,.T.);
#4518=LINE('',#360,#4521);
#4519=LINE('',#358,#4522);
#4520=LINE('',#362,#4523);
#4521=VECTOR('',#4524,1.0);
#4522=VECTOR('',#4525,1.0);
#4523=VECTOR('',#4526,1.0);
#4524=DIRECTION('',(0.9141458761492766,-0.029558300711907366,-0.4043063491689144));
#4525=DIRECTION('',(-0.9996256850188291,0.02735854255322983,0));
#4526=DIRECTION('',(0.3280090066026752,0.0016288462924509406,0.9446731913457065));
#4527=FACE_SURFACE('',(#4532),#4528,.T.);
#4528=PLANE('',#4529);
#4529=AXIS2_PLACEMENT_3D('',#360,#4530,#4531);
#4530=DIRECTION('',(-0.03738842586667766,0.9992373787440887,0.011259064430704978));
#4531=DIRECTION('',(-0.3280090066026752,-0.0016288462924509406,-0.9446731913457065));
#4532=FACE_BOUND('',#4533,.T.);
#4533=EDGE_LOOP('',(#4534,#4535,#4536));
#4534=ORIENTED_EDGE('',*,*,#4537,.T.);
#4535=ORIENTED_EDGE('',*,*,#4538,.T.);
#4536=ORIENTED_EDGE('',*,*,#4539,.T.);
#4537=EDGE_CURVE('',#361,#363,#4540,.F.);
#4538=EDGE_CURVE('',#363,#365,#4541,.T.);
#4539=EDGE_CURVE('',#365,#361,#4542,.T.);
#4540=LINE('',#360,#4543);
#4541=LINE('',#362,#4544);
#4542=LINE('',#364,#4545);
#4543=VECTOR('',#4546,1.0);
#4544=VECTOR('',#4547,1.0);
#4545=VECTOR('',#4548,1.0);
#4546=DIRECTION('',(-0.3280090066026752,-0.0016288462924509406,-0.9446731913457065));
#4547=DIRECTION('',(-0.914339963621546,-0.038753689129765186,0.40308880225501587));
#4548=DIRECTION('',(0.9993007196947882,0.037390795892549324,0));
#4549=FACE_SURFACE('',(#4554),#4550,.T.);
#4550=PLANE('',#4551);
#4551=AXIS2_PLACEMENT_3D('',#364,#4552,#4553);
#4552=DIRECTION('',(-0.04718343087428039,0.9988256849821774,-0.010998857705058025));
#4553=DIRECTION('',(0.914339963621546,0.038753689129765186,-0.40308880225501587));
#4554=FACE_BOUND('',#4555,.T.);
#4555=EDGE_LOOP('',(#4556,#4557,#4558));
#4556=ORIENTED_EDGE('',*,*,#4559,.T.);
#4557=ORIENTED_EDGE('',*,*,#4560,.T.);
#4558=ORIENTED_EDGE('',*,*,#4561,.T.);
#4559=EDGE_CURVE('',#365,#363,#4562,.F.);
#4560=EDGE_CURVE('',#363,#367,#4563,.T.);
#4561=EDGE_CURVE('',#367,#365,#4564,.T.);
#4562=LINE('',#364,#4565);
#4563=LINE('',#362,#4566);
#4564=LINE('',#366,#4567);
#4565=VECTOR('',#4568,1.0);
#4566=VECTOR('',#4569,1.0);
#4567=VECTOR('',#4570,1.0);
#4568=DIRECTION('',(0.914339963621546,0.038753689129765186,-0.40308880225501587));
#4569=DIRECTION('',(-0.9988861068684843,-0.047186285137980975,0));
#4570=DIRECTION('',(0.32008134066191857,0.02554895707108945,0.9470455037392072));
#4571=FACE_SURFACE('',(#4576),#4572,.T.);
#4572=PLANE('',#4573);
#4573=AXIS2_PLACEMENT_3D('',#364,#4574,#4575);
#4574=DIRECTION('',(-0.11195861076195224,0.9936516161658401,0.011033366089629099));
#4575=DIRECTION('',(-0.32008134066191857,-0.02554895707108945,-0.9470455037392072));
#4576=FACE_BOUND('',#4577,.T.);
#4577=EDGE_LOOP('',(#4578,#4579,#4580));
#4578=ORIENTED_EDGE('',*,*,#4581,.T.);
#4579=ORIENTED_EDGE('',*,*,#4582,.T.);
#4580=ORIENTED_EDGE('',*,*,#4583,.T.);
#4581=EDGE_CURVE('',#365,#367,#4584,.F.);
#4582=EDGE_CURVE('',#367,#369,#4585,.T.);
#4583=EDGE_CURVE('',#369,#365,#4586,.T.);
#4584=LINE('',#364,#4587);
#4585=LINE('',#366,#4588);
#4586=LINE('',#368,#4589);
#4587=VECTOR('',#4590,1.0);
#4588=VECTOR('',#4591,1.0);
#4589=VECTOR('',#4592,1.0);
#4590=DIRECTION('',(-0.32008134066191857,-0.02554895707108945,-0.9470455037392072));
#4591=DIRECTION('',(-0.9094283339815045,-0.10693123897714485,0.4018778613987564));
#4592=DIRECTION('',(0.9937121028612644,0.11196542603430636,0));
#4593=FACE_SURFACE('',(#4598),#4594,.T.);
#4594=PLANE('',#4595);
#4595=AXIS2_PLACEMENT_3D('',#368,#4596,#4597);
#4596=DIRECTION('',(-0.12146237506373174,0.9925376103475146,-0.010769563107327752));
#4597=DIRECTION('',(0.9094283339815045,0.10693123897714485,-0.4018778613987564));
#4598=FACE_BOUND('',#4599,.T.);
#4599=EDGE_LOOP('',(#4600,#4601,#4602));
#4600=ORIENTED_EDGE('',*,*,#4603,.T.);
#4601=ORIENTED_EDGE('',*,*,#4604,.T.);
#4602=ORIENTED_EDGE('',*,*,#4605,.T.);
#4603=EDGE_CURVE('',#369,#367,#4606,.F.);
#4604=EDGE_CURVE('',#367,#371,#4607,.T.);
#4605=EDGE_CURVE('',#371,#369,#4608,.T.);
#4606=LINE('',#368,#4609);
#4607=LINE('',#366,#4610);
#4608=LINE('',#370,#4611);
#4609=VECTOR('',#4612,1.0);
#4610=VECTOR('',#4613,1.0);
#4611=VECTOR('',#4614,1.0);
#4612=DIRECTION('',(0.9094283339815045,0.10693123897714485,-0.4018778613987564));
#4613=DIRECTION('',(-0.9925951743426832,-0.12146941949156846,0));
#4614=DIRECTION('',(0.31040035763953683,0.048286693152735524,0.9493787512060827));
#4615=FACE_SURFACE('',(#4620),#4616,.T.);
#4616=PLANE('',#4617);
#4617=AXIS2_PLACEMENT_3D('',#368,#4618,#4619);
#4618=DIRECTION('',(-0.18589962374527966,0.9825092926837717,0.010808315382055799));
#4619=DIRECTION('',(-0.31040035763953683,-0.048286693152735524,-0.9493787512060827));
#4620=FACE_BOUND('',#4621,.T.);
#4621=EDGE_LOOP('',(#4622,#4623,#4624));
#4622=ORIENTED_EDGE('',*,*,#4625,.T.);
#4623=ORIENTED_EDGE('',*,*,#4626,.T.);
#4624=ORIENTED_EDGE('',*,*,#4627,.T.);
#4625=EDGE_CURVE('',#369,#371,#4628,.F.);
#4626=EDGE_CURVE('',#371,#373,#4629,.T.);
#4627=EDGE_CURVE('',#373,#369,#4630,.T.);
#4628=LINE('',#368,#4631);
#4629=LINE('',#370,#4632);
#4630=LINE('',#372,#4633);
#4631=VECTOR('',#4634,1.0);
#4632=VECTOR('',#4635,1.0);
#4633=VECTOR('',#4636,1.0);
#4634=DIRECTION('',(-0.31040035763953683,-0.048286693152735524,-0.9493787512060827));
#4635=DIRECTION('',(-0.8994329183250156,-0.17458852368182665,0.40067352399671496));
#4636=DIRECTION('',(0.9825666859235868,0.18591048306413452,0));
#4637=FACE_SURFACE('',(#4642),#4638,.T.);
#4638=PLANE('',#4639);
#4639=AXIS2_PLACEMENT_3D('',#372,#4640,#4641);
#4640=DIRECTION('',(-0.19506631408080144,0.9807333888009956,-0.010542921883686109));
#4641=DIRECTION('',(0.8994329183250156,0.17458852368182665,-0.40067352399671496));
#4642=FACE_BOUND('',#4643,.T.);
#4643=EDGE_LOOP('',(#4644,#4645,#4646));
#4644=ORIENTED_EDGE('',*,*,#4647,.T.);
#4645=ORIENTED_EDGE('',*,*,#4648,.T.);
#4646=ORIENTED_EDGE('',*,*,#4649,.T.);
#4647=EDGE_CURVE('',#373,#371,#4650,.F.);
#4648=EDGE_CURVE('',#371,#375,#4651,.T.);
#4649=EDGE_CURVE('',#375,#373,#4652,.T.);
#4650=LINE('',#372,#4653);
#4651=LINE('',#370,#4654);
#4652=LINE('',#374,#4655);
#4653=VECTOR('',#4656,1.0);
#4654=VECTOR('',#4657,1.0);
#4655=VECTOR('',#4658,1.0);
#4656=DIRECTION('',(0.8994329183250156,0.17458852368182665,-0.40067352399671496));
#4657=DIRECTION('',(-0.9807878991734504,-0.1950771561073454,0));
#4658=DIRECTION('',(0.29909825891609093,0.06972067779463792,0.9516718229522293));
#4659=FACE_SURFACE('',(#4664),#4660,.T.);
#4660=PLANE('',#4661);
#4661=AXIS2_PLACEMENT_3D('',#372,#4662,#4663);
#4662=DIRECTION('',(-0.2588047504770696,0.9658717338734278,0.010578035490573366));
#4663=DIRECTION('',(-0.29909825891609093,-0.06972067779463792,-0.9516718229522293));
#4664=FACE_BOUND('',#4665,.T.);
#4665=EDGE_LOOP('',(#4666,#4667,#4668));
#4666=ORIENTED_EDGE('',*,*,#4669,.T.);
#4667=ORIENTED_EDGE('',*,*,#4670,.T.);
#4668=ORIENTED_EDGE('',*,*,#4671,.T.);
#4669=EDGE_CURVE('',#373,#375,#4672,.F.);
#4670=EDGE_CURVE('',#375,#377,#4673,.T.);
#4671=EDGE_CURVE('',#377,#373,#4674,.T.);
#4672=LINE('',#372,#4675);
#4673=LINE('',#374,#4676);
#4674=LINE('',#376,#4677);
#4675=VECTOR('',#4678,1.0);
#4676=VECTOR('',#4679,1.0);
#4677=VECTOR('',#4680,1.0);
#4678=DIRECTION('',(-0.29909825891609093,-0.06972067779463792,-0.9516718229522293));
#4679=DIRECTION('',(-0.8844033572305778,-0.24135032495121023,0.3994755591587903));
#4680=DIRECTION('',(0.9659257764378522,0.25881923114972044,0));
#4681=FACE_SURFACE('',(#4686),#4682,.T.);
#4682=PLANE('',#4683);
#4683=AXIS2_PLACEMENT_3D('',#376,#4684,#4685);
#4684=DIRECTION('',(-0.267587202790113,0.9634784702175633,-0.010311465957230778));
#4685=DIRECTION('',(0.8844033572305778,0.24135032495121023,-0.3994755591587903));
#4686=FACE_BOUND('',#4687,.T.);
#4687=EDGE_LOOP('',(#4688,#4689,#4690));
#4688=ORIENTED_EDGE('',*,*,#4691,.T.);
#4689=ORIENTED_EDGE('',*,*,#4692,.T.);
#4690=ORIENTED_EDGE('',*,*,#4693,.T.);
#4691=EDGE_CURVE('',#377,#375,#4694,.F.);
#4692=EDGE_CURVE('',#375,#379,#4695,.T.);
#4693=EDGE_CURVE('',#379,#377,#4696,.T.);
#4694=LINE('',#376,#4697);
#4695=LINE('',#374,#4698);
#4696=LINE('',#378,#4699);
#4697=VECTOR('',#4700,1.0);
#4698=VECTOR('',#4701,1.0);
#4699=VECTOR('',#4702,1.0);
#4700=DIRECTION('',(0.8844033572305778,0.24135032495121023,-0.3994755591587903));
#4701=DIRECTION('',(-0.9635296958675522,-0.26760142970728384,0));
#4702=DIRECTION('',(0.2863191583702888,0.08972872289613708,0.9539235272481531));
#4703=FACE_SURFACE('',(#4708),#4704,.T.);
#4704=PLANE('',#4705);
#4705=AXIS2_PLACEMENT_3D('',#376,#4706,#4707);
#4706=DIRECTION('',(-0.33026158760951063,0.9438327183124338,0.010348120245134084));
#4707=DIRECTION('',(-0.2863191583702888,-0.08972872289613708,-0.9539235272481531));
#4708=FACE_BOUND('',#4709,.T.);
#4709=EDGE_LOOP('',(#4710,#4711,#4712));
#4710=ORIENTED_EDGE('',*,*,#4713,.T.);
#4711=ORIENTED_EDGE('',*,*,#4714,.T.);
#4712=ORIENTED_EDGE('',*,*,#4715,.T.);
#4713=EDGE_CURVE('',#377,#379,#4716,.F.);
#4714=EDGE_CURVE('',#379,#381,#4717,.T.);
#4715=EDGE_CURVE('',#381,#377,#4718,.T.);
#4716=LINE('',#376,#4719);
#4717=LINE('',#378,#4720);
#4718=LINE('',#380,#4721);
#4719=VECTOR('',#4722,1.0);
#4720=VECTOR('',#4723,1.0);
#4721=VECTOR('',#4724,1.0);
#4722=DIRECTION('',(-0.2863191583702888,-0.08972872289613708,-0.9539235272481531));
#4723=DIRECTION('',(-0.8644182759014736,-0.30684001373810055,0.3982841325696095));
#4724=DIRECTION('',(0.9438832568705066,0.33027927182844136,0));
#4725=FACE_SURFACE('',(#4730),#4726,.T.);
#4726=PLANE('',#4727);
#4727=AXIS2_PLACEMENT_3D('',#380,#4728,#4729);
#4728=DIRECTION('',(-0.3386216820367793,0.9408686166177689,-0.01007981737671718));
#4729=DIRECTION('',(0.8644182759014736,0.30684001373810055,-0.3982841325696095));
#4730=FACE_BOUND('',#4731,.T.);
#4731=EDGE_LOOP('',(#4732,#4733,#4734));
#4732=ORIENTED_EDGE('',*,*,#4735,.T.);
#4733=ORIENTED_EDGE('',*,*,#4736,.T.);
#4734=ORIENTED_EDGE('',*,*,#4737,.T.);
#4735=EDGE_CURVE('',#381,#379,#4738,.F.);
#4736=EDGE_CURVE('',#379,#383,#4739,.T.);
#4737=EDGE_CURVE('',#383,#381,#4740,.T.);
#4738=LINE('',#380,#4741);
#4739=LINE('',#378,#4742);
#4740=LINE('',#382,#4743);
#4741=VECTOR('',#4744,1.0);
#4742=VECTOR('',#4745,1.0);
#4743=VECTOR('',#4746,1.0);
#4744=DIRECTION('',(0.8644182759014736,0.30684001373810055,-0.3982841325696095));
#4745=DIRECTION('',(-0.9409164176648653,-0.3386388857894447,0));
#4746=DIRECTION('',(0.2722123489203526,0.10821346098218197,0.9561329844522266));
#4747=FACE_SURFACE('',(#4752),#4748,.T.);
#4748=PLANE('',#4749);
#4749=AXIS2_PLACEMENT_3D('',#380,#4750,#4751);
#4750=DIRECTION('',(-0.3998715437767844,0.9165153835352176,0.010114357165147548));
#4751=DIRECTION('',(-0.2722123489203526,-0.10821346098218197,-0.9561329844522266));
#4752=FACE_BOUND('',#4753,.T.);
#4753=EDGE_LOOP('',(#4754,#4755,#4756));
#4754=ORIENTED_EDGE('',*,*,#4757,.T.);
#4755=ORIENTED_EDGE('',*,*,#4758,.T.);
#4756=ORIENTED_EDGE('',*,*,#4759,.T.);
#4757=EDGE_CURVE('',#381,#383,#4760,.F.);
#4758=EDGE_CURVE('',#383,#385,#4761,.T.);
#4759=EDGE_CURVE('',#385,#381,#4762,.T.);
#4760=LINE('',#380,#4763);
#4761=LINE('',#382,#4764);
#4762=LINE('',#384,#4765);
#4763=VECTOR('',#4766,1.0);
#4764=VECTOR('',#4767,1.0);
#4765=VECTOR('',#4768,1.0);
#4766=DIRECTION('',(-0.2722123489203526,-0.10821346098218197,-0.9561329844522266));
#4767=DIRECTION('',(-0.8395843327949672,-0.3706891251793462,0.39709913195447877));
#4768=DIRECTION('',(0.91656226699547,0.3998919988198372,0));
#4769=FACE_SURFACE('',(#4774),#4770,.T.);
#4770=PLANE('',#4771);
#4771=AXIS2_PLACEMENT_3D('',#384,#4772,#4773);
#4772=DIRECTION('',(-0.40777350593765044,0.913030020712925,-0.0098462750455485));
#4773=DIRECTION('',(0.8395843327949672,0.3706891251793462,-0.39709913195447877));
#4774=FACE_BOUND('',#4775,.T.);
#4775=EDGE_LOOP('',(#4776,#4777,#4778));
#4776=ORIENTED_EDGE('',*,*,#4779,.T.);
#4777=ORIENTED_EDGE('',*,*,#4780,.T.);
#4778=ORIENTED_EDGE('',*,*,#4781,.T.);
#4779=EDGE_CURVE('',#385,#383,#4782,.F.);
#4780=EDGE_CURVE('',#383,#387,#4783,.T.);
#4781=EDGE_CURVE('',#387,#385,#4784,.T.);
#4782=LINE('',#384,#4785);
#4783=LINE('',#382,#4786);
#4784=LINE('',#386,#4787);
#4785=VECTOR('',#4788,1.0);
#4786=VECTOR('',#4789,1.0);
#4787=VECTOR('',#4790,1.0);
#4788=DIRECTION('',(0.8395843327949672,0.3706891251793462,-0.39709913195447877));
#4789=DIRECTION('',(-0.9130742826654429,-0.407793274018818,0));
#4790=DIRECTION('',(0.25693623889720213,0.12508621303139725,0.9582991226390766));
#4791=FACE_SURFACE('',(#4796),#4792,.T.);
#4792=PLANE('',#4793);
#4793=AXIS2_PLACEMENT_3D('',#384,#4794,#4795);
#4794=DIRECTION('',(-0.46724624164025536,0.8840720277383298,0.0098792430729273));
#4795=DIRECTION('',(-0.25693623889720213,-0.12508621303139725,-0.9582991226390766));
#4796=FACE_BOUND('',#4797,.T.);
#4797=EDGE_LOOP('',(#4798,#4799,#4800));
#4798=ORIENTED_EDGE('',*,*,#4801,.T.);
#4799=ORIENTED_EDGE('',*,*,#4802,.T.);
#4800=ORIENTED_EDGE('',*,*,#4803,.T.);
#4801=EDGE_CURVE('',#385,#387,#4804,.F.);
#4802=EDGE_CURVE('',#387,#389,#4805,.T.);
#4803=EDGE_CURVE('',#389,#385,#4806,.T.);
#4804=LINE('',#384,#4807);
#4805=LINE('',#386,#4808);
#4806=LINE('',#388,#4809);
#4807=VECTOR('',#4810,1.0);
#4808=VECTOR('',#4811,1.0);
#4809=VECTOR('',#4812,1.0);
#4810=DIRECTION('',(-0.25693623889720213,-0.12508621303139725,-0.9582991226390766));
#4811=DIRECTION('',(-0.810034371010481,-0.4325404478009546,0.39592054606676347));
#4812=DIRECTION('',(0.8841151733656437,0.46726904479607645,0));
#4813=FACE_SURFACE('',(#4818),#4814,.T.);
#4814=PLANE('',#4815);
#4815=AXIS2_PLACEMENT_3D('',#388,#4816,#4817);
#4816=DIRECTION('',(-0.4746596693897978,0.8801169594676759,-0.009609157722779779));
#4817=DIRECTION('',(0.810034371010481,0.4325404478009546,-0.39592054606676347));
#4818=FACE_BOUND('',#4819,.T.);
#4819=EDGE_LOOP('',(#4820,#4821,#4822));
#4820=ORIENTED_EDGE('',*,*,#4823,.T.);
#4821=ORIENTED_EDGE('',*,*,#4824,.T.);
#4822=ORIENTED_EDGE('',*,*,#4825,.T.);
#4823=EDGE_CURVE('',#389,#387,#4826,.F.);
#4824=EDGE_CURVE('',#387,#391,#4827,.T.);
#4825=EDGE_CURVE('',#391,#389,#4828,.T.);
#4826=LINE('',#388,#4829);
#4827=LINE('',#386,#4830);
#4828=LINE('',#390,#4831);
#4829=VECTOR('',#4832,1.0);
#4830=VECTOR('',#4833,1.0);
#4831=VECTOR('',#4834,1.0);
#4832=DIRECTION('',(0.810034371010481,0.4325404478009546,-0.39592054606676347));
#4833=DIRECTION('',(-0.8801575954829418,-0.47468158497427093,0));
#4834=DIRECTION('',(0.24065478691909,0.14027449006127118,0.9604209186450374));
#4835=FACE_SURFACE('',(#4840),#4836,.T.);
#4836=PLANE('',#4837);
#4837=AXIS2_PLACEMENT_3D('',#388,#4838,#4839);
#4838=DIRECTION('',(-0.532006945343261,0.8466850745031819,0.00964337700567957));
#4839=DIRECTION('',(-0.24065478691909,-0.14027449006127118,-0.9604209186450374));
#4840=FACE_BOUND('',#4841,.T.);
#4841=EDGE_LOOP('',(#4842,#4843,#4844));
#4842=ORIENTED_EDGE('',*,*,#4845,.T.);
#4843=ORIENTED_EDGE('',*,*,#4846,.T.);
#4844=ORIENTED_EDGE('',*,*,#4847,.T.);
#4845=EDGE_CURVE('',#389,#391,#4848,.F.);
#4846=EDGE_CURVE('',#391,#393,#4849,.T.);
#4847=EDGE_CURVE('',#393,#389,#4850,.T.);
#4848=LINE('',#388,#4851);
#4849=LINE('',#390,#4852);
#4850=LINE('',#392,#4853);
#4851=VECTOR('',#4854,1.0);
#4852=VECTOR('',#4855,1.0);
#4853=VECTOR('',#4856,1.0);
#4854=DIRECTION('',(-0.24065478691909,-0.14027449006127118,-0.9604209186450374));
#4855=DIRECTION('',(-0.7759292431715907,-0.49204416990784844,0.39474845718616647));
#4856=DIRECTION('',(0.8467244458699471,0.5320316839871766,0));
#4857=FACE_SURFACE('',(#4862),#4858,.T.);
#4858=PLANE('',#4859);
#4859=AXIS2_PLACEMENT_3D('',#392,#4860,#4861);
#4860=DIRECTION('',(-0.5389080701311387,0.8423124459516983,-0.00937205113082794));
#4861=DIRECTION('',(0.7759292431715907,0.49204416990784844,-0.39474845718616647));
#4862=FACE_BOUND('',#4863,.T.);
#4863=EDGE_LOOP('',(#4864,#4865,#4866));
#4864=ORIENTED_EDGE('',*,*,#4867,.T.);
#4865=ORIENTED_EDGE('',*,*,#4868,.T.);
#4866=ORIENTED_EDGE('',*,*,#4869,.T.);
#4867=EDGE_CURVE('',#393,#391,#4870,.F.);
#4868=EDGE_CURVE('',#391,#395,#4871,.T.);
#4869=EDGE_CURVE('',#395,#393,#4872,.T.);
#4870=LINE('',#392,#4873);
#4871=LINE('',#390,#4874);
#4872=LINE('',#394,#4875);
#4873=VECTOR('',#4876,1.0);
#4874=VECTOR('',#4877,1.0);
#4875=VECTOR('',#4878,1.0);
#4876=DIRECTION('',(0.7759292431715907,0.49204416990784844,-0.39474845718616647));
#4877=DIRECTION('',(-0.8423494407898553,-0.5389317392778216,0));
#4878=DIRECTION('',(0.2235346446304009,0.15372584888197466,0.962497078455554));
#4879=FACE_SURFACE('',(#4884),#4880,.T.);
#4880=PLANE('',#4881);
#4881=AXIS2_PLACEMENT_3D('',#392,#4882,#4883);
#4882=DIRECTION('',(-0.5937940941351438,0.8045620758156374,0.009404250605780574));
#4883=DIRECTION('',(-0.2235346446304009,-0.15372584888197466,-0.962497078455554));
#4884=FACE_BOUND('',#4885,.T.);
#4885=EDGE_LOOP('',(#4886,#4887,#4888));
#4886=ORIENTED_EDGE('',*,*,#4889,.T.);
#4887=ORIENTED_EDGE('',*,*,#4890,.T.);
#4888=ORIENTED_EDGE('',*,*,#4891,.T.);
#4889=EDGE_CURVE('',#393,#395,#4892,.F.);
#4890=EDGE_CURVE('',#395,#397,#4893,.T.);
#4891=EDGE_CURVE('',#397,#393,#4894,.T.);
#4892=LINE('',#392,#4895);
#4893=LINE('',#394,#4896);
#4894=LINE('',#396,#4897);
#4895=VECTOR('',#4898,1.0);
#4896=VECTOR('',#4899,1.0);
#4897=VECTOR('',#4900,1.0);
#4898=DIRECTION('',(-0.2235346446304009,-0.15372584888197466,-0.962497078455554));
#4899=DIRECTION('',(-0.7374540606823994,-0.5488665519575777,0.3935822868540193));
#4900=DIRECTION('',(0.8045976558822929,0.5938203534308328,0));
#4901=FACE_SURFACE('',(#4906),#4902,.T.);
#4902=PLANE('',#4903);
#4903=AXIS2_PLACEMENT_3D('',#396,#4904,#4905);
#4904=DIRECTION('',(-0.6001618655526421,0.7998264556954949,-0.009131040792535678));
#4905=DIRECTION('',(0.7374540606823994,0.5488665519575777,-0.3935822868540193));
#4906=FACE_BOUND('',#4907,.T.);
#4907=EDGE_LOOP('',(#4908,#4909,#4910));
#4908=ORIENTED_EDGE('',*,*,#4911,.T.);
#4909=ORIENTED_EDGE('',*,*,#4912,.T.);
#4910=ORIENTED_EDGE('',*,*,#4913,.T.);
#4911=EDGE_CURVE('',#397,#395,#4914,.F.);
#4912=EDGE_CURVE('',#395,#65,#4915,.T.);
#4913=EDGE_CURVE('',#65,#397,#4916,.T.);
#4914=LINE('',#396,#4917);
#4915=LINE('',#394,#4918);
#4916=LINE('',#64,#4919);
#4917=VECTOR('',#4920,1.0);
#4918=VECTOR('',#4921,1.0);
#4919=VECTOR('',#4922,1.0);
#4920=DIRECTION('',(0.7374540606823994,0.5488665519575777,-0.3935822868540193));
#4921=DIRECTION('',(-0.7998598009083251,-0.6001868866368997,0));
#4922=DIRECTION('',(0.20574541778908528,0.16539549559546415,0.9645274247503415));
#4923=FACE_SURFACE('',(#4928),#4924,.T.);
#4924=PLANE('',#4925);
#4925=AXIS2_PLACEMENT_3D('',#396,#4926,#4927);
#4926=DIRECTION('',(-0.6522602651196049,0.7579396757051595,0.00916485341183584));
#4927=DIRECTION('',(-0.20574541778908528,-0.16539549559546415,-0.9645274247503415));
#4928=FACE_BOUND('',#4929,.T.);
#4929=EDGE_LOOP('',(#4930,#4931,#4932));
#4930=ORIENTED_EDGE('',*,*,#4933,.T.);
#4931=ORIENTED_EDGE('',*,*,#4934,.T.);
#4932=ORIENTED_EDGE('',*,*,#4935,.T.);
#4933=EDGE_CURVE('',#397,#65,#4936,.F.);
#4934=EDGE_CURVE('',#65,#67,#4937,.T.);
#4935=EDGE_CURVE('',#67,#397,#4938,.T.);
#4936=LINE('',#396,#4939);
#4937=LINE('',#64,#4940);
#4938=LINE('',#66,#4941);
#4939=VECTOR('',#4942,1.0);
#4940=VECTOR('',#4943,1.0);
#4941=VECTOR('',#4944,1.0);
#4942=DIRECTION('',(-0.20574541778908528,-0.16539549559546415,-0.9645274247503415));
#4943=DIRECTION('',(-0.6948194687171754,-0.6026859935515194,0.39242260264719714));
#4944=DIRECTION('',(0.7579715091070167,0.6522876599952139,0));
#4945=FACE_SURFACE('',(#4950),#4946,.T.);
#4946=PLANE('',#4947);
#4947=AXIS2_PLACEMENT_3D('',#398,#4948,#4949);
#4948=DIRECTION('',(0,0,1));
#4949=DIRECTION('',(1,0,0));
#4950=FACE_BOUND('',#4951,.T.);
#4951=EDGE_LOOP('',(#4952,#4953,#4954));
#4952=ORIENTED_EDGE('',*,*,#4955,.T.);
#4953=ORIENTED_EDGE('',*,*,#4956,.T.);
#4954=ORIENTED_EDGE('',*,*,#4957,.T.);
#4955=EDGE_CURVE('',#399,#401,#4958,.F.);
#4956=EDGE_CURVE('',#401,#403,#4959,.T.);
#4957=EDGE_CURVE('',#403,#399,#4960,.T.);
#4958=LINE('',#398,#4961);
#4959=LINE('',#400,#4962);
#4960=LINE('',#402,#4963);
#4961=VECTOR('',#4964,1.0);
#4962=VECTOR('',#4965,1.0);
#4963=VECTOR('',#4966,1.0);
#4964=DIRECTION('',(1,0,0));
#4965=DIRECTION('',(-0.9992683617178952,0.03824580067973148,0));
#4966=DIRECTION('',(-0.7472731266495726,-0.6645170232487441,0));
#4967=FACE_SURFACE('',(#4972),#4968,.T.);
#4968=PLANE('',#4969);
#4969=AXIS2_PLACEMENT_3D('',#402,#4970,#4971);
#4970=DIRECTION('',(-0,0,1));
#4971=DIRECTION('',(0.9992683617178952,-0.03824580067973148,0));
#4972=FACE_BOUND('',#4973,.T.);
#4973=EDGE_LOOP('',(#4974,#4975,#4976));
#4974=ORIENTED_EDGE('',*,*,#4977,.T.);
#4975=ORIENTED_EDGE('',*,*,#4978,.T.);
#4976=ORIENTED_EDGE('',*,*,#4979,.T.);
#4977=EDGE_CURVE('',#403,#401,#4980,.F.);
#4978=EDGE_CURVE('',#401,#405,#4981,.T.);
#4979=EDGE_CURVE('',#405,#403,#4982,.T.);
#4980=LINE('',#402,#4983);
#4981=LINE('',#400,#4984);
#4982=LINE('',#404,#4985);
#4983=VECTOR('',#4986,1.0);
#4984=VECTOR('',#4987,1.0);
#4985=VECTOR('',#4988,1.0);
#4986=DIRECTION('',(0.9992683617178952,-0.03824580067973148,0));
#4987=DIRECTION('',(-0.7472731266495726,0.6645170232487441,0));
#4988=DIRECTION('',(-1,0,0));
#4989=FACE_SURFACE('',(#4994),#4990,.T.);
#4990=PLANE('',#4991);
#4991=AXIS2_PLACEMENT_3D('',#402,#4992,#4993);
#4992=DIRECTION('',(0,0,1));
#4993=DIRECTION('',(1,0,0));
#4994=FACE_BOUND('',#4995,.T.);
#4995=EDGE_LOOP('',(#4996,#4997,#4998));
#4996=ORIENTED_EDGE('',*,*,#4999,.T.);
#4997=ORIENTED_EDGE('',*,*,#5000,.T.);
#4998=ORIENTED_EDGE('',*,*,#5001,.T.);
#4999=EDGE_CURVE('',#403,#405,#5002,.F.);
#5000=EDGE_CURVE('',#405,#407,#5003,.T.);
#5001=EDGE_CURVE('',#407,#403,#5004,.T.);
#5002=LINE('',#402,#5005);
#5003=LINE('',#404,#5006);
#5004=LINE('',#406,#5007);
#5005=VECTOR('',#5008,1.0);
#5006=VECTOR('',#5009,1.0);
#5007=VECTOR('',#5010,1.0);
#5008=DIRECTION('',(1,0,0));
#5009=DIRECTION('',(-0.9992683623416886,0.038245784381545654,0));
#5010=DIRECTION('',(-0.7958796679515387,-0.6054548324535435,0));
#5011=FACE_SURFACE('',(#5016),#5012,.T.);
#5012=PLANE('',#5013);
#5013=AXIS2_PLACEMENT_3D('',#406,#5014,#5015);
#5014=DIRECTION('',(-0,0,1));
#5015=DIRECTION('',(0.9992683623416886,-0.038245784381545654,0));
#5016=FACE_BOUND('',#5017,.T.);
#5017=EDGE_LOOP('',(#5018,#5019,#5020));
#5018=ORIENTED_EDGE('',*,*,#5021,.T.);
#5019=ORIENTED_EDGE('',*,*,#5022,.T.);
#5020=ORIENTED_EDGE('',*,*,#5023,.T.);
#5021=EDGE_CURVE('',#407,#405,#5024,.F.);
#5022=EDGE_CURVE('',#405,#409,#5025,.T.);
#5023=EDGE_CURVE('',#409,#407,#5026,.T.);
#5024=LINE('',#406,#5027);
#5025=LINE('',#404,#5028);
#5026=LINE('',#408,#5029);
#5027=VECTOR('',#5030,1.0);
#5028=VECTOR('',#5031,1.0);
#5029=VECTOR('',#5032,1.0);
#5030=DIRECTION('',(0.9992683623416886,-0.038245784381545654,0));
#5031=DIRECTION('',(-0.7958796679515387,0.6054548324535435,0));
#5032=DIRECTION('',(-1,0,0));
#5033=FACE_SURFACE('',(#5038),#5034,.T.);
#5034=PLANE('',#5035);
#5035=AXIS2_PLACEMENT_3D('',#406,#5036,#5037);
#5036=DIRECTION('',(0,0,1));
#5037=DIRECTION('',(1,0,0));
#5038=FACE_BOUND('',#5039,.T.);
#5039=EDGE_LOOP('',(#5040,#5041,#5042));
#5040=ORIENTED_EDGE('',*,*,#5043,.T.);
#5041=ORIENTED_EDGE('',*,*,#5044,.T.);
#5042=ORIENTED_EDGE('',*,*,#5045,.T.);
#5043=EDGE_CURVE('',#407,#409,#5046,.F.);
#5044=EDGE_CURVE('',#409,#411,#5047,.T.);
#5045=EDGE_CURVE('',#411,#407,#5048,.T.);
#5046=LINE('',#406,#5049);
#5047=LINE('',#408,#5050);
#5048=LINE('',#410,#5051);
#5049=VECTOR('',#5052,1.0);
#5050=VECTOR('',#5053,1.0);
#5051=VECTOR('',#5054,1.0);
#5052=DIRECTION('',(1,0,0));
#5053=DIRECTION('',(-0.9992683629908972,0.03824576741931742,0));
#5054=DIRECTION('',(-0.8398300492080043,-0.5428494159960762,0));
#5055=FACE_SURFACE('',(#5060),#5056,.T.);
#5056=PLANE('',#5057);
#5057=AXIS2_PLACEMENT_3D('',#410,#5058,#5059);
#5058=DIRECTION('',(-0,0,1));
#5059=DIRECTION('',(0.9992683629908972,-0.03824576741931742,0));
#5060=FACE_BOUND('',#5061,.T.);
#5061=EDGE_LOOP('',(#5062,#5063,#5064));
#5062=ORIENTED_EDGE('',*,*,#5065,.T.);
#5063=ORIENTED_EDGE('',*,*,#5066,.T.);
#5064=ORIENTED_EDGE('',*,*,#5067,.T.);
#5065=EDGE_CURVE('',#411,#409,#5068,.F.);
#5066=EDGE_CURVE('',#409,#413,#5069,.T.);
#5067=EDGE_CURVE('',#413,#411,#5070,.T.);
#5068=LINE('',#410,#5071);
#5069=LINE('',#408,#5072);
#5070=LINE('',#412,#5073);
#5071=VECTOR('',#5074,1.0);
#5072=VECTOR('',#5075,1.0);
#5073=VECTOR('',#5076,1.0);
#5074=DIRECTION('',(0.9992683629908972,-0.03824576741931742,0));
#5075=DIRECTION('',(-0.8398300492080043,0.5428494159960762,0));
#5076=DIRECTION('',(-1,0,0));
#5077=FACE_SURFACE('',(#5082),#5078,.T.);
#5078=PLANE('',#5079);
#5079=AXIS2_PLACEMENT_3D('',#410,#5080,#5081);
#5080=DIRECTION('',(0,0,1));
#5081=DIRECTION('',(1,0,0));
#5082=FACE_BOUND('',#5083,.T.);
#5083=EDGE_LOOP('',(#5084,#5085,#5086));
#5084=ORIENTED_EDGE('',*,*,#5087,.T.);
#5085=ORIENTED_EDGE('',*,*,#5088,.T.);
#5086=ORIENTED_EDGE('',*,*,#5089,.T.);
#5087=EDGE_CURVE('',#411,#413,#5090,.F.);
#5088=EDGE_CURVE('',#413,#415,#5091,.T.);
#5089=EDGE_CURVE('',#415,#411,#5092,.T.);
#5090=LINE('',#410,#5093);
#5091=LINE('',#412,#5094);
#5092=LINE('',#414,#5095);
#5093=VECTOR('',#5096,1.0);
#5094=VECTOR('',#5097,1.0);
#5095=VECTOR('',#5098,1.0);
#5096=DIRECTION('',(1,0,0));
#5097=DIRECTION('',(-0.9992683613145742,0.03824581121750958,0));
#5098=DIRECTION('',(-0.8788657377330686,-0.47706919313544965,0));
#5099=FACE_SURFACE('',(#5104),#5100,.T.);
#5100=PLANE('',#5101);
#5101=AXIS2_PLACEMENT_3D('',#414,#5102,#5103);
#5102=DIRECTION('',(-0,0,1));
#5103=DIRECTION('',(0.9992683613145742,-0.03824581121750958,0));
#5104=FACE_BOUND('',#5105,.T.);
#5105=EDGE_LOOP('',(#5106,#5107,#5108));
#5106=ORIENTED_EDGE('',*,*,#5109,.T.);
#5107=ORIENTED_EDGE('',*,*,#5110,.T.);
#5108=ORIENTED_EDGE('',*,*,#5111,.T.);
#5109=EDGE_CURVE('',#415,#413,#5112,.F.);
#5110=EDGE_CURVE('',#413,#417,#5113,.T.);
#5111=EDGE_CURVE('',#417,#415,#5114,.T.);
#5112=LINE('',#414,#5115);
#5113=LINE('',#412,#5116);
#5114=LINE('',#416,#5117);
#5115=VECTOR('',#5118,1.0);
#5116=VECTOR('',#5119,1.0);
#5117=VECTOR('',#5120,1.0);
#5118=DIRECTION('',(0.9992683613145742,-0.03824581121750958,0));
#5119=DIRECTION('',(-0.8788657377330686,0.47706919313544965,0));
#5120=DIRECTION('',(-1,0,0));
#5121=FACE_SURFACE('',(#5126),#5122,.T.);
#5122=PLANE('',#5123);
#5123=AXIS2_PLACEMENT_3D('',#414,#5124,#5125);
#5124=DIRECTION('',(0,0,1));
#5125=DIRECTION('',(1,0,0));
#5126=FACE_BOUND('',#5127,.T.);
#5127=EDGE_LOOP('',(#5128,#5129,#5130));
#5128=ORIENTED_EDGE('',*,*,#5131,.T.);
#5129=ORIENTED_EDGE('',*,*,#5132,.T.);
#5130=ORIENTED_EDGE('',*,*,#5133,.T.);
#5131=EDGE_CURVE('',#415,#417,#5134,.F.);
#5132=EDGE_CURVE('',#417,#419,#5135,.T.);
#5133=EDGE_CURVE('',#419,#415,#5136,.T.);
#5134=LINE('',#414,#5137);
#5135=LINE('',#416,#5138);
#5136=LINE('',#418,#5139);
#5137=VECTOR('',#5140,1.0);
#5138=VECTOR('',#5141,1.0);
#5139=VECTOR('',#5142,1.0);
#5140=DIRECTION('',(1,0,0));
#5141=DIRECTION('',(-0.9992683614376511,0.038245808001818524,0));
#5142=DIRECTION('',(-0.9127597737220889,-0.40849675087422765,0));
#5143=FACE_SURFACE('',(#5148),#5144,.T.);
#5144=PLANE('',#5145);
#5145=AXIS2_PLACEMENT_3D('',#418,#5146,#5147);
#5146=DIRECTION('',(-0,0,1));
#5147=DIRECTION('',(0.9992683614376511,-0.038245808001818524,0));
#5148=FACE_BOUND('',#5149,.T.);
#5149=EDGE_LOOP('',(#5150,#5151,#5152));
#5150=ORIENTED_EDGE('',*,*,#5153,.T.);
#5151=ORIENTED_EDGE('',*,*,#5154,.T.);
#5152=ORIENTED_EDGE('',*,*,#5155,.T.);
#5153=EDGE_CURVE('',#419,#417,#5156,.F.);
#5154=EDGE_CURVE('',#417,#421,#5157,.T.);
#5155=EDGE_CURVE('',#421,#419,#5158,.T.);
#5156=LINE('',#418,#5159);
#5157=LINE('',#416,#5160);
#5158=LINE('',#420,#5161);
#5159=VECTOR('',#5162,1.0);
#5160=VECTOR('',#5163,1.0);
#5161=VECTOR('',#5164,1.0);
#5162=DIRECTION('',(0.9992683614376511,-0.038245808001818524,0));
#5163=DIRECTION('',(-0.9127597737220889,0.40849675087422765,0));
#5164=DIRECTION('',(-1,0,0));
#5165=FACE_SURFACE('',(#5170),#5166,.T.);
#5166=PLANE('',#5167);
#5167=AXIS2_PLACEMENT_3D('',#418,#5168,#5169);
#5168=DIRECTION('',(0,0,1));
#5169=DIRECTION('',(1,0,0));
#5170=FACE_BOUND('',#5171,.T.);
#5171=EDGE_LOOP('',(#5172,#5173,#5174));
#5172=ORIENTED_EDGE('',*,*,#5175,.T.);
#5173=ORIENTED_EDGE('',*,*,#5176,.T.);
#5174=ORIENTED_EDGE('',*,*,#5177,.T.);
#5175=EDGE_CURVE('',#419,#421,#5178,.F.);
#5176=EDGE_CURVE('',#421,#423,#5179,.T.);
#5177=EDGE_CURVE('',#423,#419,#5180,.T.);
#5178=LINE('',#418,#5181);
#5179=LINE('',#420,#5182);
#5180=LINE('',#422,#5183);
#5181=VECTOR('',#5184,1.0);
#5182=VECTOR('',#5185,1.0);
#5183=VECTOR('',#5186,1.0);
#5184=DIRECTION('',(1,0,0));
#5185=DIRECTION('',(-0.999268363425649,0.03824575606031336,0));
#5186=DIRECTION('',(-0.9413133765616698,-0.33753389030743003,0));
#5187=FACE_SURFACE('',(#5192),#5188,.T.);
#5188=PLANE('',#5189);
#5189=AXIS2_PLACEMENT_3D('',#422,#5190,#5191);
#5190=DIRECTION('',(-0,0,1));
#5191=DIRECTION('',(0.999268363425649,-0.03824575606031336,0));
#5192=FACE_BOUND('',#5193,.T.);
#5193=EDGE_LOOP('',(#5194,#5195,#5196));
#5194=ORIENTED_EDGE('',*,*,#5197,.T.);
#5195=ORIENTED_EDGE('',*,*,#5198,.T.);
#5196=ORIENTED_EDGE('',*,*,#5199,.T.);
#5197=EDGE_CURVE('',#423,#421,#5200,.F.);
#5198=EDGE_CURVE('',#421,#425,#5201,.T.);
#5199=EDGE_CURVE('',#425,#423,#5202,.T.);
#5200=LINE('',#422,#5203);
#5201=LINE('',#420,#5204);
#5202=LINE('',#424,#5205);
#5203=VECTOR('',#5206,1.0);
#5204=VECTOR('',#5207,1.0);
#5205=VECTOR('',#5208,1.0);
#5206=DIRECTION('',(0.999268363425649,-0.03824575606031336,0));
#5207=DIRECTION('',(-0.9413133765616698,0.33753389030743003,0));
#5208=DIRECTION('',(-1,0,0));
#5209=FACE_SURFACE('',(#5214),#5210,.T.);
#5210=PLANE('',#5211);
#5211=AXIS2_PLACEMENT_3D('',#422,#5212,#5213);
#5212=DIRECTION('',(0,0,1));
#5213=DIRECTION('',(1,0,0));
#5214=FACE_BOUND('',#5215,.T.);
#5215=EDGE_LOOP('',(#5216,#5217,#5218));
#5216=ORIENTED_EDGE('',*,*,#5219,.T.);
#5217=ORIENTED_EDGE('',*,*,#5220,.T.);
#5218=ORIENTED_EDGE('',*,*,#5221,.T.);
#5219=EDGE_CURVE('',#423,#425,#5222,.F.);
#5220=EDGE_CURVE('',#425,#427,#5223,.T.);
#5221=EDGE_CURVE('',#427,#423,#5224,.T.);
#5222=LINE('',#422,#5225);
#5223=LINE('',#424,#5226);
#5224=LINE('',#426,#5227);
#5225=VECTOR('',#5228,1.0);
#5226=VECTOR('',#5229,1.0);
#5227=VECTOR('',#5230,1.0);
#5228=DIRECTION('',(1,0,0));
#5229=DIRECTION('',(-0.9992683636534642,0.038245750108060375,0));
#5230=DIRECTION('',(-0.9643592050130718,-0.26459653003498795,0));
#5231=FACE_SURFACE('',(#5236),#5232,.T.);
#5232=PLANE('',#5233);
#5233=AXIS2_PLACEMENT_3D('',#426,#5234,#5235);
#5234=DIRECTION('',(-0,0,1));
#5235=DIRECTION('',(0.9992683636534642,-0.038245750108060375,0));
#5236=FACE_BOUND('',#5237,.T.);
#5237=EDGE_LOOP('',(#5238,#5239,#5240));
#5238=ORIENTED_EDGE('',*,*,#5241,.T.);
#5239=ORIENTED_EDGE('',*,*,#5242,.T.);
#5240=ORIENTED_EDGE('',*,*,#5243,.T.);
#5241=EDGE_CURVE('',#427,#425,#5244,.F.);
#5242=EDGE_CURVE('',#425,#429,#5245,.T.);
#5243=EDGE_CURVE('',#429,#427,#5246,.T.);
#5244=LINE('',#426,#5247);
#5245=LINE('',#424,#5248);
#5246=LINE('',#428,#5249);
#5247=VECTOR('',#5250,1.0);
#5248=VECTOR('',#5251,1.0);
#5249=VECTOR('',#5252,1.0);
#5250=DIRECTION('',(0.9992683636534642,-0.038245750108060375,0));
#5251=DIRECTION('',(-0.9643592050130718,0.26459653003498795,0));
#5252=DIRECTION('',(-1,0,0));
#5253=FACE_SURFACE('',(#5258),#5254,.T.);
#5254=PLANE('',#5255);
#5255=AXIS2_PLACEMENT_3D('',#426,#5256,#5257);
#5256=DIRECTION('',(0,0,1));
#5257=DIRECTION('',(1,0,0));
#5258=FACE_BOUND('',#5259,.T.);
#5259=EDGE_LOOP('',(#5260,#5261,#5262));
#5260=ORIENTED_EDGE('',*,*,#5263,.T.);
#5261=ORIENTED_EDGE('',*,*,#5264,.T.);
#5262=ORIENTED_EDGE('',*,*,#5265,.T.);
#5263=EDGE_CURVE('',#427,#429,#5266,.F.);
#5264=EDGE_CURVE('',#429,#431,#5267,.T.);
#5265=EDGE_CURVE('',#431,#427,#5268,.T.);
#5266=LINE('',#426,#5269);
#5267=LINE('',#428,#5270);
#5268=LINE('',#430,#5271);
#5269=VECTOR('',#5272,1.0);
#5270=VECTOR('',#5273,1.0);
#5271=VECTOR('',#5274,1.0);
#5272=DIRECTION('',(1,0,0));
#5273=DIRECTION('',(-0.9992683601443356,0.038245841792936205,0));
#5274=DIRECTION('',(-0.9817624761218663,-0.19011165266511687,0));
#5275=FACE_SURFACE('',(#5280),#5276,.T.);
#5276=PLANE('',#5277);
#5277=AXIS2_PLACEMENT_3D('',#430,#5278,#5279);
#5278=DIRECTION('',(-0,0,1));
#5279=DIRECTION('',(0.9992683601443356,-0.038245841792936205,0));
#5280=FACE_BOUND('',#5281,.T.);
#5281=EDGE_LOOP('',(#5282,#5283,#5284));
#5282=ORIENTED_EDGE('',*,*,#5285,.T.);
#5283=ORIENTED_EDGE('',*,*,#5286,.T.);
#5284=ORIENTED_EDGE('',*,*,#5287,.T.);
#5285=EDGE_CURVE('',#431,#429,#5288,.F.);
#5286=EDGE_CURVE('',#429,#433,#5289,.T.);
#5287=EDGE_CURVE('',#433,#431,#5290,.T.);
#5288=LINE('',#430,#5291);
#5289=LINE('',#428,#5292);
#5290=LINE('',#432,#5293);
#5291=VECTOR('',#5294,1.0);
#5292=VECTOR('',#5295,1.0);
#5293=VECTOR('',#5296,1.0);
#5294=DIRECTION('',(0.9992683601443356,-0.038245841792936205,0));
#5295=DIRECTION('',(-0.9817624761218663,0.19011165266511687,0));
#5296=DIRECTION('',(-1,0,0));
#5297=FACE_SURFACE('',(#5302),#5298,.T.);
#5298=PLANE('',#5299);
#5299=AXIS2_PLACEMENT_3D('',#430,#5300,#5301);
#5300=DIRECTION('',(0,0,1));
#5301=DIRECTION('',(1,0,0));
#5302=FACE_BOUND('',#5303,.T.);
#5303=EDGE_LOOP('',(#5304,#5305,#5306));
#5304=ORIENTED_EDGE('',*,*,#5307,.T.);
#5305=ORIENTED_EDGE('',*,*,#5308,.T.);
#5306=ORIENTED_EDGE('',*,*,#5309,.T.);
#5307=EDGE_CURVE('',#431,#433,#5310,.F.);
#5308=EDGE_CURVE('',#433,#435,#5311,.T.);
#5309=EDGE_CURVE('',#435,#431,#5312,.T.);
#5310=LINE('',#430,#5313);
#5311=LINE('',#432,#5314);
#5312=LINE('',#434,#5315);
#5313=VECTOR('',#5316,1.0);
#5314=VECTOR('',#5317,1.0);
#5315=VECTOR('',#5318,1.0);
#5316=DIRECTION('',(1,0,0));
#5317=DIRECTION('',(-0.9992683670774273,0.038245660648131556,0));
#5318=DIRECTION('',(-0.9934217264943791,-0.11451320154867337,0));
#5319=FACE_SURFACE('',(#5324),#5320,.T.);
#5320=PLANE('',#5321);
#5321=AXIS2_PLACEMENT_3D('',#434,#5322,#5323);
#5322=DIRECTION('',(-0,0,1));
#5323=DIRECTION('',(0.9992683670774273,-0.038245660648131556,0));
#5324=FACE_BOUND('',#5325,.T.);
#5325=EDGE_LOOP('',(#5326,#5327,#5328));
#5326=ORIENTED_EDGE('',*,*,#5329,.T.);
#5327=ORIENTED_EDGE('',*,*,#5330,.T.);
#5328=ORIENTED_EDGE('',*,*,#5331,.T.);
#5329=EDGE_CURVE('',#435,#433,#5332,.F.);
#5330=EDGE_CURVE('',#433,#437,#5333,.T.);
#5331=EDGE_CURVE('',#437,#435,#5334,.T.);
#5332=LINE('',#434,#5335);
#5333=LINE('',#432,#5336);
#5334=LINE('',#436,#5337);
#5335=VECTOR('',#5338,1.0);
#5336=VECTOR('',#5339,1.0);
#5337=VECTOR('',#5340,1.0);
#5338=DIRECTION('',(0.9992683670774273,-0.038245660648131556,0));
#5339=DIRECTION('',(-0.9934217264943791,0.11451320154867337,0));
#5340=DIRECTION('',(-1,0,0));
#5341=FACE_SURFACE('',(#5346),#5342,.T.);
#5342=PLANE('',#5343);
#5343=AXIS2_PLACEMENT_3D('',#434,#5344,#5345);
#5344=DIRECTION('',(0,0,1));
#5345=DIRECTION('',(1,0,0));
#5346=FACE_BOUND('',#5347,.T.);
#5347=EDGE_LOOP('',(#5348,#5349,#5350));
#5348=ORIENTED_EDGE('',*,*,#5351,.T.);
#5349=ORIENTED_EDGE('',*,*,#5352,.T.);
#5350=ORIENTED_EDGE('',*,*,#5353,.T.);
#5351=EDGE_CURVE('',#435,#437,#5354,.F.);
#5352=EDGE_CURVE('',#437,#439,#5355,.T.);
#5353=EDGE_CURVE('',#439,#435,#5356,.T.);
#5354=LINE('',#434,#5357);
#5355=LINE('',#436,#5358);
#5356=LINE('',#438,#5359);
#5357=VECTOR('',#5360,1.0);
#5358=VECTOR('',#5361,1.0);
#5359=VECTOR('',#5362,1.0);
#5360=DIRECTION('',(1,0,0));
#5361=DIRECTION('',(-0.9992683535850516,0.038246013170269,0));
#5362=DIRECTION('',(-0.9992683535850515,-0.038246013170269266,0));
#5363=FACE_SURFACE('',(#5368),#5364,.T.);
#5364=PLANE('',#5365);
#5365=AXIS2_PLACEMENT_3D('',#440,#5366,#5367);
#5366=DIRECTION('',(0,0,1));
#5367=DIRECTION('',(-1,0,0));
#5368=FACE_BOUND('',#5369,.T.);
#5369=EDGE_LOOP('',(#5370,#5371,#5372));
#5370=ORIENTED_EDGE('',*,*,#5373,.T.);
#5371=ORIENTED_EDGE('',*,*,#5374,.T.);
#5372=ORIENTED_EDGE('',*,*,#5375,.T.);
#5373=EDGE_CURVE('',#441,#443,#5376,.F.);
#5374=EDGE_CURVE('',#443,#445,#5377,.T.);
#5375=EDGE_CURVE('',#445,#441,#5378,.T.);
#5376=LINE('',#440,#5379);
#5377=LINE('',#442,#5380);
#5378=LINE('',#444,#5381);
#5379=VECTOR('',#5382,1.0);
#5380=VECTOR('',#5383,1.0);
#5381=VECTOR('',#5384,1.0);
#5382=DIRECTION('',(-1,0,0));
#5383=DIRECTION('',(0.9992078283998239,-0.03979592522492524,0));
#5384=DIRECTION('',(0.779637528113643,0.6262310474232721,0));
#5385=FACE_SURFACE('',(#5390),#5386,.T.);
#5386=PLANE('',#5387);
#5387=AXIS2_PLACEMENT_3D('',#444,#5388,#5389);
#5388=DIRECTION('',(0,0,1));
#5389=DIRECTION('',(-0.9992078283998239,0.03979592522492524,0));
#5390=FACE_BOUND('',#5391,.T.);
#5391=EDGE_LOOP('',(#5392,#5393,#5394));
#5392=ORIENTED_EDGE('',*,*,#5395,.T.);
#5393=ORIENTED_EDGE('',*,*,#5396,.T.);
#5394=ORIENTED_EDGE('',*,*,#5397,.T.);
#5395=EDGE_CURVE('',#445,#443,#5398,.F.);
#5396=EDGE_CURVE('',#443,#447,#5399,.T.);
#5397=EDGE_CURVE('',#447,#445,#5400,.T.);
#5398=LINE('',#444,#5401);
#5399=LINE('',#442,#5402);
#5400=LINE('',#446,#5403);
#5401=VECTOR('',#5404,1.0);
#5402=VECTOR('',#5405,1.0);
#5403=VECTOR('',#5406,1.0);
#5404=DIRECTION('',(-0.9992078283998239,0.03979592522492524,0));
#5405=DIRECTION('',(0.779637528113643,-0.6262310474232721,0));
#5406=DIRECTION('',(1,0,0));
#5407=FACE_SURFACE('',(#5412),#5408,.T.);
#5408=PLANE('',#5409);
#5409=AXIS2_PLACEMENT_3D('',#444,#5410,#5411);
#5410=DIRECTION('',(0,0,1));
#5411=DIRECTION('',(-1,0,0));
#5412=FACE_BOUND('',#5413,.T.);
#5413=EDGE_LOOP('',(#5414,#5415,#5416));
#5414=ORIENTED_EDGE('',*,*,#5417,.T.);
#5415=ORIENTED_EDGE('',*,*,#5418,.T.);
#5416=ORIENTED_EDGE('',*,*,#5419,.T.);
#5417=EDGE_CURVE('',#445,#447,#5420,.F.);
#5418=EDGE_CURVE('',#447,#449,#5421,.T.);
#5419=EDGE_CURVE('',#449,#445,#5422,.T.);
#5420=LINE('',#444,#5423);
#5421=LINE('',#446,#5424);
#5422=LINE('',#448,#5425);
#5423=VECTOR('',#5426,1.0);
#5424=VECTOR('',#5427,1.0);
#5425=VECTOR('',#5428,1.0);
#5426=DIRECTION('',(-1,0,0));
#5427=DIRECTION('',(0.9992078265788044,-0.03979597094759734,0));
#5428=DIRECTION('',(0.8269712762209053,0.5622441714287193,0));
#5429=FACE_SURFACE('',(#5434),#5430,.T.);
#5430=PLANE('',#5431);
#5431=AXIS2_PLACEMENT_3D('',#448,#5432,#5433);
#5432=DIRECTION('',(0,0,1));
#5433=DIRECTION('',(-0.9992078265788044,0.03979597094759734,0));
#5434=FACE_BOUND('',#5435,.T.);
#5435=EDGE_LOOP('',(#5436,#5437,#5438));
#5436=ORIENTED_EDGE('',*,*,#5439,.T.);
#5437=ORIENTED_EDGE('',*,*,#5440,.T.);
#5438=ORIENTED_EDGE('',*,*,#5441,.T.);
#5439=EDGE_CURVE('',#449,#447,#5442,.F.);
#5440=EDGE_CURVE('',#447,#451,#5443,.T.);
#5441=EDGE_CURVE('',#451,#449,#5444,.T.);
#5442=LINE('',#448,#5445);
#5443=LINE('',#446,#5446);
#5444=LINE('',#450,#5447);
#5445=VECTOR('',#5448,1.0);
#5446=VECTOR('',#5449,1.0);
#5447=VECTOR('',#5450,1.0);
#5448=DIRECTION('',(-0.9992078265788044,0.03979597094759734,0));
#5449=DIRECTION('',(0.8269712762209053,-0.5622441714287193,0));
#5450=DIRECTION('',(1,0,0));
#5451=FACE_SURFACE('',(#5456),#5452,.T.);
#5452=PLANE('',#5453);
#5453=AXIS2_PLACEMENT_3D('',#448,#5454,#5455);
#5454=DIRECTION('',(0,0,1));
#5455=DIRECTION('',(-1,0,0));
#5456=FACE_BOUND('',#5457,.T.);
#5457=EDGE_LOOP('',(#5458,#5459,#5460));
#5458=ORIENTED_EDGE('',*,*,#5461,.T.);
#5459=ORIENTED_EDGE('',*,*,#5462,.T.);
#5460=ORIENTED_EDGE('',*,*,#5463,.T.);
#5461=EDGE_CURVE('',#449,#451,#5464,.F.);
#5462=EDGE_CURVE('',#451,#453,#5465,.T.);
#5463=EDGE_CURVE('',#453,#449,#5466,.T.);
#5464=LINE('',#448,#5467);
#5465=LINE('',#450,#5468);
#5466=LINE('',#452,#5469);
#5467=VECTOR('',#5470,1.0);
#5468=VECTOR('',#5471,1.0);
#5469=VECTOR('',#5472,1.0);
#5470=DIRECTION('',(-1,0,0));
#5471=DIRECTION('',(0.9992078289269637,-0.03979591198934473,0));
#5472=DIRECTION('',(0.8690667191719468,0.49469489347243967,0));
#5473=FACE_SURFACE('',(#5478),#5474,.T.);
#5474=PLANE('',#5475);
#5475=AXIS2_PLACEMENT_3D('',#452,#5476,#5477);
#5476=DIRECTION('',(0,0,1));
#5477=DIRECTION('',(-0.9992078289269637,0.03979591198934473,0));
#5478=FACE_BOUND('',#5479,.T.);
#5479=EDGE_LOOP('',(#5480,#5481,#5482));
#5480=ORIENTED_EDGE('',*,*,#5483,.T.);
#5481=ORIENTED_EDGE('',*,*,#5484,.T.);
#5482=ORIENTED_EDGE('',*,*,#5485,.T.);
#5483=EDGE_CURVE('',#453,#451,#5486,.F.);
#5484=EDGE_CURVE('',#451,#455,#5487,.T.);
#5485=EDGE_CURVE('',#455,#453,#5488,.T.);
#5486=LINE('',#452,#5489);
#5487=LINE('',#450,#5490);
#5488=LINE('',#454,#5491);
#5489=VECTOR('',#5492,1.0);
#5490=VECTOR('',#5493,1.0);
#5491=VECTOR('',#5494,1.0);
#5492=DIRECTION('',(-0.9992078289269637,0.03979591198934473,0));
#5493=DIRECTION('',(0.8690667191719468,-0.49469489347243967,0));
#5494=DIRECTION('',(1,0,0));
#5495=FACE_SURFACE('',(#5500),#5496,.T.);
#5496=PLANE('',#5497);
#5497=AXIS2_PLACEMENT_3D('',#452,#5498,#5499);
#5498=DIRECTION('',(0,0,1));
#5499=DIRECTION('',(-1,0,0));
#5500=FACE_BOUND('',#5501,.T.);
#5501=EDGE_LOOP('',(#5502,#5503,#5504));
#5502=ORIENTED_EDGE('',*,*,#5505,.T.);
#5503=ORIENTED_EDGE('',*,*,#5506,.T.);
#5504=ORIENTED_EDGE('',*,*,#5507,.T.);
#5505=EDGE_CURVE('',#453,#455,#5508,.F.);
#5506=EDGE_CURVE('',#455,#457,#5509,.T.);
#5507=EDGE_CURVE('',#457,#453,#5510,.T.);
#5508=LINE('',#452,#5511);
#5509=LINE('',#454,#5512);
#5510=LINE('',#456,#5513);
#5511=VECTOR('',#5514,1.0);
#5512=VECTOR('',#5515,1.0);
#5513=VECTOR('',#5516,1.0);
#5514=DIRECTION('',(-1,0,0));
#5515=DIRECTION('',(0.9992078275215603,-0.039795947276623576,0));
#5516=DIRECTION('',(0.9056564805382643,0.42401219234715937,0));
#5517=FACE_SURFACE('',(#5522),#5518,.T.);
#5518=PLANE('',#5519);
#5519=AXIS2_PLACEMENT_3D('',#456,#5520,#5521);
#5520=DIRECTION('',(0,0,1));
#5521=DIRECTION('',(-0.9992078275215603,0.039795947276623576,0));
#5522=FACE_BOUND('',#5523,.T.);
#5523=EDGE_LOOP('',(#5524,#5525,#5526));
#5524=ORIENTED_EDGE('',*,*,#5527,.T.);
#5525=ORIENTED_EDGE('',*,*,#5528,.T.);
#5526=ORIENTED_EDGE('',*,*,#5529,.T.);
#5527=EDGE_CURVE('',#457,#455,#5530,.F.);
#5528=EDGE_CURVE('',#455,#459,#5531,.T.);
#5529=EDGE_CURVE('',#459,#457,#5532,.T.);
#5530=LINE('',#456,#5533);
#5531=LINE('',#454,#5534);
#5532=LINE('',#458,#5535);
#5533=VECTOR('',#5536,1.0);
#5534=VECTOR('',#5537,1.0);
#5535=VECTOR('',#5538,1.0);
#5536=DIRECTION('',(-0.9992078275215603,0.039795947276623576,0));
#5537=DIRECTION('',(0.9056564805382643,-0.42401219234715937,0));
#5538=DIRECTION('',(1,0,0));
#5539=FACE_SURFACE('',(#5544),#5540,.T.);
#5540=PLANE('',#5541);
#5541=AXIS2_PLACEMENT_3D('',#456,#5542,#5543);
#5542=DIRECTION('',(0,0,1));
#5543=DIRECTION('',(-1,0,0));
#5544=FACE_BOUND('',#5545,.T.);
#5545=EDGE_LOOP('',(#5546,#5547,#5548));
#5546=ORIENTED_EDGE('',*,*,#5549,.T.);
#5547=ORIENTED_EDGE('',*,*,#5550,.T.);
#5548=ORIENTED_EDGE('',*,*,#5551,.T.);
#5549=EDGE_CURVE('',#457,#459,#5552,.F.);
#5550=EDGE_CURVE('',#459,#461,#5553,.T.);
#5551=EDGE_CURVE('',#461,#457,#5554,.T.);
#5552=LINE('',#456,#5555);
#5553=LINE('',#458,#5556);
#5554=LINE('',#460,#5557);
#5555=VECTOR('',#5558,1.0);
#5556=VECTOR('',#5559,1.0);
#5557=VECTOR('',#5560,1.0);
#5558=DIRECTION('',(-1,0,0));
#5559=DIRECTION('',(0.9992078267692531,-0.03979596616575847,0));
#5560=DIRECTION('',(0.9365089389244953,0.35064370422769053,0));
#5561=FACE_SURFACE('',(#5566),#5562,.T.);
#5562=PLANE('',#5563);
#5563=AXIS2_PLACEMENT_3D('',#460,#5564,#5565);
#5564=DIRECTION('',(0,0,1));
#5565=DIRECTION('',(-0.9992078267692531,0.03979596616575847,0));
#5566=FACE_BOUND('',#5567,.T.);
#5567=EDGE_LOOP('',(#5568,#5569,#5570));
#5568=ORIENTED_EDGE('',*,*,#5571,.T.);
#5569=ORIENTED_EDGE('',*,*,#5572,.T.);
#5570=ORIENTED_EDGE('',*,*,#5573,.T.);
#5571=EDGE_CURVE('',#461,#459,#5574,.F.);
#5572=EDGE_CURVE('',#459,#463,#5575,.T.);
#5573=EDGE_CURVE('',#463,#461,#5576,.T.);
#5574=LINE('',#460,#5577);
#5575=LINE('',#458,#5578);
#5576=LINE('',#462,#5579);
#5577=VECTOR('',#5580,1.0);
#5578=VECTOR('',#5581,1.0);
#5579=VECTOR('',#5582,1.0);
#5580=DIRECTION('',(-0.9992078267692531,0.03979596616575847,0));
#5581=DIRECTION('',(0.9365089389244953,-0.35064370422769053,0));
#5582=DIRECTION('',(1,0,0));
#5583=FACE_SURFACE('',(#5588),#5584,.T.);
#5584=PLANE('',#5585);
#5585=AXIS2_PLACEMENT_3D('',#460,#5586,#5587);
#5586=DIRECTION('',(0,0,1));
#5587=DIRECTION('',(-1,0,0));
#5588=FACE_BOUND('',#5589,.T.);
#5589=EDGE_LOOP('',(#5590,#5591,#5592));
#5590=ORIENTED_EDGE('',*,*,#5593,.T.);
#5591=ORIENTED_EDGE('',*,*,#5594,.T.);
#5592=ORIENTED_EDGE('',*,*,#5595,.T.);
#5593=EDGE_CURVE('',#461,#463,#5596,.F.);
#5594=EDGE_CURVE('',#463,#465,#5597,.T.);
#5595=EDGE_CURVE('',#465,#461,#5598,.T.);
#5596=LINE('',#460,#5599);
#5597=LINE('',#462,#5600);
#5598=LINE('',#464,#5601);
#5599=VECTOR('',#5602,1.0);
#5600=VECTOR('',#5603,1.0);
#5601=VECTOR('',#5604,1.0);
#5602=DIRECTION('',(-1,0,0));
#5603=DIRECTION('',(0.9992078296936494,-0.03979589273916328,0));
#5604=DIRECTION('',(0.9614290716602857,0.275052977017958,0));
#5605=FACE_SURFACE('',(#5610),#5606,.T.);
#5606=PLANE('',#5607);
#5607=AXIS2_PLACEMENT_3D('',#464,#5608,#5609);
#5608=DIRECTION('',(0,0,1));
#5609=DIRECTION('',(-0.9992078296936494,0.03979589273916328,0));
#5610=FACE_BOUND('',#5611,.T.);
#5611=EDGE_LOOP('',(#5612,#5613,#5614));
#5612=ORIENTED_EDGE('',*,*,#5615,.T.);
#5613=ORIENTED_EDGE('',*,*,#5616,.T.);
#5614=ORIENTED_EDGE('',*,*,#5617,.T.);
#5615=EDGE_CURVE('',#465,#463,#5618,.F.);
#5616=EDGE_CURVE('',#463,#467,#5619,.T.);
#5617=EDGE_CURVE('',#467,#465,#5620,.T.);
#5618=LINE('',#464,#5621);
#5619=LINE('',#462,#5622);
#5620=LINE('',#466,#5623);
#5621=VECTOR('',#5624,1.0);
#5622=VECTOR('',#5625,1.0);
#5623=VECTOR('',#5626,1.0);
#5624=DIRECTION('',(-0.9992078296936494,0.03979589273916328,0));
#5625=DIRECTION('',(0.9614290716602857,-0.275052977017958,0));
#5626=DIRECTION('',(1,0,0));
#5627=FACE_SURFACE('',(#5632),#5628,.T.);
#5628=PLANE('',#5629);
#5629=AXIS2_PLACEMENT_3D('',#464,#5630,#5631);
#5630=DIRECTION('',(0,0,1));
#5631=DIRECTION('',(-1,0,0));
#5632=FACE_BOUND('',#5633,.T.);
#5633=EDGE_LOOP('',(#5634,#5635,#5636));
#5634=ORIENTED_EDGE('',*,*,#5637,.T.);
#5635=ORIENTED_EDGE('',*,*,#5638,.T.);
#5636=ORIENTED_EDGE('',*,*,#5639,.T.);
#5637=EDGE_CURVE('',#465,#467,#5640,.F.);
#5638=EDGE_CURVE('',#467,#469,#5641,.T.);
#5639=EDGE_CURVE('',#469,#465,#5642,.T.);
#5640=LINE('',#464,#5643);
#5641=LINE('',#466,#5644);
#5642=LINE('',#468,#5645);
#5643=VECTOR('',#5646,1.0);
#5644=VECTOR('',#5647,1.0);
#5645=VECTOR('',#5648,1.0);
#5646=DIRECTION('',(-1,0,0));
#5647=DIRECTION('',(0.9992078244928719,-0.03979602332170954,0));
#5648=DIRECTION('',(0.9802582938857194,0.1977212109720619,0));
#5649=FACE_SURFACE('',(#5654),#5650,.T.);
#5650=PLANE('',#5651);
#5651=AXIS2_PLACEMENT_3D('',#468,#5652,#5653);
#5652=DIRECTION('',(0,0,1));
#5653=DIRECTION('',(-0.9992078244928719,0.03979602332170954,0));
#5654=FACE_BOUND('',#5655,.T.);
#5655=EDGE_LOOP('',(#5656,#5657,#5658));
#5656=ORIENTED_EDGE('',*,*,#5659,.T.);
#5657=ORIENTED_EDGE('',*,*,#5660,.T.);
#5658=ORIENTED_EDGE('',*,*,#5661,.T.);
#5659=EDGE_CURVE('',#469,#467,#5662,.F.);
#5660=EDGE_CURVE('',#467,#471,#5663,.T.);
#5661=EDGE_CURVE('',#471,#469,#5664,.T.);
#5662=LINE('',#468,#5665);
#5663=LINE('',#466,#5666);
#5664=LINE('',#470,#5667);
#5665=VECTOR('',#5668,1.0);
#5666=VECTOR('',#5669,1.0);
#5667=VECTOR('',#5670,1.0);
#5668=DIRECTION('',(-0.9992078244928719,0.03979602332170954,0));
#5669=DIRECTION('',(0.9802582938857194,-0.1977212109720619,0));
#5670=DIRECTION('',(1,0,0));
#5671=FACE_SURFACE('',(#5676),#5672,.T.);
#5672=PLANE('',#5673);
#5673=AXIS2_PLACEMENT_3D('',#468,#5674,#5675);
#5674=DIRECTION('',(0,0,1));
#5675=DIRECTION('',(-1,0,0));
#5676=FACE_BOUND('',#5677,.T.);
#5677=EDGE_LOOP('',(#5678,#5679,#5680));
#5678=ORIENTED_EDGE('',*,*,#5681,.T.);
#5679=ORIENTED_EDGE('',*,*,#5682,.T.);
#5680=ORIENTED_EDGE('',*,*,#5683,.T.);
#5681=EDGE_CURVE('',#469,#471,#5684,.F.);
#5682=EDGE_CURVE('',#471,#473,#5685,.T.);
#5683=EDGE_CURVE('',#473,#469,#5686,.T.);
#5684=LINE('',#468,#5687);
#5685=LINE('',#470,#5688);
#5686=LINE('',#472,#5689);
#5687=VECTOR('',#5690,1.0);
#5688=VECTOR('',#5691,1.0);
#5689=VECTOR('',#5692,1.0);
#5690=DIRECTION('',(-1,0,0));
#5691=DIRECTION('',(0.9992078318614781,-0.03979583830859737,0));
#5692=DIRECTION('',(0.9928780146777235,0.11913541861940959,0));
#5693=FACE_SURFACE('',(#5698),#5694,.T.);
#5694=PLANE('',#5695);
#5695=AXIS2_PLACEMENT_3D('',#472,#5696,#5697);
#5696=DIRECTION('',(0,0,1));
#5697=DIRECTION('',(-0.9992078318614781,0.03979583830859737,0));
#5698=FACE_BOUND('',#5699,.T.);
#5699=EDGE_LOOP('',(#5700,#5701,#5702));
#5700=ORIENTED_EDGE('',*,*,#5703,.T.);
#5701=ORIENTED_EDGE('',*,*,#5704,.T.);
#5702=ORIENTED_EDGE('',*,*,#5705,.T.);
#5703=EDGE_CURVE('',#473,#471,#5706,.F.);
#5704=EDGE_CURVE('',#471,#475,#5707,.T.);
#5705=EDGE_CURVE('',#475,#473,#5708,.T.);
#5706=LINE('',#472,#5709);
#5707=LINE('',#470,#5710);
#5708=LINE('',#474,#5711);
#5709=VECTOR('',#5712,1.0);
#5710=VECTOR('',#5713,1.0);
#5711=VECTOR('',#5714,1.0);
#5712=DIRECTION('',(-0.9992078318614781,0.03979583830859737,0));
#5713=DIRECTION('',(0.9928780146777235,-0.11913541861940959,0));
#5714=DIRECTION('',(1,0,0));
#5715=FACE_SURFACE('',(#5720),#5716,.T.);
#5716=PLANE('',#5717);
#5717=AXIS2_PLACEMENT_3D('',#472,#5718,#5719);
#5718=DIRECTION('',(0,0,1));
#5719=DIRECTION('',(-1,0,0));
#5720=FACE_BOUND('',#5721,.T.);
#5721=EDGE_LOOP('',(#5722,#5723,#5724));
#5722=ORIENTED_EDGE('',*,*,#5725,.T.);
#5723=ORIENTED_EDGE('',*,*,#5726,.T.);
#5724=ORIENTED_EDGE('',*,*,#5727,.T.);
#5725=EDGE_CURVE('',#473,#475,#5728,.F.);
#5726=EDGE_CURVE('',#475,#477,#5729,.T.);
#5727=EDGE_CURVE('',#477,#473,#5730,.T.);
#5728=LINE('',#472,#5731);
#5729=LINE('',#474,#5732);
#5730=LINE('',#476,#5733);
#5731=VECTOR('',#5734,1.0);
#5732=VECTOR('',#5735,1.0);
#5733=VECTOR('',#5736,1.0);
#5734=DIRECTION('',(-1,0,0));
#5735=DIRECTION('',(0.9992078199827527,-0.03979613656267319,0));
#5736=DIRECTION('',(0.9992078199827527,0.03979613656267313,0));
#5737=FACE_SURFACE('',(#5742),#5738,.T.);
#5738=PLANE('',#5739);
#5739=AXIS2_PLACEMENT_3D('',#478,#5740,#5741);
#5740=DIRECTION('',(0,-1,0));
#5741=DIRECTION('',(1,0,0));
#5742=FACE_BOUND('',#5743,.T.);
#5743=EDGE_LOOP('',(#5744,#5745,#5746));
#5744=ORIENTED_EDGE('',*,*,#5747,.T.);
#5745=ORIENTED_EDGE('',*,*,#5748,.T.);
#5746=ORIENTED_EDGE('',*,*,#5749,.T.);
#5747=EDGE_CURVE('',#479,#481,#5750,.F.);
#5748=EDGE_CURVE('',#481,#399,#5751,.T.);
#5749=EDGE_CURVE('',#399,#479,#5752,.T.);
#5750=LINE('',#478,#5753);
#5751=LINE('',#480,#5754);
#5752=LINE('',#398,#5755);
#5753=VECTOR('',#5756,1.0);
#5754=VECTOR('',#5757,1.0);
#5755=VECTOR('',#5758,1.0);
#5756=DIRECTION('',(1,0,0));
#5757=DIRECTION('',(-0.03366468608099656,0,0.9994331838152403));
#5758=DIRECTION('',(0,0,-1));
#5759=FACE_SURFACE('',(#5764),#5760,.T.);
#5760=PLANE('',#5761);
#5761=AXIS2_PLACEMENT_3D('',#398,#5762,#5763);
#5762=DIRECTION('',(0,-1,0));
#5763=DIRECTION('',(0.03366468608099656,0,-0.9994331838152403));
#5764=FACE_BOUND('',#5765,.T.);
#5765=EDGE_LOOP('',(#5766,#5767,#5768));
#5766=ORIENTED_EDGE('',*,*,#5769,.T.);
#5767=ORIENTED_EDGE('',*,*,#5770,.T.);
#5768=ORIENTED_EDGE('',*,*,#5771,.T.);
#5769=EDGE_CURVE('',#399,#481,#5772,.F.);
#5770=EDGE_CURVE('',#481,#483,#5773,.T.);
#5771=EDGE_CURVE('',#483,#399,#5774,.T.);
#5772=LINE('',#398,#5775);
#5773=LINE('',#480,#5776);
#5774=LINE('',#482,#5777);
#5775=VECTOR('',#5778,1.0);
#5776=VECTOR('',#5779,1.0);
#5777=VECTOR('',#5780,1.0);
#5778=DIRECTION('',(0.03366468608099656,0,-0.9994331838152403));
#5779=DIRECTION('',(1,0,0));
#5780=DIRECTION('',(-0.9961647194074827,0,0.08749772458647893));
#5781=FACE_SURFACE('',(#5786),#5782,.T.);
#5782=PLANE('',#5783);
#5783=AXIS2_PLACEMENT_3D('',#398,#5784,#5785);
#5784=DIRECTION('',(0,-1,0));
#5785=DIRECTION('',(0.9961647194074827,0,-0.08749772458647893));
#5786=FACE_BOUND('',#5787,.T.);
#5787=EDGE_LOOP('',(#5788,#5789,#5790));
#5788=ORIENTED_EDGE('',*,*,#5791,.T.);
#5789=ORIENTED_EDGE('',*,*,#5792,.T.);
#5790=ORIENTED_EDGE('',*,*,#5793,.T.);
#5791=EDGE_CURVE('',#399,#483,#5794,.F.);
#5792=EDGE_CURVE('',#483,#401,#5795,.T.);
#5793=EDGE_CURVE('',#401,#399,#5796,.T.);
#5794=LINE('',#398,#5797);
#5795=LINE('',#482,#5798);
#5796=LINE('',#400,#5799);
#5797=VECTOR('',#5800,1.0);
#5798=VECTOR('',#5801,1.0);
#5799=VECTOR('',#5802,1.0);
#5800=DIRECTION('',(0.9961647194074827,0,-0.08749772458647893));
#5801=DIRECTION('',(0.03366468608099656,0,0.9994331838152403));
#5802=DIRECTION('',(-1,0,0));
#5803=FACE_SURFACE('',(#5808),#5804,.T.);
#5804=PLANE('',#5805);
#5805=AXIS2_PLACEMENT_3D('',#400,#5806,#5807);
#5806=DIRECTION('',(0,-1,-0));
#5807=DIRECTION('',(-0.03366468608099656,0,-0.9994331838152403));
#5808=FACE_BOUND('',#5809,.T.);
#5809=EDGE_LOOP('',(#5810,#5811,#5812));
#5810=ORIENTED_EDGE('',*,*,#5813,.T.);
#5811=ORIENTED_EDGE('',*,*,#5814,.T.);
#5812=ORIENTED_EDGE('',*,*,#5815,.T.);
#5813=EDGE_CURVE('',#401,#483,#5816,.F.);
#5814=EDGE_CURVE('',#483,#485,#5817,.T.);
#5815=EDGE_CURVE('',#485,#401,#5818,.T.);
#5816=LINE('',#400,#5819);
#5817=LINE('',#482,#5820);
#5818=LINE('',#484,#5821);
#5819=VECTOR('',#5822,1.0);
#5820=VECTOR('',#5823,1.0);
#5821=VECTOR('',#5824,1.0);
#5822=DIRECTION('',(-0.03366468608099656,0,-0.9994331838152403));
#5823=DIRECTION('',(1,0,0));
#5824=DIRECTION('',(0,0,1));
#5825=FACE_SURFACE('',(#5830),#5826,.T.);
#5826=PLANE('',#5827);
#5827=AXIS2_PLACEMENT_3D('',#486,#5828,#5829);
#5828=DIRECTION('',(0,-1,0));
#5829=DIRECTION('',(1,0,0));
#5830=FACE_BOUND('',#5831,.T.);
#5831=EDGE_LOOP('',(#5832,#5833,#5834));
#5832=ORIENTED_EDGE('',*,*,#5835,.T.);
#5833=ORIENTED_EDGE('',*,*,#5836,.T.);
#5834=ORIENTED_EDGE('',*,*,#5837,.T.);
#5835=EDGE_CURVE('',#487,#489,#5838,.F.);
#5836=EDGE_CURVE('',#489,#481,#5839,.T.);
#5837=EDGE_CURVE('',#481,#487,#5840,.T.);
#5838=LINE('',#486,#5841);
#5839=LINE('',#488,#5842);
#5840=LINE('',#480,#5843);
#5841=VECTOR('',#5844,1.0);
#5842=VECTOR('',#5845,1.0);
#5843=VECTOR('',#5846,1.0);
#5844=DIRECTION('',(1,0,0));
#5845=DIRECTION('',(-0.997458699830735,0,0.07124704998790965));
#5846=DIRECTION('',(0,0,-1));
#5847=FACE_SURFACE('',(#5852),#5848,.T.);
#5848=PLANE('',#5849);
#5849=AXIS2_PLACEMENT_3D('',#480,#5850,#5851);
#5850=DIRECTION('',(0,-1,0));
#5851=DIRECTION('',(0.997458699830735,0,-0.07124704998790965));
#5852=FACE_BOUND('',#5853,.T.);
#5853=EDGE_LOOP('',(#5854,#5855,#5856));
#5854=ORIENTED_EDGE('',*,*,#5857,.T.);
#5855=ORIENTED_EDGE('',*,*,#5858,.T.);
#5856=ORIENTED_EDGE('',*,*,#5859,.T.);
#5857=EDGE_CURVE('',#481,#489,#5860,.F.);
#5858=EDGE_CURVE('',#489,#483,#5861,.T.);
#5859=EDGE_CURVE('',#483,#481,#5862,.T.);
#5860=LINE('',#480,#5863);
#5861=LINE('',#488,#5864);
#5862=LINE('',#482,#5865);
#5863=VECTOR('',#5866,1.0);
#5864=VECTOR('',#5867,1.0);
#5865=VECTOR('',#5868,1.0);
#5866=DIRECTION('',(0.997458699830735,0,-0.07124704998790965));
#5867=DIRECTION('',(0,0,1));
#5868=DIRECTION('',(-1,0,0));
#5869=FACE_SURFACE('',(#5874),#5870,.T.);
#5870=PLANE('',#5871);
#5871=AXIS2_PLACEMENT_3D('',#478,#5872,#5873);
#5872=DIRECTION('',(-0,0,1));
#5873=DIRECTION('',(-0.6941177107446549,-0.719861516981287,0));
#5874=FACE_BOUND('',#5875,.T.);
#5875=EDGE_LOOP('',(#5876,#5877,#5878));
#5876=ORIENTED_EDGE('',*,*,#5879,.T.);
#5877=ORIENTED_EDGE('',*,*,#5880,.T.);
#5878=ORIENTED_EDGE('',*,*,#5881,.T.);
#5879=EDGE_CURVE('',#479,#491,#5882,.F.);
#5880=EDGE_CURVE('',#491,#481,#5883,.T.);
#5881=EDGE_CURVE('',#481,#479,#5884,.T.);
#5882=LINE('',#478,#5885);
#5883=LINE('',#490,#5886);
#5884=LINE('',#480,#5887);
#5885=VECTOR('',#5888,1.0);
#5886=VECTOR('',#5889,1.0);
#5887=VECTOR('',#5890,1.0);
#5888=DIRECTION('',(-0.6941177107446549,-0.719861516981287,0));
#5889=DIRECTION('',(0.7201574289351962,0.6938106928762685,0));
#5890=DIRECTION('',(-1,0,0));
#5891=FACE_SURFACE('',(#5896),#5892,.T.);
#5892=PLANE('',#5893);
#5893=AXIS2_PLACEMENT_3D('',#480,#5894,#5895);
#5894=DIRECTION('',(0,0,1));
#5895=DIRECTION('',(-0.7201574289351962,-0.6938106928762685,0));
#5896=FACE_BOUND('',#5897,.T.);
#5897=EDGE_LOOP('',(#5898,#5899,#5900));
#5898=ORIENTED_EDGE('',*,*,#5901,.T.);
#5899=ORIENTED_EDGE('',*,*,#5902,.T.);
#5900=ORIENTED_EDGE('',*,*,#5903,.T.);
#5901=EDGE_CURVE('',#481,#491,#5904,.F.);
#5902=EDGE_CURVE('',#491,#493,#5905,.T.);
#5903=EDGE_CURVE('',#493,#481,#5906,.T.);
#5904=LINE('',#480,#5907);
#5905=LINE('',#490,#5908);
#5906=LINE('',#492,#5909);
#5907=VECTOR('',#5910,1.0);
#5908=VECTOR('',#5911,1.0);
#5909=VECTOR('',#5912,1.0);
#5910=DIRECTION('',(-0.7201574289351962,-0.6938106928762685,0));
#5911=DIRECTION('',(0.0028248428582708257,-0.9999960101234535,0));
#5912=DIRECTION('',(0.03859916872384294,0.9992547744063215,0));
#5913=FACE_SURFACE('',(#5918),#5914,.T.);
#5914=PLANE('',#5915);
#5915=AXIS2_PLACEMENT_3D('',#480,#5916,#5917);
#5916=DIRECTION('',(0,0,1));
#5917=DIRECTION('',(-0.03859916872384294,-0.9992547744063215,0));
#5918=FACE_BOUND('',#5919,.T.);
#5919=EDGE_LOOP('',(#5920,#5921,#5922));
#5920=ORIENTED_EDGE('',*,*,#5923,.T.);
#5921=ORIENTED_EDGE('',*,*,#5924,.T.);
#5922=ORIENTED_EDGE('',*,*,#5925,.T.);
#5923=EDGE_CURVE('',#481,#493,#5926,.F.);
#5924=EDGE_CURVE('',#493,#495,#5927,.T.);
#5925=EDGE_CURVE('',#495,#481,#5928,.T.);
#5926=LINE('',#480,#5929);
#5927=LINE('',#492,#5930);
#5928=LINE('',#494,#5931);
#5929=VECTOR('',#5932,1.0);
#5930=VECTOR('',#5933,1.0);
#5931=VECTOR('',#5934,1.0);
#5932=DIRECTION('',(-0.03859916872384294,-0.9992547744063215,0));
#5933=DIRECTION('',(0.6981734172577191,-0.7159286832043252,0));
#5934=DIRECTION('',(0,1,0));
#5935=FACE_SURFACE('',(#5940),#5936,.T.);
#5936=PLANE('',#5937);
#5937=AXIS2_PLACEMENT_3D('',#492,#5938,#5939);
#5938=DIRECTION('',(0,0,1));
#5939=DIRECTION('',(-0.0028248428582708257,0.9999960101234535,0));
#5940=FACE_BOUND('',#5941,.T.);
#5941=EDGE_LOOP('',(#5942,#5943,#5944));
#5942=ORIENTED_EDGE('',*,*,#5945,.T.);
#5943=ORIENTED_EDGE('',*,*,#5946,.T.);
#5944=ORIENTED_EDGE('',*,*,#5947,.T.);
#5945=EDGE_CURVE('',#493,#491,#5948,.F.);
#5946=EDGE_CURVE('',#491,#497,#5949,.T.);
#5947=EDGE_CURVE('',#497,#493,#5950,.T.);
#5948=LINE('',#492,#5951);
#5949=LINE('',#490,#5952);
#5950=LINE('',#496,#5953);
#5951=VECTOR('',#5954,1.0);
#5952=VECTOR('',#5955,1.0);
#5953=VECTOR('',#5956,1.0);
#5954=DIRECTION('',(-0.0028248428582708257,0.9999960101234535,0));
#5955=DIRECTION('',(-0.035668488319965476,-0.9993636770170149,0));
#5956=DIRECTION('',(0.6410312920724035,-0.7675147442127643,0));
#5957=FACE_SURFACE('',(#5962),#5958,.T.);
#5958=PLANE('',#5959);
#5959=AXIS2_PLACEMENT_3D('',#496,#5960,#5961);
#5960=DIRECTION('',(0,-0,1));
#5961=DIRECTION('',(0.035668488319965476,0.9993636770170149,0));
#5962=FACE_BOUND('',#5963,.T.);
#5963=EDGE_LOOP('',(#5964,#5965,#5966));
#5964=ORIENTED_EDGE('',*,*,#5967,.T.);
#5965=ORIENTED_EDGE('',*,*,#5968,.T.);
#5966=ORIENTED_EDGE('',*,*,#5969,.T.);
#5967=EDGE_CURVE('',#497,#491,#5970,.F.);
#5968=EDGE_CURVE('',#491,#499,#5971,.T.);
#5969=EDGE_CURVE('',#499,#497,#5972,.T.);
#5970=LINE('',#496,#5973);
#5971=LINE('',#490,#5974);
#5972=LINE('',#498,#5975);
#5973=VECTOR('',#5976,1.0);
#5974=VECTOR('',#5977,1.0);
#5975=VECTOR('',#5978,1.0);
#5976=DIRECTION('',(0.035668488319965476,0.9993636770170149,0));
#5977=DIRECTION('',(-0.6366843019363789,-0.7711245681910192,0));
#5978=DIRECTION('',(0.002824818323136688,-0.9999960101927614,0));
#5979=FACE_SURFACE('',(#5984),#5980,.T.);
#5980=PLANE('',#5981);
#5981=AXIS2_PLACEMENT_3D('',#496,#5982,#5983);
#5982=DIRECTION('',(0,0,1));
#5983=DIRECTION('',(-0.002824818323136688,0.9999960101927614,0));
#5984=FACE_BOUND('',#5985,.T.);
#5985=EDGE_LOOP('',(#5986,#5987,#5988));
#5986=ORIENTED_EDGE('',*,*,#5989,.T.);
#5987=ORIENTED_EDGE('',*,*,#5990,.T.);
#5988=ORIENTED_EDGE('',*,*,#5991,.T.);
#5989=EDGE_CURVE('',#497,#499,#5992,.F.);
#5990=EDGE_CURVE('',#499,#501,#5993,.T.);
#5991=EDGE_CURVE('',#501,#497,#5994,.T.);
#5992=LINE('',#496,#5995);
#5993=LINE('',#498,#5996);
#5994=LINE('',#500,#5997);
#5995=VECTOR('',#5998,1.0);
#5996=VECTOR('',#5999,1.0);
#5997=VECTOR('',#6000,1.0);
#5998=DIRECTION('',(-0.002824818323136688,0.9999960101927614,0));
#5999=DIRECTION('',(-0.03566848484995886,-0.9993636771408635,0));
#6000=DIRECTION('',(0.5800898147166116,-0.8145525194007119,0));
#6001=FACE_SURFACE('',(#6006),#6002,.T.);
#6002=PLANE('',#6003);
#6003=AXIS2_PLACEMENT_3D('',#500,#6004,#6005);
#6004=DIRECTION('',(0,-0,1));
#6005=DIRECTION('',(0.03566848484995886,0.9993636771408635,0));
#6006=FACE_BOUND('',#6007,.T.);
#6007=EDGE_LOOP('',(#6008,#6009,#6010));
#6008=ORIENTED_EDGE('',*,*,#6011,.T.);
#6009=ORIENTED_EDGE('',*,*,#6012,.T.);
#6010=ORIENTED_EDGE('',*,*,#6013,.T.);
#6011=EDGE_CURVE('',#501,#499,#6014,.F.);
#6012=EDGE_CURVE('',#499,#503,#6015,.T.);
#6013=EDGE_CURVE('',#503,#501,#6016,.T.);
#6014=LINE('',#500,#6017);
#6015=LINE('',#498,#6018);
#6016=LINE('',#502,#6019);
#6017=VECTOR('',#6020,1.0);
#6018=VECTOR('',#6021,1.0);
#6019=VECTOR('',#6022,1.0);
#6020=DIRECTION('',(0.03566848484995886,0.9993636771408635,0));
#6021=DIRECTION('',(-0.5754790187573909,-0.8178165435903278,0));
#6022=DIRECTION('',(0.002824841823602016,-0.9999960101263764,0));
#6023=FACE_SURFACE('',(#6028),#6024,.T.);
#6024=PLANE('',#6025);
#6025=AXIS2_PLACEMENT_3D('',#500,#6026,#6027);
#6026=DIRECTION('',(0,0,1));
#6027=DIRECTION('',(-0.002824841823602016,0.9999960101263764,0));
#6028=FACE_BOUND('',#6029,.T.);
#6029=EDGE_LOOP('',(#6030,#6031,#6032));
#6030=ORIENTED_EDGE('',*,*,#6033,.T.);
#6031=ORIENTED_EDGE('',*,*,#6034,.T.);
#6032=ORIENTED_EDGE('',*,*,#6035,.T.);
#6033=EDGE_CURVE('',#501,#503,#6036,.F.);
#6034=EDGE_CURVE('',#503,#505,#6037,.T.);
#6035=EDGE_CURVE('',#505,#501,#6038,.T.);
#6036=LINE('',#500,#6039);
#6037=LINE('',#502,#6040);
#6038=LINE('',#504,#6041);
#6039=VECTOR('',#6042,1.0);
#6040=VECTOR('',#6043,1.0);
#6041=VECTOR('',#6044,1.0);
#6042=DIRECTION('',(-0.002824841823602016,0.9999960101263764,0));
#6043=DIRECTION('',(-0.0356684821519173,-0.9993636772371599,0));
#6044=DIRECTION('',(0.5157110571501466,-0.8567625724394584,0));
#6045=FACE_SURFACE('',(#6050),#6046,.T.);
#6046=PLANE('',#6047);
#6047=AXIS2_PLACEMENT_3D('',#504,#6048,#6049);
#6048=DIRECTION('',(0,-0,1));
#6049=DIRECTION('',(0.0356684821519173,0.9993636772371599,0));
#6050=FACE_BOUND('',#6051,.T.);
#6051=EDGE_LOOP('',(#6052,#6053,#6054));
#6052=ORIENTED_EDGE('',*,*,#6055,.T.);
#6053=ORIENTED_EDGE('',*,*,#6056,.T.);
#6054=ORIENTED_EDGE('',*,*,#6057,.T.);
#6055=EDGE_CURVE('',#505,#503,#6058,.F.);
#6056=EDGE_CURVE('',#503,#507,#6059,.T.);
#6057=EDGE_CURVE('',#507,#505,#6060,.T.);
#6058=LINE('',#504,#6061);
#6059=LINE('',#502,#6062);
#6060=LINE('',#506,#6063);
#6061=VECTOR('',#6064,1.0);
#6062=VECTOR('',#6065,1.0);
#6063=VECTOR('',#6066,1.0);
#6064=DIRECTION('',(0.0356684821519173,0.9993636772371599,0));
#6065=DIRECTION('',(-0.5108622079620573,-0.8596626108399339,0));
#6066=DIRECTION('',(0.002824826134911813,-0.9999960101706944,0));
#6067=FACE_SURFACE('',(#6072),#6068,.T.);
#6068=PLANE('',#6069);
#6069=AXIS2_PLACEMENT_3D('',#504,#6070,#6071);
#6070=DIRECTION('',(0,0,1));
#6071=DIRECTION('',(-0.002824826134911813,0.9999960101706944,0));
#6072=FACE_BOUND('',#6073,.T.);
#6073=EDGE_LOOP('',(#6074,#6075,#6076));
#6074=ORIENTED_EDGE('',*,*,#6077,.T.);
#6075=ORIENTED_EDGE('',*,*,#6078,.T.);
#6076=ORIENTED_EDGE('',*,*,#6079,.T.);
#6077=EDGE_CURVE('',#505,#507,#6080,.F.);
#6078=EDGE_CURVE('',#507,#509,#6081,.T.);
#6079=EDGE_CURVE('',#509,#505,#6082,.T.);
#6080=LINE('',#504,#6083);
#6081=LINE('',#506,#6084);
#6082=LINE('',#508,#6085);
#6083=VECTOR('',#6086,1.0);
#6084=VECTOR('',#6087,1.0);
#6085=VECTOR('',#6088,1.0);
#6086=DIRECTION('',(-0.002824826134911813,0.9999960101706944,0));
#6087=DIRECTION('',(-0.03566848274746548,-0.999363677215904,0));
#6088=DIRECTION('',(0.4482756554997578,-0.8938953723374243,0));
#6089=FACE_SURFACE('',(#6094),#6090,.T.);
#6090=PLANE('',#6091);
#6091=AXIS2_PLACEMENT_3D('',#508,#6092,#6093);
#6092=DIRECTION('',(0,-0,1));
#6093=DIRECTION('',(0.03566848274746548,0.999363677215904,0));
#6094=FACE_BOUND('',#6095,.T.);
#6095=EDGE_LOOP('',(#6096,#6097,#6098));
#6096=ORIENTED_EDGE('',*,*,#6099,.T.);
#6097=ORIENTED_EDGE('',*,*,#6100,.T.);
#6098=ORIENTED_EDGE('',*,*,#6101,.T.);
#6099=EDGE_CURVE('',#509,#507,#6102,.F.);
#6100=EDGE_CURVE('',#507,#511,#6103,.T.);
#6101=EDGE_CURVE('',#511,#509,#6104,.T.);
#6102=LINE('',#508,#6105);
#6103=LINE('',#506,#6106);
#6104=LINE('',#510,#6107);
#6105=VECTOR('',#6108,1.0);
#6106=VECTOR('',#6109,1.0);
#6107=VECTOR('',#6110,1.0);
#6108=DIRECTION('',(0.03566848274746548,0.999363677215904,0));
#6109=DIRECTION('',(-0.4432187794359884,-0.8964134724307041,0));
#6110=DIRECTION('',(0.0028248756416293136,-0.9999960100308447,0));
#6111=FACE_SURFACE('',(#6116),#6112,.T.);
#6112=PLANE('',#6113);
#6113=AXIS2_PLACEMENT_3D('',#508,#6114,#6115);
#6114=DIRECTION('',(0,0,1));
#6115=DIRECTION('',(-0.0028248756416293136,0.9999960100308447,0));
#6116=FACE_BOUND('',#6117,.T.);
#6117=EDGE_LOOP('',(#6118,#6119,#6120));
#6118=ORIENTED_EDGE('',*,*,#6121,.T.);
#6119=ORIENTED_EDGE('',*,*,#6122,.T.);
#6120=ORIENTED_EDGE('',*,*,#6123,.T.);
#6121=EDGE_CURVE('',#509,#511,#6124,.F.);
#6122=EDGE_CURVE('',#511,#513,#6125,.T.);
#6123=EDGE_CURVE('',#513,#509,#6126,.T.);
#6124=LINE('',#508,#6127);
#6125=LINE('',#510,#6128);
#6126=LINE('',#512,#6129);
#6127=VECTOR('',#6130,1.0);
#6128=VECTOR('',#6131,1.0);
#6129=VECTOR('',#6132,1.0);
#6130=DIRECTION('',(-0.0028248756416293136,0.9999960100308447,0));
#6131=DIRECTION('',(-0.03566851892850976,-0.9993636759245588,0));
#6132=DIRECTION('',(0.378184592243472,-0.9257302059399589,0));
#6133=FACE_SURFACE('',(#6138),#6134,.T.);
#6134=PLANE('',#6135);
#6135=AXIS2_PLACEMENT_3D('',#512,#6136,#6137);
#6136=DIRECTION('',(0,-0,1));
#6137=DIRECTION('',(0.03566851892850976,0.9993636759245588,0));
#6138=FACE_BOUND('',#6139,.T.);
#6139=EDGE_LOOP('',(#6140,#6141,#6142));
#6140=ORIENTED_EDGE('',*,*,#6143,.T.);
#6141=ORIENTED_EDGE('',*,*,#6144,.T.);
#6142=ORIENTED_EDGE('',*,*,#6145,.T.);
#6143=EDGE_CURVE('',#513,#511,#6146,.F.);
#6144=EDGE_CURVE('',#511,#515,#6147,.T.);
#6145=EDGE_CURVE('',#515,#513,#6148,.T.);
#6146=LINE('',#512,#6149);
#6147=LINE('',#510,#6150);
#6148=LINE('',#514,#6151);
#6149=VECTOR('',#6152,1.0);
#6150=VECTOR('',#6153,1.0);
#6151=VECTOR('',#6154,1.0);
#6152=DIRECTION('',(0.03566851892850976,0.9993636759245588,0));
#6153=DIRECTION('',(-0.3729476017840166,-0.9278524054630406,0));
#6154=DIRECTION('',(0.00282476452084802,-0.9999960103447423,0));
#6155=FACE_SURFACE('',(#6160),#6156,.T.);
#6156=PLANE('',#6157);
#6157=AXIS2_PLACEMENT_3D('',#512,#6158,#6159);
#6158=DIRECTION('',(0,0,1));
#6159=DIRECTION('',(-0.00282476452084802,0.9999960103447423,0));
#6160=FACE_BOUND('',#6161,.T.);
#6161=EDGE_LOOP('',(#6162,#6163,#6164));
#6162=ORIENTED_EDGE('',*,*,#6165,.T.);
#6163=ORIENTED_EDGE('',*,*,#6166,.T.);
#6164=ORIENTED_EDGE('',*,*,#6167,.T.);
#6165=EDGE_CURVE('',#513,#515,#6168,.F.);
#6166=EDGE_CURVE('',#515,#517,#6169,.T.);
#6167=EDGE_CURVE('',#517,#513,#6170,.T.);
#6168=LINE('',#512,#6171);
#6169=LINE('',#514,#6172);
#6170=LINE('',#516,#6173);
#6171=VECTOR('',#6174,1.0);
#6172=VECTOR('',#6175,1.0);
#6173=VECTOR('',#6176,1.0);
#6174=DIRECTION('',(-0.00282476452084802,0.9999960103447423,0));
#6175=DIRECTION('',(-0.035668570569753345,-0.9993636740814179,0));
#6176=DIRECTION('',(0.3058508783053479,-0.952079429585498,0));
#6177=FACE_SURFACE('',(#6182),#6178,.T.);
#6178=PLANE('',#6179);
#6179=AXIS2_PLACEMENT_3D('',#516,#6180,#6181);
#6180=DIRECTION('',(0,-0,1));
#6181=DIRECTION('',(0.035668570569753345,0.9993636740814179,0));
#6182=FACE_BOUND('',#6183,.T.);
#6183=EDGE_LOOP('',(#6184,#6185,#6186));
#6184=ORIENTED_EDGE('',*,*,#6187,.T.);
#6185=ORIENTED_EDGE('',*,*,#6188,.T.);
#6186=ORIENTED_EDGE('',*,*,#6189,.T.);
#6187=EDGE_CURVE('',#517,#515,#6190,.F.);
#6188=EDGE_CURVE('',#515,#519,#6191,.T.);
#6189=EDGE_CURVE('',#519,#517,#6192,.T.);
#6190=LINE('',#516,#6193);
#6191=LINE('',#514,#6194);
#6192=LINE('',#518,#6195);
#6193=VECTOR('',#6196,1.0);
#6194=VECTOR('',#6197,1.0);
#6195=VECTOR('',#6198,1.0);
#6196=DIRECTION('',(0.035668570569753345,0.9993636740814179,0));
#6197=DIRECTION('',(-0.3004674595777478,-0.9537920662989887,0));
#6198=DIRECTION('',(0.0028248075117950386,-0.9999960102233014,0));
#6199=FACE_SURFACE('',(#6204),#6200,.T.);
#6200=PLANE('',#6201);
#6201=AXIS2_PLACEMENT_3D('',#516,#6202,#6203);
#6202=DIRECTION('',(0,0,1));
#6203=DIRECTION('',(-0.0028248075117950386,0.9999960102233014,0));
#6204=FACE_BOUND('',#6205,.T.);
#6205=EDGE_LOOP('',(#6206,#6207,#6208));
#6206=ORIENTED_EDGE('',*,*,#6209,.T.);
#6207=ORIENTED_EDGE('',*,*,#6210,.T.);
#6208=ORIENTED_EDGE('',*,*,#6211,.T.);
#6209=EDGE_CURVE('',#517,#519,#6212,.F.);
#6210=EDGE_CURVE('',#519,#521,#6213,.T.);
#6211=EDGE_CURVE('',#521,#517,#6214,.T.);
#6212=LINE('',#516,#6215);
#6213=LINE('',#518,#6216);
#6214=LINE('',#520,#6217);
#6215=VECTOR('',#6218,1.0);
#6216=VECTOR('',#6219,1.0);
#6217=VECTOR('',#6220,1.0);
#6218=DIRECTION('',(-0.0028248075117950386,0.9999960102233014,0));
#6219=DIRECTION('',(-0.03566844831965449,-0.9993636784446732,0));
#6220=DIRECTION('',(0.23170479691844587,-0.9727861466350051,0));
#6221=FACE_SURFACE('',(#6226),#6222,.T.);
#6222=PLANE('',#6223);
#6223=AXIS2_PLACEMENT_3D('',#520,#6224,#6225);
#6224=DIRECTION('',(0,-0,1));
#6225=DIRECTION('',(0.03566844831965449,0.9993636784446732,0));
#6226=FACE_BOUND('',#6227,.T.);
#6227=EDGE_LOOP('',(#6228,#6229,#6230));
#6228=ORIENTED_EDGE('',*,*,#6231,.T.);
#6229=ORIENTED_EDGE('',*,*,#6232,.T.);
#6230=ORIENTED_EDGE('',*,*,#6233,.T.);
#6231=EDGE_CURVE('',#521,#519,#6234,.F.);
#6232=EDGE_CURVE('',#519,#523,#6235,.T.);
#6233=EDGE_CURVE('',#523,#521,#6236,.T.);
#6234=LINE('',#520,#6237);
#6235=LINE('',#518,#6238);
#6236=LINE('',#522,#6239);
#6237=VECTOR('',#6240,1.0);
#6238=VECTOR('',#6241,1.0);
#6239=VECTOR('',#6242,1.0);
#6240=DIRECTION('',(0.03566844831965449,0.9993636784446732,0));
#6241=DIRECTION('',(-0.22620523796841888,-0.9740796632286555,0));
#6242=DIRECTION('',(0.002824810552018807,-0.9999960102147134,0));
#6243=FACE_SURFACE('',(#6248),#6244,.T.);
#6244=PLANE('',#6245);
#6245=AXIS2_PLACEMENT_3D('',#520,#6246,#6247);
#6246=DIRECTION('',(0,0,1));
#6247=DIRECTION('',(-0.002824810552018807,0.9999960102147134,0));
#6248=FACE_BOUND('',#6249,.T.);
#6249=EDGE_LOOP('',(#6250,#6251,#6252));
#6250=ORIENTED_EDGE('',*,*,#6253,.T.);
#6251=ORIENTED_EDGE('',*,*,#6254,.T.);
#6252=ORIENTED_EDGE('',*,*,#6255,.T.);
#6253=EDGE_CURVE('',#521,#523,#6256,.F.);
#6254=EDGE_CURVE('',#523,#525,#6257,.T.);
#6255=EDGE_CURVE('',#525,#521,#6258,.T.);
#6256=LINE('',#520,#6259);
#6257=LINE('',#522,#6260);
#6258=LINE('',#524,#6261);
#6259=VECTOR('',#6262,1.0);
#6260=VECTOR('',#6263,1.0);
#6261=VECTOR('',#6264,1.0);
#6262=DIRECTION('',(-0.002824810552018807,0.9999960102147134,0));
#6263=DIRECTION('',(-0.035668579649429315,-0.9993636737573526,0));
#6264=DIRECTION('',(0.15618657189651247,-0.9877275711243538,0));
#6265=FACE_SURFACE('',(#6270),#6266,.T.);
#6266=PLANE('',#6267);
#6267=AXIS2_PLACEMENT_3D('',#524,#6268,#6269);
#6268=DIRECTION('',(0,-0,1));
#6269=DIRECTION('',(0.035668579649429315,0.9993636737573526,0));
#6270=FACE_BOUND('',#6271,.T.);
#6271=EDGE_LOOP('',(#6272,#6273,#6274));
#6272=ORIENTED_EDGE('',*,*,#6275,.T.);
#6273=ORIENTED_EDGE('',*,*,#6276,.T.);
#6274=ORIENTED_EDGE('',*,*,#6277,.T.);
#6275=EDGE_CURVE('',#525,#523,#6278,.F.);
#6276=EDGE_CURVE('',#523,#527,#6279,.T.);
#6277=EDGE_CURVE('',#527,#525,#6280,.T.);
#6278=LINE('',#524,#6281);
#6279=LINE('',#522,#6282);
#6280=LINE('',#526,#6283);
#6281=VECTOR('',#6284,1.0);
#6282=VECTOR('',#6285,1.0);
#6283=VECTOR('',#6286,1.0);
#6284=DIRECTION('',(0.035668579649429315,0.9993636737573526,0));
#6285=DIRECTION('',(-0.15060339386840985,-0.988594263464702,0));
#6286=DIRECTION('',(0.0028246631618961964,-0.9999960106310534,0));
#6287=FACE_SURFACE('',(#6292),#6288,.T.);
#6288=PLANE('',#6289);
#6289=AXIS2_PLACEMENT_3D('',#524,#6290,#6291);
#6290=DIRECTION('',(0,0,1));
#6291=DIRECTION('',(-0.0028246631618961964,0.9999960106310534,0));
#6292=FACE_BOUND('',#6293,.T.);
#6293=EDGE_LOOP('',(#6294,#6295,#6296));
#6294=ORIENTED_EDGE('',*,*,#6297,.T.);
#6295=ORIENTED_EDGE('',*,*,#6298,.T.);
#6296=ORIENTED_EDGE('',*,*,#6299,.T.);
#6297=EDGE_CURVE('',#525,#527,#6300,.F.);
#6298=EDGE_CURVE('',#527,#529,#6301,.T.);
#6299=EDGE_CURVE('',#529,#525,#6302,.T.);
#6300=LINE('',#524,#6303);
#6301=LINE('',#526,#6304);
#6302=LINE('',#528,#6305);
#6303=VECTOR('',#6306,1.0);
#6304=VECTOR('',#6307,1.0);
#6305=VECTOR('',#6308,1.0);
#6306=DIRECTION('',(-0.0028246631618961964,0.9999960106310534,0));
#6307=DIRECTION('',(-0.03566856882284762,-0.9993636741437674,0));
#6308=DIRECTION('',(0.07974152543457795,-0.996815574277091,0));
#6309=FACE_SURFACE('',(#6314),#6310,.T.);
#6310=PLANE('',#6311);
#6311=AXIS2_PLACEMENT_3D('',#528,#6312,#6313);
#6312=DIRECTION('',(0,-0,1));
#6313=DIRECTION('',(0.03566856882284762,0.9993636741437674,0));
#6314=FACE_BOUND('',#6315,.T.);
#6315=EDGE_LOOP('',(#6316,#6317,#6318));
#6316=ORIENTED_EDGE('',*,*,#6319,.T.);
#6317=ORIENTED_EDGE('',*,*,#6320,.T.);
#6318=ORIENTED_EDGE('',*,*,#6321,.T.);
#6319=EDGE_CURVE('',#529,#527,#6322,.F.);
#6320=EDGE_CURVE('',#527,#531,#6323,.T.);
#6321=EDGE_CURVE('',#531,#529,#6324,.T.);
#6322=LINE('',#528,#6325);
#6323=LINE('',#526,#6326);
#6324=LINE('',#530,#6327);
#6325=VECTOR('',#6328,1.0);
#6326=VECTOR('',#6329,1.0);
#6327=VECTOR('',#6330,1.0);
#6328=DIRECTION('',(0.03566856882284762,0.9993636741437674,0));
#6329=DIRECTION('',(-0.0741095777303495,-0.9972501042810823,0));
#6330=DIRECTION('',(0.0028253111633454757,-0.9999960088004504,0));
#6331=FACE_SURFACE('',(#6336),#6332,.T.);
#6332=PLANE('',#6333);
#6333=AXIS2_PLACEMENT_3D('',#442,#6334,#6335);
#6334=DIRECTION('',(-0,1,0));
#6335=DIRECTION('',(1,0,0));
#6336=FACE_BOUND('',#6337,.T.);
#6337=EDGE_LOOP('',(#6338,#6339,#6340));
#6338=ORIENTED_EDGE('',*,*,#6341,.T.);
#6339=ORIENTED_EDGE('',*,*,#6342,.T.);
#6340=ORIENTED_EDGE('',*,*,#6343,.T.);
#6341=EDGE_CURVE('',#443,#441,#6344,.F.);
#6342=EDGE_CURVE('',#441,#533,#6345,.T.);
#6343=EDGE_CURVE('',#533,#443,#6346,.T.);
#6344=LINE('',#442,#6347);
#6345=LINE('',#440,#6348);
#6346=LINE('',#532,#6349);
#6347=VECTOR('',#6350,1.0);
#6348=VECTOR('',#6351,1.0);
#6349=VECTOR('',#6352,1.0);
#6350=DIRECTION('',(1,0,0));
#6351=DIRECTION('',(-0.9900296247811657,0,-0.14085929879019143));
#6352=DIRECTION('',(0,0,1));
#6353=FACE_SURFACE('',(#6358),#6354,.T.);
#6354=PLANE('',#6355);
#6355=AXIS2_PLACEMENT_3D('',#532,#6356,#6357);
#6356=DIRECTION('',(0,1,0));
#6357=DIRECTION('',(0.9900296247811657,0,0.14085929879019143));
#6358=FACE_BOUND('',#6359,.T.);
#6359=EDGE_LOOP('',(#6360,#6361,#6362));
#6360=ORIENTED_EDGE('',*,*,#6363,.T.);
#6361=ORIENTED_EDGE('',*,*,#6364,.T.);
#6362=ORIENTED_EDGE('',*,*,#6365,.T.);
#6363=EDGE_CURVE('',#533,#441,#6366,.F.);
#6364=EDGE_CURVE('',#441,#535,#6367,.T.);
#6365=EDGE_CURVE('',#535,#533,#6368,.T.);
#6366=LINE('',#532,#6369);
#6367=LINE('',#440,#6370);
#6368=LINE('',#534,#6371);
#6369=VECTOR('',#6372,1.0);
#6370=VECTOR('',#6373,1.0);
#6371=VECTOR('',#6374,1.0);
#6372=DIRECTION('',(0.9900296247811657,0,0.14085929879019143));
#6373=DIRECTION('',(0,0,-1));
#6374=DIRECTION('',(-1,0,0));
#6375=FACE_SURFACE('',(#6380),#6376,.T.);
#6376=PLANE('',#6377);
#6377=AXIS2_PLACEMENT_3D('',#532,#6378,#6379);
#6378=DIRECTION('',(-0,1,0));
#6379=DIRECTION('',(1,0,0));
#6380=FACE_BOUND('',#6381,.T.);
#6381=EDGE_LOOP('',(#6382,#6383,#6384));
#6382=ORIENTED_EDGE('',*,*,#6385,.T.);
#6383=ORIENTED_EDGE('',*,*,#6386,.T.);
#6384=ORIENTED_EDGE('',*,*,#6387,.T.);
#6385=EDGE_CURVE('',#533,#535,#6388,.F.);
#6386=EDGE_CURVE('',#535,#537,#6389,.T.);
#6387=EDGE_CURVE('',#537,#533,#6390,.T.);
#6388=LINE('',#532,#6391);
#6389=LINE('',#534,#6392);
#6390=LINE('',#536,#6393);
#6391=VECTOR('',#6394,1.0);
#6392=VECTOR('',#6395,1.0);
#6393=VECTOR('',#6396,1.0);
#6394=DIRECTION('',(1,0,0));
#6395=DIRECTION('',(-0.9996886190047913,0,-0.024953256947603492));
#6396=DIRECTION('',(0,0,1));
#6397=FACE_SURFACE('',(#6402),#6398,.T.);
#6398=PLANE('',#6399);
#6399=AXIS2_PLACEMENT_3D('',#536,#6400,#6401);
#6400=DIRECTION('',(0,1,0));
#6401=DIRECTION('',(0.9996886190047913,0,0.024953256947603492));
#6402=FACE_BOUND('',#6403,.T.);
#6403=EDGE_LOOP('',(#6404,#6405,#6406));
#6404=ORIENTED_EDGE('',*,*,#6407,.T.);
#6405=ORIENTED_EDGE('',*,*,#6408,.T.);
#6406=ORIENTED_EDGE('',*,*,#6409,.T.);
#6407=EDGE_CURVE('',#537,#535,#6410,.F.);
#6408=EDGE_CURVE('',#535,#539,#6411,.T.);
#6409=EDGE_CURVE('',#539,#537,#6412,.T.);
#6410=LINE('',#536,#6413);
#6411=LINE('',#534,#6414);
#6412=LINE('',#538,#6415);
#6413=VECTOR('',#6416,1.0);
#6414=VECTOR('',#6417,1.0);
#6415=VECTOR('',#6418,1.0);
#6416=DIRECTION('',(0.9996886190047913,0,0.024953256947603492));
#6417=DIRECTION('',(0,0,-1));
#6418=DIRECTION('',(-1,0,0));
#6419=FACE_SURFACE('',(#6424),#6420,.T.);
#6420=PLANE('',#6421);
#6421=AXIS2_PLACEMENT_3D('',#532,#6422,#6423);
#6422=DIRECTION('',(0.6621397110079498,0.749380412812017,0));
#6423=DIRECTION('',(0,0,-1));
#6424=FACE_BOUND('',#6425,.T.);
#6425=EDGE_LOOP('',(#6426,#6427,#6428));
#6426=ORIENTED_EDGE('',*,*,#6429,.T.);
#6427=ORIENTED_EDGE('',*,*,#6430,.T.);
#6428=ORIENTED_EDGE('',*,*,#6431,.T.);
#6429=EDGE_CURVE('',#533,#537,#6432,.F.);
#6430=EDGE_CURVE('',#537,#541,#6433,.T.);
#6431=EDGE_CURVE('',#541,#533,#6434,.T.);
#6432=LINE('',#532,#6435);
#6433=LINE('',#536,#6436);
#6434=LINE('',#540,#6437);
#6435=VECTOR('',#6438,1.0);
#6436=VECTOR('',#6439,1.0);
#6437=VECTOR('',#6440,1.0);
#6438=DIRECTION('',(0,0,-1));
#6439=DIRECTION('',(-0.29979950599225597,0.264897713983665,0.9164875652910014));
#6440=DIRECTION('',(0.749380412812017,-0.6621397110079498,0));
#6441=FACE_SURFACE('',(#6446),#6442,.T.);
#6442=PLANE('',#6443);
#6443=AXIS2_PLACEMENT_3D('',#540,#6444,#6445);
#6444=DIRECTION('',(0.6621397110079498,0.749380412812017,0));
#6445=DIRECTION('',(0.29979950599225597,-0.264897713983665,-0.9164875652910014));
#6446=FACE_BOUND('',#6447,.T.);
#6447=EDGE_LOOP('',(#6448,#6449,#6450));
#6448=ORIENTED_EDGE('',*,*,#6451,.T.);
#6449=ORIENTED_EDGE('',*,*,#6452,.T.);
#6450=ORIENTED_EDGE('',*,*,#6453,.T.);
#6451=EDGE_CURVE('',#541,#537,#6454,.F.);
#6452=EDGE_CURVE('',#537,#543,#6455,.T.);
#6453=EDGE_CURVE('',#543,#541,#6456,.T.);
#6454=LINE('',#540,#6457);
#6455=LINE('',#536,#6458);
#6456=LINE('',#542,#6459);
#6457=VECTOR('',#6460,1.0);
#6458=VECTOR('',#6461,1.0);
#6459=VECTOR('',#6462,1.0);
#6460=DIRECTION('',(0.29979950599225597,-0.264897713983665,-0.9164875652910014));
#6461=DIRECTION('',(-0.749380412812017,0.6621397110079498,0));
#6462=DIRECTION('',(0,0,1));
#6463=FACE_SURFACE('',(#6468),#6464,.T.);
#6464=PLANE('',#6465);
#6465=AXIS2_PLACEMENT_3D('',#540,#6466,#6467);
#6466=DIRECTION('',(0.6727982732014105,0.7398259819560273,0));
#6467=DIRECTION('',(0,0,-1));
#6468=FACE_BOUND('',#6469,.T.);
#6469=EDGE_LOOP('',(#6470,#6471,#6472));
#6470=ORIENTED_EDGE('',*,*,#6473,.T.);
#6471=ORIENTED_EDGE('',*,*,#6474,.T.);
#6472=ORIENTED_EDGE('',*,*,#6475,.T.);
#6473=EDGE_CURVE('',#541,#543,#6476,.F.);
#6474=EDGE_CURVE('',#543,#545,#6477,.T.);
#6475=EDGE_CURVE('',#545,#541,#6478,.T.);
#6476=LINE('',#540,#6479);
#6477=LINE('',#542,#6480);
#6478=LINE('',#544,#6481);
#6479=VECTOR('',#6482,1.0);
#6480=VECTOR('',#6483,1.0);
#6481=VECTOR('',#6484,1.0);
#6482=DIRECTION('',(0,0,-1));
#6483=DIRECTION('',(-0.2959765974140511,0.26916132780537894,0.9164878795691986));
#6484=DIRECTION('',(0.7398259819560273,-0.6727982732014105,0));
#6485=FACE_SURFACE('',(#6490),#6486,.T.);
#6486=PLANE('',#6487);
#6487=AXIS2_PLACEMENT_3D('',#544,#6488,#6489);
#6488=DIRECTION('',(0.6727982732014105,0.7398259819560273,0));
#6489=DIRECTION('',(0.2959765974140511,-0.26916132780537894,-0.9164878795691986));
#6490=FACE_BOUND('',#6491,.T.);
#6491=EDGE_LOOP('',(#6492,#6493,#6494));
#6492=ORIENTED_EDGE('',*,*,#6495,.T.);
#6493=ORIENTED_EDGE('',*,*,#6496,.T.);
#6494=ORIENTED_EDGE('',*,*,#6497,.T.);
#6495=EDGE_CURVE('',#545,#543,#6498,.F.);
#6496=EDGE_CURVE('',#543,#547,#6499,.T.);
#6497=EDGE_CURVE('',#547,#545,#6500,.T.);
#6498=LINE('',#544,#6501);
#6499=LINE('',#542,#6502);
#6500=LINE('',#546,#6503);
#6501=VECTOR('',#6504,1.0);
#6502=VECTOR('',#6505,1.0);
#6503=VECTOR('',#6506,1.0);
#6504=DIRECTION('',(0.2959765974140511,-0.26916132780537894,-0.9164878795691986));
#6505=DIRECTION('',(-0.7398259819560273,0.6727982732014105,0));
#6506=DIRECTION('',(0,0,1));
#6507=FACE_SURFACE('',(#6512),#6508,.T.);
#6508=PLANE('',#6509);
#6509=AXIS2_PLACEMENT_3D('',#544,#6510,#6511);
#6510=DIRECTION('',(0.6833187992133002,0.7301201398685654,0));
#6511=DIRECTION('',(0,0,-1));
#6512=FACE_BOUND('',#6513,.T.);
#6513=EDGE_LOOP('',(#6514,#6515,#6516));
#6514=ORIENTED_EDGE('',*,*,#6517,.T.);
#6515=ORIENTED_EDGE('',*,*,#6518,.T.);
#6516=ORIENTED_EDGE('',*,*,#6519,.T.);
#6517=EDGE_CURVE('',#545,#547,#6520,.F.);
#6518=EDGE_CURVE('',#547,#549,#6521,.T.);
#6519=EDGE_CURVE('',#549,#545,#6522,.T.);
#6520=LINE('',#544,#6523);
#6521=LINE('',#546,#6524);
#6522=LINE('',#548,#6525);
#6523=VECTOR('',#6526,1.0);
#6524=VECTOR('',#6527,1.0);
#6525=VECTOR('',#6528,1.0);
#6526=DIRECTION('',(0,0,-1));
#6527=DIRECTION('',(-0.29209407229866585,0.2733705863481284,0.9164876297297537));
#6528=DIRECTION('',(0.7301201398685654,-0.6833187992133002,0));
#6529=FACE_SURFACE('',(#6534),#6530,.T.);
#6530=PLANE('',#6531);
#6531=AXIS2_PLACEMENT_3D('',#548,#6532,#6533);
#6532=DIRECTION('',(0.6833187992133002,0.7301201398685654,0));
#6533=DIRECTION('',(0.29209407229866585,-0.2733705863481284,-0.9164876297297537));
#6534=FACE_BOUND('',#6535,.T.);
#6535=EDGE_LOOP('',(#6536,#6537,#6538));
#6536=ORIENTED_EDGE('',*,*,#6539,.T.);
#6537=ORIENTED_EDGE('',*,*,#6540,.T.);
#6538=ORIENTED_EDGE('',*,*,#6541,.T.);
#6539=EDGE_CURVE('',#549,#547,#6542,.F.);
#6540=EDGE_CURVE('',#547,#551,#6543,.T.);
#6541=EDGE_CURVE('',#551,#549,#6544,.T.);
#6542=LINE('',#548,#6545);
#6543=LINE('',#546,#6546);
#6544=LINE('',#550,#6547);
#6545=VECTOR('',#6548,1.0);
#6546=VECTOR('',#6549,1.0);
#6547=VECTOR('',#6550,1.0);
#6548=DIRECTION('',(0.29209407229866585,-0.2733705863481284,-0.9164876297297537));
#6549=DIRECTION('',(-0.7301201398685654,0.6833187992133002,0));
#6550=DIRECTION('',(0,0,1));
#6551=FACE_SURFACE('',(#6556),#6552,.T.);
#6552=PLANE('',#6553);
#6553=AXIS2_PLACEMENT_3D('',#552,#6554,#6555);
#6554=DIRECTION('',(-0.6833187992133002,0.7301201398685654,0));
#6555=DIRECTION('',(0,0,-1));
#6556=FACE_BOUND('',#6557,.T.);
#6557=EDGE_LOOP('',(#6558,#6559,#6560));
#6558=ORIENTED_EDGE('',*,*,#6561,.T.);
#6559=ORIENTED_EDGE('',*,*,#6562,.T.);
#6560=ORIENTED_EDGE('',*,*,#6563,.T.);
#6561=EDGE_CURVE('',#553,#555,#6564,.F.);
#6562=EDGE_CURVE('',#555,#557,#6565,.T.);
#6563=EDGE_CURVE('',#557,#553,#6566,.T.);
#6564=LINE('',#552,#6567);
#6565=LINE('',#554,#6568);
#6566=LINE('',#556,#6569);
#6567=VECTOR('',#6570,1.0);
#6568=VECTOR('',#6571,1.0);
#6569=VECTOR('',#6572,1.0);
#6570=DIRECTION('',(0,0,-1));
#6571=DIRECTION('',(-0.29209407229866585,-0.2733705863481284,0.9164876297297537));
#6572=DIRECTION('',(0.7301201398685654,0.6833187992133002,0));
#6573=FACE_SURFACE('',(#6578),#6574,.T.);
#6574=PLANE('',#6575);
#6575=AXIS2_PLACEMENT_3D('',#556,#6576,#6577);
#6576=DIRECTION('',(-0.6833187992133002,0.7301201398685654,0));
#6577=DIRECTION('',(0.29209407229866585,0.2733705863481284,-0.9164876297297537));
#6578=FACE_BOUND('',#6579,.T.);
#6579=EDGE_LOOP('',(#6580,#6581,#6582));
#6580=ORIENTED_EDGE('',*,*,#6583,.T.);
#6581=ORIENTED_EDGE('',*,*,#6584,.T.);
#6582=ORIENTED_EDGE('',*,*,#6585,.T.);
#6583=EDGE_CURVE('',#557,#555,#6586,.F.);
#6584=EDGE_CURVE('',#555,#559,#6587,.T.);
#6585=EDGE_CURVE('',#559,#557,#6588,.T.);
#6586=LINE('',#556,#6589);
#6587=LINE('',#554,#6590);
#6588=LINE('',#558,#6591);
#6589=VECTOR('',#6592,1.0);
#6590=VECTOR('',#6593,1.0);
#6591=VECTOR('',#6594,1.0);
#6592=DIRECTION('',(0.29209407229866585,0.2733705863481284,-0.9164876297297537));
#6593=DIRECTION('',(-0.7301201398685654,-0.6833187992133002,0));
#6594=DIRECTION('',(0,0,1));
#6595=FACE_SURFACE('',(#6600),#6596,.T.);
#6596=PLANE('',#6597);
#6597=AXIS2_PLACEMENT_3D('',#556,#6598,#6599);
#6598=DIRECTION('',(-0.6727982732014105,0.7398259819560273,0));
#6599=DIRECTION('',(0,0,-1));
#6600=FACE_BOUND('',#6601,.T.);
#6601=EDGE_LOOP('',(#6602,#6603,#6604));
#6602=ORIENTED_EDGE('',*,*,#6605,.T.);
#6603=ORIENTED_EDGE('',*,*,#6606,.T.);
#6604=ORIENTED_EDGE('',*,*,#6607,.T.);
#6605=EDGE_CURVE('',#557,#559,#6608,.F.);
#6606=EDGE_CURVE('',#559,#561,#6609,.T.);
#6607=EDGE_CURVE('',#561,#557,#6610,.T.);
#6608=LINE('',#556,#6611);
#6609=LINE('',#558,#6612);
#6610=LINE('',#560,#6613);
#6611=VECTOR('',#6614,1.0);
#6612=VECTOR('',#6615,1.0);
#6613=VECTOR('',#6616,1.0);
#6614=DIRECTION('',(0,0,-1));
#6615=DIRECTION('',(-0.2959765974140511,-0.26916132780537894,0.9164878795691986));
#6616=DIRECTION('',(0.7398259819560273,0.6727982732014105,0));
#6617=FACE_SURFACE('',(#6622),#6618,.T.);
#6618=PLANE('',#6619);
#6619=AXIS2_PLACEMENT_3D('',#560,#6620,#6621);
#6620=DIRECTION('',(-0.6727982732014105,0.7398259819560273,0));
#6621=DIRECTION('',(0.2959765974140511,0.26916132780537894,-0.9164878795691986));
#6622=FACE_BOUND('',#6623,.T.);
#6623=EDGE_LOOP('',(#6624,#6625,#6626));
#6624=ORIENTED_EDGE('',*,*,#6627,.T.);
#6625=ORIENTED_EDGE('',*,*,#6628,.T.);
#6626=ORIENTED_EDGE('',*,*,#6629,.T.);
#6627=EDGE_CURVE('',#561,#559,#6630,.F.);
#6628=EDGE_CURVE('',#559,#563,#6631,.T.);
#6629=EDGE_CURVE('',#563,#561,#6632,.T.);
#6630=LINE('',#560,#6633);
#6631=LINE('',#558,#6634);
#6632=LINE('',#562,#6635);
#6633=VECTOR('',#6636,1.0);
#6634=VECTOR('',#6637,1.0);
#6635=VECTOR('',#6638,1.0);
#6636=DIRECTION('',(0.2959765974140511,0.26916132780537894,-0.9164878795691986));
#6637=DIRECTION('',(-0.7398259819560273,-0.6727982732014105,0));
#6638=DIRECTION('',(0,0,1));
#6639=FACE_SURFACE('',(#6644),#6640,.T.);
#6640=PLANE('',#6641);
#6641=AXIS2_PLACEMENT_3D('',#560,#6642,#6643);
#6642=DIRECTION('',(-0.6621397110079498,0.749380412812017,0));
#6643=DIRECTION('',(0,0,-1));
#6644=FACE_BOUND('',#6645,.T.);
#6645=EDGE_LOOP('',(#6646,#6647,#6648));
#6646=ORIENTED_EDGE('',*,*,#6649,.T.);
#6647=ORIENTED_EDGE('',*,*,#6650,.T.);
#6648=ORIENTED_EDGE('',*,*,#6651,.T.);
#6649=EDGE_CURVE('',#561,#563,#6652,.F.);
#6650=EDGE_CURVE('',#563,#535,#6653,.T.);
#6651=EDGE_CURVE('',#535,#561,#6654,.T.);
#6652=LINE('',#560,#6655);
#6653=LINE('',#562,#6656);
#6654=LINE('',#534,#6657);
#6655=VECTOR('',#6658,1.0);
#6656=VECTOR('',#6659,1.0);
#6657=VECTOR('',#6660,1.0);
#6658=DIRECTION('',(0,0,-1));
#6659=DIRECTION('',(-0.29979950599225597,-0.264897713983665,0.9164875652910014));
#6660=DIRECTION('',(0.749380412812017,0.6621397110079498,0));
#6661=FACE_SURFACE('',(#6666),#6662,.T.);
#6662=PLANE('',#6663);
#6663=AXIS2_PLACEMENT_3D('',#534,#6664,#6665);
#6664=DIRECTION('',(-0.6621397110079498,0.749380412812017,0));
#6665=DIRECTION('',(0.29979950599225597,0.264897713983665,-0.9164875652910014));
#6666=FACE_BOUND('',#6667,.T.);
#6667=EDGE_LOOP('',(#6668,#6669,#6670));
#6668=ORIENTED_EDGE('',*,*,#6671,.T.);
#6669=ORIENTED_EDGE('',*,*,#6672,.T.);
#6670=ORIENTED_EDGE('',*,*,#6673,.T.);
#6671=EDGE_CURVE('',#535,#563,#6674,.F.);
#6672=EDGE_CURVE('',#563,#539,#6675,.T.);
#6673=EDGE_CURVE('',#539,#535,#6676,.T.);
#6674=LINE('',#534,#6677);
#6675=LINE('',#562,#6678);
#6676=LINE('',#538,#6679);
#6677=VECTOR('',#6680,1.0);
#6678=VECTOR('',#6681,1.0);
#6679=VECTOR('',#6682,1.0);
#6680=DIRECTION('',(0.29979950599225597,0.264897713983665,-0.9164875652910014));
#6681=DIRECTION('',(-0.749380412812017,-0.6621397110079498,0));
#6682=DIRECTION('',(0,0,1));
#6683=FACE_SURFACE('',(#6688),#6684,.T.);
#6684=PLANE('',#6685);
#6685=AXIS2_PLACEMENT_3D('',#554,#6686,#6687);
#6686=DIRECTION('',(-1,0,0));
#6687=DIRECTION('',(0,0,1));
#6688=FACE_BOUND('',#6689,.T.);
#6689=EDGE_LOOP('',(#6690,#6691,#6692));
#6690=ORIENTED_EDGE('',*,*,#6693,.T.);
#6691=ORIENTED_EDGE('',*,*,#6694,.T.);
#6692=ORIENTED_EDGE('',*,*,#6695,.T.);
#6693=EDGE_CURVE('',#555,#553,#6696,.F.);
#6694=EDGE_CURVE('',#553,#489,#6697,.T.);
#6695=EDGE_CURVE('',#489,#555,#6698,.T.);
#6696=LINE('',#554,#6699);
#6697=LINE('',#552,#6700);
#6698=LINE('',#488,#6701);
#6699=VECTOR('',#6702,1.0);
#6700=VECTOR('',#6703,1.0);
#6701=VECTOR('',#6704,1.0);
#6702=DIRECTION('',(0,0,1));
#6703=DIRECTION('',(0,0.9997432257491712,-0.022660153764746685));
#6704=DIRECTION('',(0,-1,0));
#6705=FACE_SURFACE('',(#6710),#6706,.T.);
#6706=PLANE('',#6707);
#6707=AXIS2_PLACEMENT_3D('',#488,#6708,#6709);
#6708=DIRECTION('',(-1,0,0));
#6709=DIRECTION('',(0,-0.9997432257491712,0.022660153764746685));
#6710=FACE_BOUND('',#6711,.T.);
#6711=EDGE_LOOP('',(#6712,#6713,#6714));
#6712=ORIENTED_EDGE('',*,*,#6715,.T.);
#6713=ORIENTED_EDGE('',*,*,#6716,.T.);
#6714=ORIENTED_EDGE('',*,*,#6717,.T.);
#6715=EDGE_CURVE('',#489,#553,#6718,.F.);
#6716=EDGE_CURVE('',#553,#483,#6719,.T.);
#6717=EDGE_CURVE('',#483,#489,#6720,.T.);
#6718=LINE('',#488,#6721);
#6719=LINE('',#552,#6722);
#6720=LINE('',#482,#6723);
#6721=VECTOR('',#6724,1.0);
#6722=VECTOR('',#6725,1.0);
#6723=VECTOR('',#6726,1.0);
#6724=DIRECTION('',(0,-0.9997432257491712,0.022660153764746685));
#6725=DIRECTION('',(0,0.9989740881680438,0.0452854410249636));
#6726=DIRECTION('',(0,0,-1));
#6727=FACE_SURFACE('',(#6732),#6728,.T.);
#6728=PLANE('',#6729);
#6729=AXIS2_PLACEMENT_3D('',#482,#6730,#6731);
#6730=DIRECTION('',(-1,-0,0));
#6731=DIRECTION('',(0,-0.9989740881680438,-0.0452854410249636));
#6732=FACE_BOUND('',#6733,.T.);
#6733=EDGE_LOOP('',(#6734,#6735,#6736));
#6734=ORIENTED_EDGE('',*,*,#6737,.T.);
#6735=ORIENTED_EDGE('',*,*,#6738,.T.);
#6736=ORIENTED_EDGE('',*,*,#6739,.T.);
#6737=EDGE_CURVE('',#483,#553,#6740,.F.);
#6738=EDGE_CURVE('',#553,#565,#6741,.T.);
#6739=EDGE_CURVE('',#565,#483,#6742,.T.);
#6740=LINE('',#482,#6743);
#6741=LINE('',#552,#6744);
#6742=LINE('',#564,#6745);
#6743=VECTOR('',#6746,1.0);
#6744=VECTOR('',#6747,1.0);
#6745=VECTOR('',#6748,1.0);
#6746=DIRECTION('',(0,-0.9989740881680438,-0.0452854410249636));
#6747=DIRECTION('',(0,0,1));
#6748=DIRECTION('',(0,1,0));
#6749=FACE_SURFACE('',(#6754),#6750,.T.);
#6750=PLANE('',#6751);
#6751=AXIS2_PLACEMENT_3D('',#550,#6752,#6753);
#6752=DIRECTION('',(1,0,0));
#6753=DIRECTION('',(0,1,0));
#6754=FACE_BOUND('',#6755,.T.);
#6755=EDGE_LOOP('',(#6756,#6757,#6758));
#6756=ORIENTED_EDGE('',*,*,#6759,.T.);
#6757=ORIENTED_EDGE('',*,*,#6760,.T.);
#6758=ORIENTED_EDGE('',*,*,#6761,.T.);
#6759=EDGE_CURVE('',#551,#487,#6762,.F.);
#6760=EDGE_CURVE('',#487,#549,#6763,.T.);
#6761=EDGE_CURVE('',#549,#551,#6764,.T.);
#6762=LINE('',#550,#6765);
#6763=LINE('',#486,#6766);
#6764=LINE('',#548,#6767);
#6765=VECTOR('',#6768,1.0);
#6766=VECTOR('',#6769,1.0);
#6767=VECTOR('',#6770,1.0);
#6768=DIRECTION('',(0,1,0));
#6769=DIRECTION('',(0,-0.9997432257491712,0.022660153764746685));
#6770=DIRECTION('',(0,0,-1));
#6771=FACE_SURFACE('',(#6776),#6772,.T.);
#6772=PLANE('',#6773);
#6773=AXIS2_PLACEMENT_3D('',#548,#6774,#6775);
#6774=DIRECTION('',(1,-0,0));
#6775=DIRECTION('',(0,0.9997432257491712,-0.022660153764746685));
#6776=FACE_BOUND('',#6777,.T.);
#6777=EDGE_LOOP('',(#6778,#6779,#6780));
#6778=ORIENTED_EDGE('',*,*,#6781,.T.);
#6779=ORIENTED_EDGE('',*,*,#6782,.T.);
#6780=ORIENTED_EDGE('',*,*,#6783,.T.);
#6781=EDGE_CURVE('',#549,#487,#6784,.F.);
#6782=EDGE_CURVE('',#487,#481,#6785,.T.);
#6783=EDGE_CURVE('',#481,#549,#6786,.T.);
#6784=LINE('',#548,#6787);
#6785=LINE('',#486,#6788);
#6786=LINE('',#480,#6789);
#6787=VECTOR('',#6790,1.0);
#6788=VECTOR('',#6791,1.0);
#6789=VECTOR('',#6792,1.0);
#6790=DIRECTION('',(0,0.9997432257491712,-0.022660153764746685));
#6791=DIRECTION('',(0,0,1));
#6792=DIRECTION('',(0,-0.9989740881680438,-0.0452854410249636));
#6793=FACE_SURFACE('',(#6798),#6794,.T.);
#6794=PLANE('',#6795);
#6795=AXIS2_PLACEMENT_3D('',#548,#6796,#6797);
#6796=DIRECTION('',(1,0,0));
#6797=DIRECTION('',(0,0.9989740881680438,0.0452854410249636));
#6798=FACE_BOUND('',#6799,.T.);
#6799=EDGE_LOOP('',(#6800,#6801,#6802));
#6800=ORIENTED_EDGE('',*,*,#6803,.T.);
#6801=ORIENTED_EDGE('',*,*,#6804,.T.);
#6802=ORIENTED_EDGE('',*,*,#6805,.T.);
#6803=EDGE_CURVE('',#549,#481,#6806,.F.);
#6804=EDGE_CURVE('',#481,#495,#6807,.T.);
#6805=EDGE_CURVE('',#495,#549,#6808,.T.);
#6806=LINE('',#548,#6809);
#6807=LINE('',#480,#6810);
#6808=LINE('',#494,#6811);
#6809=VECTOR('',#6812,1.0);
#6810=VECTOR('',#6813,1.0);
#6811=VECTOR('',#6814,1.0);
#6812=DIRECTION('',(0,0.9989740881680438,0.0452854410249636));
#6813=DIRECTION('',(0,-1,0));
#6814=DIRECTION('',(0,0,-1));
#6815=FACE_SURFACE('',(#6820),#6816,.T.);
#6816=PLANE('',#6817);
#6817=AXIS2_PLACEMENT_3D('',#484,#6818,#6819);
#6818=DIRECTION('',(0,0,1));
#6819=DIRECTION('',(-1,0,0));
#6820=FACE_BOUND('',#6821,.T.);
#6821=EDGE_LOOP('',(#6822,#6823,#6824));
#6822=ORIENTED_EDGE('',*,*,#6825,.T.);
#6823=ORIENTED_EDGE('',*,*,#6826,.T.);
#6824=ORIENTED_EDGE('',*,*,#6827,.T.);
#6825=EDGE_CURVE('',#485,#483,#6828,.F.);
#6826=EDGE_CURVE('',#483,#567,#6829,.T.);
#6827=EDGE_CURVE('',#567,#485,#6830,.T.);
#6828=LINE('',#484,#6831);
#6829=LINE('',#482,#6832);
#6830=LINE('',#566,#6833);
#6831=VECTOR('',#6834,1.0);
#6832=VECTOR('',#6835,1.0);
#6833=VECTOR('',#6836,1.0);
#6834=DIRECTION('',(-1,0,0));
#6835=DIRECTION('',(0.7201574289351962,-0.6938106928762685,0));
#6836=DIRECTION('',(-0.6941177107446549,0.719861516981287,0));
#6837=FACE_SURFACE('',(#6842),#6838,.T.);
#6838=PLANE('',#6839);
#6839=AXIS2_PLACEMENT_3D('',#566,#6840,#6841);
#6840=DIRECTION('',(0,0,1));
#6841=DIRECTION('',(-0.7201574289351962,0.6938106928762685,0));
#6842=FACE_BOUND('',#6843,.T.);
#6843=EDGE_LOOP('',(#6844,#6845,#6846));
#6844=ORIENTED_EDGE('',*,*,#6847,.T.);
#6845=ORIENTED_EDGE('',*,*,#6848,.T.);
#6846=ORIENTED_EDGE('',*,*,#6849,.T.);
#6847=EDGE_CURVE('',#567,#483,#6850,.F.);
#6848=EDGE_CURVE('',#483,#569,#6851,.T.);
#6849=EDGE_CURVE('',#569,#567,#6852,.T.);
#6850=LINE('',#566,#6853);
#6851=LINE('',#482,#6854);
#6852=LINE('',#568,#6855);
#6853=VECTOR('',#6856,1.0);
#6854=VECTOR('',#6857,1.0);
#6855=VECTOR('',#6858,1.0);
#6856=DIRECTION('',(-0.7201574289351962,0.6938106928762685,0));
#6857=DIRECTION('',(0.03859916872384294,-0.9992547744063215,0));
#6858=DIRECTION('',(0.0028248428582708257,0.9999960101234535,0));
#6859=FACE_SURFACE('',(#6864),#6860,.T.);
#6860=PLANE('',#6861);
#6861=AXIS2_PLACEMENT_3D('',#566,#6862,#6863);
#6862=DIRECTION('',(0,0,1));
#6863=DIRECTION('',(-0.0028248428582708257,-0.9999960101234535,0));
#6864=FACE_BOUND('',#6865,.T.);
#6865=EDGE_LOOP('',(#6866,#6867,#6868));
#6866=ORIENTED_EDGE('',*,*,#6869,.T.);
#6867=ORIENTED_EDGE('',*,*,#6870,.T.);
#6868=ORIENTED_EDGE('',*,*,#6871,.T.);
#6869=EDGE_CURVE('',#567,#569,#6872,.F.);
#6870=EDGE_CURVE('',#569,#571,#6873,.T.);
#6871=EDGE_CURVE('',#571,#567,#6874,.T.);
#6872=LINE('',#566,#6875);
#6873=LINE('',#568,#6876);
#6874=LINE('',#570,#6877);
#6875=VECTOR('',#6878,1.0);
#6876=VECTOR('',#6879,1.0);
#6877=VECTOR('',#6880,1.0);
#6878=DIRECTION('',(-0.0028248428582708257,-0.9999960101234535,0));
#6879=DIRECTION('',(0.6410312920724035,0.7675147442127643,0));
#6880=DIRECTION('',(-0.035668488319965476,0.9993636770170149,0));
#6881=FACE_SURFACE('',(#6886),#6882,.T.);
#6882=PLANE('',#6883);
#6883=AXIS2_PLACEMENT_3D('',#482,#6884,#6885);
#6884=DIRECTION('',(0,0,1));
#6885=DIRECTION('',(0,-1,0));
#6886=FACE_BOUND('',#6887,.T.);
#6887=EDGE_LOOP('',(#6888,#6889,#6890));
#6888=ORIENTED_EDGE('',*,*,#6891,.T.);
#6889=ORIENTED_EDGE('',*,*,#6892,.T.);
#6890=ORIENTED_EDGE('',*,*,#6893,.T.);
#6891=EDGE_CURVE('',#483,#565,#6894,.F.);
#6892=EDGE_CURVE('',#565,#569,#6895,.T.);
#6893=EDGE_CURVE('',#569,#483,#6896,.T.);
#6894=LINE('',#482,#6897);
#6895=LINE('',#564,#6898);
#6896=LINE('',#568,#6899);
#6897=VECTOR('',#6900,1.0);
#6898=VECTOR('',#6901,1.0);
#6899=VECTOR('',#6902,1.0);
#6900=DIRECTION('',(0,-1,0));
#6901=DIRECTION('',(0.6981734172577191,0.7159286832043252,0));
#6902=DIRECTION('',(-0.03859916872384294,0.9992547744063215,0));
#6903=FACE_SURFACE('',(#6908),#6904,.T.);
#6904=PLANE('',#6905);
#6905=AXIS2_PLACEMENT_3D('',#566,#6906,#6907);
#6906=DIRECTION('',(0,0,1));
#6907=DIRECTION('',(0.035668488319965476,-0.9993636770170149,0));
#6908=FACE_BOUND('',#6909,.T.);
#6909=EDGE_LOOP('',(#6910,#6911,#6912));
#6910=ORIENTED_EDGE('',*,*,#6913,.T.);
#6911=ORIENTED_EDGE('',*,*,#6914,.T.);
#6912=ORIENTED_EDGE('',*,*,#6915,.T.);
#6913=EDGE_CURVE('',#567,#571,#6916,.F.);
#6914=EDGE_CURVE('',#571,#573,#6917,.T.);
#6915=EDGE_CURVE('',#573,#567,#6918,.T.);
#6916=LINE('',#566,#6919);
#6917=LINE('',#570,#6920);
#6918=LINE('',#572,#6921);
#6919=VECTOR('',#6922,1.0);
#6920=VECTOR('',#6923,1.0);
#6921=VECTOR('',#6924,1.0);
#6922=DIRECTION('',(0.035668488319965476,-0.9993636770170149,0));
#6923=DIRECTION('',(0.002824818323136688,0.9999960101927614,0));
#6924=DIRECTION('',(-0.6366843019363789,0.7711245681910192,0));
#6925=FACE_SURFACE('',(#6930),#6926,.T.);
#6926=PLANE('',#6927);
#6927=AXIS2_PLACEMENT_3D('',#572,#6928,#6929);
#6928=DIRECTION('',(0,0,1));
#6929=DIRECTION('',(-0.002824818323136688,-0.9999960101927614,0));
#6930=FACE_BOUND('',#6931,.T.);
#6931=EDGE_LOOP('',(#6932,#6933,#6934));
#6932=ORIENTED_EDGE('',*,*,#6935,.T.);
#6933=ORIENTED_EDGE('',*,*,#6936,.T.);
#6934=ORIENTED_EDGE('',*,*,#6937,.T.);
#6935=EDGE_CURVE('',#573,#571,#6938,.F.);
#6936=EDGE_CURVE('',#571,#575,#6939,.T.);
#6937=EDGE_CURVE('',#575,#573,#6940,.T.);
#6938=LINE('',#572,#6941);
#6939=LINE('',#570,#6942);
#6940=LINE('',#574,#6943);
#6941=VECTOR('',#6944,1.0);
#6942=VECTOR('',#6945,1.0);
#6943=VECTOR('',#6946,1.0);
#6944=DIRECTION('',(-0.002824818323136688,-0.9999960101927614,0));
#6945=DIRECTION('',(0.5800898147166116,0.8145525194007119,0));
#6946=DIRECTION('',(-0.03566848484995886,0.9993636771408635,0));
#6947=FACE_SURFACE('',(#6952),#6948,.T.);
#6948=PLANE('',#6949);
#6949=AXIS2_PLACEMENT_3D('',#572,#6950,#6951);
#6950=DIRECTION('',(0,0,1));
#6951=DIRECTION('',(0.03566848484995886,-0.9993636771408635,0));
#6952=FACE_BOUND('',#6953,.T.);
#6953=EDGE_LOOP('',(#6954,#6955,#6956));
#6954=ORIENTED_EDGE('',*,*,#6957,.T.);
#6955=ORIENTED_EDGE('',*,*,#6958,.T.);
#6956=ORIENTED_EDGE('',*,*,#6959,.T.);
#6957=EDGE_CURVE('',#573,#575,#6960,.F.);
#6958=EDGE_CURVE('',#575,#577,#6961,.T.);
#6959=EDGE_CURVE('',#577,#573,#6962,.T.);
#6960=LINE('',#572,#6963);
#6961=LINE('',#574,#6964);
#6962=LINE('',#576,#6965);
#6963=VECTOR('',#6966,1.0);
#6964=VECTOR('',#6967,1.0);
#6965=VECTOR('',#6968,1.0);
#6966=DIRECTION('',(0.03566848484995886,-0.9993636771408635,0));
#6967=DIRECTION('',(0.002824841823602016,0.9999960101263764,0));
#6968=DIRECTION('',(-0.5754790187573909,0.8178165435903278,0));
#6969=FACE_SURFACE('',(#6974),#6970,.T.);
#6970=PLANE('',#6971);
#6971=AXIS2_PLACEMENT_3D('',#576,#6972,#6973);
#6972=DIRECTION('',(0,0,1));
#6973=DIRECTION('',(-0.002824841823602016,-0.9999960101263764,0));
#6974=FACE_BOUND('',#6975,.T.);
#6975=EDGE_LOOP('',(#6976,#6977,#6978));
#6976=ORIENTED_EDGE('',*,*,#6979,.T.);
#6977=ORIENTED_EDGE('',*,*,#6980,.T.);
#6978=ORIENTED_EDGE('',*,*,#6981,.T.);
#6979=EDGE_CURVE('',#577,#575,#6982,.F.);
#6980=EDGE_CURVE('',#575,#579,#6983,.T.);
#6981=EDGE_CURVE('',#579,#577,#6984,.T.);
#6982=LINE('',#576,#6985);
#6983=LINE('',#574,#6986);
#6984=LINE('',#578,#6987);
#6985=VECTOR('',#6988,1.0);
#6986=VECTOR('',#6989,1.0);
#6987=VECTOR('',#6990,1.0);
#6988=DIRECTION('',(-0.002824841823602016,-0.9999960101263764,0));
#6989=DIRECTION('',(0.5157110571501466,0.8567625724394584,0));
#6990=DIRECTION('',(-0.0356684821519173,0.9993636772371599,0));
#6991=FACE_SURFACE('',(#6996),#6992,.T.);
#6992=PLANE('',#6993);
#6993=AXIS2_PLACEMENT_3D('',#576,#6994,#6995);
#6994=DIRECTION('',(0,0,1));
#6995=DIRECTION('',(0.0356684821519173,-0.9993636772371599,0));
#6996=FACE_BOUND('',#6997,.T.);
#6997=EDGE_LOOP('',(#6998,#6999,#7000));
#6998=ORIENTED_EDGE('',*,*,#7001,.T.);
#6999=ORIENTED_EDGE('',*,*,#7002,.T.);
#7000=ORIENTED_EDGE('',*,*,#7003,.T.);
#7001=EDGE_CURVE('',#577,#579,#7004,.F.);
#7002=EDGE_CURVE('',#579,#581,#7005,.T.);
#7003=EDGE_CURVE('',#581,#577,#7006,.T.);
#7004=LINE('',#576,#7007);
#7005=LINE('',#578,#7008);
#7006=LINE('',#580,#7009);
#7007=VECTOR('',#7010,1.0);
#7008=VECTOR('',#7011,1.0);
#7009=VECTOR('',#7012,1.0);
#7010=DIRECTION('',(0.0356684821519173,-0.9993636772371599,0));
#7011=DIRECTION('',(0.002824826134911813,0.9999960101706944,0));
#7012=DIRECTION('',(-0.5108622079620573,0.8596626108399339,0));
#7013=FACE_SURFACE('',(#7018),#7014,.T.);
#7014=PLANE('',#7015);
#7015=AXIS2_PLACEMENT_3D('',#580,#7016,#7017);
#7016=DIRECTION('',(0,0,1));
#7017=DIRECTION('',(-0.002824826134911813,-0.9999960101706944,0));
#7018=FACE_BOUND('',#7019,.T.);
#7019=EDGE_LOOP('',(#7020,#7021,#7022));
#7020=ORIENTED_EDGE('',*,*,#7023,.T.);
#7021=ORIENTED_EDGE('',*,*,#7024,.T.);
#7022=ORIENTED_EDGE('',*,*,#7025,.T.);
#7023=EDGE_CURVE('',#581,#579,#7026,.F.);
#7024=EDGE_CURVE('',#579,#583,#7027,.T.);
#7025=EDGE_CURVE('',#583,#581,#7028,.T.);
#7026=LINE('',#580,#7029);
#7027=LINE('',#578,#7030);
#7028=LINE('',#582,#7031);
#7029=VECTOR('',#7032,1.0);
#7030=VECTOR('',#7033,1.0);
#7031=VECTOR('',#7034,1.0);
#7032=DIRECTION('',(-0.002824826134911813,-0.9999960101706944,0));
#7033=DIRECTION('',(0.4482756554997578,0.8938953723374243,0));
#7034=DIRECTION('',(-0.03566848274746548,0.999363677215904,0));
#7035=FACE_SURFACE('',(#7040),#7036,.T.);
#7036=PLANE('',#7037);
#7037=AXIS2_PLACEMENT_3D('',#580,#7038,#7039);
#7038=DIRECTION('',(0,0,1));
#7039=DIRECTION('',(0.03566848274746548,-0.999363677215904,0));
#7040=FACE_BOUND('',#7041,.T.);
#7041=EDGE_LOOP('',(#7042,#7043,#7044));
#7042=ORIENTED_EDGE('',*,*,#7045,.T.);
#7043=ORIENTED_EDGE('',*,*,#7046,.T.);
#7044=ORIENTED_EDGE('',*,*,#7047,.T.);
#7045=EDGE_CURVE('',#581,#583,#7048,.F.);
#7046=EDGE_CURVE('',#583,#585,#7049,.T.);
#7047=EDGE_CURVE('',#585,#581,#7050,.T.);
#7048=LINE('',#580,#7051);
#7049=LINE('',#582,#7052);
#7050=LINE('',#584,#7053);
#7051=VECTOR('',#7054,1.0);
#7052=VECTOR('',#7055,1.0);
#7053=VECTOR('',#7056,1.0);
#7054=DIRECTION('',(0.03566848274746548,-0.999363677215904,0));
#7055=DIRECTION('',(0.0028248756416293136,0.9999960100308447,0));
#7056=DIRECTION('',(-0.4432187794359884,0.8964134724307041,0));
#7057=FACE_SURFACE('',(#7062),#7058,.T.);
#7058=PLANE('',#7059);
#7059=AXIS2_PLACEMENT_3D('',#584,#7060,#7061);
#7060=DIRECTION('',(0,0,1));
#7061=DIRECTION('',(-0.0028248756416293136,-0.9999960100308447,0));
#7062=FACE_BOUND('',#7063,.T.);
#7063=EDGE_LOOP('',(#7064,#7065,#7066));
#7064=ORIENTED_EDGE('',*,*,#7067,.T.);
#7065=ORIENTED_EDGE('',*,*,#7068,.T.);
#7066=ORIENTED_EDGE('',*,*,#7069,.T.);
#7067=EDGE_CURVE('',#585,#583,#7070,.F.);
#7068=EDGE_CURVE('',#583,#587,#7071,.T.);
#7069=EDGE_CURVE('',#587,#585,#7072,.T.);
#7070=LINE('',#584,#7073);
#7071=LINE('',#582,#7074);
#7072=LINE('',#586,#7075);
#7073=VECTOR('',#7076,1.0);
#7074=VECTOR('',#7077,1.0);
#7075=VECTOR('',#7078,1.0);
#7076=DIRECTION('',(-0.0028248756416293136,-0.9999960100308447,0));
#7077=DIRECTION('',(0.378184592243472,0.9257302059399589,0));
#7078=DIRECTION('',(-0.03566851892850976,0.9993636759245588,0));
#7079=FACE_SURFACE('',(#7084),#7080,.T.);
#7080=PLANE('',#7081);
#7081=AXIS2_PLACEMENT_3D('',#584,#7082,#7083);
#7082=DIRECTION('',(0,0,1));
#7083=DIRECTION('',(0.03566851892850976,-0.9993636759245588,0));
#7084=FACE_BOUND('',#7085,.T.);
#7085=EDGE_LOOP('',(#7086,#7087,#7088));
#7086=ORIENTED_EDGE('',*,*,#7089,.T.);
#7087=ORIENTED_EDGE('',*,*,#7090,.T.);
#7088=ORIENTED_EDGE('',*,*,#7091,.T.);
#7089=EDGE_CURVE('',#585,#587,#7092,.F.);
#7090=EDGE_CURVE('',#587,#589,#7093,.T.);
#7091=EDGE_CURVE('',#589,#585,#7094,.T.);
#7092=LINE('',#584,#7095);
#7093=LINE('',#586,#7096);
#7094=LINE('',#588,#7097);
#7095=VECTOR('',#7098,1.0);
#7096=VECTOR('',#7099,1.0);
#7097=VECTOR('',#7100,1.0);
#7098=DIRECTION('',(0.03566851892850976,-0.9993636759245588,0));
#7099=DIRECTION('',(0.00282476452084802,0.9999960103447423,0));
#7100=DIRECTION('',(-0.3729476017840166,0.9278524054630406,0));
#7101=FACE_SURFACE('',(#7106),#7102,.T.);
#7102=PLANE('',#7103);
#7103=AXIS2_PLACEMENT_3D('',#588,#7104,#7105);
#7104=DIRECTION('',(0,0,1));
#7105=DIRECTION('',(-0.00282476452084802,-0.9999960103447423,0));
#7106=FACE_BOUND('',#7107,.T.);
#7107=EDGE_LOOP('',(#7108,#7109,#7110));
#7108=ORIENTED_EDGE('',*,*,#7111,.T.);
#7109=ORIENTED_EDGE('',*,*,#7112,.T.);
#7110=ORIENTED_EDGE('',*,*,#7113,.T.);
#7111=EDGE_CURVE('',#589,#587,#7114,.F.);
#7112=EDGE_CURVE('',#587,#591,#7115,.T.);
#7113=EDGE_CURVE('',#591,#589,#7116,.T.);
#7114=LINE('',#588,#7117);
#7115=LINE('',#586,#7118);
#7116=LINE('',#590,#7119);
#7117=VECTOR('',#7120,1.0);
#7118=VECTOR('',#7121,1.0);
#7119=VECTOR('',#7122,1.0);
#7120=DIRECTION('',(-0.00282476452084802,-0.9999960103447423,0));
#7121=DIRECTION('',(0.3058508783053479,0.952079429585498,0));
#7122=DIRECTION('',(-0.035668570569753345,0.9993636740814179,0));
#7123=FACE_SURFACE('',(#7128),#7124,.T.);
#7124=PLANE('',#7125);
#7125=AXIS2_PLACEMENT_3D('',#588,#7126,#7127);
#7126=DIRECTION('',(0,0,1));
#7127=DIRECTION('',(0.035668570569753345,-0.9993636740814179,0));
#7128=FACE_BOUND('',#7129,.T.);
#7129=EDGE_LOOP('',(#7130,#7131,#7132));
#7130=ORIENTED_EDGE('',*,*,#7133,.T.);
#7131=ORIENTED_EDGE('',*,*,#7134,.T.);
#7132=ORIENTED_EDGE('',*,*,#7135,.T.);
#7133=EDGE_CURVE('',#589,#591,#7136,.F.);
#7134=EDGE_CURVE('',#591,#593,#7137,.T.);
#7135=EDGE_CURVE('',#593,#589,#7138,.T.);
#7136=LINE('',#588,#7139);
#7137=LINE('',#590,#7140);
#7138=LINE('',#592,#7141);
#7139=VECTOR('',#7142,1.0);
#7140=VECTOR('',#7143,1.0);
#7141=VECTOR('',#7144,1.0);
#7142=DIRECTION('',(0.035668570569753345,-0.9993636740814179,0));
#7143=DIRECTION('',(0.0028248075117950386,0.9999960102233014,0));
#7144=DIRECTION('',(-0.3004674595777478,0.9537920662989887,0));
#7145=FACE_SURFACE('',(#7150),#7146,.T.);
#7146=PLANE('',#7147);
#7147=AXIS2_PLACEMENT_3D('',#592,#7148,#7149);
#7148=DIRECTION('',(0,0,1));
#7149=DIRECTION('',(-0.0028248075117950386,-0.9999960102233014,0));
#7150=FACE_BOUND('',#7151,.T.);
#7151=EDGE_LOOP('',(#7152,#7153,#7154));
#7152=ORIENTED_EDGE('',*,*,#7155,.T.);
#7153=ORIENTED_EDGE('',*,*,#7156,.T.);
#7154=ORIENTED_EDGE('',*,*,#7157,.T.);
#7155=EDGE_CURVE('',#593,#591,#7158,.F.);
#7156=EDGE_CURVE('',#591,#595,#7159,.T.);
#7157=EDGE_CURVE('',#595,#593,#7160,.T.);
#7158=LINE('',#592,#7161);
#7159=LINE('',#590,#7162);
#7160=LINE('',#594,#7163);
#7161=VECTOR('',#7164,1.0);
#7162=VECTOR('',#7165,1.0);
#7163=VECTOR('',#7166,1.0);
#7164=DIRECTION('',(-0.0028248075117950386,-0.9999960102233014,0));
#7165=DIRECTION('',(0.23170479691844587,0.9727861466350051,0));
#7166=DIRECTION('',(-0.03566844831965449,0.9993636784446732,0));
#7167=FACE_SURFACE('',(#7172),#7168,.T.);
#7168=PLANE('',#7169);
#7169=AXIS2_PLACEMENT_3D('',#592,#7170,#7171);
#7170=DIRECTION('',(0,0,1));
#7171=DIRECTION('',(0.03566844831965449,-0.9993636784446732,0));
#7172=FACE_BOUND('',#7173,.T.);
#7173=EDGE_LOOP('',(#7174,#7175,#7176));
#7174=ORIENTED_EDGE('',*,*,#7177,.T.);
#7175=ORIENTED_EDGE('',*,*,#7178,.T.);
#7176=ORIENTED_EDGE('',*,*,#7179,.T.);
#7177=EDGE_CURVE('',#593,#595,#7180,.F.);
#7178=EDGE_CURVE('',#595,#597,#7181,.T.);
#7179=EDGE_CURVE('',#597,#593,#7182,.T.);
#7180=LINE('',#592,#7183);
#7181=LINE('',#594,#7184);
#7182=LINE('',#596,#7185);
#7183=VECTOR('',#7186,1.0);
#7184=VECTOR('',#7187,1.0);
#7185=VECTOR('',#7188,1.0);
#7186=DIRECTION('',(0.03566844831965449,-0.9993636784446732,0));
#7187=DIRECTION('',(0.002824810552018807,0.9999960102147134,0));
#7188=DIRECTION('',(-0.22620523796841888,0.9740796632286555,0));
#7189=FACE_SURFACE('',(#7194),#7190,.T.);
#7190=PLANE('',#7191);
#7191=AXIS2_PLACEMENT_3D('',#596,#7192,#7193);
#7192=DIRECTION('',(0,0,1));
#7193=DIRECTION('',(-0.002824810552018807,-0.9999960102147134,0));
#7194=FACE_BOUND('',#7195,.T.);
#7195=EDGE_LOOP('',(#7196,#7197,#7198));
#7196=ORIENTED_EDGE('',*,*,#7199,.T.);
#7197=ORIENTED_EDGE('',*,*,#7200,.T.);
#7198=ORIENTED_EDGE('',*,*,#7201,.T.);
#7199=EDGE_CURVE('',#597,#595,#7202,.F.);
#7200=EDGE_CURVE('',#595,#599,#7203,.T.);
#7201=EDGE_CURVE('',#599,#597,#7204,.T.);
#7202=LINE('',#596,#7205);
#7203=LINE('',#594,#7206);
#7204=LINE('',#598,#7207);
#7205=VECTOR('',#7208,1.0);
#7206=VECTOR('',#7209,1.0);
#7207=VECTOR('',#7210,1.0);
#7208=DIRECTION('',(-0.002824810552018807,-0.9999960102147134,0));
#7209=DIRECTION('',(0.15618657189651247,0.9877275711243538,0));
#7210=DIRECTION('',(-0.035668579649429315,0.9993636737573526,0));
#7211=FACE_SURFACE('',(#7216),#7212,.T.);
#7212=PLANE('',#7213);
#7213=AXIS2_PLACEMENT_3D('',#596,#7214,#7215);
#7214=DIRECTION('',(0,0,1));
#7215=DIRECTION('',(0.035668579649429315,-0.9993636737573526,0));
#7216=FACE_BOUND('',#7217,.T.);
#7217=EDGE_LOOP('',(#7218,#7219,#7220));
#7218=ORIENTED_EDGE('',*,*,#7221,.T.);
#7219=ORIENTED_EDGE('',*,*,#7222,.T.);
#7220=ORIENTED_EDGE('',*,*,#7223,.T.);
#7221=EDGE_CURVE('',#597,#599,#7224,.F.);
#7222=EDGE_CURVE('',#599,#601,#7225,.T.);
#7223=EDGE_CURVE('',#601,#597,#7226,.T.);
#7224=LINE('',#596,#7227);
#7225=LINE('',#598,#7228);
#7226=LINE('',#600,#7229);
#7227=VECTOR('',#7230,1.0);
#7228=VECTOR('',#7231,1.0);
#7229=VECTOR('',#7232,1.0);
#7230=DIRECTION('',(0.035668579649429315,-0.9993636737573526,0));
#7231=DIRECTION('',(0.0028246631618961964,0.9999960106310534,0));
#7232=DIRECTION('',(-0.15060339386840985,0.988594263464702,0));
#7233=FACE_SURFACE('',(#7238),#7234,.T.);
#7234=PLANE('',#7235);
#7235=AXIS2_PLACEMENT_3D('',#600,#7236,#7237);
#7236=DIRECTION('',(0,0,1));
#7237=DIRECTION('',(-0.0028246631618961964,-0.9999960106310534,0));
#7238=FACE_BOUND('',#7239,.T.);
#7239=EDGE_LOOP('',(#7240,#7241,#7242));
#7240=ORIENTED_EDGE('',*,*,#7243,.T.);
#7241=ORIENTED_EDGE('',*,*,#7244,.T.);
#7242=ORIENTED_EDGE('',*,*,#7245,.T.);
#7243=EDGE_CURVE('',#601,#599,#7246,.F.);
#7244=EDGE_CURVE('',#599,#603,#7247,.T.);
#7245=EDGE_CURVE('',#603,#601,#7248,.T.);
#7246=LINE('',#600,#7249);
#7247=LINE('',#598,#7250);
#7248=LINE('',#602,#7251);
#7249=VECTOR('',#7252,1.0);
#7250=VECTOR('',#7253,1.0);
#7251=VECTOR('',#7254,1.0);
#7252=DIRECTION('',(-0.0028246631618961964,-0.9999960106310534,0));
#7253=DIRECTION('',(0.07974152543457795,0.996815574277091,0));
#7254=DIRECTION('',(-0.03566856882284762,0.9993636741437674,0));
#7255=FACE_SURFACE('',(#7260),#7256,.T.);
#7256=PLANE('',#7257);
#7257=AXIS2_PLACEMENT_3D('',#600,#7258,#7259);
#7258=DIRECTION('',(0,0,1));
#7259=DIRECTION('',(0.03566856882284762,-0.9993636741437674,0));
#7260=FACE_BOUND('',#7261,.T.);
#7261=EDGE_LOOP('',(#7262,#7263,#7264));
#7262=ORIENTED_EDGE('',*,*,#7265,.T.);
#7263=ORIENTED_EDGE('',*,*,#7266,.T.);
#7264=ORIENTED_EDGE('',*,*,#7267,.T.);
#7265=EDGE_CURVE('',#601,#603,#7268,.F.);
#7266=EDGE_CURVE('',#603,#605,#7269,.T.);
#7267=EDGE_CURVE('',#605,#601,#7270,.T.);
#7268=LINE('',#600,#7271);
#7269=LINE('',#602,#7272);
#7270=LINE('',#604,#7273);
#7271=VECTOR('',#7274,1.0);
#7272=VECTOR('',#7275,1.0);
#7273=VECTOR('',#7276,1.0);
#7274=DIRECTION('',(0.03566856882284762,-0.9993636741437674,0));
#7275=DIRECTION('',(0.0028253111633454757,0.9999960088004504,0));
#7276=DIRECTION('',(-0.0741095777303495,0.9972501042810823,0));
#7277=FACE_SURFACE('',(#7282),#7278,.T.);
#7278=PLANE('',#7279);
#7279=AXIS2_PLACEMENT_3D('',#534,#7280,#7281);
#7280=DIRECTION('',(0.6262310474232721,-0.779637528113643,0));
#7281=DIRECTION('',(0,0,1));
#7282=FACE_BOUND('',#7283,.T.);
#7283=EDGE_LOOP('',(#7284,#7285,#7286));
#7284=ORIENTED_EDGE('',*,*,#7287,.T.);
#7285=ORIENTED_EDGE('',*,*,#7288,.T.);
#7286=ORIENTED_EDGE('',*,*,#7289,.T.);
#7287=EDGE_CURVE('',#535,#441,#7290,.F.);
#7288=EDGE_CURVE('',#441,#607,#7291,.T.);
#7289=EDGE_CURVE('',#607,#535,#7292,.T.);
#7290=LINE('',#534,#7293);
#7291=LINE('',#440,#7294);
#7292=LINE('',#606,#7295);
#7293=VECTOR('',#7296,1.0);
#7294=VECTOR('',#7297,1.0);
#7295=VECTOR('',#7298,1.0);
#7296=DIRECTION('',(0,0,1));
#7297=DIRECTION('',(-0.30548631858650616,-0.2453768711272475,-0.9200371189643741));
#7298=DIRECTION('',(0.779637528113643,0.6262310474232721,0));
#7299=FACE_SURFACE('',(#7304),#7300,.T.);
#7300=PLANE('',#7301);
#7301=AXIS2_PLACEMENT_3D('',#606,#7302,#7303);
#7302=DIRECTION('',(0.6262310474232721,-0.779637528113643,0));
#7303=DIRECTION('',(0.30548631858650616,0.2453768711272475,0.9200371189643741));
#7304=FACE_BOUND('',#7305,.T.);
#7305=EDGE_LOOP('',(#7306,#7307,#7308));
#7306=ORIENTED_EDGE('',*,*,#7309,.T.);
#7307=ORIENTED_EDGE('',*,*,#7310,.T.);
#7308=ORIENTED_EDGE('',*,*,#7311,.T.);
#7309=EDGE_CURVE('',#607,#441,#7312,.F.);
#7310=EDGE_CURVE('',#441,#445,#7313,.T.);
#7311=EDGE_CURVE('',#445,#607,#7314,.T.);
#7312=LINE('',#606,#7315);
#7313=LINE('',#440,#7316);
#7314=LINE('',#444,#7317);
#7315=VECTOR('',#7318,1.0);
#7316=VECTOR('',#7319,1.0);
#7317=VECTOR('',#7320,1.0);
#7318=DIRECTION('',(0.30548631858650616,0.2453768711272475,0.9200371189643741));
#7319=DIRECTION('',(-0.779637528113643,-0.6262310474232721,0));
#7320=DIRECTION('',(0,0,-1));
#7321=FACE_SURFACE('',(#7326),#7322,.T.);
#7322=PLANE('',#7323);
#7323=AXIS2_PLACEMENT_3D('',#606,#7324,#7325);
#7324=DIRECTION('',(0.5622445367516308,-0.8269710278437474,0));
#7325=DIRECTION('',(0,0,1));
#7326=FACE_BOUND('',#7327,.T.);
#7327=EDGE_LOOP('',(#7328,#7329,#7330));
#7328=ORIENTED_EDGE('',*,*,#7331,.T.);
#7329=ORIENTED_EDGE('',*,*,#7332,.T.);
#7330=ORIENTED_EDGE('',*,*,#7333,.T.);
#7331=EDGE_CURVE('',#607,#445,#7334,.F.);
#7332=EDGE_CURVE('',#445,#609,#7335,.T.);
#7333=EDGE_CURVE('',#609,#607,#7336,.T.);
#7334=LINE('',#606,#7337);
#7335=LINE('',#444,#7338);
#7336=LINE('',#608,#7339);
#7337=VECTOR('',#7340,1.0);
#7338=VECTOR('',#7341,1.0);
#7339=VECTOR('',#7342,1.0);
#7340=DIRECTION('',(0,0,1));
#7341=DIRECTION('',(-0.3240330444460749,-0.2203049476132641,-0.9200371276009055));
#7342=DIRECTION('',(0.8269710278437474,0.5622445367516308,0));
#7343=FACE_SURFACE('',(#7348),#7344,.T.);
#7344=PLANE('',#7345);
#7345=AXIS2_PLACEMENT_3D('',#608,#7346,#7347);
#7346=DIRECTION('',(0.5622441714287094,-0.8269712762208906,1.8813959430984658E-07));
#7347=DIRECTION('',(0.3240330444460749,0.2203049476132641,0.9200371276009055));
#7348=FACE_BOUND('',#7349,.T.);
#7349=EDGE_LOOP('',(#7350,#7351,#7352));
#7350=ORIENTED_EDGE('',*,*,#7353,.T.);
#7351=ORIENTED_EDGE('',*,*,#7354,.T.);
#7352=ORIENTED_EDGE('',*,*,#7355,.T.);
#7353=EDGE_CURVE('',#609,#445,#7356,.F.);
#7354=EDGE_CURVE('',#445,#449,#7357,.T.);
#7355=EDGE_CURVE('',#449,#609,#7358,.T.);
#7356=LINE('',#608,#7359);
#7357=LINE('',#444,#7360);
#7358=LINE('',#448,#7361);
#7359=VECTOR('',#7362,1.0);
#7360=VECTOR('',#7363,1.0);
#7361=VECTOR('',#7364,1.0);
#7362=DIRECTION('',(0.3240330444460749,0.2203049476132641,0.9200371276009055));
#7363=DIRECTION('',(-0.8269712762209053,-0.5622441714287193,0));
#7364=DIRECTION('',(3.3462257835729565E-07,0,-0.999999999999944));
#7365=FACE_SURFACE('',(#7370),#7366,.T.);
#7366=PLANE('',#7367);
#7367=AXIS2_PLACEMENT_3D('',#608,#7368,#7369);
#7368=DIRECTION('',(0.49469455567840337,-0.8690669114528062,1.6553596772043333E-07));
#7369=DIRECTION('',(-3.3462257835729565E-07,0,0.999999999999944));
#7370=FACE_BOUND('',#7371,.T.);
#7371=EDGE_LOOP('',(#7372,#7373,#7374));
#7372=ORIENTED_EDGE('',*,*,#7375,.T.);
#7373=ORIENTED_EDGE('',*,*,#7376,.T.);
#7374=ORIENTED_EDGE('',*,*,#7377,.T.);
#7375=EDGE_CURVE('',#609,#449,#7378,.F.);
#7376=EDGE_CURVE('',#449,#611,#7379,.T.);
#7377=EDGE_CURVE('',#611,#609,#7380,.T.);
#7378=LINE('',#608,#7381);
#7379=LINE('',#448,#7382);
#7380=LINE('',#610,#7383);
#7381=VECTOR('',#7384,1.0);
#7382=VECTOR('',#7385,1.0);
#7383=VECTOR('',#7386,1.0);
#7384=DIRECTION('',(-3.3462257835729565E-07,0,0.999999999999944));
#7385=DIRECTION('',(-0.3405273941342546,-0.19383685883887003,-0.9200371546843171));
#7386=DIRECTION('',(0.8690669114528182,0.49469455567841014,0));
#7387=FACE_SURFACE('',(#7392),#7388,.T.);
#7388=PLANE('',#7389);
#7389=AXIS2_PLACEMENT_3D('',#610,#7390,#7391);
#7390=DIRECTION('',(0.49469489347243967,-0.8690667191719469,0));
#7391=DIRECTION('',(0.3405273941342546,0.19383685883887003,0.9200371546843171));
#7392=FACE_BOUND('',#7393,.T.);
#7393=EDGE_LOOP('',(#7394,#7395,#7396));
#7394=ORIENTED_EDGE('',*,*,#7397,.T.);
#7395=ORIENTED_EDGE('',*,*,#7398,.T.);
#7396=ORIENTED_EDGE('',*,*,#7399,.T.);
#7397=EDGE_CURVE('',#611,#449,#7400,.F.);
#7398=EDGE_CURVE('',#449,#453,#7401,.T.);
#7399=EDGE_CURVE('',#453,#611,#7402,.T.);
#7400=LINE('',#610,#7403);
#7401=LINE('',#448,#7404);
#7402=LINE('',#452,#7405);
#7403=VECTOR('',#7406,1.0);
#7404=VECTOR('',#7407,1.0);
#7405=VECTOR('',#7408,1.0);
#7406=DIRECTION('',(0.3405273941342546,0.19383685883887003,0.9200371546843171));
#7407=DIRECTION('',(-0.8690667191719468,-0.49469489347243967,0));
#7408=DIRECTION('',(0,0,-1));
#7409=FACE_SURFACE('',(#7414),#7410,.T.);
#7410=PLANE('',#7411);
#7411=AXIS2_PLACEMENT_3D('',#610,#7412,#7413);
#7412=DIRECTION('',(0.42401234320688747,-0.9056564099084182,0));
#7413=DIRECTION('',(0,0,1));
#7414=FACE_BOUND('',#7415,.T.);
#7415=EDGE_LOOP('',(#7416,#7417,#7418));
#7416=ORIENTED_EDGE('',*,*,#7419,.T.);
#7417=ORIENTED_EDGE('',*,*,#7420,.T.);
#7418=ORIENTED_EDGE('',*,*,#7421,.T.);
#7419=EDGE_CURVE('',#611,#453,#7422,.F.);
#7420=EDGE_CURVE('',#453,#613,#7423,.T.);
#7421=EDGE_CURVE('',#613,#611,#7424,.T.);
#7422=LINE('',#610,#7425);
#7423=LINE('',#452,#7426);
#7424=LINE('',#612,#7427);
#7425=VECTOR('',#7428,1.0);
#7426=VECTOR('',#7429,1.0);
#7427=VECTOR('',#7430,1.0);
#7428=DIRECTION('',(0,0,1));
#7429=DIRECTION('',(-0.35486449994583696,-0.16614129431070912,-0.9200370954493919));
#7430=DIRECTION('',(0.9056564099084181,0.42401234320688747,0));
#7431=FACE_SURFACE('',(#7436),#7432,.T.);
#7432=PLANE('',#7433);
#7433=AXIS2_PLACEMENT_3D('',#612,#7434,#7435);
#7434=DIRECTION('',(0.4240121923471583,-0.9056564805382621,7.09420265290718E-08));
#7435=DIRECTION('',(0.35486449994583696,0.16614129431070912,0.9200370954493919));
#7436=FACE_BOUND('',#7437,.T.);
#7437=EDGE_LOOP('',(#7438,#7439,#7440));
#7438=ORIENTED_EDGE('',*,*,#7441,.T.);
#7439=ORIENTED_EDGE('',*,*,#7442,.T.);
#7440=ORIENTED_EDGE('',*,*,#7443,.T.);
#7441=EDGE_CURVE('',#613,#453,#7444,.F.);
#7442=EDGE_CURVE('',#453,#457,#7445,.T.);
#7443=EDGE_CURVE('',#457,#613,#7446,.T.);
#7444=LINE('',#612,#7447);
#7445=LINE('',#452,#7448);
#7446=LINE('',#456,#7449);
#7447=VECTOR('',#7450,1.0);
#7448=VECTOR('',#7451,1.0);
#7449=VECTOR('',#7452,1.0);
#7450=DIRECTION('',(0.35486449994583696,0.16614129431070912,0.9200370954493919));
#7451=DIRECTION('',(-0.9056564805382643,-0.42401219234715937,0));
#7452=DIRECTION('',(1.673112891786548E-07,0,-0.999999999999986));
#7453=FACE_SURFACE('',(#7458),#7454,.T.);
#7454=PLANE('',#7455);
#7455=AXIS2_PLACEMENT_3D('',#612,#7456,#7457);
#7456=DIRECTION('',(0.35064357522185047,-0.9365089872263025,5.8666628612581254E-08));
#7457=DIRECTION('',(-1.673112891786548E-07,0,0.999999999999986));
#7458=FACE_BOUND('',#7459,.T.);
#7459=EDGE_LOOP('',(#7460,#7461,#7462));
#7460=ORIENTED_EDGE('',*,*,#7463,.T.);
#7461=ORIENTED_EDGE('',*,*,#7464,.T.);
#7462=ORIENTED_EDGE('',*,*,#7465,.T.);
#7463=EDGE_CURVE('',#613,#457,#7466,.F.);
#7464=EDGE_CURVE('',#457,#615,#7467,.T.);
#7465=EDGE_CURVE('',#615,#613,#7468,.T.);
#7466=LINE('',#612,#7469);
#7467=LINE('',#456,#7470);
#7468=LINE('',#614,#7471);
#7469=VECTOR('',#7472,1.0);
#7470=VECTOR('',#7473,1.0);
#7471=VECTOR('',#7474,1.0);
#7472=DIRECTION('',(-1.673112891786548E-07,0,0.999999999999986));
#7473=DIRECTION('',(-0.36695344882483644,-0.1373931536871756,-0.9200371121402932));
#7474=DIRECTION('',(0.9365089872263042,0.3506435752218511,0));
#7475=FACE_SURFACE('',(#7480),#7476,.T.);
#7476=PLANE('',#7477);
#7477=AXIS2_PLACEMENT_3D('',#614,#7478,#7479);
#7478=DIRECTION('',(0.35064370422769053,-0.9365089389244952,0));
#7479=DIRECTION('',(0.36695344882483644,0.1373931536871756,0.9200371121402932));
#7480=FACE_BOUND('',#7481,.T.);
#7481=EDGE_LOOP('',(#7482,#7483,#7484));
#7482=ORIENTED_EDGE('',*,*,#7485,.T.);
#7483=ORIENTED_EDGE('',*,*,#7486,.T.);
#7484=ORIENTED_EDGE('',*,*,#7487,.T.);
#7485=EDGE_CURVE('',#615,#457,#7488,.F.);
#7486=EDGE_CURVE('',#457,#461,#7489,.T.);
#7487=EDGE_CURVE('',#461,#615,#7490,.T.);
#7488=LINE('',#614,#7491);
#7489=LINE('',#456,#7492);
#7490=LINE('',#460,#7493);
#7491=VECTOR('',#7494,1.0);
#7492=VECTOR('',#7495,1.0);
#7493=VECTOR('',#7496,1.0);
#7494=DIRECTION('',(0.36695344882483644,0.1373931536871756,0.9200371121402932));
#7495=DIRECTION('',(-0.9365089389244953,-0.35064370422769053,0));
#7496=DIRECTION('',(0,0,-1));
#7497=FACE_SURFACE('',(#7502),#7498,.T.);
#7498=PLANE('',#7499);
#7499=AXIS2_PLACEMENT_3D('',#614,#7500,#7501);
#7500=DIRECTION('',(0.2750530289619284,-0.961429056799756,0));
#7501=DIRECTION('',(0,0,1));
#7502=FACE_BOUND('',#7503,.T.);
#7503=EDGE_LOOP('',(#7504,#7505,#7506));
#7504=ORIENTED_EDGE('',*,*,#7507,.T.);
#7505=ORIENTED_EDGE('',*,*,#7508,.T.);
#7506=ORIENTED_EDGE('',*,*,#7509,.T.);
#7507=EDGE_CURVE('',#615,#461,#7510,.F.);
#7508=EDGE_CURVE('',#461,#617,#7511,.T.);
#7509=EDGE_CURVE('',#617,#615,#7512,.T.);
#7510=LINE('',#614,#7513);
#7511=LINE('',#460,#7514);
#7512=LINE('',#616,#7515);
#7513=VECTOR('',#7516,1.0);
#7514=VECTOR('',#7517,1.0);
#7515=VECTOR('',#7518,1.0);
#7516=DIRECTION('',(0,0,1));
#7517=DIRECTION('',(-0.37671793167075507,-0.10777436716466447,-0.9200371110667028));
#7518=DIRECTION('',(0.9614290567997561,0.2750530289619284,0));
#7519=FACE_SURFACE('',(#7524),#7520,.T.);
#7520=PLANE('',#7521);
#7521=AXIS2_PLACEMENT_3D('',#616,#7522,#7523);
#7522=DIRECTION('',(0.2750529770179579,-0.9614290716602855,2.300973408865105E-08));
#7523=DIRECTION('',(0.37671793167075507,0.10777436716466447,0.9200371110667028));
#7524=FACE_BOUND('',#7525,.T.);
#7525=EDGE_LOOP('',(#7526,#7527,#7528));
#7526=ORIENTED_EDGE('',*,*,#7529,.T.);
#7527=ORIENTED_EDGE('',*,*,#7530,.T.);
#7528=ORIENTED_EDGE('',*,*,#7531,.T.);
#7529=EDGE_CURVE('',#617,#461,#7532,.F.);
#7530=EDGE_CURVE('',#461,#465,#7533,.T.);
#7531=EDGE_CURVE('',#465,#617,#7534,.T.);
#7532=LINE('',#616,#7535);
#7533=LINE('',#460,#7536);
#7534=LINE('',#464,#7537);
#7535=VECTOR('',#7538,1.0);
#7536=VECTOR('',#7539,1.0);
#7537=VECTOR('',#7540,1.0);
#7538=DIRECTION('',(0.37671793167075507,0.10777436716466447,0.9200371110667028));
#7539=DIRECTION('',(-0.9614290716602857,-0.275052977017958,0));
#7540=DIRECTION('',(8.365564458932829E-08,0,-0.9999999999999966));
#7541=FACE_SURFACE('',(#7546),#7542,.T.);
#7542=PLANE('',#7543);
#7543=AXIS2_PLACEMENT_3D('',#616,#7544,#7545);
#7544=DIRECTION('',(0.19772117290098,-0.9802583015647766,1.654049216798957E-08));
#7545=DIRECTION('',(-8.365564458932829E-08,0,0.9999999999999966));
#7546=FACE_BOUND('',#7547,.T.);
#7547=EDGE_LOOP('',(#7548,#7549,#7550));
#7548=ORIENTED_EDGE('',*,*,#7551,.T.);
#7549=ORIENTED_EDGE('',*,*,#7552,.T.);
#7550=ORIENTED_EDGE('',*,*,#7553,.T.);
#7551=EDGE_CURVE('',#617,#465,#7554,.F.);
#7552=EDGE_CURVE('',#465,#619,#7555,.T.);
#7553=EDGE_CURVE('',#619,#617,#7556,.T.);
#7554=LINE('',#616,#7557);
#7555=LINE('',#464,#7558);
#7556=LINE('',#618,#7559);
#7557=VECTOR('',#7560,1.0);
#7558=VECTOR('',#7561,1.0);
#7559=VECTOR('',#7562,1.0);
#7560=DIRECTION('',(-8.365564458932829E-08,0,0.9999999999999966));
#7561=DIRECTION('',(-0.38409583951327797,-0.07747335063787766,-0.9200371003440735));
#7562=DIRECTION('',(0.9802583015647767,0.19772117290098,0));
#7563=FACE_SURFACE('',(#7568),#7564,.T.);
#7564=PLANE('',#7565);
#7565=AXIS2_PLACEMENT_3D('',#618,#7566,#7567);
#7566=DIRECTION('',(0.1977212109720619,-0.9802582938857194,0));
#7567=DIRECTION('',(0.38409583951327797,0.07747335063787766,0.9200371003440735));
#7568=FACE_BOUND('',#7569,.T.);
#7569=EDGE_LOOP('',(#7570,#7571,#7572));
#7570=ORIENTED_EDGE('',*,*,#7573,.T.);
#7571=ORIENTED_EDGE('',*,*,#7574,.T.);
#7572=ORIENTED_EDGE('',*,*,#7575,.T.);
#7573=EDGE_CURVE('',#619,#465,#7576,.F.);
#7574=EDGE_CURVE('',#465,#469,#7577,.T.);
#7575=EDGE_CURVE('',#469,#619,#7578,.T.);
#7576=LINE('',#618,#7579);
#7577=LINE('',#464,#7580);
#7578=LINE('',#468,#7581);
#7579=VECTOR('',#7582,1.0);
#7580=VECTOR('',#7583,1.0);
#7581=VECTOR('',#7584,1.0);
#7582=DIRECTION('',(0.38409583951327797,0.07747335063787766,0.9200371003440735));
#7583=DIRECTION('',(-0.9802582938857194,-0.1977212109720619,0));
#7584=DIRECTION('',(0,0,-1));
#7585=FACE_SURFACE('',(#7590),#7586,.T.);
#7586=PLANE('',#7587);
#7587=AXIS2_PLACEMENT_3D('',#618,#7588,#7589);
#7588=DIRECTION('',(0.1191354186194096,-0.9928780146777237,0));
#7589=DIRECTION('',(0,0,1));
#7590=FACE_BOUND('',#7591,.T.);
#7591=EDGE_LOOP('',(#7592,#7593,#7594));
#7592=ORIENTED_EDGE('',*,*,#7595,.T.);
#7593=ORIENTED_EDGE('',*,*,#7596,.T.);
#7594=ORIENTED_EDGE('',*,*,#7597,.T.);
#7595=EDGE_CURVE('',#619,#469,#7598,.F.);
#7596=EDGE_CURVE('',#469,#621,#7599,.T.);
#7597=EDGE_CURVE('',#621,#619,#7600,.T.);
#7598=LINE('',#618,#7601);
#7599=LINE('',#468,#7602);
#7600=LINE('',#620,#7603);
#7601=VECTOR('',#7604,1.0);
#7602=VECTOR('',#7605,1.0);
#7603=VECTOR('',#7606,1.0);
#7604=DIRECTION('',(0,0,1));
#7605=DIRECTION('',(-0.3890406525250748,-0.04668098226909297,-0.9200370952180442));
#7606=DIRECTION('',(0.9928780146777235,0.11913541861940959,0));
#7607=FACE_SURFACE('',(#7612),#7608,.T.);
#7608=PLANE('',#7609);
#7609=AXIS2_PLACEMENT_3D('',#620,#7610,#7611);
#7610=DIRECTION('',(0.1191354186194096,-0.9928780146777237,0));
#7611=DIRECTION('',(0.3890406525250748,0.04668098226909297,0.9200370952180442));
#7612=FACE_BOUND('',#7613,.T.);
#7613=EDGE_LOOP('',(#7614,#7615,#7616));
#7614=ORIENTED_EDGE('',*,*,#7617,.T.);
#7615=ORIENTED_EDGE('',*,*,#7618,.T.);
#7616=ORIENTED_EDGE('',*,*,#7619,.T.);
#7617=EDGE_CURVE('',#621,#469,#7620,.F.);
#7618=EDGE_CURVE('',#469,#473,#7621,.T.);
#7619=EDGE_CURVE('',#473,#621,#7622,.T.);
#7620=LINE('',#620,#7623);
#7621=LINE('',#468,#7624);
#7622=LINE('',#472,#7625);
#7623=VECTOR('',#7626,1.0);
#7624=VECTOR('',#7627,1.0);
#7625=VECTOR('',#7628,1.0);
#7626=DIRECTION('',(0.3890406525250748,0.04668098226909297,0.9200370952180442));
#7627=DIRECTION('',(-0.9928780146777235,-0.11913541861940959,0));
#7628=DIRECTION('',(0,0,-1));
#7629=FACE_SURFACE('',(#7634),#7630,.T.);
#7630=PLANE('',#7631);
#7631=AXIS2_PLACEMENT_3D('',#620,#7632,#7633);
#7632=DIRECTION('',(0.03979613656267324,-0.9992078199827527,0));
#7633=DIRECTION('',(0,0,1));
#7634=FACE_BOUND('',#7635,.T.);
#7635=EDGE_LOOP('',(#7636,#7637,#7638));
#7636=ORIENTED_EDGE('',*,*,#7639,.T.);
#7637=ORIENTED_EDGE('',*,*,#7640,.T.);
#7638=ORIENTED_EDGE('',*,*,#7641,.T.);
#7639=EDGE_CURVE('',#621,#473,#7642,.F.);
#7640=EDGE_CURVE('',#473,#623,#7643,.T.);
#7641=EDGE_CURVE('',#623,#621,#7644,.T.);
#7642=LINE('',#620,#7645);
#7643=LINE('',#472,#7646);
#7644=LINE('',#622,#7647);
#7645=VECTOR('',#7648,1.0);
#7646=VECTOR('',#7649,1.0);
#7647=VECTOR('',#7650,1.0);
#7648=DIRECTION('',(0,0,1));
#7649=DIRECTION('',(-0.3915208878518686,-0.015593371477377932,-0.9200370868294674));
#7650=DIRECTION('',(0.9992078199827527,0.039796136562673244,0));
#7651=FACE_SURFACE('',(#7656),#7652,.T.);
#7652=PLANE('',#7653);
#7653=AXIS2_PLACEMENT_3D('',#622,#7654,#7655);
#7654=DIRECTION('',(0.039796136562673126,-0.9992078199827527,4.728311963503873E-17));
#7655=DIRECTION('',(0.3915208878518686,0.015593371477377932,0.9200370868294674));
#7656=FACE_BOUND('',#7657,.T.);
#7657=EDGE_LOOP('',(#7658,#7659,#7660));
#7658=ORIENTED_EDGE('',*,*,#7661,.T.);
#7659=ORIENTED_EDGE('',*,*,#7662,.T.);
#7660=ORIENTED_EDGE('',*,*,#7663,.T.);
#7661=EDGE_CURVE('',#623,#473,#7664,.F.);
#7662=EDGE_CURVE('',#473,#477,#7665,.T.);
#7663=EDGE_CURVE('',#477,#623,#7666,.T.);
#7664=LINE('',#622,#7667);
#7665=LINE('',#472,#7668);
#7666=LINE('',#476,#7669);
#7667=VECTOR('',#7670,1.0);
#7668=VECTOR('',#7671,1.0);
#7669=VECTOR('',#7672,1.0);
#7670=DIRECTION('',(0.3915208878518686,0.015593371477377932,0.9200370868294674));
#7671=DIRECTION('',(-0.9992078199827527,-0.03979613656267313,0));
#7672=DIRECTION('',(1.1881334149252075E-15,0,-1));
#7673=FACE_SURFACE('',(#7678),#7674,.T.);
#7674=PLANE('',#7675);
#7675=AXIS2_PLACEMENT_3D('',#622,#7676,#7677);
#7676=DIRECTION('',(-0.03979613656267319,-0.9992078199827527,-4.72831196350388E-17));
#7677=DIRECTION('',(-1.1881334149252075E-15,0,1));
#7678=FACE_BOUND('',#7679,.T.);
#7679=EDGE_LOOP('',(#7680,#7681,#7682));
#7680=ORIENTED_EDGE('',*,*,#7683,.T.);
#7681=ORIENTED_EDGE('',*,*,#7684,.T.);
#7682=ORIENTED_EDGE('',*,*,#7685,.T.);
#7683=EDGE_CURVE('',#623,#477,#7686,.F.);
#7684=EDGE_CURVE('',#477,#475,#7687,.T.);
#7685=EDGE_CURVE('',#475,#623,#7688,.T.);
#7686=LINE('',#622,#7689);
#7687=LINE('',#476,#7690);
#7688=LINE('',#474,#7691);
#7689=VECTOR('',#7692,1.0);
#7690=VECTOR('',#7693,1.0);
#7691=VECTOR('',#7694,1.0);
#7692=DIRECTION('',(-1.1881334149252075E-15,0,1));
#7693=DIRECTION('',(-0.9992078199827527,0.03979613656267319,0));
#7694=DIRECTION('',(0.39152088785187,-0.015593371477377924,-0.9200370868294668));
#7695=FACE_SURFACE('',(#7700),#7696,.T.);
#7696=PLANE('',#7697);
#7697=AXIS2_PLACEMENT_3D('',#622,#7698,#7699);
#7698=DIRECTION('',(-0.03979613656267308,-0.9992078199827527,0));
#7699=DIRECTION('',(-0.39152088785187,0.015593371477377924,0.9200370868294668));
#7700=FACE_BOUND('',#7701,.T.);
#7701=EDGE_LOOP('',(#7702,#7703,#7704));
#7702=ORIENTED_EDGE('',*,*,#7705,.T.);
#7703=ORIENTED_EDGE('',*,*,#7706,.T.);
#7704=ORIENTED_EDGE('',*,*,#7707,.T.);
#7705=EDGE_CURVE('',#623,#475,#7708,.F.);
#7706=EDGE_CURVE('',#475,#625,#7709,.T.);
#7707=EDGE_CURVE('',#625,#623,#7710,.T.);
#7708=LINE('',#622,#7711);
#7709=LINE('',#474,#7712);
#7710=LINE('',#624,#7713);
#7711=VECTOR('',#7714,1.0);
#7712=VECTOR('',#7715,1.0);
#7713=VECTOR('',#7716,1.0);
#7714=DIRECTION('',(-0.39152088785187,0.015593371477377924,0.9200370868294668));
#7715=DIRECTION('',(0,0,-1));
#7716=DIRECTION('',(0.9992078199827527,-0.03979613656267308,0));
#7717=FACE_SURFACE('',(#7722),#7718,.T.);
#7718=PLANE('',#7719);
#7719=AXIS2_PLACEMENT_3D('',#624,#7720,#7721);
#7720=DIRECTION('',(-0.1191354186194096,-0.9928780146777237,0));
#7721=DIRECTION('',(0,0,1));
#7722=FACE_BOUND('',#7723,.T.);
#7723=EDGE_LOOP('',(#7724,#7725,#7726));
#7724=ORIENTED_EDGE('',*,*,#7727,.T.);
#7725=ORIENTED_EDGE('',*,*,#7728,.T.);
#7726=ORIENTED_EDGE('',*,*,#7729,.T.);
#7727=EDGE_CURVE('',#625,#475,#7730,.F.);
#7728=EDGE_CURVE('',#475,#471,#7731,.T.);
#7729=EDGE_CURVE('',#471,#625,#7732,.T.);
#7730=LINE('',#624,#7733);
#7731=LINE('',#474,#7734);
#7732=LINE('',#470,#7735);
#7733=VECTOR('',#7736,1.0);
#7734=VECTOR('',#7737,1.0);
#7735=VECTOR('',#7738,1.0);
#7736=DIRECTION('',(0,0,1));
#7737=DIRECTION('',(-0.9928780146777235,0.11913541861940959,0));
#7738=DIRECTION('',(0.3890406525250748,-0.04668098226909297,-0.9200370952180442));
#7739=FACE_SURFACE('',(#7744),#7740,.T.);
#7740=PLANE('',#7741);
#7741=AXIS2_PLACEMENT_3D('',#624,#7742,#7743);
#7742=DIRECTION('',(-0.1191354186194096,-0.9928780146777237,0));
#7743=DIRECTION('',(-0.3890406525250748,0.04668098226909297,0.9200370952180442));
#7744=FACE_BOUND('',#7745,.T.);
#7745=EDGE_LOOP('',(#7746,#7747,#7748));
#7746=ORIENTED_EDGE('',*,*,#7749,.T.);
#7747=ORIENTED_EDGE('',*,*,#7750,.T.);
#7748=ORIENTED_EDGE('',*,*,#7751,.T.);
#7749=EDGE_CURVE('',#625,#471,#7752,.F.);
#7750=EDGE_CURVE('',#471,#627,#7753,.T.);
#7751=EDGE_CURVE('',#627,#625,#7754,.T.);
#7752=LINE('',#624,#7755);
#7753=LINE('',#470,#7756);
#7754=LINE('',#626,#7757);
#7755=VECTOR('',#7758,1.0);
#7756=VECTOR('',#7759,1.0);
#7757=VECTOR('',#7760,1.0);
#7758=DIRECTION('',(-0.3890406525250748,0.04668098226909297,0.9200370952180442));
#7759=DIRECTION('',(0,0,-1));
#7760=DIRECTION('',(0.9928780146777235,-0.11913541861940959,0));
#7761=FACE_SURFACE('',(#7766),#7762,.T.);
#7762=PLANE('',#7763);
#7763=AXIS2_PLACEMENT_3D('',#626,#7764,#7765);
#7764=DIRECTION('',(-0.1977212109720619,-0.9802582938857194,0));
#7765=DIRECTION('',(0,0,1));
#7766=FACE_BOUND('',#7767,.T.);
#7767=EDGE_LOOP('',(#7768,#7769,#7770));
#7768=ORIENTED_EDGE('',*,*,#7771,.T.);
#7769=ORIENTED_EDGE('',*,*,#7772,.T.);
#7770=ORIENTED_EDGE('',*,*,#7773,.T.);
#7771=EDGE_CURVE('',#627,#471,#7774,.F.);
#7772=EDGE_CURVE('',#471,#467,#7775,.T.);
#7773=EDGE_CURVE('',#467,#627,#7776,.T.);
#7774=LINE('',#626,#7777);
#7775=LINE('',#470,#7778);
#7776=LINE('',#466,#7779);
#7777=VECTOR('',#7780,1.0);
#7778=VECTOR('',#7781,1.0);
#7779=VECTOR('',#7782,1.0);
#7780=DIRECTION('',(0,0,1));
#7781=DIRECTION('',(-0.9802582938857194,0.1977212109720619,0));
#7782=DIRECTION('',(0.38409583951327797,-0.07747335063787766,-0.9200371003440735));
#7783=FACE_SURFACE('',(#7788),#7784,.T.);
#7784=PLANE('',#7785);
#7785=AXIS2_PLACEMENT_3D('',#626,#7786,#7787);
#7786=DIRECTION('',(-0.19772117290098,-0.9802583015647766,1.654049216798957E-08));
#7787=DIRECTION('',(-0.38409583951327797,0.07747335063787766,0.9200371003440735));
#7788=FACE_BOUND('',#7789,.T.);
#7789=EDGE_LOOP('',(#7790,#7791,#7792));
#7790=ORIENTED_EDGE('',*,*,#7793,.T.);
#7791=ORIENTED_EDGE('',*,*,#7794,.T.);
#7792=ORIENTED_EDGE('',*,*,#7795,.T.);
#7793=EDGE_CURVE('',#627,#467,#7796,.F.);
#7794=EDGE_CURVE('',#467,#629,#7797,.T.);
#7795=EDGE_CURVE('',#629,#627,#7798,.T.);
#7796=LINE('',#626,#7799);
#7797=LINE('',#466,#7800);
#7798=LINE('',#628,#7801);
#7799=VECTOR('',#7802,1.0);
#7800=VECTOR('',#7803,1.0);
#7801=VECTOR('',#7804,1.0);
#7802=DIRECTION('',(-0.38409583951327797,0.07747335063787766,0.9200371003440735));
#7803=DIRECTION('',(-8.365564458932829E-08,0,-0.9999999999999966));
#7804=DIRECTION('',(0.9802583015647767,-0.19772117290098,0));
#7805=FACE_SURFACE('',(#7810),#7806,.T.);
#7806=PLANE('',#7807);
#7807=AXIS2_PLACEMENT_3D('',#628,#7808,#7809);
#7808=DIRECTION('',(-0.2750529770179579,-0.9614290716602855,2.300973408865105E-08));
#7809=DIRECTION('',(8.365564458932829E-08,0,0.9999999999999966));
#7810=FACE_BOUND('',#7811,.T.);
#7811=EDGE_LOOP('',(#7812,#7813,#7814));
#7812=ORIENTED_EDGE('',*,*,#7815,.T.);
#7813=ORIENTED_EDGE('',*,*,#7816,.T.);
#7814=ORIENTED_EDGE('',*,*,#7817,.T.);
#7815=EDGE_CURVE('',#629,#467,#7818,.F.);
#7816=EDGE_CURVE('',#467,#463,#7819,.T.);
#7817=EDGE_CURVE('',#463,#629,#7820,.T.);
#7818=LINE('',#628,#7821);
#7819=LINE('',#466,#7822);
#7820=LINE('',#462,#7823);
#7821=VECTOR('',#7824,1.0);
#7822=VECTOR('',#7825,1.0);
#7823=VECTOR('',#7826,1.0);
#7824=DIRECTION('',(8.365564458932829E-08,0,0.9999999999999966));
#7825=DIRECTION('',(-0.9614290716602857,0.275052977017958,0));
#7826=DIRECTION('',(0.37671793167075507,-0.10777436716466447,-0.9200371110667028));
#7827=FACE_SURFACE('',(#7832),#7828,.T.);
#7828=PLANE('',#7829);
#7829=AXIS2_PLACEMENT_3D('',#628,#7830,#7831);
#7830=DIRECTION('',(-0.2750530289619284,-0.961429056799756,0));
#7831=DIRECTION('',(-0.37671793167075507,0.10777436716466447,0.9200371110667028));
#7832=FACE_BOUND('',#7833,.T.);
#7833=EDGE_LOOP('',(#7834,#7835,#7836));
#7834=ORIENTED_EDGE('',*,*,#7837,.T.);
#7835=ORIENTED_EDGE('',*,*,#7838,.T.);
#7836=ORIENTED_EDGE('',*,*,#7839,.T.);
#7837=EDGE_CURVE('',#629,#463,#7840,.F.);
#7838=EDGE_CURVE('',#463,#631,#7841,.T.);
#7839=EDGE_CURVE('',#631,#629,#7842,.T.);
#7840=LINE('',#628,#7843);
#7841=LINE('',#462,#7844);
#7842=LINE('',#630,#7845);
#7843=VECTOR('',#7846,1.0);
#7844=VECTOR('',#7847,1.0);
#7845=VECTOR('',#7848,1.0);
#7846=DIRECTION('',(-0.37671793167075507,0.10777436716466447,0.9200371110667028));
#7847=DIRECTION('',(0,0,-1));
#7848=DIRECTION('',(0.9614290567997561,-0.2750530289619284,0));
#7849=FACE_SURFACE('',(#7854),#7850,.T.);
#7850=PLANE('',#7851);
#7851=AXIS2_PLACEMENT_3D('',#630,#7852,#7853);
#7852=DIRECTION('',(-0.35064370422769053,-0.9365089389244952,0));
#7853=DIRECTION('',(0,0,1));
#7854=FACE_BOUND('',#7855,.T.);
#7855=EDGE_LOOP('',(#7856,#7857,#7858));
#7856=ORIENTED_EDGE('',*,*,#7859,.T.);
#7857=ORIENTED_EDGE('',*,*,#7860,.T.);
#7858=ORIENTED_EDGE('',*,*,#7861,.T.);
#7859=EDGE_CURVE('',#631,#463,#7862,.F.);
#7860=EDGE_CURVE('',#463,#459,#7863,.T.);
#7861=EDGE_CURVE('',#459,#631,#7864,.T.);
#7862=LINE('',#630,#7865);
#7863=LINE('',#462,#7866);
#7864=LINE('',#458,#7867);
#7865=VECTOR('',#7868,1.0);
#7866=VECTOR('',#7869,1.0);
#7867=VECTOR('',#7870,1.0);
#7868=DIRECTION('',(0,0,1));
#7869=DIRECTION('',(-0.9365089389244953,0.35064370422769053,0));
#7870=DIRECTION('',(0.36695344882483644,-0.1373931536871756,-0.9200371121402932));
#7871=FACE_SURFACE('',(#7876),#7872,.T.);
#7872=PLANE('',#7873);
#7873=AXIS2_PLACEMENT_3D('',#630,#7874,#7875);
#7874=DIRECTION('',(-0.35064357522185047,-0.9365089872263025,5.8666628612581254E-08));
#7875=DIRECTION('',(-0.36695344882483644,0.1373931536871756,0.9200371121402932));
#7876=FACE_BOUND('',#7877,.T.);
#7877=EDGE_LOOP('',(#7878,#7879,#7880));
#7878=ORIENTED_EDGE('',*,*,#7881,.T.);
#7879=ORIENTED_EDGE('',*,*,#7882,.T.);
#7880=ORIENTED_EDGE('',*,*,#7883,.T.);
#7881=EDGE_CURVE('',#631,#459,#7884,.F.);
#7882=EDGE_CURVE('',#459,#633,#7885,.T.);
#7883=EDGE_CURVE('',#633,#631,#7886,.T.);
#7884=LINE('',#630,#7887);
#7885=LINE('',#458,#7888);
#7886=LINE('',#632,#7889);
#7887=VECTOR('',#7890,1.0);
#7888=VECTOR('',#7891,1.0);
#7889=VECTOR('',#7892,1.0);
#7890=DIRECTION('',(-0.36695344882483644,0.1373931536871756,0.9200371121402932));
#7891=DIRECTION('',(-1.673112891786548E-07,0,-0.999999999999986));
#7892=DIRECTION('',(0.9365089872263042,-0.3506435752218511,0));
#7893=FACE_SURFACE('',(#7898),#7894,.T.);
#7894=PLANE('',#7895);
#7895=AXIS2_PLACEMENT_3D('',#632,#7896,#7897);
#7896=DIRECTION('',(-0.4240121923471583,-0.9056564805382621,7.09420265290718E-08));
#7897=DIRECTION('',(1.673112891786548E-07,0,0.999999999999986));
#7898=FACE_BOUND('',#7899,.T.);
#7899=EDGE_LOOP('',(#7900,#7901,#7902));
#7900=ORIENTED_EDGE('',*,*,#7903,.T.);
#7901=ORIENTED_EDGE('',*,*,#7904,.T.);
#7902=ORIENTED_EDGE('',*,*,#7905,.T.);
#7903=EDGE_CURVE('',#633,#459,#7906,.F.);
#7904=EDGE_CURVE('',#459,#455,#7907,.T.);
#7905=EDGE_CURVE('',#455,#633,#7908,.T.);
#7906=LINE('',#632,#7909);
#7907=LINE('',#458,#7910);
#7908=LINE('',#454,#7911);
#7909=VECTOR('',#7912,1.0);
#7910=VECTOR('',#7913,1.0);
#7911=VECTOR('',#7914,1.0);
#7912=DIRECTION('',(1.673112891786548E-07,0,0.999999999999986));
#7913=DIRECTION('',(-0.9056564805382643,0.42401219234715937,0));
#7914=DIRECTION('',(0.35486449994583696,-0.16614129431070912,-0.9200370954493919));
#7915=FACE_SURFACE('',(#7920),#7916,.T.);
#7916=PLANE('',#7917);
#7917=AXIS2_PLACEMENT_3D('',#632,#7918,#7919);
#7918=DIRECTION('',(-0.42401234320688747,-0.9056564099084182,0));
#7919=DIRECTION('',(-0.35486449994583696,0.16614129431070912,0.9200370954493919));
#7920=FACE_BOUND('',#7921,.T.);
#7921=EDGE_LOOP('',(#7922,#7923,#7924));
#7922=ORIENTED_EDGE('',*,*,#7925,.T.);
#7923=ORIENTED_EDGE('',*,*,#7926,.T.);
#7924=ORIENTED_EDGE('',*,*,#7927,.T.);
#7925=EDGE_CURVE('',#633,#455,#7928,.F.);
#7926=EDGE_CURVE('',#455,#635,#7929,.T.);
#7927=EDGE_CURVE('',#635,#633,#7930,.T.);
#7928=LINE('',#632,#7931);
#7929=LINE('',#454,#7932);
#7930=LINE('',#634,#7933);
#7931=VECTOR('',#7934,1.0);
#7932=VECTOR('',#7935,1.0);
#7933=VECTOR('',#7936,1.0);
#7934=DIRECTION('',(-0.35486449994583696,0.16614129431070912,0.9200370954493919));
#7935=DIRECTION('',(0,0,-1));
#7936=DIRECTION('',(0.9056564099084181,-0.42401234320688747,0));
#7937=FACE_SURFACE('',(#7942),#7938,.T.);
#7938=PLANE('',#7939);
#7939=AXIS2_PLACEMENT_3D('',#634,#7940,#7941);
#7940=DIRECTION('',(-0.49469489347243967,-0.8690667191719469,0));
#7941=DIRECTION('',(0,0,1));
#7942=FACE_BOUND('',#7943,.T.);
#7943=EDGE_LOOP('',(#7944,#7945,#7946));
#7944=ORIENTED_EDGE('',*,*,#7947,.T.);
#7945=ORIENTED_EDGE('',*,*,#7948,.T.);
#7946=ORIENTED_EDGE('',*,*,#7949,.T.);
#7947=EDGE_CURVE('',#635,#455,#7950,.F.);
#7948=EDGE_CURVE('',#455,#451,#7951,.T.);
#7949=EDGE_CURVE('',#451,#635,#7952,.T.);
#7950=LINE('',#634,#7953);
#7951=LINE('',#454,#7954);
#7952=LINE('',#450,#7955);
#7953=VECTOR('',#7956,1.0);
#7954=VECTOR('',#7957,1.0);
#7955=VECTOR('',#7958,1.0);
#7956=DIRECTION('',(0,0,1));
#7957=DIRECTION('',(-0.8690667191719468,0.49469489347243967,0));
#7958=DIRECTION('',(0.3405273941342546,-0.19383685883887003,-0.9200371546843171));
#7959=FACE_SURFACE('',(#7964),#7960,.T.);
#7960=PLANE('',#7961);
#7961=AXIS2_PLACEMENT_3D('',#634,#7962,#7963);
#7962=DIRECTION('',(-0.49469455567840337,-0.8690669114528062,1.6553596772043333E-07));
#7963=DIRECTION('',(-0.3405273941342546,0.19383685883887003,0.9200371546843171));
#7964=FACE_BOUND('',#7965,.T.);
#7965=EDGE_LOOP('',(#7966,#7967,#7968));
#7966=ORIENTED_EDGE('',*,*,#7969,.T.);
#7967=ORIENTED_EDGE('',*,*,#7970,.T.);
#7968=ORIENTED_EDGE('',*,*,#7971,.T.);
#7969=EDGE_CURVE('',#635,#451,#7972,.F.);
#7970=EDGE_CURVE('',#451,#637,#7973,.T.);
#7971=EDGE_CURVE('',#637,#635,#7974,.T.);
#7972=LINE('',#634,#7975);
#7973=LINE('',#450,#7976);
#7974=LINE('',#636,#7977);
#7975=VECTOR('',#7978,1.0);
#7976=VECTOR('',#7979,1.0);
#7977=VECTOR('',#7980,1.0);
#7978=DIRECTION('',(-0.3405273941342546,0.19383685883887003,0.9200371546843171));
#7979=DIRECTION('',(-3.3462257835729565E-07,0,-0.999999999999944));
#7980=DIRECTION('',(0.8690669114528182,-0.49469455567841014,0));
#7981=FACE_SURFACE('',(#7986),#7982,.T.);
#7982=PLANE('',#7983);
#7983=AXIS2_PLACEMENT_3D('',#636,#7984,#7985);
#7984=DIRECTION('',(-0.5622441714287094,-0.8269712762208906,1.8813959430984658E-07));
#7985=DIRECTION('',(3.3462257835729565E-07,0,0.999999999999944));
#7986=FACE_BOUND('',#7987,.T.);
#7987=EDGE_LOOP('',(#7988,#7989,#7990));
#7988=ORIENTED_EDGE('',*,*,#7991,.T.);
#7989=ORIENTED_EDGE('',*,*,#7992,.T.);
#7990=ORIENTED_EDGE('',*,*,#7993,.T.);
#7991=EDGE_CURVE('',#637,#451,#7994,.F.);
#7992=EDGE_CURVE('',#451,#447,#7995,.T.);
#7993=EDGE_CURVE('',#447,#637,#7996,.T.);
#7994=LINE('',#636,#7997);
#7995=LINE('',#450,#7998);
#7996=LINE('',#446,#7999);
#7997=VECTOR('',#8000,1.0);
#7998=VECTOR('',#8001,1.0);
#7999=VECTOR('',#8002,1.0);
#8000=DIRECTION('',(3.3462257835729565E-07,0,0.999999999999944));
#8001=DIRECTION('',(-0.8269712762209053,0.5622441714287193,0));
#8002=DIRECTION('',(0.3240330444460749,-0.2203049476132641,-0.9200371276009055));
#8003=FACE_SURFACE('',(#8008),#8004,.T.);
#8004=PLANE('',#8005);
#8005=AXIS2_PLACEMENT_3D('',#636,#8006,#8007);
#8006=DIRECTION('',(-0.5622445367516308,-0.8269710278437474,0));
#8007=DIRECTION('',(-0.3240330444460749,0.2203049476132641,0.9200371276009055));
#8008=FACE_BOUND('',#8009,.T.);
#8009=EDGE_LOOP('',(#8010,#8011,#8012));
#8010=ORIENTED_EDGE('',*,*,#8013,.T.);
#8011=ORIENTED_EDGE('',*,*,#8014,.T.);
#8012=ORIENTED_EDGE('',*,*,#8015,.T.);
#8013=EDGE_CURVE('',#637,#447,#8016,.F.);
#8014=EDGE_CURVE('',#447,#639,#8017,.T.);
#8015=EDGE_CURVE('',#639,#637,#8018,.T.);
#8016=LINE('',#636,#8019);
#8017=LINE('',#446,#8020);
#8018=LINE('',#638,#8021);
#8019=VECTOR('',#8022,1.0);
#8020=VECTOR('',#8023,1.0);
#8021=VECTOR('',#8024,1.0);
#8022=DIRECTION('',(-0.3240330444460749,0.2203049476132641,0.9200371276009055));
#8023=DIRECTION('',(0,0,-1));
#8024=DIRECTION('',(0.8269710278437474,-0.5622445367516308,0));
#8025=FACE_SURFACE('',(#8030),#8026,.T.);
#8026=PLANE('',#8027);
#8027=AXIS2_PLACEMENT_3D('',#638,#8028,#8029);
#8028=DIRECTION('',(-0.6262310474232721,-0.779637528113643,0));
#8029=DIRECTION('',(0,0,1));
#8030=FACE_BOUND('',#8031,.T.);
#8031=EDGE_LOOP('',(#8032,#8033,#8034));
#8032=ORIENTED_EDGE('',*,*,#8035,.T.);
#8033=ORIENTED_EDGE('',*,*,#8036,.T.);
#8034=ORIENTED_EDGE('',*,*,#8037,.T.);
#8035=EDGE_CURVE('',#639,#447,#8038,.F.);
#8036=EDGE_CURVE('',#447,#443,#8039,.T.);
#8037=EDGE_CURVE('',#443,#639,#8040,.T.);
#8038=LINE('',#638,#8041);
#8039=LINE('',#446,#8042);
#8040=LINE('',#442,#8043);
#8041=VECTOR('',#8044,1.0);
#8042=VECTOR('',#8045,1.0);
#8043=VECTOR('',#8046,1.0);
#8044=DIRECTION('',(0,0,1));
#8045=DIRECTION('',(-0.779637528113643,0.6262310474232721,0));
#8046=DIRECTION('',(0.30548631858650616,-0.2453768711272475,-0.9200371189643741));
#8047=FACE_SURFACE('',(#8052),#8048,.T.);
#8048=PLANE('',#8049);
#8049=AXIS2_PLACEMENT_3D('',#638,#8050,#8051);
#8050=DIRECTION('',(-0.6262310474232721,-0.779637528113643,0));
#8051=DIRECTION('',(-0.30548631858650616,0.2453768711272475,0.9200371189643741));
#8052=FACE_BOUND('',#8053,.T.);
#8053=EDGE_LOOP('',(#8054,#8055,#8056));
#8054=ORIENTED_EDGE('',*,*,#8057,.T.);
#8055=ORIENTED_EDGE('',*,*,#8058,.T.);
#8056=ORIENTED_EDGE('',*,*,#8059,.T.);
#8057=EDGE_CURVE('',#639,#443,#8060,.F.);
#8058=EDGE_CURVE('',#443,#533,#8061,.T.);
#8059=EDGE_CURVE('',#533,#639,#8062,.T.);
#8060=LINE('',#638,#8063);
#8061=LINE('',#442,#8064);
#8062=LINE('',#532,#8065);
#8063=VECTOR('',#8066,1.0);
#8064=VECTOR('',#8067,1.0);
#8065=VECTOR('',#8068,1.0);
#8066=DIRECTION('',(-0.30548631858650616,0.2453768711272475,0.9200371189643741));
#8067=DIRECTION('',(0,0,-1));
#8068=DIRECTION('',(0.779637528113643,-0.6262310474232721,0));
#8069=FACE_SURFACE('',(#8074),#8070,.T.);
#8070=PLANE('',#8071);
#8071=AXIS2_PLACEMENT_3D('',#478,#8072,#8073);
#8072=DIRECTION('',(-0.674193243366795,0.7385549882023419,0));
#8073=DIRECTION('',(0,0,1));
#8074=FACE_BOUND('',#8075,.T.);
#8075=EDGE_LOOP('',(#8076,#8077,#8078));
#8076=ORIENTED_EDGE('',*,*,#8079,.T.);
#8077=ORIENTED_EDGE('',*,*,#8080,.T.);
#8078=ORIENTED_EDGE('',*,*,#8081,.T.);
#8079=EDGE_CURVE('',#479,#399,#8082,.F.);
#8080=EDGE_CURVE('',#399,#641,#8083,.T.);
#8081=EDGE_CURVE('',#641,#479,#8084,.T.);
#8082=LINE('',#478,#8085);
#8083=LINE('',#398,#8086);
#8084=LINE('',#640,#8087);
#8085=VECTOR('',#8088,1.0);
#8086=VECTOR('',#8089,1.0);
#8087=VECTOR('',#8090,1.0);
#8088=DIRECTION('',(0,0,1));
#8089=DIRECTION('',(0.1925017142139911,0.17572605578833592,-0.9654343288602024));
#8090=DIRECTION('',(-0.45038128515159626,-0.4111325821888169,0.7925444453454659));
#8091=FACE_SURFACE('',(#8096),#8092,.T.);
#8092=PLANE('',#8093);
#8093=AXIS2_PLACEMENT_3D('',#640,#8094,#8095);
#8094=DIRECTION('',(-0.6645129152752373,0.7472685070866432,0.0035162122952080176));
#8095=DIRECTION('',(-0.1925017142139911,-0.17572605578833592,0.9654343288602024));
#8096=FACE_BOUND('',#8097,.T.);
#8097=EDGE_LOOP('',(#8098,#8099,#8100));
#8098=ORIENTED_EDGE('',*,*,#8101,.T.);
#8099=ORIENTED_EDGE('',*,*,#8102,.T.);
#8100=ORIENTED_EDGE('',*,*,#8103,.T.);
#8101=EDGE_CURVE('',#641,#399,#8104,.F.);
#8102=EDGE_CURVE('',#399,#403,#8105,.T.);
#8103=EDGE_CURVE('',#403,#641,#8106,.T.);
#8104=LINE('',#640,#8107);
#8105=LINE('',#398,#8108);
#8106=LINE('',#402,#8109);
#8107=VECTOR('',#8110,1.0);
#8108=VECTOR('',#8111,1.0);
#8109=VECTOR('',#8112,1.0);
#8110=DIRECTION('',(-0.1925017142139911,-0.17572605578833592,0.9654343288602024));
#8111=DIRECTION('',(0.7472731266495726,0.6645170232487441,0));
#8112=DIRECTION('',(-0.10544347588793282,-0.08910586505503994,-0.9904250694552638));
#8113=FACE_SURFACE('',(#8118),#8114,.T.);
#8114=PLANE('',#8115);
#8115=AXIS2_PLACEMENT_3D('',#640,#8116,#8117);
#8116=DIRECTION('',(-0.62484625235437,0.7807389685061712,-0.0037180605991265175));
#8117=DIRECTION('',(0.10544347588793282,0.08910586505503994,0.9904250694552638));
#8118=FACE_BOUND('',#8119,.T.);
#8119=EDGE_LOOP('',(#8120,#8121,#8122));
#8120=ORIENTED_EDGE('',*,*,#8123,.T.);
#8121=ORIENTED_EDGE('',*,*,#8124,.T.);
#8122=ORIENTED_EDGE('',*,*,#8125,.T.);
#8123=EDGE_CURVE('',#641,#403,#8126,.F.);
#8124=EDGE_CURVE('',#403,#643,#8127,.T.);
#8125=EDGE_CURVE('',#643,#641,#8128,.T.);
#8126=LINE('',#640,#8129);
#8127=LINE('',#402,#8130);
#8128=LINE('',#642,#8131);
#8129=VECTOR('',#8132,1.0);
#8130=VECTOR('',#8133,1.0);
#8131=VECTOR('',#8134,1.0);
#8132=DIRECTION('',(0.10544347588793282,0.08910586505503994,0.9904250694552638));
#8133=DIRECTION('',(0.21652683450138888,0.16871290246963072,-0.9615883144470303));
#8134=DIRECTION('',(-0.7807443650199645,-0.6248505713285157,0));
#8135=FACE_SURFACE('',(#8140),#8136,.T.);
#8136=PLANE('',#8137);
#8137=AXIS2_PLACEMENT_3D('',#642,#8138,#8139);
#8138=DIRECTION('',(-0.605451525987271,0.795875321550886,0.003304879114061336));
#8139=DIRECTION('',(-0.21652683450138888,-0.16871290246963072,0.9615883144470303));
#8140=FACE_BOUND('',#8141,.T.);
#8141=EDGE_LOOP('',(#8142,#8143,#8144));
#8142=ORIENTED_EDGE('',*,*,#8145,.T.);
#8143=ORIENTED_EDGE('',*,*,#8146,.T.);
#8144=ORIENTED_EDGE('',*,*,#8147,.T.);
#8145=EDGE_CURVE('',#643,#403,#8148,.F.);
#8146=EDGE_CURVE('',#403,#407,#8149,.T.);
#8147=EDGE_CURVE('',#407,#643,#8150,.T.);
#8148=LINE('',#642,#8151);
#8149=LINE('',#402,#8152);
#8150=LINE('',#406,#8153);
#8151=VECTOR('',#8154,1.0);
#8152=VECTOR('',#8155,1.0);
#8153=VECTOR('',#8156,1.0);
#8154=DIRECTION('',(-0.21652683450138888,-0.16871290246963072,0.9615883144470303));
#8155=DIRECTION('',(0.7958796679515387,0.6054548324535435,0));
#8156=DIRECTION('',(-0.0998116428035645,-0.0718093765286363,-0.9924117338098246));
#8157=FACE_SURFACE('',(#8162),#8158,.T.);
#8158=PLANE('',#8159);
#8159=AXIS2_PLACEMENT_3D('',#642,#8160,#8161);
#8160=DIRECTION('',(-0.5609479929977913,0.8278437106289431,-0.003484239350607961));
#8161=DIRECTION('',(0.0998116428035645,0.0718093765286363,0.9924117338098246));
#8162=FACE_BOUND('',#8163,.T.);
#8163=EDGE_LOOP('',(#8164,#8165,#8166));
#8164=ORIENTED_EDGE('',*,*,#8167,.T.);
#8165=ORIENTED_EDGE('',*,*,#8168,.T.);
#8166=ORIENTED_EDGE('',*,*,#8169,.T.);
#8167=EDGE_CURVE('',#643,#407,#8170,.F.);
#8168=EDGE_CURVE('',#407,#645,#8171,.T.);
#8169=EDGE_CURVE('',#645,#643,#8172,.T.);
#8170=LINE('',#642,#8173);
#8171=LINE('',#406,#8174);
#8172=LINE('',#644,#8175);
#8173=VECTOR('',#8176,1.0);
#8174=VECTOR('',#8177,1.0);
#8175=VECTOR('',#8178,1.0);
#8176=DIRECTION('',(0.0998116428035645,0.0718093765286363,0.9924117338098246));
#8177=DIRECTION('',(0.24042184435056063,0.1588798953763453,-0.9575774201620861));
#8178=DIRECTION('',(-0.8278487356545002,-0.5609513979617535,0));
#8179=FACE_SURFACE('',(#8184),#8180,.T.);
#8180=PLANE('',#8181);
#8181=AXIS2_PLACEMENT_3D('',#644,#8182,#8183);
#8182=DIRECTION('',(-0.5428468934338037,0.8398261466089871,0.003048567068063954));
#8183=DIRECTION('',(-0.24042184435056063,-0.1588798953763453,0.9575774201620861));
#8184=FACE_BOUND('',#8185,.T.);
#8185=EDGE_LOOP('',(#8186,#8187,#8188));
#8186=ORIENTED_EDGE('',*,*,#8189,.T.);
#8187=ORIENTED_EDGE('',*,*,#8190,.T.);
#8188=ORIENTED_EDGE('',*,*,#8191,.T.);
#8189=EDGE_CURVE('',#645,#407,#8192,.F.);
#8190=EDGE_CURVE('',#407,#411,#8193,.T.);
#8191=EDGE_CURVE('',#411,#645,#8194,.T.);
#8192=LINE('',#644,#8195);
#8193=LINE('',#406,#8196);
#8194=LINE('',#410,#8197);
#8195=VECTOR('',#8198,1.0);
#8196=VECTOR('',#8199,1.0);
#8197=VECTOR('',#8200,1.0);
#8198=DIRECTION('',(-0.24042184435056063,-0.1588798953763453,0.9575774201620861));
#8199=DIRECTION('',(0.8398300492080043,0.5428494159960762,0));
#8200=DIRECTION('',(-0.09212721365603858,-0.055940344076544656,-0.9941746599107082));
#8201=FACE_SURFACE('',(#8206),#8202,.T.);
#8202=PLANE('',#8203);
#8203=AXIS2_PLACEMENT_3D('',#644,#8204,#8205);
#8204=DIRECTION('',(-0.4935158371939986,0.8697309028295576,-0.003205479993591106));
#8205=DIRECTION('',(0.09212721365603858,0.055940344076544656,0.9941746599107082));
#8206=FACE_BOUND('',#8207,.T.);
#8207=EDGE_LOOP('',(#8208,#8209,#8210));
#8208=ORIENTED_EDGE('',*,*,#8211,.T.);
#8209=ORIENTED_EDGE('',*,*,#8212,.T.);
#8210=ORIENTED_EDGE('',*,*,#8213,.T.);
#8211=EDGE_CURVE('',#645,#411,#8214,.F.);
#8212=EDGE_CURVE('',#411,#647,#8215,.T.);
#8213=EDGE_CURVE('',#647,#645,#8216,.T.);
#8214=LINE('',#644,#8217);
#8215=LINE('',#410,#8218);
#8216=LINE('',#646,#8219);
#8217=VECTOR('',#8220,1.0);
#8218=VECTOR('',#8221,1.0);
#8219=VECTOR('',#8222,1.0);
#8220=DIRECTION('',(0.09212721365603858,0.055940344076544656,0.9941746599107082));
#8221=DIRECTION('',(0.2638779786445141,0.14621974283830427,-0.9534087261981535));
#8222=DIRECTION('',(-0.869735371150857,-0.49351837267631815,0));
#8223=FACE_SURFACE('',(#8228),#8224,.T.);
#8224=PLANE('',#8225);
#8225=AXIS2_PLACEMENT_3D('',#646,#8226,#8227);
#8226=DIRECTION('',(-0.4770673925372873,0.8788624206376554,0.0027474658495991356));
#8227=DIRECTION('',(-0.2638779786445141,-0.14621974283830427,0.9534087261981535));
#8228=FACE_BOUND('',#8229,.T.);
#8229=EDGE_LOOP('',(#8230,#8231,#8232));
#8230=ORIENTED_EDGE('',*,*,#8233,.T.);
#8231=ORIENTED_EDGE('',*,*,#8234,.T.);
#8232=ORIENTED_EDGE('',*,*,#8235,.T.);
#8233=EDGE_CURVE('',#647,#411,#8236,.F.);
#8234=EDGE_CURVE('',#411,#415,#8237,.T.);
#8235=EDGE_CURVE('',#415,#647,#8238,.T.);
#8236=LINE('',#646,#8239);
#8237=LINE('',#410,#8240);
#8238=LINE('',#414,#8241);
#8239=VECTOR('',#8242,1.0);
#8240=VECTOR('',#8243,1.0);
#8241=VECTOR('',#8244,1.0);
#8242=DIRECTION('',(-0.2638779786445141,-0.14621974283830427,0.9534087261981535));
#8243=DIRECTION('',(0.8788657377330686,0.47706919313544965,0));
#8244=DIRECTION('',(-0.0825880900846223,-0.04171802564783367,-0.9957102056884929));
#8245=FACE_SURFACE('',(#8250),#8246,.T.);
#8246=PLANE('',#8247);
#8247=AXIS2_PLACEMENT_3D('',#646,#8248,#8249);
#8248=DIRECTION('',(-0.42297306361815035,0.9061376721826169,-0.002882100786678103));
#8249=DIRECTION('',(0.0825880900846223,0.04171802564783367,0.9957102056884929));
#8250=FACE_BOUND('',#8251,.T.);
#8251=EDGE_LOOP('',(#8252,#8253,#8254));
#8252=ORIENTED_EDGE('',*,*,#8255,.T.);
#8253=ORIENTED_EDGE('',*,*,#8256,.T.);
#8254=ORIENTED_EDGE('',*,*,#8257,.T.);
#8255=EDGE_CURVE('',#647,#415,#8258,.F.);
#8256=EDGE_CURVE('',#415,#649,#8259,.T.);
#8257=EDGE_CURVE('',#649,#647,#8260,.T.);
#8258=LINE('',#646,#8261);
#8259=LINE('',#414,#8262);
#8260=LINE('',#648,#8263);
#8261=VECTOR('',#8264,1.0);
#8262=VECTOR('',#8265,1.0);
#8263=VECTOR('',#8266,1.0);
#8264=DIRECTION('',(0.0825880900846223,0.04171802564783367,0.9957102056884929));
#8265=DIRECTION('',(0.2865873750416558,0.13075647636642598,-0.9490892583708709));
#8266=DIRECTION('',(-0.9061414356245898,-0.4229748203430167,0));
#8267=FACE_SURFACE('',(#8272),#8268,.T.);
#8268=PLANE('',#8269);
#8269=AXIS2_PLACEMENT_3D('',#648,#8270,#8271);
#8270=DIRECTION('',(-0.4084955729351715,0.9127571416928646,0.002401495583601739));
#8271=DIRECTION('',(-0.2865873750416558,-0.13075647636642598,0.9490892583708709));
#8272=FACE_BOUND('',#8273,.T.);
#8273=EDGE_LOOP('',(#8274,#8275,#8276));
#8274=ORIENTED_EDGE('',*,*,#8277,.T.);
#8275=ORIENTED_EDGE('',*,*,#8278,.T.);
#8276=ORIENTED_EDGE('',*,*,#8279,.T.);
#8277=EDGE_CURVE('',#649,#415,#8280,.F.);
#8278=EDGE_CURVE('',#415,#419,#8281,.T.);
#8279=EDGE_CURVE('',#419,#649,#8282,.T.);
#8280=LINE('',#648,#8283);
#8281=LINE('',#414,#8284);
#8282=LINE('',#418,#8285);
#8283=VECTOR('',#8286,1.0);
#8284=VECTOR('',#8287,1.0);
#8285=VECTOR('',#8288,1.0);
#8286=DIRECTION('',(-0.2865873750416558,-0.13075647636642598,0.9490892583708709));
#8287=DIRECTION('',(0.9127597737220889,0.40849675087422765,0));
#8288=DIRECTION('',(-0.07141566825852698,-0.029338205952608467,-0.9970150811290021));
#8289=FACE_SURFACE('',(#8294),#8290,.T.);
#8290=PLANE('',#8291);
#8291=AXIS2_PLACEMENT_3D('',#648,#8292,#8293);
#8292=DIRECTION('',(-0.34976467584831256,0.9368342180089207,-0.0025138608431320326));
#8293=DIRECTION('',(0.07141566825852698,0.029338205952608467,0.9970150811290021));
#8294=FACE_BOUND('',#8295,.T.);
#8295=EDGE_LOOP('',(#8296,#8297,#8298));
#8296=ORIENTED_EDGE('',*,*,#8299,.T.);
#8297=ORIENTED_EDGE('',*,*,#8300,.T.);
#8298=ORIENTED_EDGE('',*,*,#8301,.T.);
#8299=EDGE_CURVE('',#649,#419,#8302,.F.);
#8300=EDGE_CURVE('',#419,#651,#8303,.T.);
#8301=EDGE_CURVE('',#651,#649,#8304,.T.);
#8302=LINE('',#648,#8305);
#8303=LINE('',#418,#8306);
#8304=LINE('',#650,#8307);
#8305=VECTOR('',#8308,1.0);
#8306=VECTOR('',#8309,1.0);
#8307=VECTOR('',#8310,1.0);
#8308=DIRECTION('',(0.07141566825852698,0.029338205952608467,0.9970150811290021));
#8309=DIRECTION('',(0.3082444583557766,0.11254751646071898,-0.9446260691043192));
#8310=DIRECTION('',(-0.9368371781831561,-0.3497657810218449,0));
#8311=FACE_SURFACE('',(#8316),#8312,.T.);
#8312=PLANE('',#8313);
#8313=AXIS2_PLACEMENT_3D('',#650,#8314,#8315);
#8314=DIRECTION('',(-0.33753320787565383,0.9413114733982305,0.002010877923402474));
#8315=DIRECTION('',(-0.3082444583557766,-0.11254751646071898,0.9446260691043192));
#8316=FACE_BOUND('',#8317,.T.);
#8317=EDGE_LOOP('',(#8318,#8319,#8320));
#8318=ORIENTED_EDGE('',*,*,#8321,.T.);
#8319=ORIENTED_EDGE('',*,*,#8322,.T.);
#8320=ORIENTED_EDGE('',*,*,#8323,.T.);
#8321=EDGE_CURVE('',#651,#419,#8324,.F.);
#8322=EDGE_CURVE('',#419,#423,#8325,.T.);
#8323=EDGE_CURVE('',#423,#651,#8326,.T.);
#8324=LINE('',#650,#8327);
#8325=LINE('',#418,#8328);
#8326=LINE('',#422,#8329);
#8327=VECTOR('',#8330,1.0);
#8328=VECTOR('',#8331,1.0);
#8329=VECTOR('',#8332,1.0);
#8330=DIRECTION('',(-0.3082444583557766,-0.11254751646071898,0.9446260691043192));
#8331=DIRECTION('',(0.9413133765616698,0.33753389030743003,0));
#8332=DIRECTION('',(-0.0588501859773571,-0.01897019459168244,-0.9980865630432985));
#8333=FACE_SURFACE('',(#8338),#8334,.T.);
#8334=PLANE('',#8335);
#8335=AXIS2_PLACEMENT_3D('',#650,#8336,#8337);
#8336=DIRECTION('',(-0.27435213182102886,0.9616270042269262,-0.0021005967733467323));
#8337=DIRECTION('',(0.0588501859773571,0.01897019459168244,0.9980865630432985));
#8338=FACE_BOUND('',#8339,.T.);
#8339=EDGE_LOOP('',(#8340,#8341,#8342));
#8340=ORIENTED_EDGE('',*,*,#8343,.T.);
#8341=ORIENTED_EDGE('',*,*,#8344,.T.);
#8342=ORIENTED_EDGE('',*,*,#8345,.T.);
#8343=EDGE_CURVE('',#651,#423,#8346,.F.);
#8344=EDGE_CURVE('',#423,#653,#8347,.T.);
#8345=EDGE_CURVE('',#653,#651,#8348,.T.);
#8346=LINE('',#650,#8349);
#8347=LINE('',#422,#8350);
#8348=LINE('',#652,#8351);
#8349=VECTOR('',#8352,1.0);
#8350=VECTOR('',#8353,1.0);
#8351=VECTOR('',#8354,1.0);
#8352=DIRECTION('',(0.0588501859773571,0.01897019459168244,0.9980865630432985));
#8353=DIRECTION('',(0.32854972693013135,0.09168180729603952,-0.9400263417293518));
#8354=DIRECTION('',(-0.9616291258267969,-0.27435273711335617,0));
#8355=FACE_SURFACE('',(#8360),#8356,.T.);
#8356=PLANE('',#8357);
#8357=AXIS2_PLACEMENT_3D('',#652,#8358,#8359);
#8358=DIRECTION('',(-0.26459620161571756,0.9643580080429284,0.0015755678372433453));
#8359=DIRECTION('',(-0.32854972693013135,-0.09168180729603952,0.9400263417293518));
#8360=FACE_BOUND('',#8361,.T.);
#8361=EDGE_LOOP('',(#8362,#8363,#8364));
#8362=ORIENTED_EDGE('',*,*,#8365,.T.);
#8363=ORIENTED_EDGE('',*,*,#8366,.T.);
#8364=ORIENTED_EDGE('',*,*,#8367,.T.);
#8365=EDGE_CURVE('',#653,#423,#8368,.F.);
#8366=EDGE_CURVE('',#423,#427,#8369,.T.);
#8367=EDGE_CURVE('',#427,#653,#8370,.T.);
#8368=LINE('',#652,#8371);
#8369=LINE('',#422,#8372);
#8370=LINE('',#426,#8373);
#8371=VECTOR('',#8374,1.0);
#8372=VECTOR('',#8375,1.0);
#8373=VECTOR('',#8376,1.0);
#8374=DIRECTION('',(-0.32854972693013135,-0.09168180729603952,0.9400263417293518));
#8375=DIRECTION('',(0.9643592050130718,0.26459653003498795,0));
#8376=DIRECTION('',(-0.04514951603411271,-0.010755881588895415,-0.9989223354260985));
#8377=FACE_SURFACE('',(#8382),#8378,.T.);
#8378=PLANE('',#8379);
#8379=AXIS2_PLACEMENT_3D('',#652,#8380,#8381);
#8380=DIRECTION('',(-0.1972096086040749,0.9803599708827787,-0.0016424874260695076));
#8381=DIRECTION('',(0.04514951603411271,0.010755881588895415,0.9989223354260985));
#8382=FACE_BOUND('',#8383,.T.);
#8383=EDGE_LOOP('',(#8384,#8385,#8386));
#8384=ORIENTED_EDGE('',*,*,#8387,.T.);
#8385=ORIENTED_EDGE('',*,*,#8388,.T.);
#8386=ORIENTED_EDGE('',*,*,#8389,.T.);
#8387=EDGE_CURVE('',#653,#427,#8390,.F.);
#8388=EDGE_CURVE('',#427,#655,#8391,.T.);
#8389=EDGE_CURVE('',#655,#653,#8392,.T.);
#8390=LINE('',#652,#8393);
#8391=LINE('',#426,#8394);
#8392=LINE('',#654,#8395);
#8393=VECTOR('',#8396,1.0);
#8394=VECTOR('',#8397,1.0);
#8395=VECTOR('',#8398,1.0);
#8396=DIRECTION('',(0.04514951603411271,0.010755881588895415,0.9989223354260985));
#8397=DIRECTION('',(0.3472129848949685,0.06827851468489693,-0.9352973792076777));
#8398=DIRECTION('',(-0.9803612932758358,-0.19720987461719755,0));
#8399=FACE_SURFACE('',(#8404),#8400,.T.);
#8400=PLANE('',#8401);
#8401=AXIS2_PLACEMENT_3D('',#654,#8402,#8403);
#8402=DIRECTION('',(-0.1901115387134688,0.9817618876600304,0.0010948909584844058));
#8403=DIRECTION('',(-0.3472129848949685,-0.06827851468489693,0.9352973792076777));
#8404=FACE_BOUND('',#8405,.T.);
#8405=EDGE_LOOP('',(#8406,#8407,#8408));
#8406=ORIENTED_EDGE('',*,*,#8409,.T.);
#8407=ORIENTED_EDGE('',*,*,#8410,.T.);
#8408=ORIENTED_EDGE('',*,*,#8411,.T.);
#8409=EDGE_CURVE('',#655,#427,#8412,.F.);
#8410=EDGE_CURVE('',#427,#431,#8413,.T.);
#8411=EDGE_CURVE('',#431,#655,#8414,.T.);
#8412=LINE('',#654,#8415);
#8413=LINE('',#426,#8416);
#8414=LINE('',#430,#8417);
#8415=VECTOR('',#8418,1.0);
#8416=VECTOR('',#8419,1.0);
#8417=VECTOR('',#8420,1.0);
#8418=DIRECTION('',(-0.3472129848949685,-0.06827851468489693,0.9352973792076777));
#8419=DIRECTION('',(0.9817624761218663,0.19011165266511687,0));
#8420=DIRECTION('',(-0.030585059608652727,-0.004807893574581395,-0.9995206042339051));
#8421=FACE_SURFACE('',(#8426),#8422,.T.);
#8422=PLANE('',#8423);
#8423=AXIS2_PLACEMENT_3D('',#654,#8424,#8425);
#8424=DIRECTION('',(-0.11882604619796475,0.99291443285982,-0.0011400717614060462));
#8425=DIRECTION('',(0.030585059608652727,0.004807893574581395,0.9995206042339051));
#8426=FACE_BOUND('',#8427,.T.);
#8427=EDGE_LOOP('',(#8428,#8429,#8430));
#8428=ORIENTED_EDGE('',*,*,#8431,.T.);
#8429=ORIENTED_EDGE('',*,*,#8432,.T.);
#8430=ORIENTED_EDGE('',*,*,#8433,.T.);
#8431=EDGE_CURVE('',#655,#431,#8434,.F.);
#8432=EDGE_CURVE('',#431,#657,#8435,.T.);
#8433=EDGE_CURVE('',#657,#655,#8436,.T.);
#8434=LINE('',#654,#8437);
#8435=LINE('',#430,#8438);
#8436=LINE('',#656,#8439);
#8437=VECTOR('',#8440,1.0);
#8438=VECTOR('',#8441,1.0);
#8439=VECTOR('',#8442,1.0);
#8440=DIRECTION('',(0.030585059608652727,0.004807893574581395,0.9995206042339051));
#8441=DIRECTION('',(0.3639569116753084,0.0424878357638779,-0.9304462102969056));
#8442=DIRECTION('',(-0.9929150781374784,-0.11882612342092608,0));
#8443=FACE_SURFACE('',(#8448),#8444,.T.);
#8444=PLANE('',#8445);
#8445=AXIS2_PLACEMENT_3D('',#656,#8446,#8447);
#8446=DIRECTION('',(-0.11451318293803554,0.9934215650438938,0.0005701220401265289));
#8447=DIRECTION('',(-0.3639569116753084,-0.0424878357638779,0.9304462102969056));
#8448=FACE_BOUND('',#8449,.T.);
#8449=EDGE_LOOP('',(#8450,#8451,#8452));
#8450=ORIENTED_EDGE('',*,*,#8453,.T.);
#8451=ORIENTED_EDGE('',*,*,#8454,.T.);
#8452=ORIENTED_EDGE('',*,*,#8455,.T.);
#8453=EDGE_CURVE('',#657,#431,#8456,.F.);
#8454=EDGE_CURVE('',#431,#435,#8457,.T.);
#8455=EDGE_CURVE('',#435,#657,#8458,.T.);
#8456=LINE('',#656,#8459);
#8457=LINE('',#430,#8460);
#8458=LINE('',#434,#8461);
#8459=VECTOR('',#8462,1.0);
#8460=VECTOR('',#8463,1.0);
#8461=VECTOR('',#8464,1.0);
#8462=DIRECTION('',(-0.3639569116753084,-0.0424878357638779,0.9304462102969056));
#8463=DIRECTION('',(0.9934217264943791,0.11451320154867337,0));
#8464=DIRECTION('',(-0.015438889041325891,-0.0012058351587146366,-0.9998800861437033));
#8465=FACE_SURFACE('',(#8470),#8466,.T.);
#8466=PLANE('',#8467);
#8467=AXIS2_PLACEMENT_3D('',#656,#8468,#8469);
#8468=DIRECTION('',(-0.039691681866508816,0.9992117992381999,-0.0005921602545429635));
#8469=DIRECTION('',(0.015438889041325891,0.0012058351587146366,0.9998800861437033));
#8470=FACE_BOUND('',#8471,.T.);
#8471=EDGE_LOOP('',(#8472,#8473,#8474));
#8472=ORIENTED_EDGE('',*,*,#8475,.T.);
#8473=ORIENTED_EDGE('',*,*,#8476,.T.);
#8474=ORIENTED_EDGE('',*,*,#8477,.T.);
#8475=EDGE_CURVE('',#657,#435,#8478,.F.);
#8476=EDGE_CURVE('',#435,#659,#8479,.T.);
#8477=EDGE_CURVE('',#659,#657,#8480,.T.);
#8478=LINE('',#656,#8481);
#8479=LINE('',#434,#8482);
#8480=LINE('',#658,#8483);
#8481=VECTOR('',#8484,1.0);
#8482=VECTOR('',#8485,1.0);
#8483=VECTOR('',#8486,1.0);
#8484=DIRECTION('',(0.015438889041325891,0.0012058351587146366,0.9998800861437033));
#8485=DIRECTION('',(0.3785190919108574,0.014487445862247803,-0.9254800975555165));
#8486=DIRECTION('',(-0.9992119744269368,-0.03969168882552953,0));
#8487=FACE_SURFACE('',(#8492),#8488,.T.);
#8488=PLANE('',#8489);
#8489=AXIS2_PLACEMENT_3D('',#658,#8490,#8491);
#8490=DIRECTION('',(-0.03824601317026927,0.9992683535850515,-9.556609544234034E-17));
#8491=DIRECTION('',(-0.3785190919108574,-0.014487445862247803,0.9254800975555165));
#8492=FACE_BOUND('',#8493,.T.);
#8493=EDGE_LOOP('',(#8494,#8495,#8496));
#8494=ORIENTED_EDGE('',*,*,#8497,.T.);
#8495=ORIENTED_EDGE('',*,*,#8498,.T.);
#8496=ORIENTED_EDGE('',*,*,#8499,.T.);
#8497=EDGE_CURVE('',#659,#435,#8500,.F.);
#8498=EDGE_CURVE('',#435,#439,#8501,.T.);
#8499=EDGE_CURVE('',#439,#659,#8502,.T.);
#8500=LINE('',#658,#8503);
#8501=LINE('',#434,#8504);
#8502=LINE('',#438,#8505);
#8503=VECTOR('',#8506,1.0);
#8504=VECTOR('',#8507,1.0);
#8505=VECTOR('',#8508,1.0);
#8506=DIRECTION('',(-0.3785190919108574,-0.014487445862247803,0.9254800975555165));
#8507=DIRECTION('',(0.9992683535850515,0.038246013170269266,0));
#8508=DIRECTION('',(2.498720455303015E-15,0,-1));
#8509=FACE_SURFACE('',(#8514),#8510,.T.);
#8510=PLANE('',#8511);
#8511=AXIS2_PLACEMENT_3D('',#658,#8512,#8513);
#8512=DIRECTION('',(0.038246013170268996,0.9992683535850515,9.556609544233965E-17));
#8513=DIRECTION('',(-2.498720455303015E-15,0,1));
#8514=FACE_BOUND('',#8515,.T.);
#8515=EDGE_LOOP('',(#8516,#8517,#8518));
#8516=ORIENTED_EDGE('',*,*,#8519,.T.);
#8517=ORIENTED_EDGE('',*,*,#8520,.T.);
#8518=ORIENTED_EDGE('',*,*,#8521,.T.);
#8519=EDGE_CURVE('',#659,#439,#8522,.F.);
#8520=EDGE_CURVE('',#439,#437,#8523,.T.);
#8521=EDGE_CURVE('',#437,#659,#8524,.T.);
#8522=LINE('',#658,#8525);
#8523=LINE('',#438,#8526);
#8524=LINE('',#436,#8527);
#8525=VECTOR('',#8528,1.0);
#8526=VECTOR('',#8529,1.0);
#8527=VECTOR('',#8530,1.0);
#8528=DIRECTION('',(-2.498720455303015E-15,0,1));
#8529=DIRECTION('',(0.9992683535850516,-0.038246013170269,0));
#8530=DIRECTION('',(-0.3785190919108558,0.014487445862247813,-0.9254800975555172));
#8531=FACE_SURFACE('',(#8536),#8532,.T.);
#8532=PLANE('',#8533);
#8533=AXIS2_PLACEMENT_3D('',#658,#8534,#8535);
#8534=DIRECTION('',(0.03969168186650901,0.9992117992381999,-0.0005921602545429617));
#8535=DIRECTION('',(0.3785190919108558,-0.014487445862247813,0.9254800975555172));
#8536=FACE_BOUND('',#8537,.T.);
#8537=EDGE_LOOP('',(#8538,#8539,#8540));
#8538=ORIENTED_EDGE('',*,*,#8541,.T.);
#8539=ORIENTED_EDGE('',*,*,#8542,.T.);
#8540=ORIENTED_EDGE('',*,*,#8543,.T.);
#8541=EDGE_CURVE('',#659,#437,#8544,.F.);
#8542=EDGE_CURVE('',#437,#661,#8545,.T.);
#8543=EDGE_CURVE('',#661,#659,#8546,.T.);
#8544=LINE('',#658,#8547);
#8545=LINE('',#436,#8548);
#8546=LINE('',#660,#8549);
#8547=VECTOR('',#8550,1.0);
#8548=VECTOR('',#8551,1.0);
#8549=VECTOR('',#8552,1.0);
#8550=DIRECTION('',(0.3785190919108558,-0.014487445862247813,0.9254800975555172));
#8551=DIRECTION('',(0.015438889041325891,-0.0012058351587146366,-0.9998800861437033));
#8552=DIRECTION('',(-0.9992119744269367,0.03969168882552972,0));
#8553=FACE_SURFACE('',(#8558),#8554,.T.);
#8554=PLANE('',#8555);
#8555=AXIS2_PLACEMENT_3D('',#660,#8556,#8557);
#8556=DIRECTION('',(0.11451318293803554,0.9934215650438938,0.0005701220401265289));
#8557=DIRECTION('',(-0.015438889041325891,0.0012058351587146366,0.9998800861437033));
#8558=FACE_BOUND('',#8559,.T.);
#8559=EDGE_LOOP('',(#8560,#8561,#8562));
#8560=ORIENTED_EDGE('',*,*,#8563,.T.);
#8561=ORIENTED_EDGE('',*,*,#8564,.T.);
#8562=ORIENTED_EDGE('',*,*,#8565,.T.);
#8563=EDGE_CURVE('',#661,#437,#8566,.F.);
#8564=EDGE_CURVE('',#437,#433,#8567,.T.);
#8565=EDGE_CURVE('',#433,#661,#8568,.T.);
#8566=LINE('',#660,#8569);
#8567=LINE('',#436,#8570);
#8568=LINE('',#432,#8571);
#8569=VECTOR('',#8572,1.0);
#8570=VECTOR('',#8573,1.0);
#8571=VECTOR('',#8574,1.0);
#8572=DIRECTION('',(-0.015438889041325891,0.0012058351587146366,0.9998800861437033));
#8573=DIRECTION('',(0.9934217264943791,-0.11451320154867337,0));
#8574=DIRECTION('',(-0.3639569116753084,0.0424878357638779,-0.9304462102969056));
#8575=FACE_SURFACE('',(#8580),#8576,.T.);
#8576=PLANE('',#8577);
#8577=AXIS2_PLACEMENT_3D('',#660,#8578,#8579);
#8578=DIRECTION('',(0.11882604619796475,0.99291443285982,-0.0011400717614060462));
#8579=DIRECTION('',(0.3639569116753084,-0.0424878357638779,0.9304462102969056));
#8580=FACE_BOUND('',#8581,.T.);
#8581=EDGE_LOOP('',(#8582,#8583,#8584));
#8582=ORIENTED_EDGE('',*,*,#8585,.T.);
#8583=ORIENTED_EDGE('',*,*,#8586,.T.);
#8584=ORIENTED_EDGE('',*,*,#8587,.T.);
#8585=EDGE_CURVE('',#661,#433,#8588,.F.);
#8586=EDGE_CURVE('',#433,#663,#8589,.T.);
#8587=EDGE_CURVE('',#663,#661,#8590,.T.);
#8588=LINE('',#660,#8591);
#8589=LINE('',#432,#8592);
#8590=LINE('',#662,#8593);
#8591=VECTOR('',#8594,1.0);
#8592=VECTOR('',#8595,1.0);
#8593=VECTOR('',#8596,1.0);
#8594=DIRECTION('',(0.3639569116753084,-0.0424878357638779,0.9304462102969056));
#8595=DIRECTION('',(0.030585059608652727,-0.004807893574581395,-0.9995206042339051));
#8596=DIRECTION('',(-0.9929150781374784,0.11882612342092608,0));
#8597=FACE_SURFACE('',(#8602),#8598,.T.);
#8598=PLANE('',#8599);
#8599=AXIS2_PLACEMENT_3D('',#662,#8600,#8601);
#8600=DIRECTION('',(0.1901115387134688,0.9817618876600304,0.0010948909584844058));
#8601=DIRECTION('',(-0.030585059608652727,0.004807893574581395,0.9995206042339051));
#8602=FACE_BOUND('',#8603,.T.);
#8603=EDGE_LOOP('',(#8604,#8605,#8606));
#8604=ORIENTED_EDGE('',*,*,#8607,.T.);
#8605=ORIENTED_EDGE('',*,*,#8608,.T.);
#8606=ORIENTED_EDGE('',*,*,#8609,.T.);
#8607=EDGE_CURVE('',#663,#433,#8610,.F.);
#8608=EDGE_CURVE('',#433,#429,#8611,.T.);
#8609=EDGE_CURVE('',#429,#663,#8612,.T.);
#8610=LINE('',#662,#8613);
#8611=LINE('',#432,#8614);
#8612=LINE('',#428,#8615);
#8613=VECTOR('',#8616,1.0);
#8614=VECTOR('',#8617,1.0);
#8615=VECTOR('',#8618,1.0);
#8616=DIRECTION('',(-0.030585059608652727,0.004807893574581395,0.9995206042339051));
#8617=DIRECTION('',(0.9817624761218663,-0.19011165266511687,0));
#8618=DIRECTION('',(-0.3472129848949685,0.06827851468489693,-0.9352973792076777));
#8619=FACE_SURFACE('',(#8624),#8620,.T.);
#8620=PLANE('',#8621);
#8621=AXIS2_PLACEMENT_3D('',#662,#8622,#8623);
#8622=DIRECTION('',(0.1972096086040749,0.9803599708827787,-0.0016424874260695076));
#8623=DIRECTION('',(0.3472129848949685,-0.06827851468489693,0.9352973792076777));
#8624=FACE_BOUND('',#8625,.T.);
#8625=EDGE_LOOP('',(#8626,#8627,#8628));
#8626=ORIENTED_EDGE('',*,*,#8629,.T.);
#8627=ORIENTED_EDGE('',*,*,#8630,.T.);
#8628=ORIENTED_EDGE('',*,*,#8631,.T.);
#8629=EDGE_CURVE('',#663,#429,#8632,.F.);
#8630=EDGE_CURVE('',#429,#665,#8633,.T.);
#8631=EDGE_CURVE('',#665,#663,#8634,.T.);
#8632=LINE('',#662,#8635);
#8633=LINE('',#428,#8636);
#8634=LINE('',#664,#8637);
#8635=VECTOR('',#8638,1.0);
#8636=VECTOR('',#8639,1.0);
#8637=VECTOR('',#8640,1.0);
#8638=DIRECTION('',(0.3472129848949685,-0.06827851468489693,0.9352973792076777));
#8639=DIRECTION('',(0.04514951603411271,-0.010755881588895415,-0.9989223354260985));
#8640=DIRECTION('',(-0.9803612932758358,0.19720987461719755,0));
#8641=FACE_SURFACE('',(#8646),#8642,.T.);
#8642=PLANE('',#8643);
#8643=AXIS2_PLACEMENT_3D('',#664,#8644,#8645);
#8644=DIRECTION('',(0.26459620161571756,0.9643580080429284,0.0015755678372433453));
#8645=DIRECTION('',(-0.04514951603411271,0.010755881588895415,0.9989223354260985));
#8646=FACE_BOUND('',#8647,.T.);
#8647=EDGE_LOOP('',(#8648,#8649,#8650));
#8648=ORIENTED_EDGE('',*,*,#8651,.T.);
#8649=ORIENTED_EDGE('',*,*,#8652,.T.);
#8650=ORIENTED_EDGE('',*,*,#8653,.T.);
#8651=EDGE_CURVE('',#665,#429,#8654,.F.);
#8652=EDGE_CURVE('',#429,#425,#8655,.T.);
#8653=EDGE_CURVE('',#425,#665,#8656,.T.);
#8654=LINE('',#664,#8657);
#8655=LINE('',#428,#8658);
#8656=LINE('',#424,#8659);
#8657=VECTOR('',#8660,1.0);
#8658=VECTOR('',#8661,1.0);
#8659=VECTOR('',#8662,1.0);
#8660=DIRECTION('',(-0.04514951603411271,0.010755881588895415,0.9989223354260985));
#8661=DIRECTION('',(0.9643592050130718,-0.26459653003498795,0));
#8662=DIRECTION('',(-0.32854972693013135,0.09168180729603952,-0.9400263417293518));
#8663=FACE_SURFACE('',(#8668),#8664,.T.);
#8664=PLANE('',#8665);
#8665=AXIS2_PLACEMENT_3D('',#664,#8666,#8667);
#8666=DIRECTION('',(0.27435213182102886,0.9616270042269262,-0.0021005967733467323));
#8667=DIRECTION('',(0.32854972693013135,-0.09168180729603952,0.9400263417293518));
#8668=FACE_BOUND('',#8669,.T.);
#8669=EDGE_LOOP('',(#8670,#8671,#8672));
#8670=ORIENTED_EDGE('',*,*,#8673,.T.);
#8671=ORIENTED_EDGE('',*,*,#8674,.T.);
#8672=ORIENTED_EDGE('',*,*,#8675,.T.);
#8673=EDGE_CURVE('',#665,#425,#8676,.F.);
#8674=EDGE_CURVE('',#425,#667,#8677,.T.);
#8675=EDGE_CURVE('',#667,#665,#8678,.T.);
#8676=LINE('',#664,#8679);
#8677=LINE('',#424,#8680);
#8678=LINE('',#666,#8681);
#8679=VECTOR('',#8682,1.0);
#8680=VECTOR('',#8683,1.0);
#8681=VECTOR('',#8684,1.0);
#8682=DIRECTION('',(0.32854972693013135,-0.09168180729603952,0.9400263417293518));
#8683=DIRECTION('',(0.0588501859773571,-0.01897019459168244,-0.9980865630432985));
#8684=DIRECTION('',(-0.9616291258267969,0.27435273711335617,0));
#8685=FACE_SURFACE('',(#8690),#8686,.T.);
#8686=PLANE('',#8687);
#8687=AXIS2_PLACEMENT_3D('',#666,#8688,#8689);
#8688=DIRECTION('',(0.33753320787565383,0.9413114733982305,0.002010877923402474));
#8689=DIRECTION('',(-0.0588501859773571,0.01897019459168244,0.9980865630432985));
#8690=FACE_BOUND('',#8691,.T.);
#8691=EDGE_LOOP('',(#8692,#8693,#8694));
#8692=ORIENTED_EDGE('',*,*,#8695,.T.);
#8693=ORIENTED_EDGE('',*,*,#8696,.T.);
#8694=ORIENTED_EDGE('',*,*,#8697,.T.);
#8695=EDGE_CURVE('',#667,#425,#8698,.F.);
#8696=EDGE_CURVE('',#425,#421,#8699,.T.);
#8697=EDGE_CURVE('',#421,#667,#8700,.T.);
#8698=LINE('',#666,#8701);
#8699=LINE('',#424,#8702);
#8700=LINE('',#420,#8703);
#8701=VECTOR('',#8704,1.0);
#8702=VECTOR('',#8705,1.0);
#8703=VECTOR('',#8706,1.0);
#8704=DIRECTION('',(-0.0588501859773571,0.01897019459168244,0.9980865630432985));
#8705=DIRECTION('',(0.9413133765616698,-0.33753389030743003,0));
#8706=DIRECTION('',(-0.3082444583557766,0.11254751646071898,-0.9446260691043192));
#8707=FACE_SURFACE('',(#8712),#8708,.T.);
#8708=PLANE('',#8709);
#8709=AXIS2_PLACEMENT_3D('',#666,#8710,#8711);
#8710=DIRECTION('',(0.34976467584831256,0.9368342180089207,-0.0025138608431320326));
#8711=DIRECTION('',(0.3082444583557766,-0.11254751646071898,0.9446260691043192));
#8712=FACE_BOUND('',#8713,.T.);
#8713=EDGE_LOOP('',(#8714,#8715,#8716));
#8714=ORIENTED_EDGE('',*,*,#8717,.T.);
#8715=ORIENTED_EDGE('',*,*,#8718,.T.);
#8716=ORIENTED_EDGE('',*,*,#8719,.T.);
#8717=EDGE_CURVE('',#667,#421,#8720,.F.);
#8718=EDGE_CURVE('',#421,#669,#8721,.T.);
#8719=EDGE_CURVE('',#669,#667,#8722,.T.);
#8720=LINE('',#666,#8723);
#8721=LINE('',#420,#8724);
#8722=LINE('',#668,#8725);
#8723=VECTOR('',#8726,1.0);
#8724=VECTOR('',#8727,1.0);
#8725=VECTOR('',#8728,1.0);
#8726=DIRECTION('',(0.3082444583557766,-0.11254751646071898,0.9446260691043192));
#8727=DIRECTION('',(0.07141566825852698,-0.029338205952608467,-0.9970150811290021));
#8728=DIRECTION('',(-0.9368371781831561,0.3497657810218449,0));
#8729=FACE_SURFACE('',(#8734),#8730,.T.);
#8730=PLANE('',#8731);
#8731=AXIS2_PLACEMENT_3D('',#668,#8732,#8733);
#8732=DIRECTION('',(0.4084955729351715,0.9127571416928646,0.002401495583601739));
#8733=DIRECTION('',(-0.07141566825852698,0.029338205952608467,0.9970150811290021));
#8734=FACE_BOUND('',#8735,.T.);
#8735=EDGE_LOOP('',(#8736,#8737,#8738));
#8736=ORIENTED_EDGE('',*,*,#8739,.T.);
#8737=ORIENTED_EDGE('',*,*,#8740,.T.);
#8738=ORIENTED_EDGE('',*,*,#8741,.T.);
#8739=EDGE_CURVE('',#669,#421,#8742,.F.);
#8740=EDGE_CURVE('',#421,#417,#8743,.T.);
#8741=EDGE_CURVE('',#417,#669,#8744,.T.);
#8742=LINE('',#668,#8745);
#8743=LINE('',#420,#8746);
#8744=LINE('',#416,#8747);
#8745=VECTOR('',#8748,1.0);
#8746=VECTOR('',#8749,1.0);
#8747=VECTOR('',#8750,1.0);
#8748=DIRECTION('',(-0.07141566825852698,0.029338205952608467,0.9970150811290021));
#8749=DIRECTION('',(0.9127597737220889,-0.40849675087422765,0));
#8750=DIRECTION('',(-0.2865873750416558,0.13075647636642598,-0.9490892583708709));
#8751=FACE_SURFACE('',(#8756),#8752,.T.);
#8752=PLANE('',#8753);
#8753=AXIS2_PLACEMENT_3D('',#668,#8754,#8755);
#8754=DIRECTION('',(0.42297306361815035,0.9061376721826169,-0.002882100786678103));
#8755=DIRECTION('',(0.2865873750416558,-0.13075647636642598,0.9490892583708709));
#8756=FACE_BOUND('',#8757,.T.);
#8757=EDGE_LOOP('',(#8758,#8759,#8760));
#8758=ORIENTED_EDGE('',*,*,#8761,.T.);
#8759=ORIENTED_EDGE('',*,*,#8762,.T.);
#8760=ORIENTED_EDGE('',*,*,#8763,.T.);
#8761=EDGE_CURVE('',#669,#417,#8764,.F.);
#8762=EDGE_CURVE('',#417,#671,#8765,.T.);
#8763=EDGE_CURVE('',#671,#669,#8766,.T.);
#8764=LINE('',#668,#8767);
#8765=LINE('',#416,#8768);
#8766=LINE('',#670,#8769);
#8767=VECTOR('',#8770,1.0);
#8768=VECTOR('',#8771,1.0);
#8769=VECTOR('',#8772,1.0);
#8770=DIRECTION('',(0.2865873750416558,-0.13075647636642598,0.9490892583708709));
#8771=DIRECTION('',(0.0825880900846223,-0.04171802564783367,-0.9957102056884929));
#8772=DIRECTION('',(-0.9061414356245898,0.4229748203430167,0));
#8773=FACE_SURFACE('',(#8778),#8774,.T.);
#8774=PLANE('',#8775);
#8775=AXIS2_PLACEMENT_3D('',#670,#8776,#8777);
#8776=DIRECTION('',(0.4770673925372873,0.8788624206376554,0.0027474658495991356));
#8777=DIRECTION('',(-0.0825880900846223,0.04171802564783367,0.9957102056884929));
#8778=FACE_BOUND('',#8779,.T.);
#8779=EDGE_LOOP('',(#8780,#8781,#8782));
#8780=ORIENTED_EDGE('',*,*,#8783,.T.);
#8781=ORIENTED_EDGE('',*,*,#8784,.T.);
#8782=ORIENTED_EDGE('',*,*,#8785,.T.);
#8783=EDGE_CURVE('',#671,#417,#8786,.F.);
#8784=EDGE_CURVE('',#417,#413,#8787,.T.);
#8785=EDGE_CURVE('',#413,#671,#8788,.T.);
#8786=LINE('',#670,#8789);
#8787=LINE('',#416,#8790);
#8788=LINE('',#412,#8791);
#8789=VECTOR('',#8792,1.0);
#8790=VECTOR('',#8793,1.0);
#8791=VECTOR('',#8794,1.0);
#8792=DIRECTION('',(-0.0825880900846223,0.04171802564783367,0.9957102056884929));
#8793=DIRECTION('',(0.8788657377330686,-0.47706919313544965,0));
#8794=DIRECTION('',(-0.2638779786445141,0.14621974283830427,-0.9534087261981535));
#8795=FACE_SURFACE('',(#8800),#8796,.T.);
#8796=PLANE('',#8797);
#8797=AXIS2_PLACEMENT_3D('',#670,#8798,#8799);
#8798=DIRECTION('',(0.4935158371939986,0.8697309028295576,-0.003205479993591106));
#8799=DIRECTION('',(0.2638779786445141,-0.14621974283830427,0.9534087261981535));
#8800=FACE_BOUND('',#8801,.T.);
#8801=EDGE_LOOP('',(#8802,#8803,#8804));
#8802=ORIENTED_EDGE('',*,*,#8805,.T.);
#8803=ORIENTED_EDGE('',*,*,#8806,.T.);
#8804=ORIENTED_EDGE('',*,*,#8807,.T.);
#8805=EDGE_CURVE('',#671,#413,#8808,.F.);
#8806=EDGE_CURVE('',#413,#673,#8809,.T.);
#8807=EDGE_CURVE('',#673,#671,#8810,.T.);
#8808=LINE('',#670,#8811);
#8809=LINE('',#412,#8812);
#8810=LINE('',#672,#8813);
#8811=VECTOR('',#8814,1.0);
#8812=VECTOR('',#8815,1.0);
#8813=VECTOR('',#8816,1.0);
#8814=DIRECTION('',(0.2638779786445141,-0.14621974283830427,0.9534087261981535));
#8815=DIRECTION('',(0.09212721365603858,-0.055940344076544656,-0.9941746599107082));
#8816=DIRECTION('',(-0.869735371150857,0.49351837267631815,0));
#8817=FACE_SURFACE('',(#8822),#8818,.T.);
#8818=PLANE('',#8819);
#8819=AXIS2_PLACEMENT_3D('',#672,#8820,#8821);
#8820=DIRECTION('',(0.5428468934338037,0.8398261466089871,0.003048567068063954));
#8821=DIRECTION('',(-0.09212721365603858,0.055940344076544656,0.9941746599107082));
#8822=FACE_BOUND('',#8823,.T.);
#8823=EDGE_LOOP('',(#8824,#8825,#8826));
#8824=ORIENTED_EDGE('',*,*,#8827,.T.);
#8825=ORIENTED_EDGE('',*,*,#8828,.T.);
#8826=ORIENTED_EDGE('',*,*,#8829,.T.);
#8827=EDGE_CURVE('',#673,#413,#8830,.F.);
#8828=EDGE_CURVE('',#413,#409,#8831,.T.);
#8829=EDGE_CURVE('',#409,#673,#8832,.T.);
#8830=LINE('',#672,#8833);
#8831=LINE('',#412,#8834);
#8832=LINE('',#408,#8835);
#8833=VECTOR('',#8836,1.0);
#8834=VECTOR('',#8837,1.0);
#8835=VECTOR('',#8838,1.0);
#8836=DIRECTION('',(-0.09212721365603858,0.055940344076544656,0.9941746599107082));
#8837=DIRECTION('',(0.8398300492080043,-0.5428494159960762,0));
#8838=DIRECTION('',(-0.24042184435056063,0.1588798953763453,-0.9575774201620861));
#8839=FACE_SURFACE('',(#8844),#8840,.T.);
#8840=PLANE('',#8841);
#8841=AXIS2_PLACEMENT_3D('',#672,#8842,#8843);
#8842=DIRECTION('',(0.5609479929977913,0.8278437106289431,-0.003484239350607961));
#8843=DIRECTION('',(0.24042184435056063,-0.1588798953763453,0.9575774201620861));
#8844=FACE_BOUND('',#8845,.T.);
#8845=EDGE_LOOP('',(#8846,#8847,#8848));
#8846=ORIENTED_EDGE('',*,*,#8849,.T.);
#8847=ORIENTED_EDGE('',*,*,#8850,.T.);
#8848=ORIENTED_EDGE('',*,*,#8851,.T.);
#8849=EDGE_CURVE('',#673,#409,#8852,.F.);
#8850=EDGE_CURVE('',#409,#675,#8853,.T.);
#8851=EDGE_CURVE('',#675,#673,#8854,.T.);
#8852=LINE('',#672,#8855);
#8853=LINE('',#408,#8856);
#8854=LINE('',#674,#8857);
#8855=VECTOR('',#8858,1.0);
#8856=VECTOR('',#8859,1.0);
#8857=VECTOR('',#8860,1.0);
#8858=DIRECTION('',(0.24042184435056063,-0.1588798953763453,0.9575774201620861));
#8859=DIRECTION('',(0.0998116428035645,-0.0718093765286363,-0.9924117338098246));
#8860=DIRECTION('',(-0.8278487356545002,0.5609513979617535,0));
#8861=FACE_SURFACE('',(#8866),#8862,.T.);
#8862=PLANE('',#8863);
#8863=AXIS2_PLACEMENT_3D('',#674,#8864,#8865);
#8864=DIRECTION('',(0.605451525987271,0.795875321550886,0.003304879114061336));
#8865=DIRECTION('',(-0.0998116428035645,0.0718093765286363,0.9924117338098246));
#8866=FACE_BOUND('',#8867,.T.);
#8867=EDGE_LOOP('',(#8868,#8869,#8870));
#8868=ORIENTED_EDGE('',*,*,#8871,.T.);
#8869=ORIENTED_EDGE('',*,*,#8872,.T.);
#8870=ORIENTED_EDGE('',*,*,#8873,.T.);
#8871=EDGE_CURVE('',#675,#409,#8874,.F.);
#8872=EDGE_CURVE('',#409,#405,#8875,.T.);
#8873=EDGE_CURVE('',#405,#675,#8876,.T.);
#8874=LINE('',#674,#8877);
#8875=LINE('',#408,#8878);
#8876=LINE('',#404,#8879);
#8877=VECTOR('',#8880,1.0);
#8878=VECTOR('',#8881,1.0);
#8879=VECTOR('',#8882,1.0);
#8880=DIRECTION('',(-0.0998116428035645,0.0718093765286363,0.9924117338098246));
#8881=DIRECTION('',(0.7958796679515387,-0.6054548324535435,0));
#8882=DIRECTION('',(-0.21652683450138888,0.16871290246963072,-0.9615883144470303));
#8883=FACE_SURFACE('',(#8888),#8884,.T.);
#8884=PLANE('',#8885);
#8885=AXIS2_PLACEMENT_3D('',#674,#8886,#8887);
#8886=DIRECTION('',(0.62484625235437,0.7807389685061712,-0.0037180605991265175));
#8887=DIRECTION('',(0.21652683450138888,-0.16871290246963072,0.9615883144470303));
#8888=FACE_BOUND('',#8889,.T.);
#8889=EDGE_LOOP('',(#8890,#8891,#8892));
#8890=ORIENTED_EDGE('',*,*,#8893,.T.);
#8891=ORIENTED_EDGE('',*,*,#8894,.T.);
#8892=ORIENTED_EDGE('',*,*,#8895,.T.);
#8893=EDGE_CURVE('',#675,#405,#8896,.F.);
#8894=EDGE_CURVE('',#405,#677,#8897,.T.);
#8895=EDGE_CURVE('',#677,#675,#8898,.T.);
#8896=LINE('',#674,#8899);
#8897=LINE('',#404,#8900);
#8898=LINE('',#676,#8901);
#8899=VECTOR('',#8902,1.0);
#8900=VECTOR('',#8903,1.0);
#8901=VECTOR('',#8904,1.0);
#8902=DIRECTION('',(0.21652683450138888,-0.16871290246963072,0.9615883144470303));
#8903=DIRECTION('',(0.10544347588793282,-0.08910586505503994,-0.9904250694552638));
#8904=DIRECTION('',(-0.7807443650199645,0.6248505713285157,0));
#8905=FACE_SURFACE('',(#8910),#8906,.T.);
#8906=PLANE('',#8907);
#8907=AXIS2_PLACEMENT_3D('',#676,#8908,#8909);
#8908=DIRECTION('',(0.6645129152752373,0.7472685070866432,0.0035162122952080176));
#8909=DIRECTION('',(-0.10544347588793282,0.08910586505503994,0.9904250694552638));
#8910=FACE_BOUND('',#8911,.T.);
#8911=EDGE_LOOP('',(#8912,#8913,#8914));
#8912=ORIENTED_EDGE('',*,*,#8915,.T.);
#8913=ORIENTED_EDGE('',*,*,#8916,.T.);
#8914=ORIENTED_EDGE('',*,*,#8917,.T.);
#8915=EDGE_CURVE('',#677,#405,#8918,.F.);
#8916=EDGE_CURVE('',#405,#401,#8919,.T.);
#8917=EDGE_CURVE('',#401,#677,#8920,.T.);
#8918=LINE('',#676,#8921);
#8919=LINE('',#404,#8922);
#8920=LINE('',#400,#8923);
#8921=VECTOR('',#8924,1.0);
#8922=VECTOR('',#8925,1.0);
#8923=VECTOR('',#8926,1.0);
#8924=DIRECTION('',(-0.10544347588793282,0.08910586505503994,0.9904250694552638));
#8925=DIRECTION('',(0.7472731266495726,-0.6645170232487441,0));
#8926=DIRECTION('',(-0.1925017142139911,0.17572605578833592,-0.9654343288602024));
#8927=FACE_SURFACE('',(#8932),#8928,.T.);
#8928=PLANE('',#8929);
#8929=AXIS2_PLACEMENT_3D('',#676,#8930,#8931);
#8930=DIRECTION('',(0.674193243366795,0.7385549882023419,0));
#8931=DIRECTION('',(0.1925017142139911,-0.17572605578833592,0.9654343288602024));
#8932=FACE_BOUND('',#8933,.T.);
#8933=EDGE_LOOP('',(#8934,#8935,#8936));
#8934=ORIENTED_EDGE('',*,*,#8937,.T.);
#8935=ORIENTED_EDGE('',*,*,#8938,.T.);
#8936=ORIENTED_EDGE('',*,*,#8939,.T.);
#8937=EDGE_CURVE('',#677,#401,#8940,.F.);
#8938=EDGE_CURVE('',#401,#485,#8941,.T.);
#8939=EDGE_CURVE('',#485,#677,#8942,.T.);
#8940=LINE('',#676,#8943);
#8941=LINE('',#400,#8944);
#8942=LINE('',#484,#8945);
#8943=VECTOR('',#8946,1.0);
#8944=VECTOR('',#8947,1.0);
#8945=VECTOR('',#8948,1.0);
#8946=DIRECTION('',(0.1925017142139911,-0.17572605578833592,0.9654343288602024));
#8947=DIRECTION('',(0,0,-1));
#8948=DIRECTION('',(-0.45038128515159626,0.4111325821888169,-0.7925444453454659));
#8949=FACE_SURFACE('',(#8954),#8950,.T.);
#8950=PLANE('',#8951);
#8951=AXIS2_PLACEMENT_3D('',#676,#8952,#8953);
#8952=DIRECTION('',(0.6847683070127126,0.7286757795716978,-0.011134360175675123));
#8953=DIRECTION('',(0.45038128515159626,-0.4111325821888169,0.7925444453454659));
#8954=FACE_BOUND('',#8955,.T.);
#8955=EDGE_LOOP('',(#8956,#8957,#8958));
#8956=ORIENTED_EDGE('',*,*,#8959,.T.);
#8957=ORIENTED_EDGE('',*,*,#8960,.T.);
#8958=ORIENTED_EDGE('',*,*,#8961,.T.);
#8959=EDGE_CURVE('',#677,#485,#8962,.F.);
#8960=EDGE_CURVE('',#485,#679,#8963,.T.);
#8961=EDGE_CURVE('',#679,#677,#8964,.T.);
#8962=LINE('',#676,#8965);
#8963=LINE('',#484,#8966);
#8964=LINE('',#678,#8967);
#8965=VECTOR('',#8968,1.0);
#8966=VECTOR('',#8969,1.0);
#8967=VECTOR('',#8970,1.0);
#8968=DIRECTION('',(0.45038128515159626,-0.4111325821888169,0.7925444453454659));
#8969=DIRECTION('',(0.2871879728284917,-0.28386213145745254,-0.9148471777226476));
#8970=DIRECTION('',(-0.7287209521889073,0.6848107576848457,0));
#8971=FACE_SURFACE('',(#8976),#8972,.T.);
#8972=PLANE('',#8973);
#8973=AXIS2_PLACEMENT_3D('',#678,#8974,#8975);
#8974=DIRECTION('',(0.7198210413932069,0.6940786826512279,0.010604275398870685));
#8975=DIRECTION('',(-0.2871879728284917,0.28386213145745254,0.9148471777226476));
#8976=FACE_BOUND('',#8977,.T.);
#8977=EDGE_LOOP('',(#8978,#8979,#8980));
#8978=ORIENTED_EDGE('',*,*,#8981,.T.);
#8979=ORIENTED_EDGE('',*,*,#8982,.T.);
#8980=ORIENTED_EDGE('',*,*,#8983,.T.);
#8981=EDGE_CURVE('',#679,#485,#8984,.F.);
#8982=EDGE_CURVE('',#485,#567,#8985,.T.);
#8983=EDGE_CURVE('',#567,#679,#8986,.T.);
#8984=LINE('',#678,#8987);
#8985=LINE('',#484,#8988);
#8986=LINE('',#566,#8989);
#8987=VECTOR('',#8990,1.0);
#8988=VECTOR('',#8991,1.0);
#8989=VECTOR('',#8992,1.0);
#8990=DIRECTION('',(-0.2871879728284917,0.28386213145745254,0.9148471777226476));
#8991=DIRECTION('',(0.6941177107446549,-0.719861516981287,0));
#8992=DIRECTION('',(-0.40408320428013156,0.4313935768123702,-0.8066079257630259));
#8993=FACE_SURFACE('',(#8998),#8994,.T.);
#8994=PLANE('',#8995);
#8995=AXIS2_PLACEMENT_3D('',#678,#8996,#8997);
#8996=DIRECTION('',(0.7404073124370357,0.6720603496766614,-0.011484689035813265));
#8997=DIRECTION('',(0.40408320428013156,-0.4313935768123702,0.8066079257630259));
#8998=FACE_BOUND('',#8999,.T.);
#8999=EDGE_LOOP('',(#9000,#9001,#9002));
#9000=ORIENTED_EDGE('',*,*,#9003,.T.);
#9001=ORIENTED_EDGE('',*,*,#9004,.T.);
#9002=ORIENTED_EDGE('',*,*,#9005,.T.);
#9003=EDGE_CURVE('',#679,#567,#9006,.F.);
#9004=EDGE_CURVE('',#567,#681,#9007,.T.);
#9005=EDGE_CURVE('',#681,#679,#9008,.T.);
#9006=LINE('',#678,#9009);
#9007=LINE('',#566,#9010);
#9008=LINE('',#680,#9011);
#9009=VECTOR('',#9012,1.0);
#9010=VECTOR('',#9013,1.0);
#9011=VECTOR('',#9014,1.0);
#9012=DIRECTION('',(0.40408320428013156,-0.4313935768123702,0.8066079257630259));
#9013=DIRECTION('',(0.28211054882142395,-0.3262183126467618,-0.9022168534989659));
#9014=DIRECTION('',(-0.6721046757972463,0.7404561464202173,0));
#9015=FACE_SURFACE('',(#9020),#9016,.T.);
#9016=PLANE('',#9017);
#9017=AXIS2_PLACEMENT_3D('',#680,#9018,#9019);
#9018=DIRECTION('',(0.7710786691865326,0.6366464051077256,0.010910581512261862));
#9019=DIRECTION('',(-0.28211054882142395,0.3262183126467618,0.9022168534989659));
#9020=FACE_BOUND('',#9021,.T.);
#9021=EDGE_LOOP('',(#9022,#9023,#9024));
#9022=ORIENTED_EDGE('',*,*,#9025,.T.);
#9023=ORIENTED_EDGE('',*,*,#9026,.T.);
#9024=ORIENTED_EDGE('',*,*,#9027,.T.);
#9025=EDGE_CURVE('',#681,#567,#9028,.F.);
#9026=EDGE_CURVE('',#567,#573,#9029,.T.);
#9027=EDGE_CURVE('',#573,#681,#9030,.T.);
#9028=LINE('',#680,#9031);
#9029=LINE('',#566,#9032);
#9030=LINE('',#572,#9033);
#9031=VECTOR('',#9034,1.0);
#9032=VECTOR('',#9035,1.0);
#9033=VECTOR('',#9036,1.0);
#9034=DIRECTION('',(-0.28211054882142395,0.3262183126467618,0.9022168534989659));
#9035=DIRECTION('',(0.6366843019363789,-0.7711245681910192,0));
#9036=DIRECTION('',(-0.35682080120360193,0.4462308694114785,-0.8207051401159222));
#9037=FACE_SURFACE('',(#9042),#9038,.T.);
#9038=PLANE('',#9039);
#9039=AXIS2_PLACEMENT_3D('',#680,#9040,#9041);
#9040=DIRECTION('',(0.7913809633365013,0.611210435095885,-0.011746271684666498));
#9041=DIRECTION('',(0.35682080120360193,-0.4462308694114785,0.8207051401159222));
#9042=FACE_BOUND('',#9043,.T.);
#9043=EDGE_LOOP('',(#9044,#9045,#9046));
#9044=ORIENTED_EDGE('',*,*,#9047,.T.);
#9045=ORIENTED_EDGE('',*,*,#9048,.T.);
#9046=ORIENTED_EDGE('',*,*,#9049,.T.);
#9047=EDGE_CURVE('',#681,#573,#9050,.F.);
#9048=EDGE_CURVE('',#573,#683,#9051,.T.);
#9049=EDGE_CURVE('',#683,#681,#9052,.T.);
#9050=LINE('',#680,#9053);
#9051=LINE('',#572,#9054);
#9052=LINE('',#682,#9055);
#9053=VECTOR('',#9056,1.0);
#9054=VECTOR('',#9057,1.0);
#9055=VECTOR('',#9058,1.0);
#9056=DIRECTION('',(0.35682080120360193,-0.4462308694114785,0.8207051401159222));
#9057=DIRECTION('',(0.27137864724429805,-0.3684624616209074,-0.8891507432354293));
#9058=DIRECTION('',(-0.6112526053086276,0.791435564340784,0));
#9059=FACE_SURFACE('',(#9064),#9060,.T.);
#9060=PLANE('',#9061);
#9061=AXIS2_PLACEMENT_3D('',#682,#9062,#9063);
#9062=DIRECTION('',(0.8177659013385269,0.575443382949333,0.011128505192251578));
#9063=DIRECTION('',(-0.27137864724429805,0.3684624616209074,0.8891507432354293));
#9064=FACE_BOUND('',#9065,.T.);
#9065=EDGE_LOOP('',(#9066,#9067,#9068));
#9066=ORIENTED_EDGE('',*,*,#9069,.T.);
#9067=ORIENTED_EDGE('',*,*,#9070,.T.);
#9068=ORIENTED_EDGE('',*,*,#9071,.T.);
#9069=EDGE_CURVE('',#683,#573,#9072,.F.);
#9070=EDGE_CURVE('',#573,#577,#9073,.T.);
#9071=EDGE_CURVE('',#577,#683,#9074,.T.);
#9072=LINE('',#682,#9075);
#9073=LINE('',#572,#9076);
#9074=LINE('',#576,#9077);
#9075=VECTOR('',#9078,1.0);
#9076=VECTOR('',#9079,1.0);
#9077=VECTOR('',#9080,1.0);
#9078=DIRECTION('',(-0.27137864724429805,0.3684624616209074,0.8891507432354293));
#9079=DIRECTION('',(0.5754790187573909,-0.8178165435903278,0));
#9080=DIRECTION('',(-0.30919997761931184,0.4555498251569628,-0.8347872367493874));
#9081=FACE_SURFACE('',(#9086),#9082,.T.);
#9082=PLANE('',#9083);
#9083=AXIS2_PLACEMENT_3D('',#682,#9084,#9085);
#9084=DIRECTION('',(0.8373673356799597,0.5465106081940455,-0.011920581681282892));
#9085=DIRECTION('',(0.30919997761931184,-0.4555498251569628,0.8347872367493874));
#9086=FACE_BOUND('',#9087,.T.);
#9087=EDGE_LOOP('',(#9088,#9089,#9090));
#9088=ORIENTED_EDGE('',*,*,#9091,.T.);
#9089=ORIENTED_EDGE('',*,*,#9092,.T.);
#9090=ORIENTED_EDGE('',*,*,#9093,.T.);
#9091=EDGE_CURVE('',#683,#577,#9094,.F.);
#9092=EDGE_CURVE('',#577,#685,#9095,.T.);
#9093=EDGE_CURVE('',#685,#683,#9096,.T.);
#9094=LINE('',#682,#9097);
#9095=LINE('',#576,#9098);
#9096=LINE('',#684,#9099);
#9097=VECTOR('',#9100,1.0);
#9098=VECTOR('',#9101,1.0);
#9099=VECTOR('',#9102,1.0);
#9100=DIRECTION('',(0.30919997761931184,-0.4555498251569628,0.8347872367493874));
#9101=DIRECTION('',(0.2550667776010051,-0.4099167293114863,-0.8757335291027819));
#9102=DIRECTION('',(-0.5465494419846544,0.8374268370826571,0));
#9103=FACE_SURFACE('',(#9108),#9104,.T.);
#9104=PLANE('',#9105);
#9105=AXIS2_PLACEMENT_3D('',#684,#9106,#9107);
#9106=DIRECTION('',(0.8596081226427933,0.5108298278627623,0.011258883258695658));
#9107=DIRECTION('',(-0.2550667776010051,0.4099167293114863,0.8757335291027819));
#9108=FACE_BOUND('',#9109,.T.);
#9109=EDGE_LOOP('',(#9110,#9111,#9112));
#9110=ORIENTED_EDGE('',*,*,#9113,.T.);
#9111=ORIENTED_EDGE('',*,*,#9114,.T.);
#9112=ORIENTED_EDGE('',*,*,#9115,.T.);
#9113=EDGE_CURVE('',#685,#577,#9116,.F.);
#9114=EDGE_CURVE('',#577,#581,#9117,.T.);
#9115=EDGE_CURVE('',#581,#685,#9118,.T.);
#9116=LINE('',#684,#9119);
#9117=LINE('',#576,#9120);
#9118=LINE('',#580,#9121);
#9119=VECTOR('',#9122,1.0);
#9120=VECTOR('',#9123,1.0);
#9121=VECTOR('',#9124,1.0);
#9122=DIRECTION('',(-0.2550667776010051,0.4099167293114863,0.8757335291027819));
#9123=DIRECTION('',(0.5108622079620573,-0.8596626108399339,0));
#9124=DIRECTION('',(-0.26184152188194815,0.45932638516896507,-0.8487981440284591));
#9125=FACE_SURFACE('',(#9130),#9126,.T.);
#9126=PLANE('',#9127);
#9127=AXIS2_PLACEMENT_3D('',#684,#9128,#9129);
#9128=DIRECTION('',(0.8780780083346503,0.47836687263536,-0.012006100287715165));
#9129=DIRECTION('',(0.26184152188194815,-0.45932638516896507,0.8487981440284591));
#9130=FACE_BOUND('',#9131,.T.);
#9131=EDGE_LOOP('',(#9132,#9133,#9134));
#9132=ORIENTED_EDGE('',*,*,#9135,.T.);
#9133=ORIENTED_EDGE('',*,*,#9136,.T.);
#9134=ORIENTED_EDGE('',*,*,#9137,.T.);
#9135=EDGE_CURVE('',#685,#581,#9138,.F.);
#9136=EDGE_CURVE('',#581,#687,#9139,.T.);
#9137=EDGE_CURVE('',#687,#685,#9140,.T.);
#9138=LINE('',#684,#9141);
#9139=LINE('',#580,#9142);
#9140=LINE('',#686,#9143);
#9141=VECTOR('',#9144,1.0);
#9142=VECTOR('',#9145,1.0);
#9143=VECTOR('',#9146,1.0);
#9144=DIRECTION('',(0.26184152188194815,-0.45932638516896507,0.8487981440284591));
#9145=DIRECTION('',(0.23332892812998804,-0.44992831918861953,-0.8620453113901927));
#9146=DIRECTION('',(-0.47840135380499565,0.8781413010885819,0));
#9147=FACE_SURFACE('',(#9152),#9148,.T.);
#9148=PLANE('',#9149);
#9149=AXIS2_PLACEMENT_3D('',#686,#9150,#9151);
#9150=DIRECTION('',(0.8963562299182933,0.4431904766970595,0.011300904906090167));
#9151=DIRECTION('',(-0.23332892812998804,0.44992831918861953,0.8620453113901927));
#9152=FACE_BOUND('',#9153,.T.);
#9153=EDGE_LOOP('',(#9154,#9155,#9156));
#9154=ORIENTED_EDGE('',*,*,#9157,.T.);
#9155=ORIENTED_EDGE('',*,*,#9158,.T.);
#9156=ORIENTED_EDGE('',*,*,#9159,.T.);
#9157=EDGE_CURVE('',#687,#581,#9160,.F.);
#9158=EDGE_CURVE('',#581,#585,#9161,.T.);
#9159=EDGE_CURVE('',#585,#687,#9162,.T.);
#9160=LINE('',#686,#9163);
#9161=LINE('',#580,#9164);
#9162=LINE('',#584,#9165);
#9163=VECTOR('',#9166,1.0);
#9164=VECTOR('',#9167,1.0);
#9165=VECTOR('',#9168,1.0);
#9166=DIRECTION('',(-0.23332892812998804,0.44992831918861953,0.8620453113901927));
#9167=DIRECTION('',(0.4432187794359884,-0.8964134724307041,0));
#9168=DIRECTION('',(-0.2153794592455926,0.45760401595475814,-0.8626762156899619));
#9169=FACE_SURFACE('',(#9174),#9170,.T.);
#9170=PLANE('',#9171);
#9171=AXIS2_PLACEMENT_3D('',#686,#9172,#9173);
#9172=DIRECTION('',(0.9132561052346618,0.4072090059534189,-0.012004654182641626));
#9173=DIRECTION('',(0.2153794592455926,-0.45760401595475814,0.8626762156899619));
#9174=FACE_BOUND('',#9175,.T.);
#9175=EDGE_LOOP('',(#9176,#9177,#9178));
#9176=ORIENTED_EDGE('',*,*,#9179,.T.);
#9177=ORIENTED_EDGE('',*,*,#9180,.T.);
#9178=ORIENTED_EDGE('',*,*,#9181,.T.);
#9179=EDGE_CURVE('',#687,#585,#9182,.F.);
#9180=EDGE_CURVE('',#585,#689,#9183,.T.);
#9181=EDGE_CURVE('',#689,#687,#9184,.T.);
#9182=LINE('',#686,#9185);
#9183=LINE('',#584,#9186);
#9184=LINE('',#688,#9187);
#9185=VECTOR('',#9188,1.0);
#9186=VECTOR('',#9189,1.0);
#9187=VECTOR('',#9190,1.0);
#9188=DIRECTION('',(0.2153794592455926,-0.45760401595475814,0.8626762156899619));
#9189=DIRECTION('',(0.20639080578527325,-0.48788097809795555,-0.8481597647244814));
#9190=DIRECTION('',(-0.4072383509207124,0.9133219178030159,0));
#9191=FACE_SURFACE('',(#9196),#9192,.T.);
#9192=PLANE('',#9193);
#9193=AXIS2_PLACEMENT_3D('',#688,#9194,#9195);
#9194=DIRECTION('',(0.9277936416224365,0.37292398182754954,0.011254436585776307));
#9195=DIRECTION('',(-0.20639080578527325,0.48788097809795555,0.8481597647244814));
#9196=FACE_BOUND('',#9197,.T.);
#9197=EDGE_LOOP('',(#9198,#9199,#9200));
#9198=ORIENTED_EDGE('',*,*,#9201,.T.);
#9199=ORIENTED_EDGE('',*,*,#9202,.T.);
#9200=ORIENTED_EDGE('',*,*,#9203,.T.);
#9201=EDGE_CURVE('',#689,#585,#9204,.F.);
#9202=EDGE_CURVE('',#585,#589,#9205,.T.);
#9203=EDGE_CURVE('',#589,#689,#9206,.T.);
#9204=LINE('',#688,#9207);
#9205=LINE('',#584,#9208);
#9206=LINE('',#588,#9209);
#9207=VECTOR('',#9210,1.0);
#9208=VECTOR('',#9211,1.0);
#9209=VECTOR('',#9212,1.0);
#9210=DIRECTION('',(-0.20639080578527325,0.48788097809795555,0.8481597647244814));
#9211=DIRECTION('',(0.3729476017840166,-0.9278524054630406,0));
#9212=DIRECTION('',(-0.17044742884739827,0.4505017544461094,-0.8763537203893691));
#9213=FACE_SURFACE('',(#9218),#9214,.T.);
#9214=PLANE('',#9215);
#9215=AXIS2_PLACEMENT_3D('',#688,#9216,#9217);
#9216=DIRECTION('',(0.9426795949677415,0.3334864804721343,-0.01191421729545989));
#9217=DIRECTION('',(0.17044742884739827,-0.4505017544461094,0.8763537203893691));
#9218=FACE_BOUND('',#9219,.T.);
#9219=EDGE_LOOP('',(#9220,#9221,#9222));
#9220=ORIENTED_EDGE('',*,*,#9223,.T.);
#9221=ORIENTED_EDGE('',*,*,#9224,.T.);
#9222=ORIENTED_EDGE('',*,*,#9225,.T.);
#9223=EDGE_CURVE('',#689,#589,#9226,.F.);
#9224=EDGE_CURVE('',#589,#691,#9227,.T.);
#9225=EDGE_CURVE('',#691,#689,#9228,.T.);
#9226=LINE('',#688,#9229);
#9227=LINE('',#588,#9230);
#9228=LINE('',#690,#9231);
#9229=VECTOR('',#9232,1.0);
#9230=VECTOR('',#9233,1.0);
#9231=VECTOR('',#9234,1.0);
#9232=DIRECTION('',(0.17044742884739827,-0.4505017544461094,0.8763537203893691));
#9233=DIRECTION('',(0.1745466336753006,-0.5231987952393267,-0.8341441681944061));
#9234=DIRECTION('',(-0.3335101519574006,0.9427465081035048,0));
#9235=FACE_SURFACE('',(#9240),#9236,.T.);
#9236=PLANE('',#9237);
#9237=AXIS2_PLACEMENT_3D('',#690,#9238,#9239);
#9238=DIRECTION('',(0.9537330849673924,0.3004488790385575,0.01112086880846759));
#9239=DIRECTION('',(-0.1745466336753006,0.5231987952393267,0.8341441681944061));
#9240=FACE_BOUND('',#9241,.T.);
#9241=EDGE_LOOP('',(#9242,#9243,#9244));
#9242=ORIENTED_EDGE('',*,*,#9245,.T.);
#9243=ORIENTED_EDGE('',*,*,#9246,.T.);
#9244=ORIENTED_EDGE('',*,*,#9247,.T.);
#9245=EDGE_CURVE('',#691,#589,#9248,.F.);
#9246=EDGE_CURVE('',#589,#593,#9249,.T.);
#9247=EDGE_CURVE('',#593,#691,#9250,.T.);
#9248=LINE('',#690,#9251);
#9249=LINE('',#588,#9252);
#9250=LINE('',#592,#9253);
#9251=VECTOR('',#9254,1.0);
#9252=VECTOR('',#9255,1.0);
#9253=VECTOR('',#9256,1.0);
#9254=DIRECTION('',(-0.1745466336753006,0.5231987952393267,0.8341441681944061));
#9255=DIRECTION('',(0.3004674595777478,-0.9537920662989887,0));
#9256=DIRECTION('',(-0.12767356016272174,0.4382155261838151,-0.8897564917699775));
#9257=FACE_SURFACE('',(#9262),#9258,.T.);
#9258=PLANE('',#9259);
#9259=AXIS2_PLACEMENT_3D('',#690,#9260,#9261);
#9260=DIRECTION('',(0.9661640640846976,0.25766113263697565,-0.011736353759638482));
#9261=DIRECTION('',(0.12767356016272174,-0.4382155261838151,0.8897564917699775));
#9262=FACE_BOUND('',#9263,.T.);
#9263=EDGE_LOOP('',(#9264,#9265,#9266));
#9264=ORIENTED_EDGE('',*,*,#9267,.T.);
#9265=ORIENTED_EDGE('',*,*,#9268,.T.);
#9266=ORIENTED_EDGE('',*,*,#9269,.T.);
#9267=EDGE_CURVE('',#691,#593,#9270,.F.);
#9268=EDGE_CURVE('',#593,#693,#9271,.T.);
#9269=EDGE_CURVE('',#693,#691,#9272,.T.);
#9270=LINE('',#690,#9273);
#9271=LINE('',#592,#9274);
#9272=LINE('',#692,#9275);
#9273=VECTOR('',#9276,1.0);
#9274=VECTOR('',#9277,1.0);
#9275=VECTOR('',#9278,1.0);
#9276=DIRECTION('',(0.12767356016272174,-0.4382155261838151,0.8897564917699775));
#9277=DIRECTION('',(0.1381426225491408,-0.5553532932711482,-0.8200605681827017));
#9278=DIRECTION('',(-0.25767887985020976,0.9662306116446223,0));
#9279=FACE_SURFACE('',(#9284),#9280,.T.);
#9280=PLANE('',#9281);
#9281=AXIS2_PLACEMENT_3D('',#692,#9282,#9283);
#9282=DIRECTION('',(0.9740218104930565,0.22619180314135356,0.01089866393148156));
#9283=DIRECTION('',(-0.1381426225491408,0.5553532932711482,0.8200605681827017));
#9284=FACE_BOUND('',#9285,.T.);
#9285=EDGE_LOOP('',(#9286,#9287,#9288));
#9286=ORIENTED_EDGE('',*,*,#9289,.T.);
#9287=ORIENTED_EDGE('',*,*,#9290,.T.);
#9288=ORIENTED_EDGE('',*,*,#9291,.T.);
#9289=EDGE_CURVE('',#693,#593,#9292,.F.);
#9290=EDGE_CURVE('',#593,#597,#9293,.T.);
#9291=EDGE_CURVE('',#597,#693,#9294,.T.);
#9292=LINE('',#692,#9295);
#9293=LINE('',#592,#9296);
#9294=LINE('',#596,#9297);
#9295=VECTOR('',#9298,1.0);
#9296=VECTOR('',#9299,1.0);
#9297=VECTOR('',#9300,1.0);
#9298=DIRECTION('',(-0.1381426225491408,0.5553532932711482,0.8200605681827017));
#9299=DIRECTION('',(0.22620523796841888,-0.9740796632286555,0));
#9300=DIRECTION('',(-0.08766944360167345,0.4210201800989857,-0.9028045616898437));
#9301=FACE_SURFACE('',(#9306),#9302,.T.);
#9302=PLANE('',#9303);
#9303=AXIS2_PLACEMENT_3D('',#692,#9304,#9305);
#9304=DIRECTION('',(0.9835608908981839,0.18021212438970172,-0.011470140300857868));
#9305=DIRECTION('',(0.08766944360167345,-0.4210201800989857,0.9028045616898437));
#9306=FACE_BOUND('',#9307,.T.);
#9307=EDGE_LOOP('',(#9308,#9309,#9310));
#9308=ORIENTED_EDGE('',*,*,#9311,.T.);
#9309=ORIENTED_EDGE('',*,*,#9312,.T.);
#9310=ORIENTED_EDGE('',*,*,#9313,.T.);
#9311=EDGE_CURVE('',#693,#597,#9314,.F.);
#9312=EDGE_CURVE('',#597,#695,#9315,.T.);
#9313=EDGE_CURVE('',#695,#693,#9316,.T.);
#9314=LINE('',#692,#9317);
#9315=LINE('',#596,#9318);
#9316=LINE('',#694,#9319);
#9317=VECTOR('',#9320,1.0);
#9318=VECTOR('',#9321,1.0);
#9319=VECTOR('',#9322,1.0);
#9320=DIRECTION('',(0.08766944360167345,-0.4210201800989857,0.9028045616898437));
#9321=DIRECTION('',(0.09757950107548824,-0.5838669250851959,-0.8059638048705517));
#9322=DIRECTION('',(-0.1802239802842184,0.9836255979439097,0));
#9323=FACE_SURFACE('',(#9328),#9324,.T.);
#9324=PLANE('',#9325);
#9325=AXIS2_PLACEMENT_3D('',#694,#9326,#9327);
#9326=DIRECTION('',(0.9885388461384179,0.15059495154001898,0.010588212596310476));
#9327=DIRECTION('',(-0.09757950107548824,0.5838669250851959,0.8059638048705517));
#9328=FACE_BOUND('',#9329,.T.);
#9329=EDGE_LOOP('',(#9330,#9331,#9332));
#9330=ORIENTED_EDGE('',*,*,#9333,.T.);
#9331=ORIENTED_EDGE('',*,*,#9334,.T.);
#9332=ORIENTED_EDGE('',*,*,#9335,.T.);
#9333=EDGE_CURVE('',#695,#597,#9336,.F.);
#9334=EDGE_CURVE('',#597,#601,#9337,.T.);
#9335=EDGE_CURVE('',#601,#695,#9338,.T.);
#9336=LINE('',#694,#9339);
#9337=LINE('',#596,#9340);
#9338=LINE('',#600,#9341);
#9339=VECTOR('',#9342,1.0);
#9340=VECTOR('',#9343,1.0);
#9341=VECTOR('',#9344,1.0);
#9342=DIRECTION('',(-0.09757950107548824,0.5838669250851959,0.8059638048705517));
#9343=DIRECTION('',(0.15060339386840985,-0.988594263464702,0));
#9344=DIRECTION('',(-0.051020194774661,0.3992698867742657,-0.9154127469291765));
#9345=FACE_SURFACE('',(#9350),#9346,.T.);
#9346=PLANE('',#9347);
#9347=AXIS2_PLACEMENT_3D('',#694,#9348,#9349);
#9348=DIRECTION('',(0.994760324913709,0.10162839678237481,-0.011115977015820195));
#9349=DIRECTION('',(0.051020194774661,-0.3992698867742657,0.9154127469291765));
#9350=FACE_BOUND('',#9351,.T.);
#9351=EDGE_LOOP('',(#9352,#9353,#9354));
#9352=ORIENTED_EDGE('',*,*,#9355,.T.);
#9353=ORIENTED_EDGE('',*,*,#9356,.T.);
#9354=ORIENTED_EDGE('',*,*,#9357,.T.);
#9355=EDGE_CURVE('',#695,#601,#9358,.F.);
#9356=EDGE_CURVE('',#601,#697,#9359,.T.);
#9357=EDGE_CURVE('',#697,#695,#9360,.T.);
#9358=LINE('',#694,#9361);
#9359=LINE('',#600,#9362);
#9360=LINE('',#696,#9363);
#9361=VECTOR('',#9364,1.0);
#9362=VECTOR('',#9365,1.0);
#9363=VECTOR('',#9366,1.0);
#9364=DIRECTION('',(0.051020194774661,-0.3992698867742657,0.9154127469291765));
#9365=DIRECTION('',(0.05329872126555595,-0.608316478602977,-0.7919029663863689));
#9366=DIRECTION('',(-0.10163467621794965,0.9948217893623322,0));
#9367=FACE_SURFACE('',(#9372),#9368,.T.);
#9368=PLANE('',#9369);
#9369=AXIS2_PLACEMENT_3D('',#696,#9370,#9371);
#9370=DIRECTION('',(0.9971983255034905,0.07410572984572533,0.010190211826403658));
#9371=DIRECTION('',(-0.05329872126555595,0.608316478602977,0.7919029663863689));
#9372=FACE_BOUND('',#9373,.T.);
#9373=EDGE_LOOP('',(#9374,#9375,#9376));
#9374=ORIENTED_EDGE('',*,*,#9377,.T.);
#9375=ORIENTED_EDGE('',*,*,#9378,.T.);
#9376=ORIENTED_EDGE('',*,*,#9379,.T.);
#9377=EDGE_CURVE('',#697,#601,#9380,.F.);
#9378=EDGE_CURVE('',#601,#605,#9381,.T.);
#9379=EDGE_CURVE('',#605,#697,#9382,.T.);
#9380=LINE('',#696,#9383);
#9381=LINE('',#600,#9384);
#9382=LINE('',#604,#9385);
#9383=VECTOR('',#9386,1.0);
#9384=VECTOR('',#9387,1.0);
#9385=VECTOR('',#9388,1.0);
#9386=DIRECTION('',(-0.05329872126555595,0.608316478602977,0.7919029663863689));
#9387=DIRECTION('',(0.0741095777303495,-0.9972501042810823,0));
#9388=DIRECTION('',(-0.018270745076712166,0.3733974617932233,-0.9274915176974504));
#9389=FACE_SURFACE('',(#9394),#9390,.T.);
#9390=PLANE('',#9391);
#9391=AXIS2_PLACEMENT_3D('',#696,#9392,#9393);
#9392=DIRECTION('',(0.9996920570348612,0.02240205683484707,-0.010674218986709916));
#9393=DIRECTION('',(0.018270745076712166,-0.3733974617932233,0.9274915176974504));
#9394=FACE_BOUND('',#9395,.T.);
#9395=EDGE_LOOP('',(#9396,#9397,#9398));
#9396=ORIENTED_EDGE('',*,*,#9399,.T.);
#9397=ORIENTED_EDGE('',*,*,#9400,.T.);
#9398=ORIENTED_EDGE('',*,*,#9401,.T.);
#9399=EDGE_CURVE('',#697,#605,#9402,.F.);
#9400=EDGE_CURVE('',#605,#699,#9403,.T.);
#9401=EDGE_CURVE('',#699,#697,#9404,.T.);
#9402=LINE('',#696,#9405);
#9403=LINE('',#604,#9406);
#9404=LINE('',#698,#9407);
#9405=VECTOR('',#9408,1.0);
#9406=VECTOR('',#9409,1.0);
#9407=VECTOR('',#9410,1.0);
#9408=DIRECTION('',(0.018270745076712166,-0.3733974617932233,0.9274915176974504));
#9409=DIRECTION('',(0.005774079233778811,-0.6283352808906598,-0.7779212266014198));
#9410=DIRECTION('',(-0.022403333177344685,0.9997490138342449,0));
#9411=FACE_SURFACE('',(#9416),#9412,.T.);
#9412=PLANE('',#9413);
#9413=AXIS2_PLACEMENT_3D('',#698,#9414,#9415);
#9414=DIRECTION('',(0.9999489241238878,-0.002825178133952214,0.009703994640904738));
#9415=DIRECTION('',(-0.005774079233778811,0.6283352808906598,0.7779212266014198));
#9416=FACE_BOUND('',#9417,.T.);
#9417=EDGE_LOOP('',(#9418,#9419,#9420));
#9418=ORIENTED_EDGE('',*,*,#9421,.T.);
#9419=ORIENTED_EDGE('',*,*,#9422,.T.);
#9420=ORIENTED_EDGE('',*,*,#9423,.T.);
#9421=EDGE_CURVE('',#699,#605,#9424,.F.);
#9422=EDGE_CURVE('',#605,#603,#9425,.T.);
#9423=EDGE_CURVE('',#603,#699,#9426,.T.);
#9424=LINE('',#698,#9427);
#9425=LINE('',#604,#9428);
#9426=LINE('',#602,#9429);
#9427=VECTOR('',#9430,1.0);
#9428=VECTOR('',#9431,1.0);
#9429=VECTOR('',#9432,1.0);
#9430=DIRECTION('',(-0.005774079233778811,0.6283352808906598,0.7779212266014198));
#9431=DIRECTION('',(-0.0028253111633454757,-0.9999960088004504,0));
#9432=DIRECTION('',(0.010083672703343996,0.3439103745486895,-0.9389483339473966));
#9433=FACE_SURFACE('',(#9438),#9434,.T.);
#9434=PLANE('',#9435);
#9435=AXIS2_PLACEMENT_3D('',#698,#9436,#9437);
#9436=DIRECTION('',(0.9983246291672304,-0.056965297885045264,-0.010143452813504377));
#9437=DIRECTION('',(-0.010083672703343996,-0.3439103745486895,0.9389483339473966));
#9438=FACE_BOUND('',#9439,.T.);
#9439=EDGE_LOOP('',(#9440,#9441,#9442));
#9440=ORIENTED_EDGE('',*,*,#9443,.T.);
#9441=ORIENTED_EDGE('',*,*,#9444,.T.);
#9442=ORIENTED_EDGE('',*,*,#9445,.T.);
#9443=EDGE_CURVE('',#699,#603,#9446,.F.);
#9444=EDGE_CURVE('',#603,#701,#9447,.T.);
#9445=EDGE_CURVE('',#701,#699,#9448,.T.);
#9446=LINE('',#698,#9449);
#9447=LINE('',#602,#9450);
#9448=LINE('',#700,#9451);
#9449=VECTOR('',#9452,1.0);
#9450=VECTOR('',#9453,1.0);
#9451=VECTOR('',#9454,1.0);
#9452=DIRECTION('',(-0.010083672703343996,-0.3439103745486895,0.9389483339473966));
#9453=DIRECTION('',(-0.044488372984002454,-0.6436141590656785,-0.7640560181815308));
#9454=DIRECTION('',(0.056968228680561527,0.9983759917591164,0));
#9455=FACE_SURFACE('',(#9460),#9456,.T.);
#9456=PLANE('',#9457);
#9457=AXIS2_PLACEMENT_3D('',#700,#9458,#9459);
#9458=DIRECTION('',(0.9967740282839045,-0.07973820191018902,0.009129933998003359));
#9459=DIRECTION('',(0.044488372984002454,0.6436141590656785,0.7640560181815308));
#9460=FACE_BOUND('',#9461,.T.);
#9461=EDGE_LOOP('',(#9462,#9463,#9464));
#9462=ORIENTED_EDGE('',*,*,#9465,.T.);
#9463=ORIENTED_EDGE('',*,*,#9466,.T.);
#9464=ORIENTED_EDGE('',*,*,#9467,.T.);
#9465=EDGE_CURVE('',#701,#603,#9468,.F.);
#9466=EDGE_CURVE('',#603,#599,#9469,.T.);
#9467=EDGE_CURVE('',#599,#701,#9470,.T.);
#9468=LINE('',#700,#9471);
#9469=LINE('',#602,#9472);
#9470=LINE('',#598,#9473);
#9471=VECTOR('',#9474,1.0);
#9472=VECTOR('',#9475,1.0);
#9473=VECTOR('',#9476,1.0);
#9474=DIRECTION('',(0.044488372984002454,0.6436141590656785,0.7640560181815308));
#9475=DIRECTION('',(-0.07974152543457795,-0.996815574277091,0));
#9476=DIRECTION('',(0.03360847860534739,0.3113873136984819,-0.9496885863447435));
#9477=FACE_SURFACE('',(#9482),#9478,.T.);
#9478=PLANE('',#9479);
#9479=AXIS2_PLACEMENT_3D('',#700,#9480,#9481);
#9480=DIRECTION('',(0.9906664497828819,-0.1359751895264894,-0.0095253927906513));
#9481=DIRECTION('',(-0.03360847860534739,-0.3113873136984819,0.9496885863447435));
#9482=FACE_BOUND('',#9483,.T.);
#9483=EDGE_LOOP('',(#9484,#9485,#9486));
#9484=ORIENTED_EDGE('',*,*,#9487,.T.);
#9485=ORIENTED_EDGE('',*,*,#9488,.T.);
#9486=ORIENTED_EDGE('',*,*,#9489,.T.);
#9487=EDGE_CURVE('',#701,#599,#9490,.F.);
#9488=EDGE_CURVE('',#599,#703,#9491,.T.);
#9489=EDGE_CURVE('',#703,#701,#9492,.T.);
#9490=LINE('',#700,#9493);
#9491=LINE('',#598,#9494);
#9492=LINE('',#702,#9495);
#9493=VECTOR('',#9496,1.0);
#9494=VECTOR('',#9497,1.0);
#9495=VECTOR('',#9498,1.0);
#9496=DIRECTION('',(-0.03360847860534739,-0.3113873136984819,0.9496885863447435));
#9497=DIRECTION('',(-0.09696677132037623,-0.6539019892736835,-0.7503396788679254));
#9498=DIRECTION('',(0.1359813586720677,0.9907113959643841,0));
#9499=FACE_SURFACE('',(#9504),#9500,.T.);
#9500=PLANE('',#9501);
#9501=AXIS2_PLACEMENT_3D('',#702,#9502,#9503);
#9502=DIRECTION('',(0.9876921586331816,-0.15618097221927332,0.00846780320794765));
#9503=DIRECTION('',(0.09696677132037623,0.6539019892736835,0.7503396788679254));
#9504=FACE_BOUND('',#9505,.T.);
#9505=EDGE_LOOP('',(#9506,#9507,#9508));
#9506=ORIENTED_EDGE('',*,*,#9509,.T.);
#9507=ORIENTED_EDGE('',*,*,#9510,.T.);
#9508=ORIENTED_EDGE('',*,*,#9511,.T.);
#9509=EDGE_CURVE('',#703,#599,#9512,.F.);
#9510=EDGE_CURVE('',#599,#595,#9513,.T.);
#9511=EDGE_CURVE('',#595,#703,#9514,.T.);
#9512=LINE('',#702,#9515);
#9513=LINE('',#598,#9516);
#9514=LINE('',#594,#9517);
#9515=VECTOR('',#9518,1.0);
#9516=VECTOR('',#9519,1.0);
#9517=VECTOR('',#9520,1.0);
#9518=DIRECTION('',(0.09696677132037623,0.6539019892736835,0.7503396788679254));
#9519=DIRECTION('',(-0.15618657189651247,-0.9877275711243538,0));
#9520=DIRECTION('',(0.05194462738011495,0.27647061190156313,-0.9596175052806802));
#9521=FACE_SURFACE('',(#9526),#9522,.T.);
#9522=PLANE('',#9523);
#9523=AXIS2_PLACEMENT_3D('',#702,#9524,#9525);
#9524=DIRECTION('',(0.9767655657889107,-0.214129069297014,-0.008818796463441237));
#9525=DIRECTION('',(-0.05194462738011495,-0.27647061190156313,0.9596175052806802));
#9526=FACE_BOUND('',#9527,.T.);
#9527=EDGE_LOOP('',(#9528,#9529,#9530));
#9528=ORIENTED_EDGE('',*,*,#9531,.T.);
#9529=ORIENTED_EDGE('',*,*,#9532,.T.);
#9530=ORIENTED_EDGE('',*,*,#9533,.T.);
#9531=EDGE_CURVE('',#703,#595,#9534,.F.);
#9532=EDGE_CURVE('',#595,#705,#9535,.T.);
#9533=EDGE_CURVE('',#705,#703,#9536,.T.);
#9534=LINE('',#702,#9537);
#9535=LINE('',#594,#9538);
#9536=LINE('',#704,#9539);
#9537=VECTOR('',#9540,1.0);
#9538=VECTOR('',#9541,1.0);
#9539=VECTOR('',#9542,1.0);
#9540=DIRECTION('',(-0.05194462738011495,-0.27647061190156313,0.9596175052806802));
#9541=DIRECTION('',(-0.15112118314129552,-0.659005717935892,-0.7367997365185295));
#9542=DIRECTION('',(0.21413739631695775,0.9768035501054418,0));
#9543=FACE_SURFACE('',(#9548),#9544,.T.);
#9544=PLANE('',#9545);
#9545=AXIS2_PLACEMENT_3D('',#704,#9546,#9547);
#9546=DIRECTION('',(0.9727571790564437,-0.23169789722427256,0.007717189643941239));
#9547=DIRECTION('',(0.15112118314129552,0.659005717935892,0.7367997365185295));
#9548=FACE_BOUND('',#9549,.T.);
#9549=EDGE_LOOP('',(#9550,#9551,#9552));
#9550=ORIENTED_EDGE('',*,*,#9553,.T.);
#9551=ORIENTED_EDGE('',*,*,#9554,.T.);
#9552=ORIENTED_EDGE('',*,*,#9555,.T.);
#9553=EDGE_CURVE('',#705,#595,#9556,.F.);
#9554=EDGE_CURVE('',#595,#591,#9557,.T.);
#9555=EDGE_CURVE('',#591,#705,#9558,.T.);
#9556=LINE('',#704,#9559);
#9557=LINE('',#594,#9560);
#9558=LINE('',#590,#9561);
#9559=VECTOR('',#9562,1.0);
#9560=VECTOR('',#9563,1.0);
#9561=VECTOR('',#9564,1.0);
#9562=DIRECTION('',(0.15112118314129552,0.659005717935892,0.7367997365185295));
#9563=DIRECTION('',(-0.23170479691844587,-0.9727861466350051,0));
#9564=DIRECTION('',(0.06481533535055677,0.23985710950686592,-0.9686421110618753));
#9565=FACE_SURFACE('',(#9570),#9566,.T.);
#9566=PLANE('',#9567);
#9567=AXIS2_PLACEMENT_3D('',#704,#9568,#9569);
#9568=DIRECTION('',(0.9567092971603112,-0.2909345650598201,-0.008024934920414688));
#9569=DIRECTION('',(-0.06481533535055677,-0.23985710950686592,0.9686421110618753));
#9570=FACE_BOUND('',#9571,.T.);
#9571=EDGE_LOOP('',(#9572,#9573,#9574));
#9572=ORIENTED_EDGE('',*,*,#9575,.T.);
#9573=ORIENTED_EDGE('',*,*,#9576,.T.);
#9574=ORIENTED_EDGE('',*,*,#9577,.T.);
#9575=EDGE_CURVE('',#705,#591,#9578,.F.);
#9576=EDGE_CURVE('',#591,#707,#9579,.T.);
#9577=EDGE_CURVE('',#707,#705,#9580,.T.);
#9578=LINE('',#704,#9581);
#9579=LINE('',#590,#9582);
#9580=LINE('',#706,#9583);
#9581=VECTOR('',#9584,1.0);
#9582=VECTOR('',#9585,1.0);
#9583=VECTOR('',#9586,1.0);
#9584=DIRECTION('',(-0.06481533535055677,-0.23985710950686592,0.9686421110618753));
#9585=DIRECTION('',(-0.2064058104171319,-0.658789532277859,-0.7234590476227157));
#9586=DIRECTION('',(0.2909439335442854,0.9567401044869909,0));
#9587=FACE_SURFACE('',(#9592),#9588,.T.);
#9588=PLANE('',#9589);
#9589=AXIS2_PLACEMENT_3D('',#706,#9590,#9591);
#9590=DIRECTION('',(0.9520569042785035,-0.3058436421602173,0.006878776475888884));
#9591=DIRECTION('',(0.2064058104171319,0.658789532277859,0.7234590476227157));
#9592=FACE_BOUND('',#9593,.T.);
#9593=EDGE_LOOP('',(#9594,#9595,#9596));
#9594=ORIENTED_EDGE('',*,*,#9597,.T.);
#9595=ORIENTED_EDGE('',*,*,#9598,.T.);
#9596=ORIENTED_EDGE('',*,*,#9599,.T.);
#9597=EDGE_CURVE('',#707,#591,#9600,.F.);
#9598=EDGE_CURVE('',#591,#587,#9601,.T.);
#9599=EDGE_CURVE('',#587,#707,#9602,.T.);
#9600=LINE('',#706,#9603);
#9601=LINE('',#590,#9604);
#9602=LINE('',#586,#9605);
#9603=VECTOR('',#9606,1.0);
#9604=VECTOR('',#9607,1.0);
#9605=VECTOR('',#9608,1.0);
#9606=DIRECTION('',(0.2064058104171319,0.658789532277859,0.7234590476227157));
#9607=DIRECTION('',(-0.3058508783053479,-0.952079429585498,0));
#9608=DIRECTION('',(0.07204036320016897,0.2022870560047463,-0.9766729918672474));
#9609=FACE_SURFACE('',(#9614),#9610,.T.);
#9610=PLANE('',#9611);
#9611=AXIS2_PLACEMENT_3D('',#706,#9612,#9613);
#9612=DIRECTION('',(0.9306235917719482,-0.36590806689209215,-0.0071426200214210235));
#9613=DIRECTION('',(-0.07204036320016897,-0.2022870560047463,0.9766729918672474));
#9614=FACE_BOUND('',#9615,.T.);
#9615=EDGE_LOOP('',(#9616,#9617,#9618));
#9616=ORIENTED_EDGE('',*,*,#9619,.T.);
#9617=ORIENTED_EDGE('',*,*,#9620,.T.);
#9618=ORIENTED_EDGE('',*,*,#9621,.T.);
#9619=EDGE_CURVE('',#707,#587,#9622,.F.);
#9620=EDGE_CURVE('',#587,#709,#9623,.T.);
#9621=EDGE_CURVE('',#709,#707,#9624,.T.);
#9622=LINE('',#706,#9625);
#9623=LINE('',#586,#9626);
#9624=LINE('',#708,#9627);
#9625=VECTOR('',#9628,1.0);
#9626=VECTOR('',#9629,1.0);
#9627=VECTOR('',#9630,1.0);
#9628=DIRECTION('',(-0.07204036320016897,-0.2022870560047463,0.9766729918672474));
#9629=DIRECTION('',(-0.2622704762439504,-0.653173424858476,-0.7103370146271559));
#9630=DIRECTION('',(0.3659174010189675,0.9306473315018552,0));
#9631=FACE_SURFACE('',(#9636),#9632,.T.);
#9632=PLANE('',#9633);
#9633=AXIS2_PLACEMENT_3D('',#708,#9634,#9635);
#9634=DIRECTION('',(0.9257138049171473,-0.37817789200393725,0.005952594835523706));
#9635=DIRECTION('',(0.2622704762439504,0.653173424858476,0.7103370146271559));
#9636=FACE_BOUND('',#9637,.T.);
#9637=EDGE_LOOP('',(#9638,#9639,#9640));
#9638=ORIENTED_EDGE('',*,*,#9641,.T.);
#9639=ORIENTED_EDGE('',*,*,#9642,.T.);
#9640=ORIENTED_EDGE('',*,*,#9643,.T.);
#9641=EDGE_CURVE('',#709,#587,#9644,.F.);
#9642=EDGE_CURVE('',#587,#583,#9645,.T.);
#9643=EDGE_CURVE('',#583,#709,#9646,.T.);
#9644=LINE('',#708,#9647);
#9645=LINE('',#586,#9648);
#9646=LINE('',#582,#9649);
#9647=VECTOR('',#9650,1.0);
#9648=VECTOR('',#9651,1.0);
#9649=VECTOR('',#9652,1.0);
#9650=DIRECTION('',(0.2622704762439504,0.653173424858476,0.7103370146271559));
#9651=DIRECTION('',(-0.378184592243472,-0.9257302059399589,0));
#9652=DIRECTION('',(0.07354011173259559,0.1645309441468774,-0.9836266671784039));
#9653=FACE_SURFACE('',(#9658),#9654,.T.);
#9654=PLANE('',#9655);
#9655=AXIS2_PLACEMENT_3D('',#708,#9656,#9657);
#9656=DIRECTION('',(0.8986729316138208,-0.4385759570456782,-0.0061718624489113146));
#9657=DIRECTION('',(-0.07354011173259559,-0.1645309441468774,0.9836266671784039));
#9658=FACE_BOUND('',#9659,.T.);
#9659=EDGE_LOOP('',(#9660,#9661,#9662));
#9660=ORIENTED_EDGE('',*,*,#9663,.T.);
#9661=ORIENTED_EDGE('',*,*,#9664,.T.);
#9662=ORIENTED_EDGE('',*,*,#9665,.T.);
#9663=EDGE_CURVE('',#709,#583,#9666,.F.);
#9664=EDGE_CURVE('',#583,#711,#9667,.T.);
#9665=EDGE_CURVE('',#711,#709,#9668,.T.);
#9666=LINE('',#708,#9669);
#9667=LINE('',#582,#9670);
#9668=LINE('',#710,#9671);
#9669=VECTOR('',#9672,1.0);
#9670=VECTOR('',#9673,1.0);
#9671=VECTOR('',#9674,1.0);
#9672=DIRECTION('',(-0.07354011173259559,-0.1645309441468774,0.9836266671784039));
#9673=DIRECTION('',(-0.3181674133693775,-0.6421325138960575,-0.69744916063278));
#9674=DIRECTION('',(0.438584310377023,0.8986900481762948,0));
#9675=FACE_SURFACE('',(#9680),#9676,.T.);
#9676=PLANE('',#9677);
#9677=AXIS2_PLACEMENT_3D('',#710,#9678,#9679);
#9678=DIRECTION('',(0.8938844742898279,-0.44827019028584,0.0049379271658245225));
#9679=DIRECTION('',(0.3181674133693775,0.6421325138960575,0.69744916063278));
#9680=FACE_BOUND('',#9681,.T.);
#9681=EDGE_LOOP('',(#9682,#9683,#9684));
#9682=ORIENTED_EDGE('',*,*,#9685,.T.);
#9683=ORIENTED_EDGE('',*,*,#9686,.T.);
#9684=ORIENTED_EDGE('',*,*,#9687,.T.);
#9685=EDGE_CURVE('',#711,#583,#9688,.F.);
#9686=EDGE_CURVE('',#583,#579,#9689,.T.);
#9687=EDGE_CURVE('',#579,#711,#9690,.T.);
#9688=LINE('',#710,#9691);
#9689=LINE('',#582,#9692);
#9690=LINE('',#578,#9693);
#9691=VECTOR('',#9694,1.0);
#9692=VECTOR('',#9695,1.0);
#9693=VECTOR('',#9696,1.0);
#9694=DIRECTION('',(0.3181674133693775,0.6421325138960575,0.69744916063278));
#9695=DIRECTION('',(-0.4482756554997578,-0.8938953723374243,0));
#9696=DIRECTION('',(0.06934174774545349,0.12737360138069692,-0.9894279598287675));
#9697=FACE_SURFACE('',(#9702),#9698,.T.);
#9698=PLANE('',#9699);
#9699=AXIS2_PLACEMENT_3D('',#710,#9700,#9701);
#9700=DIRECTION('',(0.8610580364472848,-0.5084809794139762,-0.005113848232967565));
#9701=DIRECTION('',(-0.06934174774545349,-0.12737360138069692,0.9894279598287675));
#9702=FACE_BOUND('',#9703,.T.);
#9703=EDGE_LOOP('',(#9704,#9705,#9706));
#9704=ORIENTED_EDGE('',*,*,#9707,.T.);
#9705=ORIENTED_EDGE('',*,*,#9708,.T.);
#9706=ORIENTED_EDGE('',*,*,#9709,.T.);
#9707=EDGE_CURVE('',#711,#579,#9710,.F.);
#9708=EDGE_CURVE('',#579,#713,#9711,.T.);
#9709=EDGE_CURVE('',#713,#711,#9712,.T.);
#9710=LINE('',#710,#9713);
#9711=LINE('',#578,#9714);
#9712=LINE('',#712,#9715);
#9713=VECTOR('',#9716,1.0);
#9714=VECTOR('',#9717,1.0);
#9715=VECTOR('',#9718,1.0);
#9716=DIRECTION('',(-0.06934174774545349,-0.12737360138069692,0.9894279598287675));
#9717=DIRECTION('',(-0.3735584021207985,-0.6256939311624208,-0.6848074362267627));
#9718=DIRECTION('',(0.5084876283002505,0.861069295623521,0));
#9719=FACE_SURFACE('',(#9724),#9720,.T.);
#9720=PLANE('',#9721);
#9721=AXIS2_PLACEMENT_3D('',#712,#9722,#9723);
#9722=DIRECTION('',(0.8567562713231928,-0.5157072643195129,0.003835241382745122));
#9723=DIRECTION('',(0.3735584021207985,0.6256939311624208,0.6848074362267627));
#9724=FACE_BOUND('',#9725,.T.);
#9725=EDGE_LOOP('',(#9726,#9727,#9728));
#9726=ORIENTED_EDGE('',*,*,#9729,.T.);
#9727=ORIENTED_EDGE('',*,*,#9730,.T.);
#9728=ORIENTED_EDGE('',*,*,#9731,.T.);
#9729=EDGE_CURVE('',#713,#579,#9732,.F.);
#9730=EDGE_CURVE('',#579,#575,#9733,.T.);
#9731=EDGE_CURVE('',#575,#713,#9734,.T.);
#9732=LINE('',#712,#9735);
#9733=LINE('',#578,#9736);
#9734=LINE('',#574,#9737);
#9735=VECTOR('',#9738,1.0);
#9736=VECTOR('',#9739,1.0);
#9737=VECTOR('',#9740,1.0);
#9738=DIRECTION('',(0.3735584021207985,0.6256939311624208,0.6848074362267627));
#9739=DIRECTION('',(-0.5157110571501466,-0.8567625724394584,0));
#9740=DIRECTION('',(0.059585194254577235,0.09159792191744272,-0.9940117832933623));
#9741=FACE_SURFACE('',(#9746),#9742,.T.);
#9742=PLANE('',#9743);
#9743=AXIS2_PLACEMENT_3D('',#712,#9744,#9745);
#9744=DIRECTION('',(0.8180158684145704,-0.5751819687648781,-0.003967597473915942));
#9745=DIRECTION('',(-0.059585194254577235,-0.09159792191744272,0.9940117832933623));
#9746=FACE_BOUND('',#9747,.T.);
#9747=EDGE_LOOP('',(#9748,#9749,#9750));
#9748=ORIENTED_EDGE('',*,*,#9751,.T.);
#9749=ORIENTED_EDGE('',*,*,#9752,.T.);
#9750=ORIENTED_EDGE('',*,*,#9753,.T.);
#9751=EDGE_CURVE('',#713,#575,#9754,.F.);
#9752=EDGE_CURVE('',#575,#715,#9755,.T.);
#9753=EDGE_CURVE('',#715,#713,#9756,.T.);
#9754=LINE('',#712,#9757);
#9755=LINE('',#574,#9758);
#9756=LINE('',#714,#9759);
#9757=VECTOR('',#9760,1.0);
#9758=VECTOR('',#9761,1.0);
#9759=VECTOR('',#9762,1.0);
#9760=DIRECTION('',(-0.059585194254577235,-0.09159792191744272,0.9940117832933623));
#9761=DIRECTION('',(-0.4279144995683679,-0.6039357484051155,-0.6724215886313483));
#9762=DIRECTION('',(0.5751864960266324,0.8180223070238394,0));
#9763=FACE_SURFACE('',(#9768),#9764,.T.);
#9764=PLANE('',#9765);
#9765=AXIS2_PLACEMENT_3D('',#714,#9766,#9767);
#9766=DIRECTION('',(0.8145496714220275,-0.580087786506781,0.002644377418225752));
#9767=DIRECTION('',(0.4279144995683679,0.6039357484051155,0.6724215886313483));
#9768=FACE_BOUND('',#9769,.T.);
#9769=EDGE_LOOP('',(#9770,#9771,#9772));
#9770=ORIENTED_EDGE('',*,*,#9773,.T.);
#9771=ORIENTED_EDGE('',*,*,#9774,.T.);
#9772=ORIENTED_EDGE('',*,*,#9775,.T.);
#9773=EDGE_CURVE('',#715,#575,#9776,.F.);
#9774=EDGE_CURVE('',#575,#571,#9777,.T.);
#9775=EDGE_CURVE('',#571,#715,#9778,.T.);
#9776=LINE('',#714,#9779);
#9777=LINE('',#574,#9780);
#9778=LINE('',#570,#9781);
#9779=VECTOR('',#9782,1.0);
#9780=VECTOR('',#9783,1.0);
#9781=VECTOR('',#9784,1.0);
#9782=DIRECTION('',(0.4279144995683679,0.6039357484051155,0.6724215886313483));
#9783=DIRECTION('',(-0.5800898147166116,-0.8145525194007119,0));
#9784=DIRECTION('',(0.04452018756303548,0.05796812235951811,-0.997325247694785));
#9785=FACE_SURFACE('',(#9790),#9786,.T.);
#9786=PLANE('',#9787);
#9787=AXIS2_PLACEMENT_3D('',#714,#9788,#9789);
#9788=DIRECTION('',(0.7698174289496155,-0.6382582971632542,-0.0027335302571632873));
#9789=DIRECTION('',(-0.04452018756303548,-0.05796812235951811,0.997325247694785));
#9790=FACE_BOUND('',#9791,.T.);
#9791=EDGE_LOOP('',(#9792,#9793,#9794));
#9792=ORIENTED_EDGE('',*,*,#9795,.T.);
#9793=ORIENTED_EDGE('',*,*,#9796,.T.);
#9794=ORIENTED_EDGE('',*,*,#9797,.T.);
#9795=EDGE_CURVE('',#715,#571,#9798,.F.);
#9796=EDGE_CURVE('',#571,#717,#9799,.T.);
#9797=EDGE_CURVE('',#717,#715,#9800,.T.);
#9798=LINE('',#714,#9801);
#9799=LINE('',#570,#9802);
#9800=LINE('',#716,#9803);
#9801=VECTOR('',#9804,1.0);
#9802=VECTOR('',#9805,1.0);
#9803=VECTOR('',#9806,1.0);
#9804=DIRECTION('',(-0.04452018756303548,-0.05796812235951811,0.997325247694785));
#9805=DIRECTION('',(-0.4807240523824679,-0.5769839737655768,-0.6602983261213544));
#9806=DIRECTION('',(0.638260681769506,0.7698203050758828,0));
#9807=FACE_SURFACE('',(#9812),#9808,.T.);
#9808=PLANE('',#9809);
#9809=AXIS2_PLACEMENT_3D('',#716,#9810,#9811);
#9810=DIRECTION('',(0.7675140281130484,-0.6410306939831424,0.001366023855461244));
#9811=DIRECTION('',(0.4807240523824679,0.5769839737655768,0.6602983261213544));
#9812=FACE_BOUND('',#9813,.T.);
#9813=EDGE_LOOP('',(#9814,#9815,#9816));
#9814=ORIENTED_EDGE('',*,*,#9817,.T.);
#9815=ORIENTED_EDGE('',*,*,#9818,.T.);
#9816=ORIENTED_EDGE('',*,*,#9819,.T.);
#9817=EDGE_CURVE('',#717,#571,#9820,.F.);
#9818=EDGE_CURVE('',#571,#569,#9821,.T.);
#9819=EDGE_CURVE('',#569,#717,#9822,.T.);
#9820=LINE('',#716,#9823);
#9821=LINE('',#570,#9824);
#9822=LINE('',#568,#9825);
#9823=VECTOR('',#9826,1.0);
#9824=VECTOR('',#9827,1.0);
#9825=VECTOR('',#9828,1.0);
#9826=DIRECTION('',(0.4807240523824679,0.5769839737655768,0.6602983261213544));
#9827=DIRECTION('',(-0.6410312920724035,-0.7675147442127643,0));
#9828=DIRECTION('',(0.02450538085183318,0.027211046322153813,-0.9993292977129012));
#9829=FACE_SURFACE('',(#9834),#9830,.T.);
#9830=PLANE('',#9831);
#9831=AXIS2_PLACEMENT_3D('',#716,#9832,#9833);
#9832=DIRECTION('',(0.7167665159789537,-0.697311817589164,-0.0014108940033330701));
#9833=DIRECTION('',(-0.02450538085183318,-0.027211046322153813,0.9993292977129012));
#9834=FACE_BOUND('',#9835,.T.);
#9835=EDGE_LOOP('',(#9836,#9837,#9838));
#9836=ORIENTED_EDGE('',*,*,#9839,.T.);
#9837=ORIENTED_EDGE('',*,*,#9840,.T.);
#9838=ORIENTED_EDGE('',*,*,#9841,.T.);
#9839=EDGE_CURVE('',#717,#569,#9842,.F.);
#9840=EDGE_CURVE('',#569,#553,#9843,.T.);
#9841=EDGE_CURVE('',#553,#717,#9844,.T.);
#9842=LINE('',#716,#9845);
#9843=LINE('',#568,#9846);
#9844=LINE('',#552,#9847);
#9845=VECTOR('',#9848,1.0);
#9846=VECTOR('',#9849,1.0);
#9847=VECTOR('',#9850,1.0);
#9848=DIRECTION('',(-0.02450538085183318,-0.027211046322153813,0.9993292977129012));
#9849=DIRECTION('',(-0.5314939539855744,-0.5450103902588043,-0.648442635386297));
#9850=DIRECTION('',(0.6973125116322839,0.7167672293855767,0));
#9851=FACE_SURFACE('',(#9856),#9852,.T.);
#9852=PLANE('',#9853);
#9853=AXIS2_PLACEMENT_3D('',#552,#9854,#9855);
#9854=DIRECTION('',(0.7159286832043252,-0.6981734172577191,0));
#9855=DIRECTION('',(0.5314939539855744,0.5450103902588043,0.648442635386297));
#9856=FACE_BOUND('',#9857,.T.);
#9857=EDGE_LOOP('',(#9858,#9859,#9860));
#9858=ORIENTED_EDGE('',*,*,#9861,.T.);
#9859=ORIENTED_EDGE('',*,*,#9862,.T.);
#9860=ORIENTED_EDGE('',*,*,#9863,.T.);
#9861=EDGE_CURVE('',#553,#569,#9864,.F.);
#9862=EDGE_CURVE('',#569,#565,#9865,.T.);
#9863=EDGE_CURVE('',#565,#553,#9866,.T.);
#9864=LINE('',#552,#9867);
#9865=LINE('',#568,#9868);
#9866=LINE('',#564,#9869);
#9867=VECTOR('',#9870,1.0);
#9868=VECTOR('',#9871,1.0);
#9869=VECTOR('',#9872,1.0);
#9870=DIRECTION('',(0.5314939539855744,0.5450103902588043,0.648442635386297));
#9871=DIRECTION('',(-0.6981734172577191,-0.7159286832043252,0));
#9872=DIRECTION('',(0,0,-1));
#9873=FACE_SURFACE('',(#9878),#9874,.T.);
#9874=PLANE('',#9875);
#9875=AXIS2_PLACEMENT_3D('',#640,#9876,#9877);
#9876=DIRECTION('',(-0.6847683070127126,0.7286757795716978,-0.011134360175675123));
#9877=DIRECTION('',(-0.7287209521889073,-0.6848107576848457,0));
#9878=FACE_BOUND('',#9879,.T.);
#9879=EDGE_LOOP('',(#9880,#9881,#9882));
#9880=ORIENTED_EDGE('',*,*,#9883,.T.);
#9881=ORIENTED_EDGE('',*,*,#9884,.T.);
#9882=ORIENTED_EDGE('',*,*,#9885,.T.);
#9883=EDGE_CURVE('',#641,#719,#9886,.F.);
#9884=EDGE_CURVE('',#719,#479,#9887,.T.);
#9885=EDGE_CURVE('',#479,#641,#9888,.T.);
#9886=LINE('',#640,#9889);
#9887=LINE('',#718,#9890);
#9888=LINE('',#478,#9891);
#9889=VECTOR('',#9892,1.0);
#9890=VECTOR('',#9893,1.0);
#9891=VECTOR('',#9894,1.0);
#9892=DIRECTION('',(-0.7287209521889073,-0.6848107576848457,0));
#9893=DIRECTION('',(0.2871879728284917,0.28386213145745254,0.9148471777226476));
#9894=DIRECTION('',(0.45038128515159626,0.4111325821888169,-0.7925444453454659));
#9895=FACE_SURFACE('',(#9900),#9896,.T.);
#9896=PLANE('',#9897);
#9897=AXIS2_PLACEMENT_3D('',#478,#9898,#9899);
#9898=DIRECTION('',(-0.7198210413932069,0.6940786826512279,0.010604275398870685));
#9899=DIRECTION('',(-0.2871879728284917,-0.28386213145745254,-0.9148471777226476));
#9900=FACE_BOUND('',#9901,.T.);
#9901=EDGE_LOOP('',(#9902,#9903,#9904));
#9902=ORIENTED_EDGE('',*,*,#9905,.T.);
#9903=ORIENTED_EDGE('',*,*,#9906,.T.);
#9904=ORIENTED_EDGE('',*,*,#9907,.T.);
#9905=EDGE_CURVE('',#479,#719,#9908,.F.);
#9906=EDGE_CURVE('',#719,#491,#9909,.T.);
#9907=EDGE_CURVE('',#491,#479,#9910,.T.);
#9908=LINE('',#478,#9911);
#9909=LINE('',#718,#9912);
#9910=LINE('',#490,#9913);
#9911=VECTOR('',#9914,1.0);
#9912=VECTOR('',#9915,1.0);
#9913=VECTOR('',#9916,1.0);
#9914=DIRECTION('',(-0.2871879728284917,-0.28386213145745254,-0.9148471777226476));
#9915=DIRECTION('',(-0.40408320428013156,-0.4313935768123702,0.8066079257630259));
#9916=DIRECTION('',(0.6941177107446549,0.719861516981287,0));
#9917=FACE_SURFACE('',(#9922),#9918,.T.);
#9918=PLANE('',#9919);
#9919=AXIS2_PLACEMENT_3D('',#490,#9920,#9921);
#9920=DIRECTION('',(-0.7404073124370357,0.6720603496766614,-0.011484689035813265));
#9921=DIRECTION('',(0.40408320428013156,0.4313935768123702,-0.8066079257630259));
#9922=FACE_BOUND('',#9923,.T.);
#9923=EDGE_LOOP('',(#9924,#9925,#9926));
#9924=ORIENTED_EDGE('',*,*,#9927,.T.);
#9925=ORIENTED_EDGE('',*,*,#9928,.T.);
#9926=ORIENTED_EDGE('',*,*,#9929,.T.);
#9927=EDGE_CURVE('',#491,#719,#9930,.F.);
#9928=EDGE_CURVE('',#719,#721,#9931,.T.);
#9929=EDGE_CURVE('',#721,#491,#9932,.T.);
#9930=LINE('',#490,#9933);
#9931=LINE('',#718,#9934);
#9932=LINE('',#720,#9935);
#9933=VECTOR('',#9936,1.0);
#9934=VECTOR('',#9937,1.0);
#9935=VECTOR('',#9938,1.0);
#9936=DIRECTION('',(0.40408320428013156,0.4313935768123702,-0.8066079257630259));
#9937=DIRECTION('',(-0.6721046757972463,-0.7404561464202173,0));
#9938=DIRECTION('',(0.28211054882142395,0.3262183126467618,0.9022168534989659));
#9939=FACE_SURFACE('',(#9944),#9940,.T.);
#9940=PLANE('',#9941);
#9941=AXIS2_PLACEMENT_3D('',#490,#9942,#9943);
#9942=DIRECTION('',(-0.7710786691865326,0.6366464051077256,0.010910581512261862));
#9943=DIRECTION('',(-0.28211054882142395,-0.3262183126467618,-0.9022168534989659));
#9944=FACE_BOUND('',#9945,.T.);
#9945=EDGE_LOOP('',(#9946,#9947,#9948));
#9946=ORIENTED_EDGE('',*,*,#9949,.T.);
#9947=ORIENTED_EDGE('',*,*,#9950,.T.);
#9948=ORIENTED_EDGE('',*,*,#9951,.T.);
#9949=EDGE_CURVE('',#491,#721,#9952,.F.);
#9950=EDGE_CURVE('',#721,#499,#9953,.T.);
#9951=EDGE_CURVE('',#499,#491,#9954,.T.);
#9952=LINE('',#490,#9955);
#9953=LINE('',#720,#9956);
#9954=LINE('',#498,#9957);
#9955=VECTOR('',#9958,1.0);
#9956=VECTOR('',#9959,1.0);
#9957=VECTOR('',#9960,1.0);
#9958=DIRECTION('',(-0.28211054882142395,-0.3262183126467618,-0.9022168534989659));
#9959=DIRECTION('',(-0.35682080120360193,-0.4462308694114785,0.8207051401159222));
#9960=DIRECTION('',(0.6366843019363789,0.7711245681910192,0));
#9961=FACE_SURFACE('',(#9966),#9962,.T.);
#9962=PLANE('',#9963);
#9963=AXIS2_PLACEMENT_3D('',#498,#9964,#9965);
#9964=DIRECTION('',(-0.7913809633365013,0.611210435095885,-0.011746271684666498));
#9965=DIRECTION('',(0.35682080120360193,0.4462308694114785,-0.8207051401159222));
#9966=FACE_BOUND('',#9967,.T.);
#9967=EDGE_LOOP('',(#9968,#9969,#9970));
#9968=ORIENTED_EDGE('',*,*,#9971,.T.);
#9969=ORIENTED_EDGE('',*,*,#9972,.T.);
#9970=ORIENTED_EDGE('',*,*,#9973,.T.);
#9971=EDGE_CURVE('',#499,#721,#9974,.F.);
#9972=EDGE_CURVE('',#721,#723,#9975,.T.);
#9973=EDGE_CURVE('',#723,#499,#9976,.T.);
#9974=LINE('',#498,#9977);
#9975=LINE('',#720,#9978);
#9976=LINE('',#722,#9979);
#9977=VECTOR('',#9980,1.0);
#9978=VECTOR('',#9981,1.0);
#9979=VECTOR('',#9982,1.0);
#9980=DIRECTION('',(0.35682080120360193,0.4462308694114785,-0.8207051401159222));
#9981=DIRECTION('',(-0.6112526053086276,-0.791435564340784,0));
#9982=DIRECTION('',(0.27137864724429805,0.3684624616209074,0.8891507432354293));
#9983=FACE_SURFACE('',(#9988),#9984,.T.);
#9984=PLANE('',#9985);
#9985=AXIS2_PLACEMENT_3D('',#498,#9986,#9987);
#9986=DIRECTION('',(-0.8177659013385269,0.575443382949333,0.011128505192251578));
#9987=DIRECTION('',(-0.27137864724429805,-0.3684624616209074,-0.8891507432354293));
#9988=FACE_BOUND('',#9989,.T.);
#9989=EDGE_LOOP('',(#9990,#9991,#9992));
#9990=ORIENTED_EDGE('',*,*,#9993,.T.);
#9991=ORIENTED_EDGE('',*,*,#9994,.T.);
#9992=ORIENTED_EDGE('',*,*,#9995,.T.);
#9993=EDGE_CURVE('',#499,#723,#9996,.F.);
#9994=EDGE_CURVE('',#723,#503,#9997,.T.);
#9995=EDGE_CURVE('',#503,#499,#9998,.T.);
#9996=LINE('',#498,#9999);
#9997=LINE('',#722,#10000);
#9998=LINE('',#502,#10001);
#9999=VECTOR('',#10002,1.0);
#10000=VECTOR('',#10003,1.0);
#10001=VECTOR('',#10004,1.0);
#10002=DIRECTION('',(-0.27137864724429805,-0.3684624616209074,-0.8891507432354293));
#10003=DIRECTION('',(-0.30919997761931184,-0.4555498251569628,0.8347872367493874));
#10004=DIRECTION('',(0.5754790187573909,0.8178165435903278,0));
#10005=FACE_SURFACE('',(#10010),#10006,.T.);
#10006=PLANE('',#10007);
#10007=AXIS2_PLACEMENT_3D('',#502,#10008,#10009);
#10008=DIRECTION('',(-0.8373673356799597,0.5465106081940455,-0.011920581681282892));
#10009=DIRECTION('',(0.30919997761931184,0.4555498251569628,-0.8347872367493874));
#10010=FACE_BOUND('',#10011,.T.);
#10011=EDGE_LOOP('',(#10012,#10013,#10014));
#10012=ORIENTED_EDGE('',*,*,#10015,.T.);
#10013=ORIENTED_EDGE('',*,*,#10016,.T.);
#10014=ORIENTED_EDGE('',*,*,#10017,.T.);
#10015=EDGE_CURVE('',#503,#723,#10018,.F.);
#10016=EDGE_CURVE('',#723,#725,#10019,.T.);
#10017=EDGE_CURVE('',#725,#503,#10020,.T.);
#10018=LINE('',#502,#10021);
#10019=LINE('',#722,#10022);
#10020=LINE('',#724,#10023);
#10021=VECTOR('',#10024,1.0);
#10022=VECTOR('',#10025,1.0);
#10023=VECTOR('',#10026,1.0);
#10024=DIRECTION('',(0.30919997761931184,0.4555498251569628,-0.8347872367493874));
#10025=DIRECTION('',(-0.5465494419846544,-0.8374268370826571,0));
#10026=DIRECTION('',(0.2550667776010051,0.4099167293114863,0.8757335291027819));
#10027=FACE_SURFACE('',(#10032),#10028,.T.);
#10028=PLANE('',#10029);
#10029=AXIS2_PLACEMENT_3D('',#502,#10030,#10031);
#10030=DIRECTION('',(-0.8596081226427933,0.5108298278627623,0.011258883258695658));
#10031=DIRECTION('',(-0.2550667776010051,-0.4099167293114863,-0.8757335291027819));
#10032=FACE_BOUND('',#10033,.T.);
#10033=EDGE_LOOP('',(#10034,#10035,#10036));
#10034=ORIENTED_EDGE('',*,*,#10037,.T.);
#10035=ORIENTED_EDGE('',*,*,#10038,.T.);
#10036=ORIENTED_EDGE('',*,*,#10039,.T.);
#10037=EDGE_CURVE('',#503,#725,#10040,.F.);
#10038=EDGE_CURVE('',#725,#507,#10041,.T.);
#10039=EDGE_CURVE('',#507,#503,#10042,.T.);
#10040=LINE('',#502,#10043);
#10041=LINE('',#724,#10044);
#10042=LINE('',#506,#10045);
#10043=VECTOR('',#10046,1.0);
#10044=VECTOR('',#10047,1.0);
#10045=VECTOR('',#10048,1.0);
#10046=DIRECTION('',(-0.2550667776010051,-0.4099167293114863,-0.8757335291027819));
#10047=DIRECTION('',(-0.26184152188194815,-0.45932638516896507,0.8487981440284591));
#10048=DIRECTION('',(0.5108622079620573,0.8596626108399339,0));
#10049=FACE_SURFACE('',(#10054),#10050,.T.);
#10050=PLANE('',#10051);
#10051=AXIS2_PLACEMENT_3D('',#506,#10052,#10053);
#10052=DIRECTION('',(-0.8780780083346503,0.47836687263536,-0.012006100287715165));
#10053=DIRECTION('',(0.26184152188194815,0.45932638516896507,-0.8487981440284591));
#10054=FACE_BOUND('',#10055,.T.);
#10055=EDGE_LOOP('',(#10056,#10057,#10058));
#10056=ORIENTED_EDGE('',*,*,#10059,.T.);
#10057=ORIENTED_EDGE('',*,*,#10060,.T.);
#10058=ORIENTED_EDGE('',*,*,#10061,.T.);
#10059=EDGE_CURVE('',#507,#725,#10062,.F.);
#10060=EDGE_CURVE('',#725,#727,#10063,.T.);
#10061=EDGE_CURVE('',#727,#507,#10064,.T.);
#10062=LINE('',#506,#10065);
#10063=LINE('',#724,#10066);
#10064=LINE('',#726,#10067);
#10065=VECTOR('',#10068,1.0);
#10066=VECTOR('',#10069,1.0);
#10067=VECTOR('',#10070,1.0);
#10068=DIRECTION('',(0.26184152188194815,0.45932638516896507,-0.8487981440284591));
#10069=DIRECTION('',(-0.47840135380499565,-0.8781413010885819,0));
#10070=DIRECTION('',(0.23332892812998804,0.44992831918861953,0.8620453113901927));
#10071=FACE_SURFACE('',(#10076),#10072,.T.);
#10072=PLANE('',#10073);
#10073=AXIS2_PLACEMENT_3D('',#506,#10074,#10075);
#10074=DIRECTION('',(-0.8963562299182933,0.4431904766970595,0.011300904906090167));
#10075=DIRECTION('',(-0.23332892812998804,-0.44992831918861953,-0.8620453113901927));
#10076=FACE_BOUND('',#10077,.T.);
#10077=EDGE_LOOP('',(#10078,#10079,#10080));
#10078=ORIENTED_EDGE('',*,*,#10081,.T.);
#10079=ORIENTED_EDGE('',*,*,#10082,.T.);
#10080=ORIENTED_EDGE('',*,*,#10083,.T.);
#10081=EDGE_CURVE('',#507,#727,#10084,.F.);
#10082=EDGE_CURVE('',#727,#511,#10085,.T.);
#10083=EDGE_CURVE('',#511,#507,#10086,.T.);
#10084=LINE('',#506,#10087);
#10085=LINE('',#726,#10088);
#10086=LINE('',#510,#10089);
#10087=VECTOR('',#10090,1.0);
#10088=VECTOR('',#10091,1.0);
#10089=VECTOR('',#10092,1.0);
#10090=DIRECTION('',(-0.23332892812998804,-0.44992831918861953,-0.8620453113901927));
#10091=DIRECTION('',(-0.2153794592455926,-0.45760401595475814,0.8626762156899619));
#10092=DIRECTION('',(0.4432187794359884,0.8964134724307041,0));
#10093=FACE_SURFACE('',(#10098),#10094,.T.);
#10094=PLANE('',#10095);
#10095=AXIS2_PLACEMENT_3D('',#510,#10096,#10097);
#10096=DIRECTION('',(-0.9132561052346618,0.4072090059534189,-0.012004654182641626));
#10097=DIRECTION('',(0.2153794592455926,0.45760401595475814,-0.8626762156899619));
#10098=FACE_BOUND('',#10099,.T.);
#10099=EDGE_LOOP('',(#10100,#10101,#10102));
#10100=ORIENTED_EDGE('',*,*,#10103,.T.);
#10101=ORIENTED_EDGE('',*,*,#10104,.T.);
#10102=ORIENTED_EDGE('',*,*,#10105,.T.);
#10103=EDGE_CURVE('',#511,#727,#10106,.F.);
#10104=EDGE_CURVE('',#727,#729,#10107,.T.);
#10105=EDGE_CURVE('',#729,#511,#10108,.T.);
#10106=LINE('',#510,#10109);
#10107=LINE('',#726,#10110);
#10108=LINE('',#728,#10111);
#10109=VECTOR('',#10112,1.0);
#10110=VECTOR('',#10113,1.0);
#10111=VECTOR('',#10114,1.0);
#10112=DIRECTION('',(0.2153794592455926,0.45760401595475814,-0.8626762156899619));
#10113=DIRECTION('',(-0.4072383509207124,-0.9133219178030159,0));
#10114=DIRECTION('',(0.20639080578527325,0.48788097809795555,0.8481597647244814));
#10115=FACE_SURFACE('',(#10120),#10116,.T.);
#10116=PLANE('',#10117);
#10117=AXIS2_PLACEMENT_3D('',#510,#10118,#10119);
#10118=DIRECTION('',(-0.9277936416224365,0.37292398182754954,0.011254436585776307));
#10119=DIRECTION('',(-0.20639080578527325,-0.48788097809795555,-0.8481597647244814));
#10120=FACE_BOUND('',#10121,.T.);
#10121=EDGE_LOOP('',(#10122,#10123,#10124));
#10122=ORIENTED_EDGE('',*,*,#10125,.T.);
#10123=ORIENTED_EDGE('',*,*,#10126,.T.);
#10124=ORIENTED_EDGE('',*,*,#10127,.T.);
#10125=EDGE_CURVE('',#511,#729,#10128,.F.);
#10126=EDGE_CURVE('',#729,#515,#10129,.T.);
#10127=EDGE_CURVE('',#515,#511,#10130,.T.);
#10128=LINE('',#510,#10131);
#10129=LINE('',#728,#10132);
#10130=LINE('',#514,#10133);
#10131=VECTOR('',#10134,1.0);
#10132=VECTOR('',#10135,1.0);
#10133=VECTOR('',#10136,1.0);
#10134=DIRECTION('',(-0.20639080578527325,-0.48788097809795555,-0.8481597647244814));
#10135=DIRECTION('',(-0.17044742884739827,-0.4505017544461094,0.8763537203893691));
#10136=DIRECTION('',(0.3729476017840166,0.9278524054630406,0));
#10137=FACE_SURFACE('',(#10142),#10138,.T.);
#10138=PLANE('',#10139);
#10139=AXIS2_PLACEMENT_3D('',#514,#10140,#10141);
#10140=DIRECTION('',(-0.9426795949677415,0.3334864804721343,-0.01191421729545989));
#10141=DIRECTION('',(0.17044742884739827,0.4505017544461094,-0.8763537203893691));
#10142=FACE_BOUND('',#10143,.T.);
#10143=EDGE_LOOP('',(#10144,#10145,#10146));
#10144=ORIENTED_EDGE('',*,*,#10147,.T.);
#10145=ORIENTED_EDGE('',*,*,#10148,.T.);
#10146=ORIENTED_EDGE('',*,*,#10149,.T.);
#10147=EDGE_CURVE('',#515,#729,#10150,.F.);
#10148=EDGE_CURVE('',#729,#731,#10151,.T.);
#10149=EDGE_CURVE('',#731,#515,#10152,.T.);
#10150=LINE('',#514,#10153);
#10151=LINE('',#728,#10154);
#10152=LINE('',#730,#10155);
#10153=VECTOR('',#10156,1.0);
#10154=VECTOR('',#10157,1.0);
#10155=VECTOR('',#10158,1.0);
#10156=DIRECTION('',(0.17044742884739827,0.4505017544461094,-0.8763537203893691));
#10157=DIRECTION('',(-0.3335101519574006,-0.9427465081035048,0));
#10158=DIRECTION('',(0.1745466336753006,0.5231987952393267,0.8341441681944061));
#10159=FACE_SURFACE('',(#10164),#10160,.T.);
#10160=PLANE('',#10161);
#10161=AXIS2_PLACEMENT_3D('',#514,#10162,#10163);
#10162=DIRECTION('',(-0.9537330849673924,0.3004488790385575,0.01112086880846759));
#10163=DIRECTION('',(-0.1745466336753006,-0.5231987952393267,-0.8341441681944061));
#10164=FACE_BOUND('',#10165,.T.);
#10165=EDGE_LOOP('',(#10166,#10167,#10168));
#10166=ORIENTED_EDGE('',*,*,#10169,.T.);
#10167=ORIENTED_EDGE('',*,*,#10170,.T.);
#10168=ORIENTED_EDGE('',*,*,#10171,.T.);
#10169=EDGE_CURVE('',#515,#731,#10172,.F.);
#10170=EDGE_CURVE('',#731,#519,#10173,.T.);
#10171=EDGE_CURVE('',#519,#515,#10174,.T.);
#10172=LINE('',#514,#10175);
#10173=LINE('',#730,#10176);
#10174=LINE('',#518,#10177);
#10175=VECTOR('',#10178,1.0);
#10176=VECTOR('',#10179,1.0);
#10177=VECTOR('',#10180,1.0);
#10178=DIRECTION('',(-0.1745466336753006,-0.5231987952393267,-0.8341441681944061));
#10179=DIRECTION('',(-0.12767356016272174,-0.4382155261838151,0.8897564917699775));
#10180=DIRECTION('',(0.3004674595777478,0.9537920662989887,0));
#10181=FACE_SURFACE('',(#10186),#10182,.T.);
#10182=PLANE('',#10183);
#10183=AXIS2_PLACEMENT_3D('',#518,#10184,#10185);
#10184=DIRECTION('',(-0.9661640640846976,0.25766113263697565,-0.011736353759638482));
#10185=DIRECTION('',(0.12767356016272174,0.4382155261838151,-0.8897564917699775));
#10186=FACE_BOUND('',#10187,.T.);
#10187=EDGE_LOOP('',(#10188,#10189,#10190));
#10188=ORIENTED_EDGE('',*,*,#10191,.T.);
#10189=ORIENTED_EDGE('',*,*,#10192,.T.);
#10190=ORIENTED_EDGE('',*,*,#10193,.T.);
#10191=EDGE_CURVE('',#519,#731,#10194,.F.);
#10192=EDGE_CURVE('',#731,#733,#10195,.T.);
#10193=EDGE_CURVE('',#733,#519,#10196,.T.);
#10194=LINE('',#518,#10197);
#10195=LINE('',#730,#10198);
#10196=LINE('',#732,#10199);
#10197=VECTOR('',#10200,1.0);
#10198=VECTOR('',#10201,1.0);
#10199=VECTOR('',#10202,1.0);
#10200=DIRECTION('',(0.12767356016272174,0.4382155261838151,-0.8897564917699775));
#10201=DIRECTION('',(-0.25767887985020976,-0.9662306116446223,0));
#10202=DIRECTION('',(0.1381426225491408,0.5553532932711482,0.8200605681827017));
#10203=FACE_SURFACE('',(#10208),#10204,.T.);
#10204=PLANE('',#10205);
#10205=AXIS2_PLACEMENT_3D('',#518,#10206,#10207);
#10206=DIRECTION('',(-0.9740218104930565,0.22619180314135356,0.01089866393148156));
#10207=DIRECTION('',(-0.1381426225491408,-0.5553532932711482,-0.8200605681827017));
#10208=FACE_BOUND('',#10209,.T.);
#10209=EDGE_LOOP('',(#10210,#10211,#10212));
#10210=ORIENTED_EDGE('',*,*,#10213,.T.);
#10211=ORIENTED_EDGE('',*,*,#10214,.T.);
#10212=ORIENTED_EDGE('',*,*,#10215,.T.);
#10213=EDGE_CURVE('',#519,#733,#10216,.F.);
#10214=EDGE_CURVE('',#733,#523,#10217,.T.);
#10215=EDGE_CURVE('',#523,#519,#10218,.T.);
#10216=LINE('',#518,#10219);
#10217=LINE('',#732,#10220);
#10218=LINE('',#522,#10221);
#10219=VECTOR('',#10222,1.0);
#10220=VECTOR('',#10223,1.0);
#10221=VECTOR('',#10224,1.0);
#10222=DIRECTION('',(-0.1381426225491408,-0.5553532932711482,-0.8200605681827017));
#10223=DIRECTION('',(-0.08766944360167345,-0.4210201800989857,0.9028045616898437));
#10224=DIRECTION('',(0.22620523796841888,0.9740796632286555,0));
#10225=FACE_SURFACE('',(#10230),#10226,.T.);
#10226=PLANE('',#10227);
#10227=AXIS2_PLACEMENT_3D('',#522,#10228,#10229);
#10228=DIRECTION('',(-0.9835608908981839,0.18021212438970172,-0.011470140300857868));
#10229=DIRECTION('',(0.08766944360167345,0.4210201800989857,-0.9028045616898437));
#10230=FACE_BOUND('',#10231,.T.);
#10231=EDGE_LOOP('',(#10232,#10233,#10234));
#10232=ORIENTED_EDGE('',*,*,#10235,.T.);
#10233=ORIENTED_EDGE('',*,*,#10236,.T.);
#10234=ORIENTED_EDGE('',*,*,#10237,.T.);
#10235=EDGE_CURVE('',#523,#733,#10238,.F.);
#10236=EDGE_CURVE('',#733,#735,#10239,.T.);
#10237=EDGE_CURVE('',#735,#523,#10240,.T.);
#10238=LINE('',#522,#10241);
#10239=LINE('',#732,#10242);
#10240=LINE('',#734,#10243);
#10241=VECTOR('',#10244,1.0);
#10242=VECTOR('',#10245,1.0);
#10243=VECTOR('',#10246,1.0);
#10244=DIRECTION('',(0.08766944360167345,0.4210201800989857,-0.9028045616898437));
#10245=DIRECTION('',(-0.1802239802842184,-0.9836255979439097,0));
#10246=DIRECTION('',(0.09757950107548824,0.5838669250851959,0.8059638048705517));
#10247=FACE_SURFACE('',(#10252),#10248,.T.);
#10248=PLANE('',#10249);
#10249=AXIS2_PLACEMENT_3D('',#522,#10250,#10251);
#10250=DIRECTION('',(-0.9885388461384179,0.15059495154001898,0.010588212596310476));
#10251=DIRECTION('',(-0.09757950107548824,-0.5838669250851959,-0.8059638048705517));
#10252=FACE_BOUND('',#10253,.T.);
#10253=EDGE_LOOP('',(#10254,#10255,#10256));
#10254=ORIENTED_EDGE('',*,*,#10257,.T.);
#10255=ORIENTED_EDGE('',*,*,#10258,.T.);
#10256=ORIENTED_EDGE('',*,*,#10259,.T.);
#10257=EDGE_CURVE('',#523,#735,#10260,.F.);
#10258=EDGE_CURVE('',#735,#527,#10261,.T.);
#10259=EDGE_CURVE('',#527,#523,#10262,.T.);
#10260=LINE('',#522,#10263);
#10261=LINE('',#734,#10264);
#10262=LINE('',#526,#10265);
#10263=VECTOR('',#10266,1.0);
#10264=VECTOR('',#10267,1.0);
#10265=VECTOR('',#10268,1.0);
#10266=DIRECTION('',(-0.09757950107548824,-0.5838669250851959,-0.8059638048705517));
#10267=DIRECTION('',(-0.051020194774661,-0.3992698867742657,0.9154127469291765));
#10268=DIRECTION('',(0.15060339386840985,0.988594263464702,0));
#10269=FACE_SURFACE('',(#10274),#10270,.T.);
#10270=PLANE('',#10271);
#10271=AXIS2_PLACEMENT_3D('',#526,#10272,#10273);
#10272=DIRECTION('',(-0.994760324913709,0.10162839678237481,-0.011115977015820195));
#10273=DIRECTION('',(0.051020194774661,0.3992698867742657,-0.9154127469291765));
#10274=FACE_BOUND('',#10275,.T.);
#10275=EDGE_LOOP('',(#10276,#10277,#10278));
#10276=ORIENTED_EDGE('',*,*,#10279,.T.);
#10277=ORIENTED_EDGE('',*,*,#10280,.T.);
#10278=ORIENTED_EDGE('',*,*,#10281,.T.);
#10279=EDGE_CURVE('',#527,#735,#10282,.F.);
#10280=EDGE_CURVE('',#735,#737,#10283,.T.);
#10281=EDGE_CURVE('',#737,#527,#10284,.T.);
#10282=LINE('',#526,#10285);
#10283=LINE('',#734,#10286);
#10284=LINE('',#736,#10287);
#10285=VECTOR('',#10288,1.0);
#10286=VECTOR('',#10289,1.0);
#10287=VECTOR('',#10290,1.0);
#10288=DIRECTION('',(0.051020194774661,0.3992698867742657,-0.9154127469291765));
#10289=DIRECTION('',(-0.10163467621794965,-0.9948217893623322,0));
#10290=DIRECTION('',(0.05329872126555595,0.608316478602977,0.7919029663863689));
#10291=FACE_SURFACE('',(#10296),#10292,.T.);
#10292=PLANE('',#10293);
#10293=AXIS2_PLACEMENT_3D('',#526,#10294,#10295);
#10294=DIRECTION('',(-0.9971983255034905,0.07410572984572533,0.010190211826403658));
#10295=DIRECTION('',(-0.05329872126555595,-0.608316478602977,-0.7919029663863689));
#10296=FACE_BOUND('',#10297,.T.);
#10297=EDGE_LOOP('',(#10298,#10299,#10300));
#10298=ORIENTED_EDGE('',*,*,#10301,.T.);
#10299=ORIENTED_EDGE('',*,*,#10302,.T.);
#10300=ORIENTED_EDGE('',*,*,#10303,.T.);
#10301=EDGE_CURVE('',#527,#737,#10304,.F.);
#10302=EDGE_CURVE('',#737,#531,#10305,.T.);
#10303=EDGE_CURVE('',#531,#527,#10306,.T.);
#10304=LINE('',#526,#10307);
#10305=LINE('',#736,#10308);
#10306=LINE('',#530,#10309);
#10307=VECTOR('',#10310,1.0);
#10308=VECTOR('',#10311,1.0);
#10309=VECTOR('',#10312,1.0);
#10310=DIRECTION('',(-0.05329872126555595,-0.608316478602977,-0.7919029663863689));
#10311=DIRECTION('',(-0.018270745076712166,-0.3733974617932233,0.9274915176974504));
#10312=DIRECTION('',(0.0741095777303495,0.9972501042810823,0));
#10313=FACE_SURFACE('',(#10318),#10314,.T.);
#10314=PLANE('',#10315);
#10315=AXIS2_PLACEMENT_3D('',#530,#10316,#10317);
#10316=DIRECTION('',(-0.9996920570348612,0.02240205683484707,-0.010674218986709916));
#10317=DIRECTION('',(0.018270745076712166,0.3733974617932233,-0.9274915176974504));
#10318=FACE_BOUND('',#10319,.T.);
#10319=EDGE_LOOP('',(#10320,#10321,#10322));
#10320=ORIENTED_EDGE('',*,*,#10323,.T.);
#10321=ORIENTED_EDGE('',*,*,#10324,.T.);
#10322=ORIENTED_EDGE('',*,*,#10325,.T.);
#10323=EDGE_CURVE('',#531,#737,#10326,.F.);
#10324=EDGE_CURVE('',#737,#739,#10327,.T.);
#10325=EDGE_CURVE('',#739,#531,#10328,.T.);
#10326=LINE('',#530,#10329);
#10327=LINE('',#736,#10330);
#10328=LINE('',#738,#10331);
#10329=VECTOR('',#10332,1.0);
#10330=VECTOR('',#10333,1.0);
#10331=VECTOR('',#10334,1.0);
#10332=DIRECTION('',(0.018270745076712166,0.3733974617932233,-0.9274915176974504));
#10333=DIRECTION('',(-0.022403333177344685,-0.9997490138342449,0));
#10334=DIRECTION('',(0.005774079233778811,0.6283352808906598,0.7779212266014198));
#10335=FACE_SURFACE('',(#10340),#10336,.T.);
#10336=PLANE('',#10337);
#10337=AXIS2_PLACEMENT_3D('',#530,#10338,#10339);
#10338=DIRECTION('',(-0.9999489241238878,-0.002825178133952214,0.009703994640904738));
#10339=DIRECTION('',(-0.005774079233778811,-0.6283352808906598,-0.7779212266014198));
#10340=FACE_BOUND('',#10341,.T.);
#10341=EDGE_LOOP('',(#10342,#10343,#10344));
#10342=ORIENTED_EDGE('',*,*,#10345,.T.);
#10343=ORIENTED_EDGE('',*,*,#10346,.T.);
#10344=ORIENTED_EDGE('',*,*,#10347,.T.);
#10345=EDGE_CURVE('',#531,#739,#10348,.F.);
#10346=EDGE_CURVE('',#739,#529,#10349,.T.);
#10347=EDGE_CURVE('',#529,#531,#10350,.T.);
#10348=LINE('',#530,#10351);
#10349=LINE('',#738,#10352);
#10350=LINE('',#528,#10353);
#10351=VECTOR('',#10354,1.0);
#10352=VECTOR('',#10355,1.0);
#10353=VECTOR('',#10356,1.0);
#10354=DIRECTION('',(-0.005774079233778811,-0.6283352808906598,-0.7779212266014198));
#10355=DIRECTION('',(0.010083672703343996,-0.3439103745486895,0.9389483339473966));
#10356=DIRECTION('',(-0.0028253111633454757,0.9999960088004504,0));
#10357=FACE_SURFACE('',(#10362),#10358,.T.);
#10358=PLANE('',#10359);
#10359=AXIS2_PLACEMENT_3D('',#528,#10360,#10361);
#10360=DIRECTION('',(-0.9983246291672304,-0.056965297885045264,-0.010143452813504377));
#10361=DIRECTION('',(-0.010083672703343996,0.3439103745486895,-0.9389483339473966));
#10362=FACE_BOUND('',#10363,.T.);
#10363=EDGE_LOOP('',(#10364,#10365,#10366));
#10364=ORIENTED_EDGE('',*,*,#10367,.T.);
#10365=ORIENTED_EDGE('',*,*,#10368,.T.);
#10366=ORIENTED_EDGE('',*,*,#10369,.T.);
#10367=EDGE_CURVE('',#529,#739,#10370,.F.);
#10368=EDGE_CURVE('',#739,#741,#10371,.T.);
#10369=EDGE_CURVE('',#741,#529,#10372,.T.);
#10370=LINE('',#528,#10373);
#10371=LINE('',#738,#10374);
#10372=LINE('',#740,#10375);
#10373=VECTOR('',#10376,1.0);
#10374=VECTOR('',#10377,1.0);
#10375=VECTOR('',#10378,1.0);
#10376=DIRECTION('',(-0.010083672703343996,0.3439103745486895,-0.9389483339473966));
#10377=DIRECTION('',(0.056968228680561527,-0.9983759917591164,0));
#10378=DIRECTION('',(-0.044488372984002454,0.6436141590656785,0.7640560181815308));
#10379=FACE_SURFACE('',(#10384),#10380,.T.);
#10380=PLANE('',#10381);
#10381=AXIS2_PLACEMENT_3D('',#528,#10382,#10383);
#10382=DIRECTION('',(-0.9967740282839045,-0.07973820191018902,0.009129933998003359));
#10383=DIRECTION('',(0.044488372984002454,-0.6436141590656785,-0.7640560181815308));
#10384=FACE_BOUND('',#10385,.T.);
#10385=EDGE_LOOP('',(#10386,#10387,#10388));
#10386=ORIENTED_EDGE('',*,*,#10389,.T.);
#10387=ORIENTED_EDGE('',*,*,#10390,.T.);
#10388=ORIENTED_EDGE('',*,*,#10391,.T.);
#10389=EDGE_CURVE('',#529,#741,#10392,.F.);
#10390=EDGE_CURVE('',#741,#525,#10393,.T.);
#10391=EDGE_CURVE('',#525,#529,#10394,.T.);
#10392=LINE('',#528,#10395);
#10393=LINE('',#740,#10396);
#10394=LINE('',#524,#10397);
#10395=VECTOR('',#10398,1.0);
#10396=VECTOR('',#10399,1.0);
#10397=VECTOR('',#10400,1.0);
#10398=DIRECTION('',(0.044488372984002454,-0.6436141590656785,-0.7640560181815308));
#10399=DIRECTION('',(0.03360847860534739,-0.3113873136984819,0.9496885863447435));
#10400=DIRECTION('',(-0.07974152543457795,0.996815574277091,0));
#10401=FACE_SURFACE('',(#10406),#10402,.T.);
#10402=PLANE('',#10403);
#10403=AXIS2_PLACEMENT_3D('',#524,#10404,#10405);
#10404=DIRECTION('',(-0.9906664497828819,-0.1359751895264894,-0.0095253927906513));
#10405=DIRECTION('',(-0.03360847860534739,0.3113873136984819,-0.9496885863447435));
#10406=FACE_BOUND('',#10407,.T.);
#10407=EDGE_LOOP('',(#10408,#10409,#10410));
#10408=ORIENTED_EDGE('',*,*,#10411,.T.);
#10409=ORIENTED_EDGE('',*,*,#10412,.T.);
#10410=ORIENTED_EDGE('',*,*,#10413,.T.);
#10411=EDGE_CURVE('',#525,#741,#10414,.F.);
#10412=EDGE_CURVE('',#741,#743,#10415,.T.);
#10413=EDGE_CURVE('',#743,#525,#10416,.T.);
#10414=LINE('',#524,#10417);
#10415=LINE('',#740,#10418);
#10416=LINE('',#742,#10419);
#10417=VECTOR('',#10420,1.0);
#10418=VECTOR('',#10421,1.0);
#10419=VECTOR('',#10422,1.0);
#10420=DIRECTION('',(-0.03360847860534739,0.3113873136984819,-0.9496885863447435));
#10421=DIRECTION('',(0.1359813586720677,-0.9907113959643841,0));
#10422=DIRECTION('',(-0.09696677132037623,0.6539019892736835,0.7503396788679254));
#10423=FACE_SURFACE('',(#10428),#10424,.T.);
#10424=PLANE('',#10425);
#10425=AXIS2_PLACEMENT_3D('',#524,#10426,#10427);
#10426=DIRECTION('',(-0.9876921586331816,-0.15618097221927332,0.00846780320794765));
#10427=DIRECTION('',(0.09696677132037623,-0.6539019892736835,-0.7503396788679254));
#10428=FACE_BOUND('',#10429,.T.);
#10429=EDGE_LOOP('',(#10430,#10431,#10432));
#10430=ORIENTED_EDGE('',*,*,#10433,.T.);
#10431=ORIENTED_EDGE('',*,*,#10434,.T.);
#10432=ORIENTED_EDGE('',*,*,#10435,.T.);
#10433=EDGE_CURVE('',#525,#743,#10436,.F.);
#10434=EDGE_CURVE('',#743,#521,#10437,.T.);
#10435=EDGE_CURVE('',#521,#525,#10438,.T.);
#10436=LINE('',#524,#10439);
#10437=LINE('',#742,#10440);
#10438=LINE('',#520,#10441);
#10439=VECTOR('',#10442,1.0);
#10440=VECTOR('',#10443,1.0);
#10441=VECTOR('',#10444,1.0);
#10442=DIRECTION('',(0.09696677132037623,-0.6539019892736835,-0.7503396788679254));
#10443=DIRECTION('',(0.05194462738011495,-0.27647061190156313,0.9596175052806802));
#10444=DIRECTION('',(-0.15618657189651247,0.9877275711243538,0));
#10445=FACE_SURFACE('',(#10450),#10446,.T.);
#10446=PLANE('',#10447);
#10447=AXIS2_PLACEMENT_3D('',#520,#10448,#10449);
#10448=DIRECTION('',(-0.9767655657889107,-0.214129069297014,-0.008818796463441237));
#10449=DIRECTION('',(-0.05194462738011495,0.27647061190156313,-0.9596175052806802));
#10450=FACE_BOUND('',#10451,.T.);
#10451=EDGE_LOOP('',(#10452,#10453,#10454));
#10452=ORIENTED_EDGE('',*,*,#10455,.T.);
#10453=ORIENTED_EDGE('',*,*,#10456,.T.);
#10454=ORIENTED_EDGE('',*,*,#10457,.T.);
#10455=EDGE_CURVE('',#521,#743,#10458,.F.);
#10456=EDGE_CURVE('',#743,#745,#10459,.T.);
#10457=EDGE_CURVE('',#745,#521,#10460,.T.);
#10458=LINE('',#520,#10461);
#10459=LINE('',#742,#10462);
#10460=LINE('',#744,#10463);
#10461=VECTOR('',#10464,1.0);
#10462=VECTOR('',#10465,1.0);
#10463=VECTOR('',#10466,1.0);
#10464=DIRECTION('',(-0.05194462738011495,0.27647061190156313,-0.9596175052806802));
#10465=DIRECTION('',(0.21413739631695775,-0.9768035501054418,0));
#10466=DIRECTION('',(-0.15112118314129552,0.659005717935892,0.7367997365185295));
#10467=FACE_SURFACE('',(#10472),#10468,.T.);
#10468=PLANE('',#10469);
#10469=AXIS2_PLACEMENT_3D('',#520,#10470,#10471);
#10470=DIRECTION('',(-0.9727571790564437,-0.23169789722427256,0.007717189643941239));
#10471=DIRECTION('',(0.15112118314129552,-0.659005717935892,-0.7367997365185295));
#10472=FACE_BOUND('',#10473,.T.);
#10473=EDGE_LOOP('',(#10474,#10475,#10476));
#10474=ORIENTED_EDGE('',*,*,#10477,.T.);
#10475=ORIENTED_EDGE('',*,*,#10478,.T.);
#10476=ORIENTED_EDGE('',*,*,#10479,.T.);
#10477=EDGE_CURVE('',#521,#745,#10480,.F.);
#10478=EDGE_CURVE('',#745,#517,#10481,.T.);
#10479=EDGE_CURVE('',#517,#521,#10482,.T.);
#10480=LINE('',#520,#10483);
#10481=LINE('',#744,#10484);
#10482=LINE('',#516,#10485);
#10483=VECTOR('',#10486,1.0);
#10484=VECTOR('',#10487,1.0);
#10485=VECTOR('',#10488,1.0);
#10486=DIRECTION('',(0.15112118314129552,-0.659005717935892,-0.7367997365185295));
#10487=DIRECTION('',(0.06481533535055677,-0.23985710950686592,0.9686421110618753));
#10488=DIRECTION('',(-0.23170479691844587,0.9727861466350051,0));
#10489=FACE_SURFACE('',(#10494),#10490,.T.);
#10490=PLANE('',#10491);
#10491=AXIS2_PLACEMENT_3D('',#516,#10492,#10493);
#10492=DIRECTION('',(-0.9567092971603112,-0.2909345650598201,-0.008024934920414688));
#10493=DIRECTION('',(-0.06481533535055677,0.23985710950686592,-0.9686421110618753));
#10494=FACE_BOUND('',#10495,.T.);
#10495=EDGE_LOOP('',(#10496,#10497,#10498));
#10496=ORIENTED_EDGE('',*,*,#10499,.T.);
#10497=ORIENTED_EDGE('',*,*,#10500,.T.);
#10498=ORIENTED_EDGE('',*,*,#10501,.T.);
#10499=EDGE_CURVE('',#517,#745,#10502,.F.);
#10500=EDGE_CURVE('',#745,#747,#10503,.T.);
#10501=EDGE_CURVE('',#747,#517,#10504,.T.);
#10502=LINE('',#516,#10505);
#10503=LINE('',#744,#10506);
#10504=LINE('',#746,#10507);
#10505=VECTOR('',#10508,1.0);
#10506=VECTOR('',#10509,1.0);
#10507=VECTOR('',#10510,1.0);
#10508=DIRECTION('',(-0.06481533535055677,0.23985710950686592,-0.9686421110618753));
#10509=DIRECTION('',(0.2909439335442854,-0.9567401044869909,0));
#10510=DIRECTION('',(-0.2064058104171319,0.658789532277859,0.7234590476227157));
#10511=FACE_SURFACE('',(#10516),#10512,.T.);
#10512=PLANE('',#10513);
#10513=AXIS2_PLACEMENT_3D('',#516,#10514,#10515);
#10514=DIRECTION('',(-0.9520569042785035,-0.3058436421602173,0.006878776475888884));
#10515=DIRECTION('',(0.2064058104171319,-0.658789532277859,-0.7234590476227157));
#10516=FACE_BOUND('',#10517,.T.);
#10517=EDGE_LOOP('',(#10518,#10519,#10520));
#10518=ORIENTED_EDGE('',*,*,#10521,.T.);
#10519=ORIENTED_EDGE('',*,*,#10522,.T.);
#10520=ORIENTED_EDGE('',*,*,#10523,.T.);
#10521=EDGE_CURVE('',#517,#747,#10524,.F.);
#10522=EDGE_CURVE('',#747,#513,#10525,.T.);
#10523=EDGE_CURVE('',#513,#517,#10526,.T.);
#10524=LINE('',#516,#10527);
#10525=LINE('',#746,#10528);
#10526=LINE('',#512,#10529);
#10527=VECTOR('',#10530,1.0);
#10528=VECTOR('',#10531,1.0);
#10529=VECTOR('',#10532,1.0);
#10530=DIRECTION('',(0.2064058104171319,-0.658789532277859,-0.7234590476227157));
#10531=DIRECTION('',(0.07204036320016897,-0.2022870560047463,0.9766729918672474));
#10532=DIRECTION('',(-0.3058508783053479,0.952079429585498,0));
#10533=FACE_SURFACE('',(#10538),#10534,.T.);
#10534=PLANE('',#10535);
#10535=AXIS2_PLACEMENT_3D('',#512,#10536,#10537);
#10536=DIRECTION('',(-0.9306235917719482,-0.36590806689209215,-0.0071426200214210235));
#10537=DIRECTION('',(-0.07204036320016897,0.2022870560047463,-0.9766729918672474));
#10538=FACE_BOUND('',#10539,.T.);
#10539=EDGE_LOOP('',(#10540,#10541,#10542));
#10540=ORIENTED_EDGE('',*,*,#10543,.T.);
#10541=ORIENTED_EDGE('',*,*,#10544,.T.);
#10542=ORIENTED_EDGE('',*,*,#10545,.T.);
#10543=EDGE_CURVE('',#513,#747,#10546,.F.);
#10544=EDGE_CURVE('',#747,#749,#10547,.T.);
#10545=EDGE_CURVE('',#749,#513,#10548,.T.);
#10546=LINE('',#512,#10549);
#10547=LINE('',#746,#10550);
#10548=LINE('',#748,#10551);
#10549=VECTOR('',#10552,1.0);
#10550=VECTOR('',#10553,1.0);
#10551=VECTOR('',#10554,1.0);
#10552=DIRECTION('',(-0.07204036320016897,0.2022870560047463,-0.9766729918672474));
#10553=DIRECTION('',(0.3659174010189675,-0.9306473315018552,0));
#10554=DIRECTION('',(-0.2622704762439504,0.653173424858476,0.7103370146271559));
#10555=FACE_SURFACE('',(#10560),#10556,.T.);
#10556=PLANE('',#10557);
#10557=AXIS2_PLACEMENT_3D('',#512,#10558,#10559);
#10558=DIRECTION('',(-0.9257138049171473,-0.37817789200393725,0.005952594835523706));
#10559=DIRECTION('',(0.2622704762439504,-0.653173424858476,-0.7103370146271559));
#10560=FACE_BOUND('',#10561,.T.);
#10561=EDGE_LOOP('',(#10562,#10563,#10564));
#10562=ORIENTED_EDGE('',*,*,#10565,.T.);
#10563=ORIENTED_EDGE('',*,*,#10566,.T.);
#10564=ORIENTED_EDGE('',*,*,#10567,.T.);
#10565=EDGE_CURVE('',#513,#749,#10568,.F.);
#10566=EDGE_CURVE('',#749,#509,#10569,.T.);
#10567=EDGE_CURVE('',#509,#513,#10570,.T.);
#10568=LINE('',#512,#10571);
#10569=LINE('',#748,#10572);
#10570=LINE('',#508,#10573);
#10571=VECTOR('',#10574,1.0);
#10572=VECTOR('',#10575,1.0);
#10573=VECTOR('',#10576,1.0);
#10574=DIRECTION('',(0.2622704762439504,-0.653173424858476,-0.7103370146271559));
#10575=DIRECTION('',(0.07354011173259559,-0.1645309441468774,0.9836266671784039));
#10576=DIRECTION('',(-0.378184592243472,0.9257302059399589,0));
#10577=FACE_SURFACE('',(#10582),#10578,.T.);
#10578=PLANE('',#10579);
#10579=AXIS2_PLACEMENT_3D('',#508,#10580,#10581);
#10580=DIRECTION('',(-0.8986729316138208,-0.4385759570456782,-0.0061718624489113146));
#10581=DIRECTION('',(-0.07354011173259559,0.1645309441468774,-0.9836266671784039));
#10582=FACE_BOUND('',#10583,.T.);
#10583=EDGE_LOOP('',(#10584,#10585,#10586));
#10584=ORIENTED_EDGE('',*,*,#10587,.T.);
#10585=ORIENTED_EDGE('',*,*,#10588,.T.);
#10586=ORIENTED_EDGE('',*,*,#10589,.T.);
#10587=EDGE_CURVE('',#509,#749,#10590,.F.);
#10588=EDGE_CURVE('',#749,#751,#10591,.T.);
#10589=EDGE_CURVE('',#751,#509,#10592,.T.);
#10590=LINE('',#508,#10593);
#10591=LINE('',#748,#10594);
#10592=LINE('',#750,#10595);
#10593=VECTOR('',#10596,1.0);
#10594=VECTOR('',#10597,1.0);
#10595=VECTOR('',#10598,1.0);
#10596=DIRECTION('',(-0.07354011173259559,0.1645309441468774,-0.9836266671784039));
#10597=DIRECTION('',(0.438584310377023,-0.8986900481762948,0));
#10598=DIRECTION('',(-0.3181674133693775,0.6421325138960575,0.69744916063278));
#10599=FACE_SURFACE('',(#10604),#10600,.T.);
#10600=PLANE('',#10601);
#10601=AXIS2_PLACEMENT_3D('',#508,#10602,#10603);
#10602=DIRECTION('',(-0.8938844742898279,-0.44827019028584,0.0049379271658245225));
#10603=DIRECTION('',(0.3181674133693775,-0.6421325138960575,-0.69744916063278));
#10604=FACE_BOUND('',#10605,.T.);
#10605=EDGE_LOOP('',(#10606,#10607,#10608));
#10606=ORIENTED_EDGE('',*,*,#10609,.T.);
#10607=ORIENTED_EDGE('',*,*,#10610,.T.);
#10608=ORIENTED_EDGE('',*,*,#10611,.T.);
#10609=EDGE_CURVE('',#509,#751,#10612,.F.);
#10610=EDGE_CURVE('',#751,#505,#10613,.T.);
#10611=EDGE_CURVE('',#505,#509,#10614,.T.);
#10612=LINE('',#508,#10615);
#10613=LINE('',#750,#10616);
#10614=LINE('',#504,#10617);
#10615=VECTOR('',#10618,1.0);
#10616=VECTOR('',#10619,1.0);
#10617=VECTOR('',#10620,1.0);
#10618=DIRECTION('',(0.3181674133693775,-0.6421325138960575,-0.69744916063278));
#10619=DIRECTION('',(0.06934174774545349,-0.12737360138069692,0.9894279598287675));
#10620=DIRECTION('',(-0.4482756554997578,0.8938953723374243,0));
#10621=FACE_SURFACE('',(#10626),#10622,.T.);
#10622=PLANE('',#10623);
#10623=AXIS2_PLACEMENT_3D('',#504,#10624,#10625);
#10624=DIRECTION('',(-0.8610580364472848,-0.5084809794139762,-0.005113848232967565));
#10625=DIRECTION('',(-0.06934174774545349,0.12737360138069692,-0.9894279598287675));
#10626=FACE_BOUND('',#10627,.T.);
#10627=EDGE_LOOP('',(#10628,#10629,#10630));
#10628=ORIENTED_EDGE('',*,*,#10631,.T.);
#10629=ORIENTED_EDGE('',*,*,#10632,.T.);
#10630=ORIENTED_EDGE('',*,*,#10633,.T.);
#10631=EDGE_CURVE('',#505,#751,#10634,.F.);
#10632=EDGE_CURVE('',#751,#753,#10635,.T.);
#10633=EDGE_CURVE('',#753,#505,#10636,.T.);
#10634=LINE('',#504,#10637);
#10635=LINE('',#750,#10638);
#10636=LINE('',#752,#10639);
#10637=VECTOR('',#10640,1.0);
#10638=VECTOR('',#10641,1.0);
#10639=VECTOR('',#10642,1.0);
#10640=DIRECTION('',(-0.06934174774545349,0.12737360138069692,-0.9894279598287675));
#10641=DIRECTION('',(0.5084876283002505,-0.861069295623521,0));
#10642=DIRECTION('',(-0.3735584021207985,0.6256939311624208,0.6848074362267627));
#10643=FACE_SURFACE('',(#10648),#10644,.T.);
#10644=PLANE('',#10645);
#10645=AXIS2_PLACEMENT_3D('',#504,#10646,#10647);
#10646=DIRECTION('',(-0.8567562713231928,-0.5157072643195129,0.003835241382745122));
#10647=DIRECTION('',(0.3735584021207985,-0.6256939311624208,-0.6848074362267627));
#10648=FACE_BOUND('',#10649,.T.);
#10649=EDGE_LOOP('',(#10650,#10651,#10652));
#10650=ORIENTED_EDGE('',*,*,#10653,.T.);
#10651=ORIENTED_EDGE('',*,*,#10654,.T.);
#10652=ORIENTED_EDGE('',*,*,#10655,.T.);
#10653=EDGE_CURVE('',#505,#753,#10656,.F.);
#10654=EDGE_CURVE('',#753,#501,#10657,.T.);
#10655=EDGE_CURVE('',#501,#505,#10658,.T.);
#10656=LINE('',#504,#10659);
#10657=LINE('',#752,#10660);
#10658=LINE('',#500,#10661);
#10659=VECTOR('',#10662,1.0);
#10660=VECTOR('',#10663,1.0);
#10661=VECTOR('',#10664,1.0);
#10662=DIRECTION('',(0.3735584021207985,-0.6256939311624208,-0.6848074362267627));
#10663=DIRECTION('',(0.059585194254577235,-0.09159792191744272,0.9940117832933623));
#10664=DIRECTION('',(-0.5157110571501466,0.8567625724394584,0));
#10665=FACE_SURFACE('',(#10670),#10666,.T.);
#10666=PLANE('',#10667);
#10667=AXIS2_PLACEMENT_3D('',#500,#10668,#10669);
#10668=DIRECTION('',(-0.8180158684145704,-0.5751819687648781,-0.003967597473915942));
#10669=DIRECTION('',(-0.059585194254577235,0.09159792191744272,-0.9940117832933623));
#10670=FACE_BOUND('',#10671,.T.);
#10671=EDGE_LOOP('',(#10672,#10673,#10674));
#10672=ORIENTED_EDGE('',*,*,#10675,.T.);
#10673=ORIENTED_EDGE('',*,*,#10676,.T.);
#10674=ORIENTED_EDGE('',*,*,#10677,.T.);
#10675=EDGE_CURVE('',#501,#753,#10678,.F.);
#10676=EDGE_CURVE('',#753,#755,#10679,.T.);
#10677=EDGE_CURVE('',#755,#501,#10680,.T.);
#10678=LINE('',#500,#10681);
#10679=LINE('',#752,#10682);
#10680=LINE('',#754,#10683);
#10681=VECTOR('',#10684,1.0);
#10682=VECTOR('',#10685,1.0);
#10683=VECTOR('',#10686,1.0);
#10684=DIRECTION('',(-0.059585194254577235,0.09159792191744272,-0.9940117832933623));
#10685=DIRECTION('',(0.5751864960266324,-0.8180223070238394,0));
#10686=DIRECTION('',(-0.4279144995683679,0.6039357484051155,0.6724215886313483));
#10687=FACE_SURFACE('',(#10692),#10688,.T.);
#10688=PLANE('',#10689);
#10689=AXIS2_PLACEMENT_3D('',#500,#10690,#10691);
#10690=DIRECTION('',(-0.8145496714220275,-0.580087786506781,0.002644377418225752));
#10691=DIRECTION('',(0.4279144995683679,-0.6039357484051155,-0.6724215886313483));
#10692=FACE_BOUND('',#10693,.T.);
#10693=EDGE_LOOP('',(#10694,#10695,#10696));
#10694=ORIENTED_EDGE('',*,*,#10697,.T.);
#10695=ORIENTED_EDGE('',*,*,#10698,.T.);
#10696=ORIENTED_EDGE('',*,*,#10699,.T.);
#10697=EDGE_CURVE('',#501,#755,#10700,.F.);
#10698=EDGE_CURVE('',#755,#497,#10701,.T.);
#10699=EDGE_CURVE('',#497,#501,#10702,.T.);
#10700=LINE('',#500,#10703);
#10701=LINE('',#754,#10704);
#10702=LINE('',#496,#10705);
#10703=VECTOR('',#10706,1.0);
#10704=VECTOR('',#10707,1.0);
#10705=VECTOR('',#10708,1.0);
#10706=DIRECTION('',(0.4279144995683679,-0.6039357484051155,-0.6724215886313483));
#10707=DIRECTION('',(0.04452018756303548,-0.05796812235951811,0.997325247694785));
#10708=DIRECTION('',(-0.5800898147166116,0.8145525194007119,0));
#10709=FACE_SURFACE('',(#10714),#10710,.T.);
#10710=PLANE('',#10711);
#10711=AXIS2_PLACEMENT_3D('',#496,#10712,#10713);
#10712=DIRECTION('',(-0.7698174289496155,-0.6382582971632542,-0.0027335302571632873));
#10713=DIRECTION('',(-0.04452018756303548,0.05796812235951811,-0.997325247694785));
#10714=FACE_BOUND('',#10715,.T.);
#10715=EDGE_LOOP('',(#10716,#10717,#10718));
#10716=ORIENTED_EDGE('',*,*,#10719,.T.);
#10717=ORIENTED_EDGE('',*,*,#10720,.T.);
#10718=ORIENTED_EDGE('',*,*,#10721,.T.);
#10719=EDGE_CURVE('',#497,#755,#10722,.F.);
#10720=EDGE_CURVE('',#755,#757,#10723,.T.);
#10721=EDGE_CURVE('',#757,#497,#10724,.T.);
#10722=LINE('',#496,#10725);
#10723=LINE('',#754,#10726);
#10724=LINE('',#756,#10727);
#10725=VECTOR('',#10728,1.0);
#10726=VECTOR('',#10729,1.0);
#10727=VECTOR('',#10730,1.0);
#10728=DIRECTION('',(-0.04452018756303548,0.05796812235951811,-0.997325247694785));
#10729=DIRECTION('',(0.638260681769506,-0.7698203050758828,0));
#10730=DIRECTION('',(-0.4807240523824679,0.5769839737655768,0.6602983261213544));
#10731=FACE_SURFACE('',(#10736),#10732,.T.);
#10732=PLANE('',#10733);
#10733=AXIS2_PLACEMENT_3D('',#496,#10734,#10735);
#10734=DIRECTION('',(-0.7675140281130484,-0.6410306939831424,0.001366023855461244));
#10735=DIRECTION('',(0.4807240523824679,-0.5769839737655768,-0.6602983261213544));
#10736=FACE_BOUND('',#10737,.T.);
#10737=EDGE_LOOP('',(#10738,#10739,#10740));
#10738=ORIENTED_EDGE('',*,*,#10741,.T.);
#10739=ORIENTED_EDGE('',*,*,#10742,.T.);
#10740=ORIENTED_EDGE('',*,*,#10743,.T.);
#10741=EDGE_CURVE('',#497,#757,#10744,.F.);
#10742=EDGE_CURVE('',#757,#493,#10745,.T.);
#10743=EDGE_CURVE('',#493,#497,#10746,.T.);
#10744=LINE('',#496,#10747);
#10745=LINE('',#756,#10748);
#10746=LINE('',#492,#10749);
#10747=VECTOR('',#10750,1.0);
#10748=VECTOR('',#10751,1.0);
#10749=VECTOR('',#10752,1.0);
#10750=DIRECTION('',(0.4807240523824679,-0.5769839737655768,-0.6602983261213544));
#10751=DIRECTION('',(0.02450538085183318,-0.027211046322153813,0.9993292977129012));
#10752=DIRECTION('',(-0.6410312920724035,0.7675147442127643,0));
#10753=FACE_SURFACE('',(#10758),#10754,.T.);
#10754=PLANE('',#10755);
#10755=AXIS2_PLACEMENT_3D('',#492,#10756,#10757);
#10756=DIRECTION('',(-0.7167665159789537,-0.697311817589164,-0.0014108940033330701));
#10757=DIRECTION('',(-0.02450538085183318,0.027211046322153813,-0.9993292977129012));
#10758=FACE_BOUND('',#10759,.T.);
#10759=EDGE_LOOP('',(#10760,#10761,#10762));
#10760=ORIENTED_EDGE('',*,*,#10763,.T.);
#10761=ORIENTED_EDGE('',*,*,#10764,.T.);
#10762=ORIENTED_EDGE('',*,*,#10765,.T.);
#10763=EDGE_CURVE('',#493,#757,#10766,.F.);
#10764=EDGE_CURVE('',#757,#549,#10767,.T.);
#10765=EDGE_CURVE('',#549,#493,#10768,.T.);
#10766=LINE('',#492,#10769);
#10767=LINE('',#756,#10770);
#10768=LINE('',#548,#10771);
#10769=VECTOR('',#10772,1.0);
#10770=VECTOR('',#10773,1.0);
#10771=VECTOR('',#10774,1.0);
#10772=DIRECTION('',(-0.02450538085183318,0.027211046322153813,-0.9993292977129012));
#10773=DIRECTION('',(0.6973125116322839,-0.7167672293855767,0));
#10774=DIRECTION('',(-0.5314939539855744,0.5450103902588043,0.648442635386297));
#10775=FACE_SURFACE('',(#10780),#10776,.T.);
#10776=PLANE('',#10777);
#10777=AXIS2_PLACEMENT_3D('',#492,#10778,#10779);
#10778=DIRECTION('',(-0.7159286832043252,-0.6981734172577191,0));
#10779=DIRECTION('',(0.5314939539855744,-0.5450103902588043,-0.648442635386297));
#10780=FACE_BOUND('',#10781,.T.);
#10781=EDGE_LOOP('',(#10782,#10783,#10784));
#10782=ORIENTED_EDGE('',*,*,#10785,.T.);
#10783=ORIENTED_EDGE('',*,*,#10786,.T.);
#10784=ORIENTED_EDGE('',*,*,#10787,.T.);
#10785=EDGE_CURVE('',#493,#549,#10788,.F.);
#10786=EDGE_CURVE('',#549,#495,#10789,.T.);
#10787=EDGE_CURVE('',#495,#493,#10790,.T.);
#10788=LINE('',#492,#10791);
#10789=LINE('',#548,#10792);
#10790=LINE('',#494,#10793);
#10791=VECTOR('',#10794,1.0);
#10792=VECTOR('',#10795,1.0);
#10793=VECTOR('',#10796,1.0);
#10794=DIRECTION('',(0.5314939539855744,-0.5450103902588043,-0.648442635386297));
#10795=DIRECTION('',(0,0,1));
#10796=DIRECTION('',(-0.6981734172577191,0.7159286832043252,0));
#10797=FACE_SURFACE('',(#10802),#10798,.T.);
#10798=PLANE('',#10799);
#10799=AXIS2_PLACEMENT_3D('',#756,#10800,#10801);
#10800=DIRECTION('',(0,0,1));
#10801=DIRECTION('',(-0.6552227126221747,-0.7554357662065248,0));
#10802=FACE_BOUND('',#10803,.T.);
#10803=EDGE_LOOP('',(#10804,#10805,#10806));
#10804=ORIENTED_EDGE('',*,*,#10807,.T.);
#10805=ORIENTED_EDGE('',*,*,#10808,.T.);
#10806=ORIENTED_EDGE('',*,*,#10809,.T.);
#10807=EDGE_CURVE('',#757,#149,#10810,.F.);
#10808=EDGE_CURVE('',#149,#549,#10811,.T.);
#10809=EDGE_CURVE('',#549,#757,#10812,.T.);
#10810=LINE('',#756,#10813);
#10811=LINE('',#148,#10814);
#10812=LINE('',#548,#10815);
#10813=VECTOR('',#10816,1.0);
#10814=VECTOR('',#10817,1.0);
#10815=VECTOR('',#10818,1.0);
#10816=DIRECTION('',(-0.6552227126221747,-0.7554357662065248,0));
#10817=DIRECTION('',(0.9402036724382844,0.3406127630221201,0));
#10818=DIRECTION('',(-0.6973125116322839,0.7167672293855767,0));
#10819=FACE_SURFACE('',(#10824),#10820,.T.);
#10820=PLANE('',#10821);
#10821=AXIS2_PLACEMENT_3D('',#548,#10822,#10823);
#10822=DIRECTION('',(0,0,1));
#10823=DIRECTION('',(-0.9402036724382844,-0.3406127630221201,0));
#10824=FACE_BOUND('',#10825,.T.);
#10825=EDGE_LOOP('',(#10826,#10827,#10828));
#10826=ORIENTED_EDGE('',*,*,#10829,.T.);
#10827=ORIENTED_EDGE('',*,*,#10830,.T.);
#10828=ORIENTED_EDGE('',*,*,#10831,.T.);
#10829=EDGE_CURVE('',#549,#149,#10832,.F.);
#10830=EDGE_CURVE('',#149,#153,#10833,.T.);
#10831=EDGE_CURVE('',#153,#549,#10834,.T.);
#10832=LINE('',#548,#10835);
#10833=LINE('',#148,#10836);
#10834=LINE('',#152,#10837);
#10835=VECTOR('',#10838,1.0);
#10836=VECTOR('',#10839,1.0);
#10837=VECTOR('',#10840,1.0);
#10838=DIRECTION('',(-0.9402036724382844,-0.3406127630221201,0));
#10839=DIRECTION('',(0.7071067811865476,-0.7071067811865476,0));
#10840=DIRECTION('',(0.6214204257074156,0.7834772839805978,0));
#10841=FACE_SURFACE('',(#10846),#10842,.T.);
#10842=PLANE('',#10843);
#10843=AXIS2_PLACEMENT_3D('',#548,#10844,#10845);
#10844=DIRECTION('',(0,0,1));
#10845=DIRECTION('',(-0.6214204257074156,-0.7834772839805978,0));
#10846=FACE_BOUND('',#10847,.T.);
#10847=EDGE_LOOP('',(#10848,#10849,#10850));
#10848=ORIENTED_EDGE('',*,*,#10851,.T.);
#10849=ORIENTED_EDGE('',*,*,#10852,.T.);
#10850=ORIENTED_EDGE('',*,*,#10853,.T.);
#10851=EDGE_CURVE('',#549,#153,#10854,.F.);
#10852=EDGE_CURVE('',#153,#545,#10855,.T.);
#10853=EDGE_CURVE('',#545,#549,#10856,.T.);
#10854=LINE('',#548,#10857);
#10855=LINE('',#152,#10858);
#10856=LINE('',#544,#10859);
#10857=VECTOR('',#10860,1.0);
#10858=VECTOR('',#10861,1.0);
#10859=VECTOR('',#10862,1.0);
#10860=DIRECTION('',(-0.6214204257074156,-0.7834772839805978,0));
#10861=DIRECTION('',(0.6942409557834889,0.7197426590892247,0));
#10862=DIRECTION('',(-0.7301201398685654,0.6833187992133002,0));
#10863=FACE_SURFACE('',(#10868),#10864,.T.);
#10864=PLANE('',#10865);
#10865=AXIS2_PLACEMENT_3D('',#544,#10866,#10867);
#10866=DIRECTION('',(0,0,1));
#10867=DIRECTION('',(-0.6942409557834889,-0.7197426590892247,0));
#10868=FACE_BOUND('',#10869,.T.);
#10869=EDGE_LOOP('',(#10870,#10871,#10872));
#10870=ORIENTED_EDGE('',*,*,#10873,.T.);
#10871=ORIENTED_EDGE('',*,*,#10874,.T.);
#10872=ORIENTED_EDGE('',*,*,#10875,.T.);
#10873=EDGE_CURVE('',#545,#153,#10876,.F.);
#10874=EDGE_CURVE('',#153,#541,#10877,.T.);
#10875=EDGE_CURVE('',#541,#545,#10878,.T.);
#10876=LINE('',#544,#10879);
#10877=LINE('',#152,#10880);
#10878=LINE('',#540,#10881);
#10879=VECTOR('',#10882,1.0);
#10880=VECTOR('',#10883,1.0);
#10881=VECTOR('',#10884,1.0);
#10882=DIRECTION('',(-0.6942409557834889,-0.7197426590892247,0));
#10883=DIRECTION('',(0.7602715297501008,0.6496054195059039,0));
#10884=DIRECTION('',(-0.7398259819560273,0.6727982732014105,0));
#10885=FACE_SURFACE('',(#10890),#10886,.T.);
#10886=PLANE('',#10887);
#10887=AXIS2_PLACEMENT_3D('',#540,#10888,#10889);
#10888=DIRECTION('',(0,0,1));
#10889=DIRECTION('',(-0.7602715297501008,-0.6496054195059039,0));
#10890=FACE_BOUND('',#10891,.T.);
#10891=EDGE_LOOP('',(#10892,#10893,#10894));
#10892=ORIENTED_EDGE('',*,*,#10895,.T.);
#10893=ORIENTED_EDGE('',*,*,#10896,.T.);
#10894=ORIENTED_EDGE('',*,*,#10897,.T.);
#10895=EDGE_CURVE('',#541,#153,#10898,.F.);
#10896=EDGE_CURVE('',#153,#533,#10899,.T.);
#10897=EDGE_CURVE('',#533,#541,#10900,.T.);
#10898=LINE('',#540,#10901);
#10899=LINE('',#152,#10902);
#10900=LINE('',#532,#10903);
#10901=VECTOR('',#10904,1.0);
#10902=VECTOR('',#10905,1.0);
#10903=VECTOR('',#10906,1.0);
#10904=DIRECTION('',(-0.7602715297501008,-0.6496054195059039,0));
#10905=DIRECTION('',(0.817759563975752,0.575559984298933,0));
#10906=DIRECTION('',(-0.749380412812017,0.6621397110079498,0));
#10907=FACE_SURFACE('',(#10912),#10908,.T.);
#10908=PLANE('',#10909);
#10909=AXIS2_PLACEMENT_3D('',#532,#10910,#10911);
#10910=DIRECTION('',(0,0,1));
#10911=DIRECTION('',(-0.817759563975752,-0.575559984298933,0));
#10912=FACE_BOUND('',#10913,.T.);
#10913=EDGE_LOOP('',(#10914,#10915,#10916));
#10914=ORIENTED_EDGE('',*,*,#10917,.T.);
#10915=ORIENTED_EDGE('',*,*,#10918,.T.);
#10916=ORIENTED_EDGE('',*,*,#10919,.T.);
#10917=EDGE_CURVE('',#533,#153,#10920,.F.);
#10918=EDGE_CURVE('',#153,#157,#10921,.T.);
#10919=EDGE_CURVE('',#157,#533,#10922,.T.);
#10920=LINE('',#532,#10923);
#10921=LINE('',#152,#10924);
#10922=LINE('',#156,#10925);
#10923=VECTOR('',#10926,1.0);
#10924=VECTOR('',#10927,1.0);
#10925=VECTOR('',#10928,1.0);
#10926=DIRECTION('',(-0.817759563975752,-0.575559984298933,0));
#10927=DIRECTION('',(0.7579715091070167,-0.6522876599952139,0));
#10928=DIRECTION('',(0.37965030242900916,0.9251300707822452,0));
#10929=FACE_SURFACE('',(#10934),#10930,.T.);
#10930=PLANE('',#10931);
#10931=AXIS2_PLACEMENT_3D('',#532,#10932,#10933);
#10932=DIRECTION('',(0,0,1));
#10933=DIRECTION('',(-0.37965030242900916,-0.9251300707822452,0));
#10934=FACE_BOUND('',#10935,.T.);
#10935=EDGE_LOOP('',(#10936,#10937,#10938));
#10936=ORIENTED_EDGE('',*,*,#10939,.T.);
#10937=ORIENTED_EDGE('',*,*,#10940,.T.);
#10938=ORIENTED_EDGE('',*,*,#10941,.T.);
#10939=EDGE_CURVE('',#533,#157,#10942,.F.);
#10940=EDGE_CURVE('',#157,#639,#10943,.T.);
#10941=EDGE_CURVE('',#639,#533,#10944,.T.);
#10942=LINE('',#532,#10945);
#10943=LINE('',#156,#10946);
#10944=LINE('',#638,#10947);
#10945=VECTOR('',#10948,1.0);
#10946=VECTOR('',#10949,1.0);
#10947=VECTOR('',#10950,1.0);
#10948=DIRECTION('',(-0.37965030242900916,-0.9251300707822452,0));
#10949=DIRECTION('',(0.7915417535748186,0.6111150892816353,0));
#10950=DIRECTION('',(-0.779637528113643,0.6262310474232721,0));
#10951=FACE_SURFACE('',(#10956),#10952,.T.);
#10952=PLANE('',#10953);
#10953=AXIS2_PLACEMENT_3D('',#638,#10954,#10955);
#10954=DIRECTION('',(0,0,1));
#10955=DIRECTION('',(-0.7915417535748186,-0.6111150892816353,0));
#10956=FACE_BOUND('',#10957,.T.);
#10957=EDGE_LOOP('',(#10958,#10959,#10960));
#10958=ORIENTED_EDGE('',*,*,#10961,.T.);
#10959=ORIENTED_EDGE('',*,*,#10962,.T.);
#10960=ORIENTED_EDGE('',*,*,#10963,.T.);
#10961=EDGE_CURVE('',#639,#157,#10964,.F.);
#10962=EDGE_CURVE('',#157,#161,#10965,.T.);
#10963=EDGE_CURVE('',#161,#639,#10966,.T.);
#10964=LINE('',#638,#10967);
#10965=LINE('',#156,#10968);
#10966=LINE('',#160,#10969);
#10967=VECTOR('',#10970,1.0);
#10968=VECTOR('',#10971,1.0);
#10969=VECTOR('',#10972,1.0);
#10970=DIRECTION('',(-0.7915417535748186,-0.6111150892816353,0));
#10971=DIRECTION('',(0.8045976558822929,-0.5938203534308328,0));
#10972=DIRECTION('',(0.3376304586554427,0.941278743724788,0));
#10973=FACE_SURFACE('',(#10978),#10974,.T.);
#10974=PLANE('',#10975);
#10975=AXIS2_PLACEMENT_3D('',#638,#10976,#10977);
#10976=DIRECTION('',(0,0,1));
#10977=DIRECTION('',(-0.3376304586554427,-0.941278743724788,0));
#10978=FACE_BOUND('',#10979,.T.);
#10979=EDGE_LOOP('',(#10980,#10981,#10982));
#10980=ORIENTED_EDGE('',*,*,#10983,.T.);
#10981=ORIENTED_EDGE('',*,*,#10984,.T.);
#10982=ORIENTED_EDGE('',*,*,#10985,.T.);
#10983=EDGE_CURVE('',#639,#161,#10986,.F.);
#10984=EDGE_CURVE('',#161,#637,#10987,.T.);
#10985=EDGE_CURVE('',#637,#639,#10988,.T.);
#10986=LINE('',#638,#10989);
#10987=LINE('',#160,#10990);
#10988=LINE('',#636,#10991);
#10989=VECTOR('',#10992,1.0);
#10990=VECTOR('',#10993,1.0);
#10991=VECTOR('',#10994,1.0);
#10992=DIRECTION('',(-0.3376304586554427,-0.941278743724788,0));
#10993=DIRECTION('',(0.7634152783047016,0.6459079755282133,0));
#10994=DIRECTION('',(-0.8269710278437474,0.5622445367516308,0));
#10995=FACE_SURFACE('',(#11000),#10996,.T.);
#10996=PLANE('',#10997);
#10997=AXIS2_PLACEMENT_3D('',#636,#10998,#10999);
#10998=DIRECTION('',(0,0,1));
#10999=DIRECTION('',(-0.7634152783047016,-0.6459079755282133,0));
#11000=FACE_BOUND('',#11001,.T.);
#11001=EDGE_LOOP('',(#11002,#11003,#11004));
#11002=ORIENTED_EDGE('',*,*,#11005,.T.);
#11003=ORIENTED_EDGE('',*,*,#11006,.T.);
#11004=ORIENTED_EDGE('',*,*,#11007,.T.);
#11005=EDGE_CURVE('',#637,#161,#11008,.F.);
#11006=EDGE_CURVE('',#161,#165,#11009,.T.);
#11007=EDGE_CURVE('',#165,#637,#11010,.T.);
#11008=LINE('',#636,#11011);
#11009=LINE('',#160,#11012);
#11010=LINE('',#164,#11013);
#11011=VECTOR('',#11014,1.0);
#11012=VECTOR('',#11015,1.0);
#11013=VECTOR('',#11016,1.0);
#11014=DIRECTION('',(-0.7634152783047016,-0.6459079755282133,0));
#11015=DIRECTION('',(0.8467244458699471,-0.5320316839871766,0));
#11016=DIRECTION('',(0.29548853476953985,0.9553462858145995,0));
#11017=FACE_SURFACE('',(#11022),#11018,.T.);
#11018=PLANE('',#11019);
#11019=AXIS2_PLACEMENT_3D('',#636,#11020,#11021);
#11020=DIRECTION('',(0,0,1));
#11021=DIRECTION('',(-0.29548853476953985,-0.9553462858145995,0));
#11022=FACE_BOUND('',#11023,.T.);
#11023=EDGE_LOOP('',(#11024,#11025,#11026));
#11024=ORIENTED_EDGE('',*,*,#11027,.T.);
#11025=ORIENTED_EDGE('',*,*,#11028,.T.);
#11026=ORIENTED_EDGE('',*,*,#11029,.T.);
#11027=EDGE_CURVE('',#637,#165,#11030,.F.);
#11028=EDGE_CURVE('',#165,#635,#11031,.T.);
#11029=EDGE_CURVE('',#635,#637,#11032,.T.);
#11030=LINE('',#636,#11033);
#11031=LINE('',#164,#11034);
#11032=LINE('',#634,#11035);
#11033=VECTOR('',#11036,1.0);
#11034=VECTOR('',#11037,1.0);
#11035=VECTOR('',#11038,1.0);
#11036=DIRECTION('',(-0.29548853476953985,-0.9553462858145995,0));
#11037=DIRECTION('',(0.7333429541041454,0.679858890995628,0));
#11038=DIRECTION('',(-0.8690669114528182,0.49469455567841014,0));
#11039=FACE_SURFACE('',(#11044),#11040,.T.);
#11040=PLANE('',#11041);
#11041=AXIS2_PLACEMENT_3D('',#634,#11042,#11043);
#11042=DIRECTION('',(0,0,1));
#11043=DIRECTION('',(-0.7333429541041454,-0.679858890995628,0));
#11044=FACE_BOUND('',#11045,.T.);
#11045=EDGE_LOOP('',(#11046,#11047,#11048));
#11046=ORIENTED_EDGE('',*,*,#11049,.T.);
#11047=ORIENTED_EDGE('',*,*,#11050,.T.);
#11048=ORIENTED_EDGE('',*,*,#11051,.T.);
#11049=EDGE_CURVE('',#635,#165,#11052,.F.);
#11050=EDGE_CURVE('',#165,#169,#11053,.T.);
#11051=EDGE_CURVE('',#169,#635,#11054,.T.);
#11052=LINE('',#634,#11055);
#11053=LINE('',#164,#11056);
#11054=LINE('',#168,#11057);
#11055=VECTOR('',#11058,1.0);
#11056=VECTOR('',#11059,1.0);
#11057=VECTOR('',#11060,1.0);
#11058=DIRECTION('',(-0.7333429541041454,-0.679858890995628,0));
#11059=DIRECTION('',(0.8841151733656437,-0.46726904479607645,0));
#11060=DIRECTION('',(0.25327880115703433,0.9673933268761241,0));
#11061=FACE_SURFACE('',(#11066),#11062,.T.);
#11062=PLANE('',#11063);
#11063=AXIS2_PLACEMENT_3D('',#634,#11064,#11065);
#11064=DIRECTION('',(0,0,1));
#11065=DIRECTION('',(-0.25327880115703433,-0.9673933268761241,0));
#11066=FACE_BOUND('',#11067,.T.);
#11067=EDGE_LOOP('',(#11068,#11069,#11070));
#11068=ORIENTED_EDGE('',*,*,#11071,.T.);
#11069=ORIENTED_EDGE('',*,*,#11072,.T.);
#11070=ORIENTED_EDGE('',*,*,#11073,.T.);
#11071=EDGE_CURVE('',#635,#169,#11074,.F.);
#11072=EDGE_CURVE('',#169,#633,#11075,.T.);
#11073=EDGE_CURVE('',#633,#635,#11076,.T.);
#11074=LINE('',#634,#11077);
#11075=LINE('',#168,#11078);
#11076=LINE('',#632,#11079);
#11077=VECTOR('',#11080,1.0);
#11078=VECTOR('',#11081,1.0);
#11079=VECTOR('',#11082,1.0);
#11080=DIRECTION('',(-0.25327880115703433,-0.9673933268761241,0));
#11081=DIRECTION('',(0.7012912525904648,0.7128748691320916,0));
#11082=DIRECTION('',(-0.9056564099084181,0.42401234320688747,0));
#11083=FACE_SURFACE('',(#11088),#11084,.T.);
#11084=PLANE('',#11085);
#11085=AXIS2_PLACEMENT_3D('',#632,#11086,#11087);
#11086=DIRECTION('',(0,0,1));
#11087=DIRECTION('',(-0.7012912525904648,-0.7128748691320916,0));
#11088=FACE_BOUND('',#11089,.T.);
#11089=EDGE_LOOP('',(#11090,#11091,#11092));
#11090=ORIENTED_EDGE('',*,*,#11093,.T.);
#11091=ORIENTED_EDGE('',*,*,#11094,.T.);
#11092=ORIENTED_EDGE('',*,*,#11095,.T.);
#11093=EDGE_CURVE('',#633,#169,#11096,.F.);
#11094=EDGE_CURVE('',#169,#173,#11097,.T.);
#11095=EDGE_CURVE('',#173,#633,#11098,.T.);
#11096=LINE('',#632,#11099);
#11097=LINE('',#168,#11100);
#11098=LINE('',#172,#11101);
#11099=VECTOR('',#11102,1.0);
#11100=VECTOR('',#11103,1.0);
#11101=VECTOR('',#11104,1.0);
#11102=DIRECTION('',(-0.7012912525904648,-0.7128748691320916,0));
#11103=DIRECTION('',(0.91656226699547,-0.3998919988198372,0));
#11104=DIRECTION('',(0.21104063418113952,0.9774772891092778,0));
#11105=FACE_SURFACE('',(#11110),#11106,.T.);
#11106=PLANE('',#11107);
#11107=AXIS2_PLACEMENT_3D('',#632,#11108,#11109);
#11108=DIRECTION('',(0,0,1));
#11109=DIRECTION('',(-0.21104063418113952,-0.9774772891092778,0));
#11110=FACE_BOUND('',#11111,.T.);
#11111=EDGE_LOOP('',(#11112,#11113,#11114));
#11112=ORIENTED_EDGE('',*,*,#11115,.T.);
#11113=ORIENTED_EDGE('',*,*,#11116,.T.);
#11114=ORIENTED_EDGE('',*,*,#11117,.T.);
#11115=EDGE_CURVE('',#633,#173,#11118,.F.);
#11116=EDGE_CURVE('',#173,#631,#11119,.T.);
#11117=EDGE_CURVE('',#631,#633,#11120,.T.);
#11118=LINE('',#632,#11121);
#11119=LINE('',#172,#11122);
#11120=LINE('',#630,#11123);
#11121=VECTOR('',#11124,1.0);
#11122=VECTOR('',#11125,1.0);
#11123=VECTOR('',#11126,1.0);
#11124=DIRECTION('',(-0.21104063418113952,-0.9774772891092778,0));
#11125=DIRECTION('',(0.6672347958376337,0.744847452317259,0));
#11126=DIRECTION('',(-0.9365089872263042,0.3506435752218511,0));
#11127=FACE_SURFACE('',(#11132),#11128,.T.);
#11128=PLANE('',#11129);
#11129=AXIS2_PLACEMENT_3D('',#630,#11130,#11131);
#11130=DIRECTION('',(0,0,1));
#11131=DIRECTION('',(-0.6672347958376337,-0.744847452317259,0));
#11132=FACE_BOUND('',#11133,.T.);
#11133=EDGE_LOOP('',(#11134,#11135,#11136));
#11134=ORIENTED_EDGE('',*,*,#11137,.T.);
#11135=ORIENTED_EDGE('',*,*,#11138,.T.);
#11136=ORIENTED_EDGE('',*,*,#11139,.T.);
#11137=EDGE_CURVE('',#631,#173,#11140,.F.);
#11138=EDGE_CURVE('',#173,#177,#11141,.T.);
#11139=EDGE_CURVE('',#177,#631,#11142,.T.);
#11140=LINE('',#630,#11143);
#11141=LINE('',#172,#11144);
#11142=LINE('',#176,#11145);
#11143=VECTOR('',#11146,1.0);
#11144=VECTOR('',#11147,1.0);
#11145=VECTOR('',#11148,1.0);
#11146=DIRECTION('',(-0.6672347958376337,-0.744847452317259,0));
#11147=DIRECTION('',(0.9438832568705066,-0.33027927182844136,0));
#11148=DIRECTION('',(0.16880123274582812,0.9856501122728535,0));
#11149=FACE_SURFACE('',(#11154),#11150,.T.);
#11150=PLANE('',#11151);
#11151=AXIS2_PLACEMENT_3D('',#630,#11152,#11153);
#11152=DIRECTION('',(0,0,1));
#11153=DIRECTION('',(-0.16880123274582812,-0.9856501122728535,0));
#11154=FACE_BOUND('',#11155,.T.);
#11155=EDGE_LOOP('',(#11156,#11157,#11158));
#11156=ORIENTED_EDGE('',*,*,#11159,.T.);
#11157=ORIENTED_EDGE('',*,*,#11160,.T.);
#11158=ORIENTED_EDGE('',*,*,#11161,.T.);
#11159=EDGE_CURVE('',#631,#177,#11162,.F.);
#11160=EDGE_CURVE('',#177,#629,#11163,.T.);
#11161=EDGE_CURVE('',#629,#631,#11164,.T.);
#11162=LINE('',#630,#11165);
#11163=LINE('',#176,#11166);
#11164=LINE('',#628,#11167);
#11165=VECTOR('',#11168,1.0);
#11166=VECTOR('',#11169,1.0);
#11167=VECTOR('',#11170,1.0);
#11168=DIRECTION('',(-0.16880123274582812,-0.9856501122728535,0));
#11169=DIRECTION('',(0.6311564501008085,0.7756555520952233,0));
#11170=DIRECTION('',(-0.9614290567997561,0.2750530289619284,0));
#11171=FACE_SURFACE('',(#11176),#11172,.T.);
#11172=PLANE('',#11173);
#11173=AXIS2_PLACEMENT_3D('',#628,#11174,#11175);
#11174=DIRECTION('',(0,0,1));
#11175=DIRECTION('',(-0.6311564501008085,-0.7756555520952233,0));
#11176=FACE_BOUND('',#11177,.T.);
#11177=EDGE_LOOP('',(#11178,#11179,#11180));
#11178=ORIENTED_EDGE('',*,*,#11181,.T.);
#11179=ORIENTED_EDGE('',*,*,#11182,.T.);
#11180=ORIENTED_EDGE('',*,*,#11183,.T.);
#11181=EDGE_CURVE('',#629,#177,#11184,.F.);
#11182=EDGE_CURVE('',#177,#181,#11185,.T.);
#11183=EDGE_CURVE('',#181,#629,#11186,.T.);
#11184=LINE('',#628,#11187);
#11185=LINE('',#176,#11188);
#11186=LINE('',#180,#11189);
#11187=VECTOR('',#11190,1.0);
#11188=VECTOR('',#11191,1.0);
#11189=VECTOR('',#11192,1.0);
#11190=DIRECTION('',(-0.6311564501008085,-0.7756555520952233,0));
#11191=DIRECTION('',(0.9659257764378522,-0.25881923114972044,0));
#11192=DIRECTION('',(0.12657547798556912,0.9919569790937128,0));
#11193=FACE_SURFACE('',(#11198),#11194,.T.);
#11194=PLANE('',#11195);
#11195=AXIS2_PLACEMENT_3D('',#628,#11196,#11197);
#11196=DIRECTION('',(0,0,1));
#11197=DIRECTION('',(-0.12657547798556912,-0.9919569790937128,0));
#11198=FACE_BOUND('',#11199,.T.);
#11199=EDGE_LOOP('',(#11200,#11201,#11202));
#11200=ORIENTED_EDGE('',*,*,#11203,.T.);
#11201=ORIENTED_EDGE('',*,*,#11204,.T.);
#11202=ORIENTED_EDGE('',*,*,#11205,.T.);
#11203=EDGE_CURVE('',#629,#181,#11206,.F.);
#11204=EDGE_CURVE('',#181,#627,#11207,.T.);
#11205=EDGE_CURVE('',#627,#629,#11208,.T.);
#11206=LINE('',#628,#11209);
#11207=LINE('',#180,#11210);
#11208=LINE('',#626,#11211);
#11209=VECTOR('',#11212,1.0);
#11210=VECTOR('',#11213,1.0);
#11211=VECTOR('',#11214,1.0);
#11212=DIRECTION('',(-0.12657547798556912,-0.9919569790937128,0));
#11213=DIRECTION('',(0.5930507366201934,0.8051650910181377,0));
#11214=DIRECTION('',(-0.9802583015647767,0.19772117290098,0));
#11215=FACE_SURFACE('',(#11220),#11216,.T.);
#11216=PLANE('',#11217);
#11217=AXIS2_PLACEMENT_3D('',#626,#11218,#11219);
#11218=DIRECTION('',(0,0,1));
#11219=DIRECTION('',(-0.5930507366201934,-0.8051650910181377,0));
#11220=FACE_BOUND('',#11221,.T.);
#11221=EDGE_LOOP('',(#11222,#11223,#11224));
#11222=ORIENTED_EDGE('',*,*,#11225,.T.);
#11223=ORIENTED_EDGE('',*,*,#11226,.T.);
#11224=ORIENTED_EDGE('',*,*,#11227,.T.);
#11225=EDGE_CURVE('',#627,#181,#11228,.F.);
#11226=EDGE_CURVE('',#181,#185,#11229,.T.);
#11227=EDGE_CURVE('',#185,#627,#11230,.T.);
#11228=LINE('',#626,#11231);
#11229=LINE('',#180,#11232);
#11230=LINE('',#184,#11233);
#11231=VECTOR('',#11234,1.0);
#11232=VECTOR('',#11235,1.0);
#11233=VECTOR('',#11236,1.0);
#11234=DIRECTION('',(-0.5930507366201934,-0.8051650910181377,0));
#11235=DIRECTION('',(0.9825666859235868,-0.18591048306413452,0));
#11236=DIRECTION('',(0.08436902642047259,0.9964345775718852,0));
#11237=FACE_SURFACE('',(#11242),#11238,.T.);
#11238=PLANE('',#11239);
#11239=AXIS2_PLACEMENT_3D('',#626,#11240,#11241);
#11240=DIRECTION('',(0,0,1));
#11241=DIRECTION('',(-0.08436902642047259,-0.9964345775718852,0));
#11242=FACE_BOUND('',#11243,.T.);
#11243=EDGE_LOOP('',(#11244,#11245,#11246));
#11244=ORIENTED_EDGE('',*,*,#11247,.T.);
#11245=ORIENTED_EDGE('',*,*,#11248,.T.);
#11246=ORIENTED_EDGE('',*,*,#11249,.T.);
#11247=EDGE_CURVE('',#627,#185,#11250,.F.);
#11248=EDGE_CURVE('',#185,#625,#11251,.T.);
#11249=EDGE_CURVE('',#625,#627,#11252,.T.);
#11250=LINE('',#626,#11253);
#11251=LINE('',#184,#11254);
#11252=LINE('',#624,#11255);
#11253=VECTOR('',#11256,1.0);
#11254=VECTOR('',#11257,1.0);
#11255=VECTOR('',#11258,1.0);
#11256=DIRECTION('',(-0.08436902642047259,-0.9964345775718852,0));
#11257=DIRECTION('',(0.5529241014396974,0.8332316232879687,0));
#11258=DIRECTION('',(-0.9928780146777235,0.11913541861940959,0));
#11259=FACE_SURFACE('',(#11264),#11260,.T.);
#11260=PLANE('',#11261);
#11261=AXIS2_PLACEMENT_3D('',#624,#11262,#11263);
#11262=DIRECTION('',(0,0,1));
#11263=DIRECTION('',(-0.5529241014396974,-0.8332316232879687,0));
#11264=FACE_BOUND('',#11265,.T.);
#11265=EDGE_LOOP('',(#11266,#11267,#11268));
#11266=ORIENTED_EDGE('',*,*,#11269,.T.);
#11267=ORIENTED_EDGE('',*,*,#11270,.T.);
#11268=ORIENTED_EDGE('',*,*,#11271,.T.);
#11269=EDGE_CURVE('',#625,#185,#11272,.F.);
#11270=EDGE_CURVE('',#185,#189,#11273,.T.);
#11271=EDGE_CURVE('',#189,#625,#11274,.T.);
#11272=LINE('',#624,#11275);
#11273=LINE('',#184,#11276);
#11274=LINE('',#188,#11277);
#11275=VECTOR('',#11278,1.0);
#11276=VECTOR('',#11279,1.0);
#11277=VECTOR('',#11280,1.0);
#11278=DIRECTION('',(-0.5529241014396974,-0.8332316232879687,0));
#11279=DIRECTION('',(0.9937121028612644,-0.11196542603430636,0));
#11280=DIRECTION('',(0.042179572398818206,0.9991100458269114,0));
#11281=FACE_SURFACE('',(#11286),#11282,.T.);
#11282=PLANE('',#11283);
#11283=AXIS2_PLACEMENT_3D('',#624,#11284,#11285);
#11284=DIRECTION('',(0,0,1));
#11285=DIRECTION('',(-0.042179572398818206,-0.9991100458269114,0));
#11286=FACE_BOUND('',#11287,.T.);
#11287=EDGE_LOOP('',(#11288,#11289,#11290));
#11288=ORIENTED_EDGE('',*,*,#11291,.T.);
#11289=ORIENTED_EDGE('',*,*,#11292,.T.);
#11290=ORIENTED_EDGE('',*,*,#11293,.T.);
#11291=EDGE_CURVE('',#625,#189,#11294,.F.);
#11292=EDGE_CURVE('',#189,#623,#11295,.T.);
#11293=EDGE_CURVE('',#623,#625,#11296,.T.);
#11294=LINE('',#624,#11297);
#11295=LINE('',#188,#11298);
#11296=LINE('',#622,#11299);
#11297=VECTOR('',#11300,1.0);
#11298=VECTOR('',#11301,1.0);
#11299=VECTOR('',#11302,1.0);
#11300=DIRECTION('',(-0.042179572398818206,-0.9991100458269114,0));
#11301=DIRECTION('',(0.5107966609686222,0.8597015593467925,0));
#11302=DIRECTION('',(-0.9992078199827527,0.03979613656267308,0));
#11303=FACE_SURFACE('',(#11308),#11304,.T.);
#11304=PLANE('',#11305);
#11305=AXIS2_PLACEMENT_3D('',#622,#11306,#11307);
#11306=DIRECTION('',(0,0,1));
#11307=DIRECTION('',(-0.5107966609686222,-0.8597015593467925,0));
#11308=FACE_BOUND('',#11309,.T.);
#11309=EDGE_LOOP('',(#11310,#11311,#11312));
#11310=ORIENTED_EDGE('',*,*,#11313,.T.);
#11311=ORIENTED_EDGE('',*,*,#11314,.T.);
#11312=ORIENTED_EDGE('',*,*,#11315,.T.);
#11313=EDGE_CURVE('',#623,#189,#11316,.F.);
#11314=EDGE_CURVE('',#189,#193,#11317,.T.);
#11315=EDGE_CURVE('',#193,#623,#11318,.T.);
#11316=LINE('',#622,#11319);
#11317=LINE('',#188,#11320);
#11318=LINE('',#192,#11321);
#11319=VECTOR('',#11322,1.0);
#11320=VECTOR('',#11323,1.0);
#11321=VECTOR('',#11324,1.0);
#11322=DIRECTION('',(-0.5107966609686222,-0.8597015593467925,0));
#11323=DIRECTION('',(0.9993007196947882,-0.037390795892549324,0));
#11324=DIRECTION('',(6.136982401753165E-16,1,0));
#11325=FACE_SURFACE('',(#11330),#11326,.T.);
#11326=PLANE('',#11327);
#11327=AXIS2_PLACEMENT_3D('',#622,#11328,#11329);
#11328=DIRECTION('',(0,0,1));
#11329=DIRECTION('',(-6.136982401753165E-16,-1,0));
#11330=FACE_BOUND('',#11331,.T.);
#11331=EDGE_LOOP('',(#11332,#11333,#11334));
#11332=ORIENTED_EDGE('',*,*,#11335,.T.);
#11333=ORIENTED_EDGE('',*,*,#11336,.T.);
#11334=ORIENTED_EDGE('',*,*,#11337,.T.);
#11335=EDGE_CURVE('',#623,#193,#11338,.F.);
#11336=EDGE_CURVE('',#193,#197,#11339,.T.);
#11337=EDGE_CURVE('',#197,#623,#11340,.T.);
#11338=LINE('',#622,#11341);
#11339=LINE('',#192,#11342);
#11340=LINE('',#196,#11343);
#11341=VECTOR('',#11344,1.0);
#11342=VECTOR('',#11345,1.0);
#11343=VECTOR('',#11346,1.0);
#11344=DIRECTION('',(-6.136982401753165E-16,-1,0));
#11345=DIRECTION('',(0.9993007196947882,0.037390795892549386,0));
#11346=DIRECTION('',(-0.5107966609686208,0.8597015593467932,0));
#11347=FACE_SURFACE('',(#11352),#11348,.T.);
#11348=PLANE('',#11349);
#11349=AXIS2_PLACEMENT_3D('',#148,#11350,#11351);
#11350=DIRECTION('',(0,-0,1));
#11351=DIRECTION('',(0.6552227126221747,0.7554357662065248,0));
#11352=FACE_BOUND('',#11353,.T.);
#11353=EDGE_LOOP('',(#11354,#11355,#11356));
#11354=ORIENTED_EDGE('',*,*,#11357,.T.);
#11355=ORIENTED_EDGE('',*,*,#11358,.T.);
#11356=ORIENTED_EDGE('',*,*,#11359,.T.);
#11357=EDGE_CURVE('',#149,#757,#11360,.F.);
#11358=EDGE_CURVE('',#757,#145,#11361,.T.);
#11359=EDGE_CURVE('',#145,#149,#11362,.T.);
#11360=LINE('',#148,#11363);
#11361=LINE('',#756,#11364);
#11362=LINE('',#144,#11365);
#11363=VECTOR('',#11366,1.0);
#11364=VECTOR('',#11367,1.0);
#11365=VECTOR('',#11368,1.0);
#11366=DIRECTION('',(0.6552227126221747,0.7554357662065248,0));
#11367=DIRECTION('',(-0.955785187679284,-0.29406576647558963,0));
#11368=DIRECTION('',(0.6522876599952139,-0.7579715091070167,0));
#11369=FACE_SURFACE('',(#11374),#11370,.T.);
#11370=PLANE('',#11371);
#11371=AXIS2_PLACEMENT_3D('',#144,#11372,#11373);
#11372=DIRECTION('',(0,0,1));
#11373=DIRECTION('',(0.955785187679284,0.29406576647558963,0));
#11374=FACE_BOUND('',#11375,.T.);
#11375=EDGE_LOOP('',(#11376,#11377,#11378));
#11376=ORIENTED_EDGE('',*,*,#11379,.T.);
#11377=ORIENTED_EDGE('',*,*,#11380,.T.);
#11378=ORIENTED_EDGE('',*,*,#11381,.T.);
#11379=EDGE_CURVE('',#145,#757,#11382,.F.);
#11380=EDGE_CURVE('',#757,#755,#11383,.T.);
#11381=EDGE_CURVE('',#755,#145,#11384,.T.);
#11382=LINE('',#144,#11385);
#11383=LINE('',#756,#11386);
#11384=LINE('',#754,#11387);
#11385=VECTOR('',#11388,1.0);
#11386=VECTOR('',#11389,1.0);
#11387=VECTOR('',#11390,1.0);
#11388=DIRECTION('',(0.955785187679284,0.29406576647558963,0));
#11389=DIRECTION('',(-0.638260681769506,0.7698203050758828,0));
#11390=DIRECTION('',(-0.687945654391265,-0.7257622038961344,0));
#11391=FACE_SURFACE('',(#11396),#11392,.T.);
#11392=PLANE('',#11393);
#11393=AXIS2_PLACEMENT_3D('',#144,#11394,#11395);
#11394=DIRECTION('',(0,-0,1));
#11395=DIRECTION('',(0.687945654391265,0.7257622038961344,0));
#11396=FACE_BOUND('',#11397,.T.);
#11397=EDGE_LOOP('',(#11398,#11399,#11400));
#11398=ORIENTED_EDGE('',*,*,#11401,.T.);
#11399=ORIENTED_EDGE('',*,*,#11402,.T.);
#11400=ORIENTED_EDGE('',*,*,#11403,.T.);
#11401=EDGE_CURVE('',#145,#755,#11404,.F.);
#11402=EDGE_CURVE('',#755,#141,#11405,.T.);
#11403=EDGE_CURVE('',#141,#145,#11406,.T.);
#11404=LINE('',#144,#11407);
#11405=LINE('',#754,#11408);
#11406=LINE('',#140,#11409);
#11407=VECTOR('',#11410,1.0);
#11408=VECTOR('',#11411,1.0);
#11409=VECTOR('',#11412,1.0);
#11410=DIRECTION('',(0.687945654391265,0.7257622038961344,0));
#11411=DIRECTION('',(-0.968895029374078,-0.24747206317926965,0));
#11412=DIRECTION('',(0.5938203534308328,-0.8045976558822929,0));
#11413=FACE_SURFACE('',(#11418),#11414,.T.);
#11414=PLANE('',#11415);
#11415=AXIS2_PLACEMENT_3D('',#140,#11416,#11417);
#11416=DIRECTION('',(0,0,1));
#11417=DIRECTION('',(0.968895029374078,0.24747206317926965,0));
#11418=FACE_BOUND('',#11419,.T.);
#11419=EDGE_LOOP('',(#11420,#11421,#11422));
#11420=ORIENTED_EDGE('',*,*,#11423,.T.);
#11421=ORIENTED_EDGE('',*,*,#11424,.T.);
#11422=ORIENTED_EDGE('',*,*,#11425,.T.);
#11423=EDGE_CURVE('',#141,#755,#11426,.F.);
#11424=EDGE_CURVE('',#755,#753,#11427,.T.);
#11425=EDGE_CURVE('',#753,#141,#11428,.T.);
#11426=LINE('',#140,#11429);
#11427=LINE('',#754,#11430);
#11428=LINE('',#752,#11431);
#11429=VECTOR('',#11432,1.0);
#11430=VECTOR('',#11433,1.0);
#11431=VECTOR('',#11434,1.0);
#11432=DIRECTION('',(0.968895029374078,0.24747206317926965,0));
#11433=DIRECTION('',(-0.5751864960266324,0.8180223070238394,0));
#11434=DIRECTION('',(-0.7195495600118068,-0.6944410923086386,0));
#11435=FACE_SURFACE('',(#11440),#11436,.T.);
#11436=PLANE('',#11437);
#11437=AXIS2_PLACEMENT_3D('',#140,#11438,#11439);
#11438=DIRECTION('',(0,-0,1));
#11439=DIRECTION('',(0.7195495600118068,0.6944410923086386,0));
#11440=FACE_BOUND('',#11441,.T.);
#11441=EDGE_LOOP('',(#11442,#11443,#11444));
#11442=ORIENTED_EDGE('',*,*,#11445,.T.);
#11443=ORIENTED_EDGE('',*,*,#11446,.T.);
#11444=ORIENTED_EDGE('',*,*,#11447,.T.);
#11445=EDGE_CURVE('',#141,#753,#11448,.F.);
#11446=EDGE_CURVE('',#753,#137,#11449,.T.);
#11447=EDGE_CURVE('',#137,#141,#11450,.T.);
#11448=LINE('',#140,#11451);
#11449=LINE('',#752,#11452);
#11450=LINE('',#136,#11453);
#11451=VECTOR('',#11454,1.0);
#11452=VECTOR('',#11455,1.0);
#11453=VECTOR('',#11456,1.0);
#11454=DIRECTION('',(0.7195495600118068,0.6944410923086386,0));
#11455=DIRECTION('',(-0.97960241276199,-0.2009455471287874,0));
#11456=DIRECTION('',(0.5320316839871766,-0.8467244458699471,0));
#11457=FACE_SURFACE('',(#11462),#11458,.T.);
#11458=PLANE('',#11459);
#11459=AXIS2_PLACEMENT_3D('',#136,#11460,#11461);
#11460=DIRECTION('',(0,0,1));
#11461=DIRECTION('',(0.97960241276199,0.2009455471287874,0));
#11462=FACE_BOUND('',#11463,.T.);
#11463=EDGE_LOOP('',(#11464,#11465,#11466));
#11464=ORIENTED_EDGE('',*,*,#11467,.T.);
#11465=ORIENTED_EDGE('',*,*,#11468,.T.);
#11466=ORIENTED_EDGE('',*,*,#11469,.T.);
#11467=EDGE_CURVE('',#137,#753,#11470,.F.);
#11468=EDGE_CURVE('',#753,#751,#11471,.T.);
#11469=EDGE_CURVE('',#751,#137,#11472,.T.);
#11470=LINE('',#136,#11473);
#11471=LINE('',#752,#11474);
#11472=LINE('',#750,#11475);
#11473=VECTOR('',#11476,1.0);
#11474=VECTOR('',#11477,1.0);
#11475=VECTOR('',#11478,1.0);
#11476=DIRECTION('',(0.97960241276199,0.2009455471287874,0));
#11477=DIRECTION('',(-0.5084876283002505,0.861069295623521,0));
#11478=DIRECTION('',(-0.7499827211617964,-0.6614574196112303,0));
#11479=FACE_SURFACE('',(#11484),#11480,.T.);
#11480=PLANE('',#11481);
#11481=AXIS2_PLACEMENT_3D('',#136,#11482,#11483);
#11482=DIRECTION('',(0,-0,1));
#11483=DIRECTION('',(0.7499827211617964,0.6614574196112303,0));
#11484=FACE_BOUND('',#11485,.T.);
#11485=EDGE_LOOP('',(#11486,#11487,#11488));
#11486=ORIENTED_EDGE('',*,*,#11489,.T.);
#11487=ORIENTED_EDGE('',*,*,#11490,.T.);
#11488=ORIENTED_EDGE('',*,*,#11491,.T.);
#11489=EDGE_CURVE('',#137,#751,#11492,.F.);
#11490=EDGE_CURVE('',#751,#133,#11493,.T.);
#11491=EDGE_CURVE('',#133,#137,#11494,.T.);
#11492=LINE('',#136,#11495);
#11493=LINE('',#750,#11496);
#11494=LINE('',#132,#11497);
#11495=VECTOR('',#11498,1.0);
#11496=VECTOR('',#11499,1.0);
#11497=VECTOR('',#11500,1.0);
#11498=DIRECTION('',(0.7499827211617964,0.6614574196112303,0));
#11499=DIRECTION('',(-0.9879795520791586,-0.1545846197830346,0));
#11500=DIRECTION('',(0.46726904479607645,-0.8841151733656437,0));
#11501=FACE_SURFACE('',(#11506),#11502,.T.);
#11502=PLANE('',#11503);
#11503=AXIS2_PLACEMENT_3D('',#132,#11504,#11505);
#11504=DIRECTION('',(0,0,1));
#11505=DIRECTION('',(0.9879795520791586,0.1545846197830346,0));
#11506=FACE_BOUND('',#11507,.T.);
#11507=EDGE_LOOP('',(#11508,#11509,#11510));
#11508=ORIENTED_EDGE('',*,*,#11511,.T.);
#11509=ORIENTED_EDGE('',*,*,#11512,.T.);
#11510=ORIENTED_EDGE('',*,*,#11513,.T.);
#11511=EDGE_CURVE('',#133,#751,#11514,.F.);
#11512=EDGE_CURVE('',#751,#749,#11515,.T.);
#11513=EDGE_CURVE('',#749,#133,#11516,.T.);
#11514=LINE('',#132,#11517);
#11515=LINE('',#750,#11518);
#11516=LINE('',#748,#11519);
#11517=VECTOR('',#11520,1.0);
#11518=VECTOR('',#11521,1.0);
#11519=VECTOR('',#11522,1.0);
#11520=DIRECTION('',(0.9879795520791586,0.1545846197830346,0));
#11521=DIRECTION('',(-0.438584310377023,0.8986900481762948,0));
#11522=DIRECTION('',(-0.779183293574298,-0.6267961351306413,0));
#11523=FACE_SURFACE('',(#11528),#11524,.T.);
#11524=PLANE('',#11525);
#11525=AXIS2_PLACEMENT_3D('',#132,#11526,#11527);
#11526=DIRECTION('',(0,-0,1));
#11527=DIRECTION('',(0.779183293574298,0.6267961351306413,0));
#11528=FACE_BOUND('',#11529,.T.);
#11529=EDGE_LOOP('',(#11530,#11531,#11532));
#11530=ORIENTED_EDGE('',*,*,#11533,.T.);
#11531=ORIENTED_EDGE('',*,*,#11534,.T.);
#11532=ORIENTED_EDGE('',*,*,#11535,.T.);
#11533=EDGE_CURVE('',#133,#749,#11536,.F.);
#11534=EDGE_CURVE('',#749,#129,#11537,.T.);
#11535=EDGE_CURVE('',#129,#133,#11538,.T.);
#11536=LINE('',#132,#11539);
#11537=LINE('',#748,#11540);
#11538=LINE('',#128,#11541);
#11539=VECTOR('',#11542,1.0);
#11540=VECTOR('',#11543,1.0);
#11541=VECTOR('',#11544,1.0);
#11542=DIRECTION('',(0.779183293574298,0.6267961351306413,0));
#11543=DIRECTION('',(-0.9940993512421098,-0.10847340623404525,0));
#11544=DIRECTION('',(0.3998919988198372,-0.91656226699547,0));
#11545=FACE_SURFACE('',(#11550),#11546,.T.);
#11546=PLANE('',#11547);
#11547=AXIS2_PLACEMENT_3D('',#128,#11548,#11549);
#11548=DIRECTION('',(0,0,1));
#11549=DIRECTION('',(0.9940993512421098,0.10847340623404525,0));
#11550=FACE_BOUND('',#11551,.T.);
#11551=EDGE_LOOP('',(#11552,#11553,#11554));
#11552=ORIENTED_EDGE('',*,*,#11555,.T.);
#11553=ORIENTED_EDGE('',*,*,#11556,.T.);
#11554=ORIENTED_EDGE('',*,*,#11557,.T.);
#11555=EDGE_CURVE('',#129,#749,#11558,.F.);
#11556=EDGE_CURVE('',#749,#747,#11559,.T.);
#11557=EDGE_CURVE('',#747,#129,#11560,.T.);
#11558=LINE('',#128,#11561);
#11559=LINE('',#748,#11562);
#11560=LINE('',#746,#11563);
#11561=VECTOR('',#11564,1.0);
#11562=VECTOR('',#11565,1.0);
#11563=VECTOR('',#11566,1.0);
#11564=DIRECTION('',(0.9940993512421098,0.10847340623404525,0));
#11565=DIRECTION('',(-0.3659174010189675,0.9306473315018552,0));
#11566=DIRECTION('',(-0.8070763748820465,-0.5904470552956076,0));
#11567=FACE_SURFACE('',(#11572),#11568,.T.);
#11568=PLANE('',#11569);
#11569=AXIS2_PLACEMENT_3D('',#128,#11570,#11571);
#11570=DIRECTION('',(0,-0,1));
#11571=DIRECTION('',(0.8070763748820465,0.5904470552956076,0));
#11572=FACE_BOUND('',#11573,.T.);
#11573=EDGE_LOOP('',(#11574,#11575,#11576));
#11574=ORIENTED_EDGE('',*,*,#11577,.T.);
#11575=ORIENTED_EDGE('',*,*,#11578,.T.);
#11576=ORIENTED_EDGE('',*,*,#11579,.T.);
#11577=EDGE_CURVE('',#129,#747,#11580,.F.);
#11578=EDGE_CURVE('',#747,#125,#11581,.T.);
#11579=EDGE_CURVE('',#125,#129,#11582,.T.);
#11580=LINE('',#128,#11583);
#11581=LINE('',#746,#11584);
#11582=LINE('',#124,#11585);
#11583=VECTOR('',#11586,1.0);
#11584=VECTOR('',#11587,1.0);
#11585=VECTOR('',#11588,1.0);
#11586=DIRECTION('',(0.8070763748820465,0.5904470552956076,0));
#11587=DIRECTION('',(-0.9980335233014731,-0.06268242470140829,0));
#11588=DIRECTION('',(0.33027927182844136,-0.9438832568705066,0));
#11589=FACE_SURFACE('',(#11594),#11590,.T.);
#11590=PLANE('',#11591);
#11591=AXIS2_PLACEMENT_3D('',#124,#11592,#11593);
#11592=DIRECTION('',(0,0,1));
#11593=DIRECTION('',(0.9980335233014731,0.06268242470140829,0));
#11594=FACE_BOUND('',#11595,.T.);
#11595=EDGE_LOOP('',(#11596,#11597,#11598));
#11596=ORIENTED_EDGE('',*,*,#11599,.T.);
#11597=ORIENTED_EDGE('',*,*,#11600,.T.);
#11598=ORIENTED_EDGE('',*,*,#11601,.T.);
#11599=EDGE_CURVE('',#125,#747,#11602,.F.);
#11600=EDGE_CURVE('',#747,#745,#11603,.T.);
#11601=EDGE_CURVE('',#745,#125,#11604,.T.);
#11602=LINE('',#124,#11605);
#11603=LINE('',#746,#11606);
#11604=LINE('',#744,#11607);
#11605=VECTOR('',#11608,1.0);
#11606=VECTOR('',#11609,1.0);
#11607=VECTOR('',#11610,1.0);
#11608=DIRECTION('',(0.9980335233014731,0.06268242470140829,0));
#11609=DIRECTION('',(-0.2909439335442854,0.9567401044869909,0));
#11610=DIRECTION('',(-0.8335758518262976,-0.5524050137825168,0));
#11611=FACE_SURFACE('',(#11616),#11612,.T.);
#11612=PLANE('',#11613);
#11613=AXIS2_PLACEMENT_3D('',#124,#11614,#11615);
#11614=DIRECTION('',(0,-0,1));
#11615=DIRECTION('',(0.8335758518262976,0.5524050137825168,0));
#11616=FACE_BOUND('',#11617,.T.);
#11617=EDGE_LOOP('',(#11618,#11619,#11620));
#11618=ORIENTED_EDGE('',*,*,#11621,.T.);
#11619=ORIENTED_EDGE('',*,*,#11622,.T.);
#11620=ORIENTED_EDGE('',*,*,#11623,.T.);
#11621=EDGE_CURVE('',#125,#745,#11624,.F.);
#11622=EDGE_CURVE('',#745,#121,#11625,.T.);
#11623=EDGE_CURVE('',#121,#125,#11626,.T.);
#11624=LINE('',#124,#11627);
#11625=LINE('',#744,#11628);
#11626=LINE('',#120,#11629);
#11627=VECTOR('',#11630,1.0);
#11628=VECTOR('',#11631,1.0);
#11629=VECTOR('',#11632,1.0);
#11630=DIRECTION('',(0.8335758518262976,0.5524050137825168,0));
#11631=DIRECTION('',(-0.999850884192875,-0.017268739928733148,0));
#11632=DIRECTION('',(0.25881923114972044,-0.9659257764378522,0));
#11633=FACE_SURFACE('',(#11638),#11634,.T.);
#11634=PLANE('',#11635);
#11635=AXIS2_PLACEMENT_3D('',#120,#11636,#11637);
#11636=DIRECTION('',(0,0,1));
#11637=DIRECTION('',(0.999850884192875,0.017268739928733148,0));
#11638=FACE_BOUND('',#11639,.T.);
#11639=EDGE_LOOP('',(#11640,#11641,#11642));
#11640=ORIENTED_EDGE('',*,*,#11643,.T.);
#11641=ORIENTED_EDGE('',*,*,#11644,.T.);
#11642=ORIENTED_EDGE('',*,*,#11645,.T.);
#11643=EDGE_CURVE('',#121,#745,#11646,.F.);
#11644=EDGE_CURVE('',#745,#743,#11647,.T.);
#11645=EDGE_CURVE('',#743,#121,#11648,.T.);
#11646=LINE('',#120,#11649);
#11647=LINE('',#744,#11650);
#11648=LINE('',#742,#11651);
#11649=VECTOR('',#11652,1.0);
#11650=VECTOR('',#11653,1.0);
#11651=VECTOR('',#11654,1.0);
#11652=DIRECTION('',(0.999850884192875,0.017268739928733148,0));
#11653=DIRECTION('',(-0.21413739631695775,0.9768035501054418,0));
#11654=DIRECTION('',(-0.8585842874108809,-0.5126724309060804,0));
#11655=FACE_SURFACE('',(#11660),#11656,.T.);
#11656=PLANE('',#11657);
#11657=AXIS2_PLACEMENT_3D('',#120,#11658,#11659);
#11658=DIRECTION('',(0,-0,1));
#11659=DIRECTION('',(0.8585842874108809,0.5126724309060804,0));
#11660=FACE_BOUND('',#11661,.T.);
#11661=EDGE_LOOP('',(#11662,#11663,#11664));
#11662=ORIENTED_EDGE('',*,*,#11665,.T.);
#11663=ORIENTED_EDGE('',*,*,#11666,.T.);
#11664=ORIENTED_EDGE('',*,*,#11667,.T.);
#11665=EDGE_CURVE('',#121,#743,#11668,.F.);
#11666=EDGE_CURVE('',#743,#117,#11669,.T.);
#11667=EDGE_CURVE('',#117,#121,#11670,.T.);
#11668=LINE('',#120,#11671);
#11669=LINE('',#742,#11672);
#11670=LINE('',#116,#11673);
#11671=VECTOR('',#11674,1.0);
#11672=VECTOR('',#11675,1.0);
#11673=VECTOR('',#11676,1.0);
#11674=DIRECTION('',(0.8585842874108809,0.5126724309060804,0));
#11675=DIRECTION('',(-0.9996156372174905,0.02772323628782544,0));
#11676=DIRECTION('',(0.18591048306413452,-0.9825666859235868,0));
#11677=FACE_SURFACE('',(#11682),#11678,.T.);
#11678=PLANE('',#11679);
#11679=AXIS2_PLACEMENT_3D('',#116,#11680,#11681);
#11680=DIRECTION('',(-0,0,1));
#11681=DIRECTION('',(0.9996156372174905,-0.02772323628782544,0));
#11682=FACE_BOUND('',#11683,.T.);
#11683=EDGE_LOOP('',(#11684,#11685,#11686));
#11684=ORIENTED_EDGE('',*,*,#11687,.T.);
#11685=ORIENTED_EDGE('',*,*,#11688,.T.);
#11686=ORIENTED_EDGE('',*,*,#11689,.T.);
#11687=EDGE_CURVE('',#117,#743,#11690,.F.);
#11688=EDGE_CURVE('',#743,#741,#11691,.T.);
#11689=EDGE_CURVE('',#741,#117,#11692,.T.);
#11690=LINE('',#116,#11693);
#11691=LINE('',#742,#11694);
#11692=LINE('',#740,#11695);
#11693=VECTOR('',#11696,1.0);
#11694=VECTOR('',#11697,1.0);
#11695=VECTOR('',#11698,1.0);
#11696=DIRECTION('',(0.9996156372174905,-0.02772323628782544,0));
#11697=DIRECTION('',(-0.1359813586720677,0.9907113959643841,0));
#11698=DIRECTION('',(-0.8819936709630466,-0.4712612485459942,0));
#11699=FACE_SURFACE('',(#11704),#11700,.T.);
#11700=PLANE('',#11701);
#11701=AXIS2_PLACEMENT_3D('',#116,#11702,#11703);
#11702=DIRECTION('',(0,-0,1));
#11703=DIRECTION('',(0.8819936709630466,0.4712612485459942,0));
#11704=FACE_BOUND('',#11705,.T.);
#11705=EDGE_LOOP('',(#11706,#11707,#11708));
#11706=ORIENTED_EDGE('',*,*,#11709,.T.);
#11707=ORIENTED_EDGE('',*,*,#11710,.T.);
#11708=ORIENTED_EDGE('',*,*,#11711,.T.);
#11709=EDGE_CURVE('',#117,#741,#11712,.F.);
#11710=EDGE_CURVE('',#741,#113,#11713,.T.);
#11711=EDGE_CURVE('',#113,#117,#11714,.T.);
#11712=LINE('',#116,#11715);
#11713=LINE('',#740,#11716);
#11714=LINE('',#112,#11717);
#11715=VECTOR('',#11718,1.0);
#11716=VECTOR('',#11719,1.0);
#11717=VECTOR('',#11720,1.0);
#11718=DIRECTION('',(0.8819936709630466,0.4712612485459942,0));
#11719=DIRECTION('',(-0.9973858666339709,0.07225948407512223,0));
#11720=DIRECTION('',(0.11196542603430636,-0.9937121028612644,0));
#11721=FACE_SURFACE('',(#11726),#11722,.T.);
#11722=PLANE('',#11723);
#11723=AXIS2_PLACEMENT_3D('',#112,#11724,#11725);
#11724=DIRECTION('',(-0,0,1));
#11725=DIRECTION('',(0.9973858666339709,-0.07225948407512223,0));
#11726=FACE_BOUND('',#11727,.T.);
#11727=EDGE_LOOP('',(#11728,#11729,#11730));
#11728=ORIENTED_EDGE('',*,*,#11731,.T.);
#11729=ORIENTED_EDGE('',*,*,#11732,.T.);
#11730=ORIENTED_EDGE('',*,*,#11733,.T.);
#11731=EDGE_CURVE('',#113,#741,#11734,.F.);
#11732=EDGE_CURVE('',#741,#739,#11735,.T.);
#11733=EDGE_CURVE('',#739,#113,#11736,.T.);
#11734=LINE('',#112,#11737);
#11735=LINE('',#740,#11738);
#11736=LINE('',#738,#11739);
#11737=VECTOR('',#11740,1.0);
#11738=VECTOR('',#11741,1.0);
#11739=VECTOR('',#11742,1.0);
#11740=DIRECTION('',(0.9973858666339709,-0.07225948407512223,0));
#11741=DIRECTION('',(-0.056968228680561527,0.9983759917591164,0));
#11742=DIRECTION('',(-0.9036871839473549,-0.4281932666090158,0));
#11743=FACE_SURFACE('',(#11748),#11744,.T.);
#11744=PLANE('',#11745);
#11745=AXIS2_PLACEMENT_3D('',#112,#11746,#11747);
#11746=DIRECTION('',(0,-0,1));
#11747=DIRECTION('',(0.9036871839473549,0.4281932666090158,0));
#11748=FACE_BOUND('',#11749,.T.);
#11749=EDGE_LOOP('',(#11750,#11751,#11752));
#11750=ORIENTED_EDGE('',*,*,#11753,.T.);
#11751=ORIENTED_EDGE('',*,*,#11754,.T.);
#11752=ORIENTED_EDGE('',*,*,#11755,.T.);
#11753=EDGE_CURVE('',#113,#739,#11756,.F.);
#11754=EDGE_CURVE('',#739,#109,#11757,.T.);
#11755=EDGE_CURVE('',#109,#113,#11758,.T.);
#11756=LINE('',#112,#11759);
#11757=LINE('',#738,#11760);
#11758=LINE('',#108,#11761);
#11759=VECTOR('',#11762,1.0);
#11760=VECTOR('',#11763,1.0);
#11761=VECTOR('',#11764,1.0);
#11762=DIRECTION('',(0.9036871839473549,0.4281932666090158,0));
#11763=DIRECTION('',(-0.9932122808035101,0.11631579970532432,0));
#11764=DIRECTION('',(0.03739079589254942,-0.9993007196947882,0));
#11765=FACE_SURFACE('',(#11770),#11766,.T.);
#11766=PLANE('',#11767);
#11767=AXIS2_PLACEMENT_3D('',#108,#11768,#11769);
#11768=DIRECTION('',(-0,0,1));
#11769=DIRECTION('',(0.9932122808035101,-0.11631579970532432,0));
#11770=FACE_BOUND('',#11771,.T.);
#11771=EDGE_LOOP('',(#11772,#11773,#11774));
#11772=ORIENTED_EDGE('',*,*,#11775,.T.);
#11773=ORIENTED_EDGE('',*,*,#11776,.T.);
#11774=ORIENTED_EDGE('',*,*,#11777,.T.);
#11775=EDGE_CURVE('',#109,#739,#11778,.F.);
#11776=EDGE_CURVE('',#739,#737,#11779,.T.);
#11777=EDGE_CURVE('',#737,#109,#11780,.T.);
#11778=LINE('',#108,#11781);
#11779=LINE('',#738,#11782);
#11780=LINE('',#736,#11783);
#11781=VECTOR('',#11784,1.0);
#11782=VECTOR('',#11785,1.0);
#11783=VECTOR('',#11786,1.0);
#11784=DIRECTION('',(0.9932122808035101,-0.11631579970532432,0));
#11785=DIRECTION('',(0.022403333177344685,0.9997490138342449,0));
#11786=DIRECTION('',(-0.9235391770050516,-0.3835040919427485,0));
#11787=FACE_SURFACE('',(#11792),#11788,.T.);
#11788=PLANE('',#11789);
#11789=AXIS2_PLACEMENT_3D('',#108,#11790,#11791);
#11790=DIRECTION('',(0,0,1));
#11791=DIRECTION('',(0.9235391770050516,0.3835040919427485,0));
#11792=FACE_BOUND('',#11793,.T.);
#11793=EDGE_LOOP('',(#11794,#11795,#11796));
#11794=ORIENTED_EDGE('',*,*,#11797,.T.);
#11795=ORIENTED_EDGE('',*,*,#11798,.T.);
#11796=ORIENTED_EDGE('',*,*,#11799,.T.);
#11797=EDGE_CURVE('',#109,#737,#11800,.F.);
#11798=EDGE_CURVE('',#737,#105,#11801,.T.);
#11799=EDGE_CURVE('',#105,#109,#11802,.T.);
#11800=LINE('',#108,#11803);
#11801=LINE('',#736,#11804);
#11802=LINE('',#104,#11805);
#11803=VECTOR('',#11806,1.0);
#11804=VECTOR('',#11807,1.0);
#11805=VECTOR('',#11808,1.0);
#11806=DIRECTION('',(0.9235391770050516,0.3835040919427485,0));
#11807=DIRECTION('',(-0.9871372106744042,0.1598753492629708,0));
#11808=DIRECTION('',(-0.03739079589254929,-0.9993007196947882,0));
#11809=FACE_SURFACE('',(#11814),#11810,.T.);
#11810=PLANE('',#11811);
#11811=AXIS2_PLACEMENT_3D('',#104,#11812,#11813);
#11812=DIRECTION('',(-0,0,1));
#11813=DIRECTION('',(0.9871372106744042,-0.1598753492629708,0));
#11814=FACE_BOUND('',#11815,.T.);
#11815=EDGE_LOOP('',(#11816,#11817,#11818));
#11816=ORIENTED_EDGE('',*,*,#11819,.T.);
#11817=ORIENTED_EDGE('',*,*,#11820,.T.);
#11818=ORIENTED_EDGE('',*,*,#11821,.T.);
#11819=EDGE_CURVE('',#105,#737,#11822,.F.);
#11820=EDGE_CURVE('',#737,#735,#11823,.T.);
#11821=EDGE_CURVE('',#735,#105,#11824,.T.);
#11822=LINE('',#104,#11825);
#11823=LINE('',#736,#11826);
#11824=LINE('',#734,#11827);
#11825=VECTOR('',#11828,1.0);
#11826=VECTOR('',#11829,1.0);
#11827=VECTOR('',#11830,1.0);
#11828=DIRECTION('',(0.9871372106744042,-0.1598753492629708,0));
#11829=DIRECTION('',(0.10163467621794965,0.9948217893623322,0));
#11830=DIRECTION('',(-0.9414181888871667,-0.33724144708562565,0));
#11831=FACE_SURFACE('',(#11836),#11832,.T.);
#11832=PLANE('',#11833);
#11833=AXIS2_PLACEMENT_3D('',#104,#11834,#11835);
#11834=DIRECTION('',(0,0,1));
#11835=DIRECTION('',(0.9414181888871667,0.33724144708562565,0));
#11836=FACE_BOUND('',#11837,.T.);
#11837=EDGE_LOOP('',(#11838,#11839,#11840));
#11838=ORIENTED_EDGE('',*,*,#11841,.T.);
#11839=ORIENTED_EDGE('',*,*,#11842,.T.);
#11840=ORIENTED_EDGE('',*,*,#11843,.T.);
#11841=EDGE_CURVE('',#105,#735,#11844,.F.);
#11842=EDGE_CURVE('',#735,#101,#11845,.T.);
#11843=EDGE_CURVE('',#101,#105,#11846,.T.);
#11844=LINE('',#104,#11847);
#11845=LINE('',#734,#11848);
#11846=LINE('',#100,#11849);
#11847=VECTOR('',#11850,1.0);
#11848=VECTOR('',#11851,1.0);
#11849=VECTOR('',#11852,1.0);
#11850=DIRECTION('',(0.9414181888871667,0.33724144708562565,0));
#11851=DIRECTION('',(-0.9791938415356539,0.2029271314995823,0));
#11852=DIRECTION('',(-0.11196542603430636,-0.9937121028612644,0));
#11853=FACE_SURFACE('',(#11858),#11854,.T.);
#11854=PLANE('',#11855);
#11855=AXIS2_PLACEMENT_3D('',#100,#11856,#11857);
#11856=DIRECTION('',(-0,0,1));
#11857=DIRECTION('',(0.9791938415356539,-0.2029271314995823,0));
#11858=FACE_BOUND('',#11859,.T.);
#11859=EDGE_LOOP('',(#11860,#11861,#11862));
#11860=ORIENTED_EDGE('',*,*,#11863,.T.);
#11861=ORIENTED_EDGE('',*,*,#11864,.T.);
#11862=ORIENTED_EDGE('',*,*,#11865,.T.);
#11863=EDGE_CURVE('',#101,#735,#11866,.F.);
#11864=EDGE_CURVE('',#735,#733,#11867,.T.);
#11865=EDGE_CURVE('',#733,#101,#11868,.T.);
#11866=LINE('',#100,#11869);
#11867=LINE('',#734,#11870);
#11868=LINE('',#732,#11871);
#11869=VECTOR('',#11872,1.0);
#11870=VECTOR('',#11873,1.0);
#11871=VECTOR('',#11874,1.0);
#11872=DIRECTION('',(0.9791938415356539,-0.2029271314995823,0));
#11873=DIRECTION('',(0.1802239802842184,0.9836255979439097,0));
#11874=DIRECTION('',(-0.9571874031679629,-0.28946895380432697,0));
#11875=FACE_SURFACE('',(#11880),#11876,.T.);
#11876=PLANE('',#11877);
#11877=AXIS2_PLACEMENT_3D('',#100,#11878,#11879);
#11878=DIRECTION('',(0,0,1));
#11879=DIRECTION('',(0.9571874031679629,0.28946895380432697,0));
#11880=FACE_BOUND('',#11881,.T.);
#11881=EDGE_LOOP('',(#11882,#11883,#11884));
#11882=ORIENTED_EDGE('',*,*,#11885,.T.);
#11883=ORIENTED_EDGE('',*,*,#11886,.T.);
#11884=ORIENTED_EDGE('',*,*,#11887,.T.);
#11885=EDGE_CURVE('',#101,#733,#11888,.F.);
#11886=EDGE_CURVE('',#733,#97,#11889,.T.);
#11887=EDGE_CURVE('',#97,#101,#11890,.T.);
#11888=LINE('',#100,#11891);
#11889=LINE('',#732,#11892);
#11890=LINE('',#96,#11893);
#11891=VECTOR('',#11894,1.0);
#11892=VECTOR('',#11895,1.0);
#11893=VECTOR('',#11896,1.0);
#11894=DIRECTION('',(0.9571874031679629,0.28946895380432697,0));
#11895=DIRECTION('',(-0.9694058916741057,0.2454632705468008,0));
#11896=DIRECTION('',(-0.18591048306413452,-0.9825666859235868,0));
#11897=FACE_SURFACE('',(#11902),#11898,.T.);
#11898=PLANE('',#11899);
#11899=AXIS2_PLACEMENT_3D('',#96,#11900,#11901);
#11900=DIRECTION('',(-0,0,1));
#11901=DIRECTION('',(0.9694058916741057,-0.2454632705468008,0));
#11902=FACE_BOUND('',#11903,.T.);
#11903=EDGE_LOOP('',(#11904,#11905,#11906));
#11904=ORIENTED_EDGE('',*,*,#11907,.T.);
#11905=ORIENTED_EDGE('',*,*,#11908,.T.);
#11906=ORIENTED_EDGE('',*,*,#11909,.T.);
#11907=EDGE_CURVE('',#97,#733,#11910,.F.);
#11908=EDGE_CURVE('',#733,#731,#11911,.T.);
#11909=EDGE_CURVE('',#731,#97,#11912,.T.);
#11910=LINE('',#96,#11913);
#11911=LINE('',#732,#11914);
#11912=LINE('',#730,#11915);
#11913=VECTOR('',#11916,1.0);
#11914=VECTOR('',#11917,1.0);
#11915=VECTOR('',#11918,1.0);
#11916=DIRECTION('',(0.9694058916741057,-0.2454632705468008,0));
#11917=DIRECTION('',(0.25767887985020976,0.9662306116446223,0));
#11918=DIRECTION('',(-0.9707076043966816,-0.24026391066170472,0));
#11919=FACE_SURFACE('',(#11924),#11920,.T.);
#11920=PLANE('',#11921);
#11921=AXIS2_PLACEMENT_3D('',#96,#11922,#11923);
#11922=DIRECTION('',(0,0,1));
#11923=DIRECTION('',(0.9707076043966816,0.24026391066170472,0));
#11924=FACE_BOUND('',#11925,.T.);
#11925=EDGE_LOOP('',(#11926,#11927,#11928));
#11926=ORIENTED_EDGE('',*,*,#11929,.T.);
#11927=ORIENTED_EDGE('',*,*,#11930,.T.);
#11928=ORIENTED_EDGE('',*,*,#11931,.T.);
#11929=EDGE_CURVE('',#97,#731,#11932,.F.);
#11930=EDGE_CURVE('',#731,#93,#11933,.T.);
#11931=EDGE_CURVE('',#93,#97,#11934,.T.);
#11932=LINE('',#96,#11935);
#11933=LINE('',#730,#11936);
#11934=LINE('',#92,#11937);
#11935=VECTOR('',#11938,1.0);
#11936=VECTOR('',#11939,1.0);
#11937=VECTOR('',#11940,1.0);
#11938=DIRECTION('',(0.9707076043966816,0.24026391066170472,0));
#11939=DIRECTION('',(-0.9577873374789047,0.2874776794206305,0));
#11940=DIRECTION('',(-0.25881923114972044,-0.9659257764378522,0));
#11941=FACE_SURFACE('',(#11946),#11942,.T.);
#11942=PLANE('',#11943);
#11943=AXIS2_PLACEMENT_3D('',#92,#11944,#11945);
#11944=DIRECTION('',(-0,0,1));
#11945=DIRECTION('',(0.9577873374789047,-0.2874776794206305,0));
#11946=FACE_BOUND('',#11947,.T.);
#11947=EDGE_LOOP('',(#11948,#11949,#11950));
#11948=ORIENTED_EDGE('',*,*,#11951,.T.);
#11949=ORIENTED_EDGE('',*,*,#11952,.T.);
#11950=ORIENTED_EDGE('',*,*,#11953,.T.);
#11951=EDGE_CURVE('',#93,#731,#11954,.F.);
#11952=EDGE_CURVE('',#731,#89,#11955,.T.);
#11953=EDGE_CURVE('',#89,#93,#11956,.T.);
#11954=LINE('',#92,#11957);
#11955=LINE('',#730,#11958);
#11956=LINE('',#88,#11959);
#11957=VECTOR('',#11960,1.0);
#11958=VECTOR('',#11961,1.0);
#11959=VECTOR('',#11962,1.0);
#11960=DIRECTION('',(0.9577873374789047,-0.2874776794206305,0));
#11961=DIRECTION('',(-0.6752138327052098,0.7376220442228802,0));
#11962=DIRECTION('',(-0.33027927182844136,-0.9438832568705066,0));
#11963=FACE_SURFACE('',(#11968),#11964,.T.);
#11964=PLANE('',#11965);
#11965=AXIS2_PLACEMENT_3D('',#88,#11966,#11967);
#11966=DIRECTION('',(0,0,1));
#11967=DIRECTION('',(0.6752138327052098,-0.7376220442228802,0));
#11968=FACE_BOUND('',#11969,.T.);
#11969=EDGE_LOOP('',(#11970,#11971,#11972));
#11970=ORIENTED_EDGE('',*,*,#11973,.T.);
#11971=ORIENTED_EDGE('',*,*,#11974,.T.);
#11972=ORIENTED_EDGE('',*,*,#11975,.T.);
#11973=EDGE_CURVE('',#89,#731,#11976,.F.);
#11974=EDGE_CURVE('',#731,#729,#11977,.T.);
#11975=EDGE_CURVE('',#729,#89,#11978,.T.);
#11976=LINE('',#88,#11979);
#11977=LINE('',#730,#11980);
#11978=LINE('',#728,#11981);
#11979=VECTOR('',#11982,1.0);
#11980=VECTOR('',#11983,1.0);
#11981=VECTOR('',#11984,1.0);
#11982=DIRECTION('',(0.6752138327052098,-0.7376220442228802,0));
#11983=DIRECTION('',(0.3335101519574006,0.9427465081035048,0));
#11984=DIRECTION('',(-0.9443428029612067,0.3289630229909914,0));
#11985=FACE_SURFACE('',(#11990),#11986,.T.);
#11986=PLANE('',#11987);
#11987=AXIS2_PLACEMENT_3D('',#88,#11988,#11989);
#11988=DIRECTION('',(-0,0,1));
#11989=DIRECTION('',(0.9443428029612067,-0.3289630229909914,0));
#11990=FACE_BOUND('',#11991,.T.);
#11991=EDGE_LOOP('',(#11992,#11993,#11994));
#11992=ORIENTED_EDGE('',*,*,#11995,.T.);
#11993=ORIENTED_EDGE('',*,*,#11996,.T.);
#11994=ORIENTED_EDGE('',*,*,#11997,.T.);
#11995=EDGE_CURVE('',#89,#729,#11998,.F.);
#11996=EDGE_CURVE('',#729,#85,#11999,.T.);
#11997=EDGE_CURVE('',#85,#89,#12000,.T.);
#11998=LINE('',#88,#12001);
#11999=LINE('',#728,#12002);
#12000=LINE('',#84,#12003);
#12001=VECTOR('',#12004,1.0);
#12002=VECTOR('',#12005,1.0);
#12003=VECTOR('',#12006,1.0);
#12004=DIRECTION('',(0.9443428029612067,-0.3289630229909914,0));
#12005=DIRECTION('',(-0.6369788247040896,0.7708812988253099,0));
#12006=DIRECTION('',(-0.3998919988198372,-0.91656226699547,0));
#12007=FACE_SURFACE('',(#12012),#12008,.T.);
#12008=PLANE('',#12009);
#12009=AXIS2_PLACEMENT_3D('',#84,#12010,#12011);
#12010=DIRECTION('',(0,0,1));
#12011=DIRECTION('',(0.6369788247040896,-0.7708812988253099,0));
#12012=FACE_BOUND('',#12013,.T.);
#12013=EDGE_LOOP('',(#12014,#12015,#12016));
#12014=ORIENTED_EDGE('',*,*,#12017,.T.);
#12015=ORIENTED_EDGE('',*,*,#12018,.T.);
#12016=ORIENTED_EDGE('',*,*,#12019,.T.);
#12017=EDGE_CURVE('',#85,#729,#12020,.F.);
#12018=EDGE_CURVE('',#729,#727,#12021,.T.);
#12019=EDGE_CURVE('',#727,#85,#12022,.T.);
#12020=LINE('',#84,#12023);
#12021=LINE('',#728,#12024);
#12022=LINE('',#726,#12025);
#12023=VECTOR('',#12026,1.0);
#12024=VECTOR('',#12027,1.0);
#12025=VECTOR('',#12028,1.0);
#12026=DIRECTION('',(0.6369788247040896,-0.7708812988253099,0));
#12027=DIRECTION('',(0.4072383509207124,0.9133219178030159,0));
#12028=DIRECTION('',(-0.9290679003508704,0.36990922742968324,0));
#12029=FACE_SURFACE('',(#12034),#12030,.T.);
#12030=PLANE('',#12031);
#12031=AXIS2_PLACEMENT_3D('',#84,#12032,#12033);
#12032=DIRECTION('',(-0,0,1));
#12033=DIRECTION('',(0.9290679003508704,-0.36990922742968324,0));
#12034=FACE_BOUND('',#12035,.T.);
#12035=EDGE_LOOP('',(#12036,#12037,#12038));
#12036=ORIENTED_EDGE('',*,*,#12039,.T.);
#12037=ORIENTED_EDGE('',*,*,#12040,.T.);
#12038=ORIENTED_EDGE('',*,*,#12041,.T.);
#12039=EDGE_CURVE('',#85,#727,#12042,.F.);
#12040=EDGE_CURVE('',#727,#81,#12043,.T.);
#12041=EDGE_CURVE('',#81,#85,#12044,.T.);
#12042=LINE('',#84,#12045);
#12043=LINE('',#726,#12046);
#12044=LINE('',#80,#12047);
#12045=VECTOR('',#12048,1.0);
#12046=VECTOR('',#12049,1.0);
#12047=VECTOR('',#12050,1.0);
#12048=DIRECTION('',(0.9290679003508704,-0.36990922742968324,0));
#12049=DIRECTION('',(-0.597682322619004,0.8017330236610895,0));
#12050=DIRECTION('',(-0.46726904479607645,-0.8841151733656437,0));
#12051=FACE_SURFACE('',(#12056),#12052,.T.);
#12052=PLANE('',#12053);
#12053=AXIS2_PLACEMENT_3D('',#80,#12054,#12055);
#12054=DIRECTION('',(0,0,1));
#12055=DIRECTION('',(0.597682322619004,-0.8017330236610895,0));
#12056=FACE_BOUND('',#12057,.T.);
#12057=EDGE_LOOP('',(#12058,#12059,#12060));
#12058=ORIENTED_EDGE('',*,*,#12061,.T.);
#12059=ORIENTED_EDGE('',*,*,#12062,.T.);
#12060=ORIENTED_EDGE('',*,*,#12063,.T.);
#12061=EDGE_CURVE('',#81,#727,#12064,.F.);
#12062=EDGE_CURVE('',#727,#725,#12065,.T.);
#12063=EDGE_CURVE('',#725,#81,#12066,.T.);
#12064=LINE('',#80,#12067);
#12065=LINE('',#726,#12068);
#12066=LINE('',#724,#12069);
#12067=VECTOR('',#12070,1.0);
#12068=VECTOR('',#12071,1.0);
#12069=VECTOR('',#12072,1.0);
#12070=DIRECTION('',(0.597682322619004,-0.8017330236610895,0));
#12071=DIRECTION('',(0.47840135380499565,0.8781413010885819,0));
#12072=DIRECTION('',(-0.9119504706861774,0.41030030345499297,0));
#12073=FACE_SURFACE('',(#12078),#12074,.T.);
#12074=PLANE('',#12075);
#12075=AXIS2_PLACEMENT_3D('',#80,#12076,#12077);
#12076=DIRECTION('',(-0,0,1));
#12077=DIRECTION('',(0.9119504706861774,-0.41030030345499297,0));
#12078=FACE_BOUND('',#12079,.T.);
#12079=EDGE_LOOP('',(#12080,#12081,#12082));
#12080=ORIENTED_EDGE('',*,*,#12083,.T.);
#12081=ORIENTED_EDGE('',*,*,#12084,.T.);
#12082=ORIENTED_EDGE('',*,*,#12085,.T.);
#12083=EDGE_CURVE('',#81,#725,#12086,.F.);
#12084=EDGE_CURVE('',#725,#77,#12087,.T.);
#12085=EDGE_CURVE('',#77,#81,#12088,.T.);
#12086=LINE('',#80,#12089);
#12087=LINE('',#724,#12090);
#12088=LINE('',#76,#12091);
#12089=VECTOR('',#12092,1.0);
#12090=VECTOR('',#12093,1.0);
#12091=VECTOR('',#12094,1.0);
#12092=DIRECTION('',(0.9119504706861774,-0.41030030345499297,0));
#12093=DIRECTION('',(-0.5574798347709109,0.8301904804463841,0));
#12094=DIRECTION('',(-0.5320316839871766,-0.8467244458699471,0));
#12095=FACE_SURFACE('',(#12100),#12096,.T.);
#12096=PLANE('',#12097);
#12097=AXIS2_PLACEMENT_3D('',#76,#12098,#12099);
#12098=DIRECTION('',(0,0,1));
#12099=DIRECTION('',(0.5574798347709109,-0.8301904804463841,0));
#12100=FACE_BOUND('',#12101,.T.);
#12101=EDGE_LOOP('',(#12102,#12103,#12104));
#12102=ORIENTED_EDGE('',*,*,#12105,.T.);
#12103=ORIENTED_EDGE('',*,*,#12106,.T.);
#12104=ORIENTED_EDGE('',*,*,#12107,.T.);
#12105=EDGE_CURVE('',#77,#725,#12108,.F.);
#12106=EDGE_CURVE('',#725,#723,#12109,.T.);
#12107=EDGE_CURVE('',#723,#77,#12110,.T.);
#12108=LINE('',#76,#12111);
#12109=LINE('',#724,#12112);
#12110=LINE('',#722,#12113);
#12111=VECTOR('',#12114,1.0);
#12112=VECTOR('',#12115,1.0);
#12113=VECTOR('',#12116,1.0);
#12114=DIRECTION('',(0.5574798347709109,-0.8301904804463841,0));
#12115=DIRECTION('',(0.5465494419846544,0.8374268370826571,0));
#12116=DIRECTION('',(-0.8929714933130146,0.4501132214569183,0));
#12117=FACE_SURFACE('',(#12122),#12118,.T.);
#12118=PLANE('',#12119);
#12119=AXIS2_PLACEMENT_3D('',#76,#12120,#12121);
#12120=DIRECTION('',(-0,0,1));
#12121=DIRECTION('',(0.8929714933130146,-0.4501132214569183,0));
#12122=FACE_BOUND('',#12123,.T.);
#12123=EDGE_LOOP('',(#12124,#12125,#12126));
#12124=ORIENTED_EDGE('',*,*,#12127,.T.);
#12125=ORIENTED_EDGE('',*,*,#12128,.T.);
#12126=ORIENTED_EDGE('',*,*,#12129,.T.);
#12127=EDGE_CURVE('',#77,#723,#12130,.F.);
#12128=EDGE_CURVE('',#723,#73,#12131,.T.);
#12129=EDGE_CURVE('',#73,#77,#12132,.T.);
#12130=LINE('',#76,#12133);
#12131=LINE('',#722,#12134);
#12132=LINE('',#72,#12135);
#12133=VECTOR('',#12136,1.0);
#12134=VECTOR('',#12137,1.0);
#12135=VECTOR('',#12138,1.0);
#12136=DIRECTION('',(0.8929714933130146,-0.4501132214569183,0));
#12137=DIRECTION('',(-0.516514002004266,0.8562787430116068,0));
#12138=DIRECTION('',(-0.5938203534308328,-0.8045976558822929,0));
#12139=FACE_SURFACE('',(#12144),#12140,.T.);
#12140=PLANE('',#12141);
#12141=AXIS2_PLACEMENT_3D('',#72,#12142,#12143);
#12142=DIRECTION('',(0,0,1));
#12143=DIRECTION('',(0.516514002004266,-0.8562787430116068,0));
#12144=FACE_BOUND('',#12145,.T.);
#12145=EDGE_LOOP('',(#12146,#12147,#12148));
#12146=ORIENTED_EDGE('',*,*,#12149,.T.);
#12147=ORIENTED_EDGE('',*,*,#12150,.T.);
#12148=ORIENTED_EDGE('',*,*,#12151,.T.);
#12149=EDGE_CURVE('',#73,#723,#12152,.F.);
#12150=EDGE_CURVE('',#723,#721,#12153,.T.);
#12151=EDGE_CURVE('',#721,#73,#12154,.T.);
#12152=LINE('',#72,#12155);
#12153=LINE('',#722,#12156);
#12154=LINE('',#720,#12157);
#12155=VECTOR('',#12158,1.0);
#12156=VECTOR('',#12159,1.0);
#12157=VECTOR('',#12160,1.0);
#12158=DIRECTION('',(0.516514002004266,-0.8562787430116068,0));
#12159=DIRECTION('',(0.6112526053086276,0.791435564340784,0));
#12160=DIRECTION('',(-0.872106011384732,0.4893169779464163,0));
#12161=FACE_SURFACE('',(#12166),#12162,.T.);
#12162=PLANE('',#12163);
#12163=AXIS2_PLACEMENT_3D('',#72,#12164,#12165);
#12164=DIRECTION('',(-0,0,1));
#12165=DIRECTION('',(0.872106011384732,-0.4893169779464163,0));
#12166=FACE_BOUND('',#12167,.T.);
#12167=EDGE_LOOP('',(#12168,#12169,#12170));
#12168=ORIENTED_EDGE('',*,*,#12171,.T.);
#12169=ORIENTED_EDGE('',*,*,#12172,.T.);
#12170=ORIENTED_EDGE('',*,*,#12173,.T.);
#12171=EDGE_CURVE('',#73,#721,#12174,.F.);
#12172=EDGE_CURVE('',#721,#69,#12175,.T.);
#12173=EDGE_CURVE('',#69,#73,#12176,.T.);
#12174=LINE('',#72,#12177);
#12175=LINE('',#720,#12178);
#12176=LINE('',#68,#12179);
#12177=VECTOR('',#12180,1.0);
#12178=VECTOR('',#12181,1.0);
#12179=VECTOR('',#12182,1.0);
#12180=DIRECTION('',(0.872106011384732,-0.4893169779464163,0));
#12181=DIRECTION('',(-0.4749165319833527,0.8800308447144936,0));
#12182=DIRECTION('',(-0.6522876599952139,-0.7579715091070167,0));
#12183=FACE_SURFACE('',(#12188),#12184,.T.);
#12184=PLANE('',#12185);
#12185=AXIS2_PLACEMENT_3D('',#68,#12186,#12187);
#12186=DIRECTION('',(0,0,1));
#12187=DIRECTION('',(0.4749165319833527,-0.8800308447144936,0));
#12188=FACE_BOUND('',#12189,.T.);
#12189=EDGE_LOOP('',(#12190,#12191,#12192));
#12190=ORIENTED_EDGE('',*,*,#12193,.T.);
#12191=ORIENTED_EDGE('',*,*,#12194,.T.);
#12192=ORIENTED_EDGE('',*,*,#12195,.T.);
#12193=EDGE_CURVE('',#69,#721,#12196,.F.);
#12194=EDGE_CURVE('',#721,#719,#12197,.T.);
#12195=EDGE_CURVE('',#719,#69,#12198,.T.);
#12196=LINE('',#68,#12199);
#12197=LINE('',#720,#12200);
#12198=LINE('',#718,#12201);
#12199=VECTOR('',#12202,1.0);
#12200=VECTOR('',#12203,1.0);
#12201=VECTOR('',#12204,1.0);
#12202=DIRECTION('',(0.4749165319833527,-0.8800308447144936,0));
#12203=DIRECTION('',(0.6721046757972463,0.7404561464202173,0));
#12204=DIRECTION('',(-0.8493256366045023,0.5278692669651806,0));
#12205=FACE_SURFACE('',(#12210),#12206,.T.);
#12206=PLANE('',#12207);
#12207=AXIS2_PLACEMENT_3D('',#68,#12208,#12209);
#12208=DIRECTION('',(-0,0,1));
#12209=DIRECTION('',(0.8493256366045023,-0.5278692669651806,0));
#12210=FACE_BOUND('',#12211,.T.);
#12211=EDGE_LOOP('',(#12212,#12213,#12214));
#12212=ORIENTED_EDGE('',*,*,#12215,.T.);
#12213=ORIENTED_EDGE('',*,*,#12216,.T.);
#12214=ORIENTED_EDGE('',*,*,#12217,.T.);
#12215=EDGE_CURVE('',#69,#719,#12218,.F.);
#12216=EDGE_CURVE('',#719,#67,#12219,.T.);
#12217=EDGE_CURVE('',#67,#69,#12220,.T.);
#12218=LINE('',#68,#12221);
#12219=LINE('',#718,#12222);
#12220=LINE('',#66,#12223);
#12221=VECTOR('',#12224,1.0);
#12222=VECTOR('',#12225,1.0);
#12223=VECTOR('',#12226,1.0);
#12224=DIRECTION('',(0.8493256366045023,-0.5278692669651806,0));
#12225=DIRECTION('',(-0.4328054258134865,0.9014873617452475,0));
#12226=DIRECTION('',(-0.7071067811865476,-0.7071067811865476,0));
#12227=FACE_SURFACE('',(#12232),#12228,.T.);
#12228=PLANE('',#12229);
#12229=AXIS2_PLACEMENT_3D('',#66,#12230,#12231);
#12230=DIRECTION('',(0,0,1));
#12231=DIRECTION('',(0.4328054258134865,-0.9014873617452475,0));
#12232=FACE_BOUND('',#12233,.T.);
#12233=EDGE_LOOP('',(#12234,#12235,#12236));
#12234=ORIENTED_EDGE('',*,*,#12237,.T.);
#12235=ORIENTED_EDGE('',*,*,#12238,.T.);
#12236=ORIENTED_EDGE('',*,*,#12239,.T.);
#12237=EDGE_CURVE('',#67,#719,#12240,.F.);
#12238=EDGE_CURVE('',#719,#641,#12241,.T.);
#12239=EDGE_CURVE('',#641,#67,#12242,.T.);
#12240=LINE('',#66,#12243);
#12241=LINE('',#718,#12244);
#12242=LINE('',#640,#12245);
#12243=VECTOR('',#12246,1.0);
#12244=VECTOR('',#12247,1.0);
#12245=VECTOR('',#12248,1.0);
#12246=DIRECTION('',(0.4328054258134865,-0.9014873617452475,0));
#12247=DIRECTION('',(0.7287209521889073,0.6848107576848457,0));
#12248=DIRECTION('',(-0.8245994902533981,0.5657169616281946,0));
#12249=FACE_SURFACE('',(#12254),#12250,.T.);
#12250=PLANE('',#12251);
#12251=AXIS2_PLACEMENT_3D('',#66,#12252,#12253);
#12252=DIRECTION('',(-0,0,1));
#12253=DIRECTION('',(0.8245994902533981,-0.5657169616281946,0));
#12254=FACE_BOUND('',#12255,.T.);
#12255=EDGE_LOOP('',(#12256,#12257,#12258));
#12256=ORIENTED_EDGE('',*,*,#12259,.T.);
#12257=ORIENTED_EDGE('',*,*,#12260,.T.);
#12258=ORIENTED_EDGE('',*,*,#12261,.T.);
#12259=EDGE_CURVE('',#67,#641,#12262,.F.);
#12260=EDGE_CURVE('',#641,#397,#12263,.T.);
#12261=EDGE_CURVE('',#397,#67,#12264,.T.);
#12262=LINE('',#66,#12265);
#12263=LINE('',#640,#12266);
#12264=LINE('',#396,#12267);
#12265=VECTOR('',#12268,1.0);
#12266=VECTOR('',#12269,1.0);
#12267=VECTOR('',#12270,1.0);
#12268=DIRECTION('',(0.8245994902533981,-0.5657169616281946,0));
#12269=DIRECTION('',(-0.39028491996530285,0.9206941301255686,0));
#12270=DIRECTION('',(-0.7579715091070167,-0.6522876599952139,0));
#12271=FACE_SURFACE('',(#12276),#12272,.T.);
#12272=PLANE('',#12273);
#12273=AXIS2_PLACEMENT_3D('',#396,#12274,#12275);
#12274=DIRECTION('',(0,0,1));
#12275=DIRECTION('',(0.39028491996530285,-0.9206941301255686,0));
#12276=FACE_BOUND('',#12277,.T.);
#12277=EDGE_LOOP('',(#12278,#12279,#12280));
#12278=ORIENTED_EDGE('',*,*,#12281,.T.);
#12279=ORIENTED_EDGE('',*,*,#12282,.T.);
#12280=ORIENTED_EDGE('',*,*,#12283,.T.);
#12281=EDGE_CURVE('',#397,#641,#12284,.F.);
#12282=EDGE_CURVE('',#641,#643,#12285,.T.);
#12283=EDGE_CURVE('',#643,#397,#12286,.T.);
#12284=LINE('',#396,#12287);
#12285=LINE('',#640,#12288);
#12286=LINE('',#642,#12289);
#12287=VECTOR('',#12290,1.0);
#12288=VECTOR('',#12291,1.0);
#12289=VECTOR('',#12292,1.0);
#12290=DIRECTION('',(0.39028491996530285,-0.9206941301255686,0));
#12291=DIRECTION('',(0.7807443650199645,0.6248505713285157,0));
#12292=DIRECTION('',(-0.7978964805852146,0.6027944975443358,0));
#12293=FACE_SURFACE('',(#12298),#12294,.T.);
#12294=PLANE('',#12295);
#12295=AXIS2_PLACEMENT_3D('',#396,#12296,#12297);
#12296=DIRECTION('',(-0,0,1));
#12297=DIRECTION('',(0.7978964805852146,-0.6027944975443358,0));
#12298=FACE_BOUND('',#12299,.T.);
#12299=EDGE_LOOP('',(#12300,#12301,#12302));
#12300=ORIENTED_EDGE('',*,*,#12303,.T.);
#12301=ORIENTED_EDGE('',*,*,#12304,.T.);
#12302=ORIENTED_EDGE('',*,*,#12305,.T.);
#12303=EDGE_CURVE('',#397,#643,#12306,.F.);
#12304=EDGE_CURVE('',#643,#393,#12307,.T.);
#12305=EDGE_CURVE('',#393,#397,#12308,.T.);
#12306=LINE('',#396,#12309);
#12307=LINE('',#642,#12310);
#12308=LINE('',#392,#12311);
#12309=VECTOR('',#12312,1.0);
#12310=VECTOR('',#12313,1.0);
#12311=VECTOR('',#12314,1.0);
#12312=DIRECTION('',(0.7978964805852146,-0.6027944975443358,0));
#12313=DIRECTION('',(-0.347445484866279,0.9377001839852845,0));
#12314=DIRECTION('',(-0.8045976558822929,-0.5938203534308328,0));
#12315=FACE_SURFACE('',(#12320),#12316,.T.);
#12316=PLANE('',#12317);
#12317=AXIS2_PLACEMENT_3D('',#392,#12318,#12319);
#12318=DIRECTION('',(0,0,1));
#12319=DIRECTION('',(0.347445484866279,-0.9377001839852845,0));
#12320=FACE_BOUND('',#12321,.T.);
#12321=EDGE_LOOP('',(#12322,#12323,#12324));
#12322=ORIENTED_EDGE('',*,*,#12325,.T.);
#12323=ORIENTED_EDGE('',*,*,#12326,.T.);
#12324=ORIENTED_EDGE('',*,*,#12327,.T.);
#12325=EDGE_CURVE('',#393,#643,#12328,.F.);
#12326=EDGE_CURVE('',#643,#645,#12329,.T.);
#12327=EDGE_CURVE('',#645,#393,#12330,.T.);
#12328=LINE('',#392,#12331);
#12329=LINE('',#642,#12332);
#12330=LINE('',#644,#12333);
#12331=VECTOR('',#12334,1.0);
#12332=VECTOR('',#12335,1.0);
#12333=VECTOR('',#12336,1.0);
#12334=DIRECTION('',(0.347445484866279,-0.9377001839852845,0));
#12335=DIRECTION('',(0.8278487356545002,0.5609513979617535,0));
#12336=DIRECTION('',(-0.7691869953369352,0.6390237602816795,0));
#12337=FACE_SURFACE('',(#12342),#12338,.T.);
#12338=PLANE('',#12339);
#12339=AXIS2_PLACEMENT_3D('',#392,#12340,#12341);
#12340=DIRECTION('',(-0,0,1));
#12341=DIRECTION('',(0.7691869953369352,-0.6390237602816795,0));
#12342=FACE_BOUND('',#12343,.T.);
#12343=EDGE_LOOP('',(#12344,#12345,#12346));
#12344=ORIENTED_EDGE('',*,*,#12347,.T.);
#12345=ORIENTED_EDGE('',*,*,#12348,.T.);
#12346=ORIENTED_EDGE('',*,*,#12349,.T.);
#12347=EDGE_CURVE('',#393,#645,#12350,.F.);
#12348=EDGE_CURVE('',#645,#389,#12351,.T.);
#12349=EDGE_CURVE('',#389,#393,#12352,.T.);
#12350=LINE('',#392,#12353);
#12351=LINE('',#644,#12354);
#12352=LINE('',#388,#12355);
#12353=VECTOR('',#12356,1.0);
#12354=VECTOR('',#12357,1.0);
#12355=VECTOR('',#12358,1.0);
#12356=DIRECTION('',(0.7691869953369352,-0.6390237602816795,0));
#12357=DIRECTION('',(-0.30436530061330713,0.952555386202068,0));
#12358=DIRECTION('',(-0.8467244458699471,-0.5320316839871766,0));
#12359=FACE_SURFACE('',(#12364),#12360,.T.);
#12360=PLANE('',#12361);
#12361=AXIS2_PLACEMENT_3D('',#388,#12362,#12363);
#12362=DIRECTION('',(0,0,1));
#12363=DIRECTION('',(0.30436530061330713,-0.952555386202068,0));
#12364=FACE_BOUND('',#12365,.T.);
#12365=EDGE_LOOP('',(#12366,#12367,#12368));
#12366=ORIENTED_EDGE('',*,*,#12369,.T.);
#12367=ORIENTED_EDGE('',*,*,#12370,.T.);
#12368=ORIENTED_EDGE('',*,*,#12371,.T.);
#12369=EDGE_CURVE('',#389,#645,#12372,.F.);
#12370=EDGE_CURVE('',#645,#647,#12373,.T.);
#12371=EDGE_CURVE('',#647,#389,#12374,.T.);
#12372=LINE('',#388,#12375);
#12373=LINE('',#644,#12376);
#12374=LINE('',#646,#12377);
#12375=VECTOR('',#12378,1.0);
#12376=VECTOR('',#12379,1.0);
#12377=VECTOR('',#12380,1.0);
#12378=DIRECTION('',(0.30436530061330713,-0.952555386202068,0));
#12379=DIRECTION('',(0.869735371150857,0.49351837267631815,0));
#12380=DIRECTION('',(-0.7384458668420733,0.6743127625544834,0));
#12381=FACE_SURFACE('',(#12386),#12382,.T.);
#12382=PLANE('',#12383);
#12383=AXIS2_PLACEMENT_3D('',#388,#12384,#12385);
#12384=DIRECTION('',(-0,0,1));
#12385=DIRECTION('',(0.7384458668420733,-0.6743127625544834,0));
#12386=FACE_BOUND('',#12387,.T.);
#12387=EDGE_LOOP('',(#12388,#12389,#12390));
#12388=ORIENTED_EDGE('',*,*,#12391,.T.);
#12389=ORIENTED_EDGE('',*,*,#12392,.T.);
#12390=ORIENTED_EDGE('',*,*,#12393,.T.);
#12391=EDGE_CURVE('',#389,#647,#12394,.F.);
#12392=EDGE_CURVE('',#647,#385,#12395,.T.);
#12393=EDGE_CURVE('',#385,#389,#12396,.T.);
#12394=LINE('',#388,#12397);
#12395=LINE('',#646,#12398);
#12396=LINE('',#384,#12399);
#12397=VECTOR('',#12400,1.0);
#12398=VECTOR('',#12401,1.0);
#12399=VECTOR('',#12402,1.0);
#12400=DIRECTION('',(0.7384458668420733,-0.6743127625544834,0));
#12401=DIRECTION('',(-0.26110751976473107,0.9653097239344015,0));
#12402=DIRECTION('',(-0.8841151733656437,-0.46726904479607645,0));
#12403=FACE_SURFACE('',(#12408),#12404,.T.);
#12404=PLANE('',#12405);
#12405=AXIS2_PLACEMENT_3D('',#384,#12406,#12407);
#12406=DIRECTION('',(0,0,1));
#12407=DIRECTION('',(0.26110751976473107,-0.9653097239344015,0));
#12408=FACE_BOUND('',#12409,.T.);
#12409=EDGE_LOOP('',(#12410,#12411,#12412));
#12410=ORIENTED_EDGE('',*,*,#12413,.T.);
#12411=ORIENTED_EDGE('',*,*,#12414,.T.);
#12412=ORIENTED_EDGE('',*,*,#12415,.T.);
#12413=EDGE_CURVE('',#385,#647,#12416,.F.);
#12414=EDGE_CURVE('',#647,#649,#12417,.T.);
#12415=EDGE_CURVE('',#649,#385,#12418,.T.);
#12416=LINE('',#384,#12419);
#12417=LINE('',#646,#12420);
#12418=LINE('',#648,#12421);
#12419=VECTOR('',#12422,1.0);
#12420=VECTOR('',#12423,1.0);
#12421=VECTOR('',#12424,1.0);
#12422=DIRECTION('',(0.26110751976473107,-0.9653097239344015,0));
#12423=DIRECTION('',(0.9061414356245898,0.4229748203430167,0));
#12424=DIRECTION('',(-0.7056517818861031,0.7085587927059881,0));
#12425=FACE_SURFACE('',(#12430),#12426,.T.);
#12426=PLANE('',#12427);
#12427=AXIS2_PLACEMENT_3D('',#384,#12428,#12429);
#12428=DIRECTION('',(-0,0,1));
#12429=DIRECTION('',(0.7056517818861031,-0.7085587927059881,0));
#12430=FACE_BOUND('',#12431,.T.);
#12431=EDGE_LOOP('',(#12432,#12433,#12434));
#12432=ORIENTED_EDGE('',*,*,#12435,.T.);
#12433=ORIENTED_EDGE('',*,*,#12436,.T.);
#12434=ORIENTED_EDGE('',*,*,#12437,.T.);
#12435=EDGE_CURVE('',#385,#649,#12438,.F.);
#12436=EDGE_CURVE('',#649,#381,#12439,.T.);
#12437=EDGE_CURVE('',#381,#385,#12440,.T.);
#12438=LINE('',#384,#12441);
#12439=LINE('',#648,#12442);
#12440=LINE('',#380,#12443);
#12441=VECTOR('',#12444,1.0);
#12442=VECTOR('',#12445,1.0);
#12443=VECTOR('',#12446,1.0);
#12444=DIRECTION('',(0.7056517818861031,-0.7085587927059881,0));
#12445=DIRECTION('',(-0.21772331972957837,0.9760105307044241,0));
#12446=DIRECTION('',(-0.91656226699547,-0.3998919988198372,0));
#12447=FACE_SURFACE('',(#12452),#12448,.T.);
#12448=PLANE('',#12449);
#12449=AXIS2_PLACEMENT_3D('',#380,#12450,#12451);
#12450=DIRECTION('',(0,0,1));
#12451=DIRECTION('',(0.21772331972957837,-0.9760105307044241,0));
#12452=FACE_BOUND('',#12453,.T.);
#12453=EDGE_LOOP('',(#12454,#12455,#12456));
#12454=ORIENTED_EDGE('',*,*,#12457,.T.);
#12455=ORIENTED_EDGE('',*,*,#12458,.T.);
#12456=ORIENTED_EDGE('',*,*,#12459,.T.);
#12457=EDGE_CURVE('',#381,#649,#12460,.F.);
#12458=EDGE_CURVE('',#649,#651,#12461,.T.);
#12459=EDGE_CURVE('',#651,#381,#12462,.T.);
#12460=LINE('',#380,#12463);
#12461=LINE('',#648,#12464);
#12462=LINE('',#650,#12465);
#12463=VECTOR('',#12466,1.0);
#12464=VECTOR('',#12467,1.0);
#12465=VECTOR('',#12468,1.0);
#12466=DIRECTION('',(0.21772331972957837,-0.9760105307044241,0));
#12467=DIRECTION('',(0.9368371781831561,0.3497657810218449,0));
#12468=DIRECTION('',(-0.6707924773547433,0.741645098631607,0));
#12469=FACE_SURFACE('',(#12474),#12470,.T.);
#12470=PLANE('',#12471);
#12471=AXIS2_PLACEMENT_3D('',#380,#12472,#12473);
#12472=DIRECTION('',(-0,0,1));
#12473=DIRECTION('',(0.6707924773547433,-0.741645098631607,0));
#12474=FACE_BOUND('',#12475,.T.);
#12475=EDGE_LOOP('',(#12476,#12477,#12478));
#12476=ORIENTED_EDGE('',*,*,#12479,.T.);
#12477=ORIENTED_EDGE('',*,*,#12480,.T.);
#12478=ORIENTED_EDGE('',*,*,#12481,.T.);
#12479=EDGE_CURVE('',#381,#651,#12482,.F.);
#12480=EDGE_CURVE('',#651,#377,#12483,.T.);
#12481=EDGE_CURVE('',#377,#381,#12484,.T.);
#12482=LINE('',#380,#12485);
#12483=LINE('',#650,#12486);
#12484=LINE('',#376,#12487);
#12485=VECTOR('',#12488,1.0);
#12486=VECTOR('',#12489,1.0);
#12487=VECTOR('',#12490,1.0);
#12488=DIRECTION('',(0.6707924773547433,-0.741645098631607,0));
#12489=DIRECTION('',(-0.17425341191508878,0.9847008421017778,0));
#12490=DIRECTION('',(-0.9438832568705066,-0.33027927182844136,0));
#12491=FACE_SURFACE('',(#12496),#12492,.T.);
#12492=PLANE('',#12493);
#12493=AXIS2_PLACEMENT_3D('',#376,#12494,#12495);
#12494=DIRECTION('',(0,0,1));
#12495=DIRECTION('',(0.17425341191508878,-0.9847008421017778,0));
#12496=FACE_BOUND('',#12497,.T.);
#12497=EDGE_LOOP('',(#12498,#12499,#12500));
#12498=ORIENTED_EDGE('',*,*,#12501,.T.);
#12499=ORIENTED_EDGE('',*,*,#12502,.T.);
#12500=ORIENTED_EDGE('',*,*,#12503,.T.);
#12501=EDGE_CURVE('',#377,#651,#12504,.F.);
#12502=EDGE_CURVE('',#651,#653,#12505,.T.);
#12503=EDGE_CURVE('',#653,#377,#12506,.T.);
#12504=LINE('',#376,#12507);
#12505=LINE('',#650,#12508);
#12506=LINE('',#652,#12509);
#12507=VECTOR('',#12510,1.0);
#12508=VECTOR('',#12511,1.0);
#12509=VECTOR('',#12512,1.0);
#12510=DIRECTION('',(0.17425341191508878,-0.9847008421017778,0));
#12511=DIRECTION('',(0.9616291258267969,0.27435273711335617,0));
#12512=DIRECTION('',(-0.6338640378115002,0.7734444915889575,0));
#12513=FACE_SURFACE('',(#12518),#12514,.T.);
#12514=PLANE('',#12515);
#12515=AXIS2_PLACEMENT_3D('',#376,#12516,#12517);
#12516=DIRECTION('',(-0,0,1));
#12517=DIRECTION('',(0.6338640378115002,-0.7734444915889575,0));
#12518=FACE_BOUND('',#12519,.T.);
#12519=EDGE_LOOP('',(#12520,#12521,#12522));
#12520=ORIENTED_EDGE('',*,*,#12523,.T.);
#12521=ORIENTED_EDGE('',*,*,#12524,.T.);
#12522=ORIENTED_EDGE('',*,*,#12525,.T.);
#12523=EDGE_CURVE('',#377,#653,#12526,.F.);
#12524=EDGE_CURVE('',#653,#373,#12527,.T.);
#12525=EDGE_CURVE('',#373,#377,#12528,.T.);
#12526=LINE('',#376,#12529);
#12527=LINE('',#652,#12530);
#12528=LINE('',#372,#12531);
#12529=VECTOR('',#12532,1.0);
#12530=VECTOR('',#12533,1.0);
#12531=VECTOR('',#12534,1.0);
#12532=DIRECTION('',(0.6338640378115002,-0.7734444915889575,0));
#12533=DIRECTION('',(-0.13072762200207025,0.9914183218226723,0));
#12534=DIRECTION('',(-0.9659257764378522,-0.25881923114972044,0));
#12535=FACE_SURFACE('',(#12540),#12536,.T.);
#12536=PLANE('',#12537);
#12537=AXIS2_PLACEMENT_3D('',#372,#12538,#12539);
#12538=DIRECTION('',(0,0,1));
#12539=DIRECTION('',(0.13072762200207025,-0.9914183218226723,0));
#12540=FACE_BOUND('',#12541,.T.);
#12541=EDGE_LOOP('',(#12542,#12543,#12544));
#12542=ORIENTED_EDGE('',*,*,#12545,.T.);
#12543=ORIENTED_EDGE('',*,*,#12546,.T.);
#12544=ORIENTED_EDGE('',*,*,#12547,.T.);
#12545=EDGE_CURVE('',#373,#653,#12548,.F.);
#12546=EDGE_CURVE('',#653,#655,#12549,.T.);
#12547=EDGE_CURVE('',#655,#373,#12550,.T.);
#12548=LINE('',#372,#12551);
#12549=LINE('',#652,#12552);
#12550=LINE('',#654,#12553);
#12551=VECTOR('',#12554,1.0);
#12552=VECTOR('',#12555,1.0);
#12553=VECTOR('',#12556,1.0);
#12554=DIRECTION('',(0.13072762200207025,-0.9914183218226723,0));
#12555=DIRECTION('',(0.9803612932758358,0.19720987461719755,0));
#12556=DIRECTION('',(-0.5948732250316286,0.8038195358041936,0));
#12557=FACE_SURFACE('',(#12562),#12558,.T.);
#12558=PLANE('',#12559);
#12559=AXIS2_PLACEMENT_3D('',#372,#12560,#12561);
#12560=DIRECTION('',(-0,0,1));
#12561=DIRECTION('',(0.5948732250316286,-0.8038195358041936,0));
#12562=FACE_BOUND('',#12563,.T.);
#12563=EDGE_LOOP('',(#12564,#12565,#12566));
#12564=ORIENTED_EDGE('',*,*,#12567,.T.);
#12565=ORIENTED_EDGE('',*,*,#12568,.T.);
#12566=ORIENTED_EDGE('',*,*,#12569,.T.);
#12567=EDGE_CURVE('',#373,#655,#12570,.F.);
#12568=EDGE_CURVE('',#655,#369,#12571,.T.);
#12569=EDGE_CURVE('',#369,#373,#12572,.T.);
#12570=LINE('',#372,#12573);
#12571=LINE('',#654,#12574);
#12572=LINE('',#368,#12575);
#12573=VECTOR('',#12576,1.0);
#12574=VECTOR('',#12577,1.0);
#12575=VECTOR('',#12578,1.0);
#12576=DIRECTION('',(0.5948732250316286,-0.8038195358041936,0));
#12577=DIRECTION('',(-0.08716732800873232,0.9961936844448563,0));
#12578=DIRECTION('',(-0.9825666859235868,-0.18591048306413452,0));
#12579=FACE_SURFACE('',(#12584),#12580,.T.);
#12580=PLANE('',#12581);
#12581=AXIS2_PLACEMENT_3D('',#368,#12582,#12583);
#12582=DIRECTION('',(0,0,1));
#12583=DIRECTION('',(0.08716732800873232,-0.9961936844448563,0));
#12584=FACE_BOUND('',#12585,.T.);
#12585=EDGE_LOOP('',(#12586,#12587,#12588));
#12586=ORIENTED_EDGE('',*,*,#12589,.T.);
#12587=ORIENTED_EDGE('',*,*,#12590,.T.);
#12588=ORIENTED_EDGE('',*,*,#12591,.T.);
#12589=EDGE_CURVE('',#369,#655,#12592,.F.);
#12590=EDGE_CURVE('',#655,#657,#12593,.T.);
#12591=EDGE_CURVE('',#657,#369,#12594,.T.);
#12592=LINE('',#368,#12595);
#12593=LINE('',#654,#12596);
#12594=LINE('',#656,#12597);
#12595=VECTOR('',#12598,1.0);
#12596=VECTOR('',#12599,1.0);
#12597=VECTOR('',#12600,1.0);
#12598=DIRECTION('',(0.08716732800873232,-0.9961936844448563,0));
#12599=DIRECTION('',(0.9929150781374784,0.11882612342092608,0));
#12600=DIRECTION('',(-0.5538402000940367,0.8326229835644686,0));
#12601=FACE_SURFACE('',(#12606),#12602,.T.);
#12602=PLANE('',#12603);
#12603=AXIS2_PLACEMENT_3D('',#368,#12604,#12605);
#12604=DIRECTION('',(-0,0,1));
#12605=DIRECTION('',(0.5538402000940367,-0.8326229835644686,0));
#12606=FACE_BOUND('',#12607,.T.);
#12607=EDGE_LOOP('',(#12608,#12609,#12610));
#12608=ORIENTED_EDGE('',*,*,#12611,.T.);
#12609=ORIENTED_EDGE('',*,*,#12612,.T.);
#12610=ORIENTED_EDGE('',*,*,#12613,.T.);
#12611=EDGE_CURVE('',#369,#657,#12614,.F.);
#12612=EDGE_CURVE('',#657,#365,#12615,.T.);
#12613=EDGE_CURVE('',#365,#369,#12616,.T.);
#12614=LINE('',#368,#12617);
#12615=LINE('',#656,#12618);
#12616=LINE('',#364,#12619);
#12617=VECTOR('',#12620,1.0);
#12618=VECTOR('',#12621,1.0);
#12619=VECTOR('',#12622,1.0);
#12620=DIRECTION('',(0.5538402000940367,-0.8326229835644686,0));
#12621=DIRECTION('',(-0.04358790828113916,0.9990495954914725,0));
#12622=DIRECTION('',(-0.9937121028612644,-0.11196542603430636,0));
#12623=FACE_SURFACE('',(#12628),#12624,.T.);
#12624=PLANE('',#12625);
#12625=AXIS2_PLACEMENT_3D('',#364,#12626,#12627);
#12626=DIRECTION('',(0,0,1));
#12627=DIRECTION('',(0.04358790828113916,-0.9990495954914725,0));
#12628=FACE_BOUND('',#12629,.T.);
#12629=EDGE_LOOP('',(#12630,#12631,#12632));
#12630=ORIENTED_EDGE('',*,*,#12633,.T.);
#12631=ORIENTED_EDGE('',*,*,#12634,.T.);
#12632=ORIENTED_EDGE('',*,*,#12635,.T.);
#12633=EDGE_CURVE('',#365,#657,#12636,.F.);
#12634=EDGE_CURVE('',#657,#659,#12637,.T.);
#12635=EDGE_CURVE('',#659,#365,#12638,.T.);
#12636=LINE('',#364,#12639);
#12637=LINE('',#656,#12640);
#12638=LINE('',#658,#12641);
#12639=VECTOR('',#12642,1.0);
#12640=VECTOR('',#12643,1.0);
#12641=VECTOR('',#12644,1.0);
#12642=DIRECTION('',(0.04358790828113916,-0.9990495954914725,0));
#12643=DIRECTION('',(0.9992119744269368,0.03969168882552953,0));
#12644=DIRECTION('',(-0.5107966609686223,0.8597015593467923,0));
#12645=FACE_SURFACE('',(#12650),#12646,.T.);
#12646=PLANE('',#12647);
#12647=AXIS2_PLACEMENT_3D('',#364,#12648,#12649);
#12648=DIRECTION('',(-0,0,1));
#12649=DIRECTION('',(0.5107966609686223,-0.8597015593467923,0));
#12650=FACE_BOUND('',#12651,.T.);
#12651=EDGE_LOOP('',(#12652,#12653,#12654));
#12652=ORIENTED_EDGE('',*,*,#12655,.T.);
#12653=ORIENTED_EDGE('',*,*,#12656,.T.);
#12654=ORIENTED_EDGE('',*,*,#12657,.T.);
#12655=EDGE_CURVE('',#365,#659,#12658,.F.);
#12656=EDGE_CURVE('',#659,#361,#12659,.T.);
#12657=EDGE_CURVE('',#361,#365,#12660,.T.);
#12658=LINE('',#364,#12661);
#12659=LINE('',#658,#12662);
#12660=LINE('',#360,#12663);
#12661=VECTOR('',#12664,1.0);
#12662=VECTOR('',#12665,1.0);
#12663=VECTOR('',#12666,1.0);
#12664=DIRECTION('',(0.5107966609686223,-0.8597015593467923,0));
#12665=DIRECTION('',(-7.688060664435767E-16,1,0));
#12666=DIRECTION('',(-0.9993007196947882,-0.037390795892549324,0));
#12667=FACE_SURFACE('',(#12672),#12668,.T.);
#12668=PLANE('',#12669);
#12669=AXIS2_PLACEMENT_3D('',#360,#12670,#12671);
#12670=DIRECTION('',(0,0,1));
#12671=DIRECTION('',(7.688060664435767E-16,-1,0));
#12672=FACE_BOUND('',#12673,.T.);
#12673=EDGE_LOOP('',(#12674,#12675,#12676));
#12674=ORIENTED_EDGE('',*,*,#12677,.T.);
#12675=ORIENTED_EDGE('',*,*,#12678,.T.);
#12676=ORIENTED_EDGE('',*,*,#12679,.T.);
#12677=EDGE_CURVE('',#361,#659,#12680,.F.);
#12678=EDGE_CURVE('',#659,#357,#12681,.T.);
#12679=EDGE_CURVE('',#357,#361,#12682,.T.);
#12680=LINE('',#360,#12683);
#12681=LINE('',#658,#12684);
#12682=LINE('',#356,#12685);
#12683=VECTOR('',#12686,1.0);
#12684=VECTOR('',#12687,1.0);
#12685=VECTOR('',#12688,1.0);
#12686=DIRECTION('',(7.688060664435767E-16,-1,0));
#12687=DIRECTION('',(0.5107966609686206,0.8597015593467934,0));
#12688=DIRECTION('',(-0.9993007196947882,0.037390795892549386,0));
#12689=FACE_SURFACE('',(#12694),#12690,.T.);
#12690=PLANE('',#12691);
#12691=AXIS2_PLACEMENT_3D('',#356,#12692,#12693);
#12692=DIRECTION('',(0,0,1));
#12693=DIRECTION('',(-0.5107966609686206,-0.8597015593467934,0));
#12694=FACE_BOUND('',#12695,.T.);
#12695=EDGE_LOOP('',(#12696,#12697,#12698));
#12696=ORIENTED_EDGE('',*,*,#12699,.T.);
#12697=ORIENTED_EDGE('',*,*,#12700,.T.);
#12698=ORIENTED_EDGE('',*,*,#12701,.T.);
#12699=EDGE_CURVE('',#357,#659,#12702,.F.);
#12700=EDGE_CURVE('',#659,#661,#12703,.T.);
#12701=EDGE_CURVE('',#661,#357,#12704,.T.);
#12702=LINE('',#356,#12705);
#12703=LINE('',#658,#12706);
#12704=LINE('',#660,#12707);
#12705=VECTOR('',#12708,1.0);
#12706=VECTOR('',#12709,1.0);
#12707=VECTOR('',#12710,1.0);
#12708=DIRECTION('',(-0.5107966609686206,-0.8597015593467934,0));
#12709=DIRECTION('',(0.9992119744269367,-0.03969168882552972,0));
#12710=DIRECTION('',(0.04358790828113916,0.9990495954914725,0));
#12711=FACE_SURFACE('',(#12716),#12712,.T.);
#12712=PLANE('',#12713);
#12713=AXIS2_PLACEMENT_3D('',#356,#12714,#12715);
#12714=DIRECTION('',(0,0,1));
#12715=DIRECTION('',(-0.04358790828113916,-0.9990495954914725,0));
#12716=FACE_BOUND('',#12717,.T.);
#12717=EDGE_LOOP('',(#12718,#12719,#12720));
#12718=ORIENTED_EDGE('',*,*,#12721,.T.);
#12719=ORIENTED_EDGE('',*,*,#12722,.T.);
#12720=ORIENTED_EDGE('',*,*,#12723,.T.);
#12721=EDGE_CURVE('',#357,#661,#12724,.F.);
#12722=EDGE_CURVE('',#661,#353,#12725,.T.);
#12723=EDGE_CURVE('',#353,#357,#12726,.T.);
#12724=LINE('',#356,#12727);
#12725=LINE('',#660,#12728);
#12726=LINE('',#352,#12729);
#12727=VECTOR('',#12730,1.0);
#12728=VECTOR('',#12731,1.0);
#12729=VECTOR('',#12732,1.0);
#12730=DIRECTION('',(-0.04358790828113916,-0.9990495954914725,0));
#12731=DIRECTION('',(0.5538402000940367,0.8326229835644686,0));
#12732=DIRECTION('',(-0.9937121028612644,0.11196542603430636,0));
#12733=FACE_SURFACE('',(#12738),#12734,.T.);
#12734=PLANE('',#12735);
#12735=AXIS2_PLACEMENT_3D('',#352,#12736,#12737);
#12736=DIRECTION('',(0,0,1));
#12737=DIRECTION('',(-0.5538402000940367,-0.8326229835644686,0));
#12738=FACE_BOUND('',#12739,.T.);
#12739=EDGE_LOOP('',(#12740,#12741,#12742));
#12740=ORIENTED_EDGE('',*,*,#12743,.T.);
#12741=ORIENTED_EDGE('',*,*,#12744,.T.);
#12742=ORIENTED_EDGE('',*,*,#12745,.T.);
#12743=EDGE_CURVE('',#353,#661,#12746,.F.);
#12744=EDGE_CURVE('',#661,#663,#12747,.T.);
#12745=EDGE_CURVE('',#663,#353,#12748,.T.);
#12746=LINE('',#352,#12749);
#12747=LINE('',#660,#12750);
#12748=LINE('',#662,#12751);
#12749=VECTOR('',#12752,1.0);
#12750=VECTOR('',#12753,1.0);
#12751=VECTOR('',#12754,1.0);
#12752=DIRECTION('',(-0.5538402000940367,-0.8326229835644686,0));
#12753=DIRECTION('',(0.9929150781374784,-0.11882612342092608,0));
#12754=DIRECTION('',(0.08716732800873232,0.9961936844448563,0));
#12755=FACE_SURFACE('',(#12760),#12756,.T.);
#12756=PLANE('',#12757);
#12757=AXIS2_PLACEMENT_3D('',#352,#12758,#12759);
#12758=DIRECTION('',(0,0,1));
#12759=DIRECTION('',(-0.08716732800873232,-0.9961936844448563,0));
#12760=FACE_BOUND('',#12761,.T.);
#12761=EDGE_LOOP('',(#12762,#12763,#12764));
#12762=ORIENTED_EDGE('',*,*,#12765,.T.);
#12763=ORIENTED_EDGE('',*,*,#12766,.T.);
#12764=ORIENTED_EDGE('',*,*,#12767,.T.);
#12765=EDGE_CURVE('',#353,#663,#12768,.F.);
#12766=EDGE_CURVE('',#663,#349,#12769,.T.);
#12767=EDGE_CURVE('',#349,#353,#12770,.T.);
#12768=LINE('',#352,#12771);
#12769=LINE('',#662,#12772);
#12770=LINE('',#348,#12773);
#12771=VECTOR('',#12774,1.0);
#12772=VECTOR('',#12775,1.0);
#12773=VECTOR('',#12776,1.0);
#12774=DIRECTION('',(-0.08716732800873232,-0.9961936844448563,0));
#12775=DIRECTION('',(0.5948732250316286,0.8038195358041936,0));
#12776=DIRECTION('',(-0.9825666859235868,0.18591048306413452,0));
#12777=FACE_SURFACE('',(#12782),#12778,.T.);
#12778=PLANE('',#12779);
#12779=AXIS2_PLACEMENT_3D('',#348,#12780,#12781);
#12780=DIRECTION('',(0,0,1));
#12781=DIRECTION('',(-0.5948732250316286,-0.8038195358041936,0));
#12782=FACE_BOUND('',#12783,.T.);
#12783=EDGE_LOOP('',(#12784,#12785,#12786));
#12784=ORIENTED_EDGE('',*,*,#12787,.T.);
#12785=ORIENTED_EDGE('',*,*,#12788,.T.);
#12786=ORIENTED_EDGE('',*,*,#12789,.T.);
#12787=EDGE_CURVE('',#349,#663,#12790,.F.);
#12788=EDGE_CURVE('',#663,#665,#12791,.T.);
#12789=EDGE_CURVE('',#665,#349,#12792,.T.);
#12790=LINE('',#348,#12793);
#12791=LINE('',#662,#12794);
#12792=LINE('',#664,#12795);
#12793=VECTOR('',#12796,1.0);
#12794=VECTOR('',#12797,1.0);
#12795=VECTOR('',#12798,1.0);
#12796=DIRECTION('',(-0.5948732250316286,-0.8038195358041936,0));
#12797=DIRECTION('',(0.9803612932758358,-0.19720987461719755,0));
#12798=DIRECTION('',(0.13072762200207025,0.9914183218226723,0));
#12799=FACE_SURFACE('',(#12804),#12800,.T.);
#12800=PLANE('',#12801);
#12801=AXIS2_PLACEMENT_3D('',#348,#12802,#12803);
#12802=DIRECTION('',(0,0,1));
#12803=DIRECTION('',(-0.13072762200207025,-0.9914183218226723,0));
#12804=FACE_BOUND('',#12805,.T.);
#12805=EDGE_LOOP('',(#12806,#12807,#12808));
#12806=ORIENTED_EDGE('',*,*,#12809,.T.);
#12807=ORIENTED_EDGE('',*,*,#12810,.T.);
#12808=ORIENTED_EDGE('',*,*,#12811,.T.);
#12809=EDGE_CURVE('',#349,#665,#12812,.F.);
#12810=EDGE_CURVE('',#665,#345,#12813,.T.);
#12811=EDGE_CURVE('',#345,#349,#12814,.T.);
#12812=LINE('',#348,#12815);
#12813=LINE('',#664,#12816);
#12814=LINE('',#344,#12817);
#12815=VECTOR('',#12818,1.0);
#12816=VECTOR('',#12819,1.0);
#12817=VECTOR('',#12820,1.0);
#12818=DIRECTION('',(-0.13072762200207025,-0.9914183218226723,0));
#12819=DIRECTION('',(0.6338640378115002,0.7734444915889575,0));
#12820=DIRECTION('',(-0.9659257764378522,0.25881923114972044,0));
#12821=FACE_SURFACE('',(#12826),#12822,.T.);
#12822=PLANE('',#12823);
#12823=AXIS2_PLACEMENT_3D('',#344,#12824,#12825);
#12824=DIRECTION('',(0,0,1));
#12825=DIRECTION('',(-0.6338640378115002,-0.7734444915889575,0));
#12826=FACE_BOUND('',#12827,.T.);
#12827=EDGE_LOOP('',(#12828,#12829,#12830));
#12828=ORIENTED_EDGE('',*,*,#12831,.T.);
#12829=ORIENTED_EDGE('',*,*,#12832,.T.);
#12830=ORIENTED_EDGE('',*,*,#12833,.T.);
#12831=EDGE_CURVE('',#345,#665,#12834,.F.);
#12832=EDGE_CURVE('',#665,#667,#12835,.T.);
#12833=EDGE_CURVE('',#667,#345,#12836,.T.);
#12834=LINE('',#344,#12837);
#12835=LINE('',#664,#12838);
#12836=LINE('',#666,#12839);
#12837=VECTOR('',#12840,1.0);
#12838=VECTOR('',#12841,1.0);
#12839=VECTOR('',#12842,1.0);
#12840=DIRECTION('',(-0.6338640378115002,-0.7734444915889575,0));
#12841=DIRECTION('',(0.9616291258267969,-0.27435273711335617,0));
#12842=DIRECTION('',(0.17425341191508878,0.9847008421017778,0));
#12843=FACE_SURFACE('',(#12848),#12844,.T.);
#12844=PLANE('',#12845);
#12845=AXIS2_PLACEMENT_3D('',#344,#12846,#12847);
#12846=DIRECTION('',(0,0,1));
#12847=DIRECTION('',(-0.17425341191508878,-0.9847008421017778,0));
#12848=FACE_BOUND('',#12849,.T.);
#12849=EDGE_LOOP('',(#12850,#12851,#12852));
#12850=ORIENTED_EDGE('',*,*,#12853,.T.);
#12851=ORIENTED_EDGE('',*,*,#12854,.T.);
#12852=ORIENTED_EDGE('',*,*,#12855,.T.);
#12853=EDGE_CURVE('',#345,#667,#12856,.F.);
#12854=EDGE_CURVE('',#667,#341,#12857,.T.);
#12855=EDGE_CURVE('',#341,#345,#12858,.T.);
#12856=LINE('',#344,#12859);
#12857=LINE('',#666,#12860);
#12858=LINE('',#340,#12861);
#12859=VECTOR('',#12862,1.0);
#12860=VECTOR('',#12863,1.0);
#12861=VECTOR('',#12864,1.0);
#12862=DIRECTION('',(-0.17425341191508878,-0.9847008421017778,0));
#12863=DIRECTION('',(0.6707924773547433,0.741645098631607,0));
#12864=DIRECTION('',(-0.9438832568705066,0.33027927182844136,0));
#12865=FACE_SURFACE('',(#12870),#12866,.T.);
#12866=PLANE('',#12867);
#12867=AXIS2_PLACEMENT_3D('',#340,#12868,#12869);
#12868=DIRECTION('',(0,0,1));
#12869=DIRECTION('',(-0.6707924773547433,-0.741645098631607,0));
#12870=FACE_BOUND('',#12871,.T.);
#12871=EDGE_LOOP('',(#12872,#12873,#12874));
#12872=ORIENTED_EDGE('',*,*,#12875,.T.);
#12873=ORIENTED_EDGE('',*,*,#12876,.T.);
#12874=ORIENTED_EDGE('',*,*,#12877,.T.);
#12875=EDGE_CURVE('',#341,#667,#12878,.F.);
#12876=EDGE_CURVE('',#667,#669,#12879,.T.);
#12877=EDGE_CURVE('',#669,#341,#12880,.T.);
#12878=LINE('',#340,#12881);
#12879=LINE('',#666,#12882);
#12880=LINE('',#668,#12883);
#12881=VECTOR('',#12884,1.0);
#12882=VECTOR('',#12885,1.0);
#12883=VECTOR('',#12886,1.0);
#12884=DIRECTION('',(-0.6707924773547433,-0.741645098631607,0));
#12885=DIRECTION('',(0.9368371781831561,-0.3497657810218449,0));
#12886=DIRECTION('',(0.21772331972957837,0.9760105307044241,0));
#12887=FACE_SURFACE('',(#12892),#12888,.T.);
#12888=PLANE('',#12889);
#12889=AXIS2_PLACEMENT_3D('',#340,#12890,#12891);
#12890=DIRECTION('',(0,0,1));
#12891=DIRECTION('',(-0.21772331972957837,-0.9760105307044241,0));
#12892=FACE_BOUND('',#12893,.T.);
#12893=EDGE_LOOP('',(#12894,#12895,#12896));
#12894=ORIENTED_EDGE('',*,*,#12897,.T.);
#12895=ORIENTED_EDGE('',*,*,#12898,.T.);
#12896=ORIENTED_EDGE('',*,*,#12899,.T.);
#12897=EDGE_CURVE('',#341,#669,#12900,.F.);
#12898=EDGE_CURVE('',#669,#337,#12901,.T.);
#12899=EDGE_CURVE('',#337,#341,#12902,.T.);
#12900=LINE('',#340,#12903);
#12901=LINE('',#668,#12904);
#12902=LINE('',#336,#12905);
#12903=VECTOR('',#12906,1.0);
#12904=VECTOR('',#12907,1.0);
#12905=VECTOR('',#12908,1.0);
#12906=DIRECTION('',(-0.21772331972957837,-0.9760105307044241,0));
#12907=DIRECTION('',(0.7056517818861031,0.7085587927059881,0));
#12908=DIRECTION('',(-0.91656226699547,0.3998919988198372,0));
#12909=FACE_SURFACE('',(#12914),#12910,.T.);
#12910=PLANE('',#12911);
#12911=AXIS2_PLACEMENT_3D('',#336,#12912,#12913);
#12912=DIRECTION('',(0,0,1));
#12913=DIRECTION('',(-0.7056517818861031,-0.7085587927059881,0));
#12914=FACE_BOUND('',#12915,.T.);
#12915=EDGE_LOOP('',(#12916,#12917,#12918));
#12916=ORIENTED_EDGE('',*,*,#12919,.T.);
#12917=ORIENTED_EDGE('',*,*,#12920,.T.);
#12918=ORIENTED_EDGE('',*,*,#12921,.T.);
#12919=EDGE_CURVE('',#337,#669,#12922,.F.);
#12920=EDGE_CURVE('',#669,#671,#12923,.T.);
#12921=EDGE_CURVE('',#671,#337,#12924,.T.);
#12922=LINE('',#336,#12925);
#12923=LINE('',#668,#12926);
#12924=LINE('',#670,#12927);
#12925=VECTOR('',#12928,1.0);
#12926=VECTOR('',#12929,1.0);
#12927=VECTOR('',#12930,1.0);
#12928=DIRECTION('',(-0.7056517818861031,-0.7085587927059881,0));
#12929=DIRECTION('',(0.9061414356245898,-0.4229748203430167,0));
#12930=DIRECTION('',(0.26110751976473107,0.9653097239344015,0));
#12931=FACE_SURFACE('',(#12936),#12932,.T.);
#12932=PLANE('',#12933);
#12933=AXIS2_PLACEMENT_3D('',#336,#12934,#12935);
#12934=DIRECTION('',(0,0,1));
#12935=DIRECTION('',(-0.26110751976473107,-0.9653097239344015,0));
#12936=FACE_BOUND('',#12937,.T.);
#12937=EDGE_LOOP('',(#12938,#12939,#12940));
#12938=ORIENTED_EDGE('',*,*,#12941,.T.);
#12939=ORIENTED_EDGE('',*,*,#12942,.T.);
#12940=ORIENTED_EDGE('',*,*,#12943,.T.);
#12941=EDGE_CURVE('',#337,#671,#12944,.F.);
#12942=EDGE_CURVE('',#671,#333,#12945,.T.);
#12943=EDGE_CURVE('',#333,#337,#12946,.T.);
#12944=LINE('',#336,#12947);
#12945=LINE('',#670,#12948);
#12946=LINE('',#332,#12949);
#12947=VECTOR('',#12950,1.0);
#12948=VECTOR('',#12951,1.0);
#12949=VECTOR('',#12952,1.0);
#12950=DIRECTION('',(-0.26110751976473107,-0.9653097239344015,0));
#12951=DIRECTION('',(0.7384458668420733,0.6743127625544834,0));
#12952=DIRECTION('',(-0.8841151733656437,0.46726904479607645,0));
#12953=FACE_SURFACE('',(#12958),#12954,.T.);
#12954=PLANE('',#12955);
#12955=AXIS2_PLACEMENT_3D('',#332,#12956,#12957);
#12956=DIRECTION('',(0,0,1));
#12957=DIRECTION('',(-0.7384458668420733,-0.6743127625544834,0));
#12958=FACE_BOUND('',#12959,.T.);
#12959=EDGE_LOOP('',(#12960,#12961,#12962));
#12960=ORIENTED_EDGE('',*,*,#12963,.T.);
#12961=ORIENTED_EDGE('',*,*,#12964,.T.);
#12962=ORIENTED_EDGE('',*,*,#12965,.T.);
#12963=EDGE_CURVE('',#333,#671,#12966,.F.);
#12964=EDGE_CURVE('',#671,#673,#12967,.T.);
#12965=EDGE_CURVE('',#673,#333,#12968,.T.);
#12966=LINE('',#332,#12969);
#12967=LINE('',#670,#12970);
#12968=LINE('',#672,#12971);
#12969=VECTOR('',#12972,1.0);
#12970=VECTOR('',#12973,1.0);
#12971=VECTOR('',#12974,1.0);
#12972=DIRECTION('',(-0.7384458668420733,-0.6743127625544834,0));
#12973=DIRECTION('',(0.869735371150857,-0.49351837267631815,0));
#12974=DIRECTION('',(0.30436530061330713,0.952555386202068,0));
#12975=FACE_SURFACE('',(#12980),#12976,.T.);
#12976=PLANE('',#12977);
#12977=AXIS2_PLACEMENT_3D('',#332,#12978,#12979);
#12978=DIRECTION('',(0,0,1));
#12979=DIRECTION('',(-0.30436530061330713,-0.952555386202068,0));
#12980=FACE_BOUND('',#12981,.T.);
#12981=EDGE_LOOP('',(#12982,#12983,#12984));
#12982=ORIENTED_EDGE('',*,*,#12985,.T.);
#12983=ORIENTED_EDGE('',*,*,#12986,.T.);
#12984=ORIENTED_EDGE('',*,*,#12987,.T.);
#12985=EDGE_CURVE('',#333,#673,#12988,.F.);
#12986=EDGE_CURVE('',#673,#329,#12989,.T.);
#12987=EDGE_CURVE('',#329,#333,#12990,.T.);
#12988=LINE('',#332,#12991);
#12989=LINE('',#672,#12992);
#12990=LINE('',#328,#12993);
#12991=VECTOR('',#12994,1.0);
#12992=VECTOR('',#12995,1.0);
#12993=VECTOR('',#12996,1.0);
#12994=DIRECTION('',(-0.30436530061330713,-0.952555386202068,0));
#12995=DIRECTION('',(0.7691869953369352,0.6390237602816795,0));
#12996=DIRECTION('',(-0.8467244458699471,0.5320316839871766,0));
#12997=FACE_SURFACE('',(#13002),#12998,.T.);
#12998=PLANE('',#12999);
#12999=AXIS2_PLACEMENT_3D('',#328,#13000,#13001);
#13000=DIRECTION('',(0,0,1));
#13001=DIRECTION('',(-0.7691869953369352,-0.6390237602816795,0));
#13002=FACE_BOUND('',#13003,.T.);
#13003=EDGE_LOOP('',(#13004,#13005,#13006));
#13004=ORIENTED_EDGE('',*,*,#13007,.T.);
#13005=ORIENTED_EDGE('',*,*,#13008,.T.);
#13006=ORIENTED_EDGE('',*,*,#13009,.T.);
#13007=EDGE_CURVE('',#329,#673,#13010,.F.);
#13008=EDGE_CURVE('',#673,#675,#13011,.T.);
#13009=EDGE_CURVE('',#675,#329,#13012,.T.);
#13010=LINE('',#328,#13013);
#13011=LINE('',#672,#13014);
#13012=LINE('',#674,#13015);
#13013=VECTOR('',#13016,1.0);
#13014=VECTOR('',#13017,1.0);
#13015=VECTOR('',#13018,1.0);
#13016=DIRECTION('',(-0.7691869953369352,-0.6390237602816795,0));
#13017=DIRECTION('',(0.8278487356545002,-0.5609513979617535,0));
#13018=DIRECTION('',(0.347445484866279,0.9377001839852845,0));
#13019=FACE_SURFACE('',(#13024),#13020,.T.);
#13020=PLANE('',#13021);
#13021=AXIS2_PLACEMENT_3D('',#328,#13022,#13023);
#13022=DIRECTION('',(0,0,1));
#13023=DIRECTION('',(-0.347445484866279,-0.9377001839852845,0));
#13024=FACE_BOUND('',#13025,.T.);
#13025=EDGE_LOOP('',(#13026,#13027,#13028));
#13026=ORIENTED_EDGE('',*,*,#13029,.T.);
#13027=ORIENTED_EDGE('',*,*,#13030,.T.);
#13028=ORIENTED_EDGE('',*,*,#13031,.T.);
#13029=EDGE_CURVE('',#329,#675,#13032,.F.);
#13030=EDGE_CURVE('',#675,#325,#13033,.T.);
#13031=EDGE_CURVE('',#325,#329,#13034,.T.);
#13032=LINE('',#328,#13035);
#13033=LINE('',#674,#13036);
#13034=LINE('',#324,#13037);
#13035=VECTOR('',#13038,1.0);
#13036=VECTOR('',#13039,1.0);
#13037=VECTOR('',#13040,1.0);
#13038=DIRECTION('',(-0.347445484866279,-0.9377001839852845,0));
#13039=DIRECTION('',(0.7978964805852146,0.6027944975443358,0));
#13040=DIRECTION('',(-0.8045976558822929,0.5938203534308328,0));
#13041=FACE_SURFACE('',(#13046),#13042,.T.);
#13042=PLANE('',#13043);
#13043=AXIS2_PLACEMENT_3D('',#324,#13044,#13045);
#13044=DIRECTION('',(0,0,1));
#13045=DIRECTION('',(-0.7978964805852146,-0.6027944975443358,0));
#13046=FACE_BOUND('',#13047,.T.);
#13047=EDGE_LOOP('',(#13048,#13049,#13050));
#13048=ORIENTED_EDGE('',*,*,#13051,.T.);
#13049=ORIENTED_EDGE('',*,*,#13052,.T.);
#13050=ORIENTED_EDGE('',*,*,#13053,.T.);
#13051=EDGE_CURVE('',#325,#675,#13054,.F.);
#13052=EDGE_CURVE('',#675,#677,#13055,.T.);
#13053=EDGE_CURVE('',#677,#325,#13056,.T.);
#13054=LINE('',#324,#13057);
#13055=LINE('',#674,#13058);
#13056=LINE('',#676,#13059);
#13057=VECTOR('',#13060,1.0);
#13058=VECTOR('',#13061,1.0);
#13059=VECTOR('',#13062,1.0);
#13060=DIRECTION('',(-0.7978964805852146,-0.6027944975443358,0));
#13061=DIRECTION('',(0.7807443650199645,-0.6248505713285157,0));
#13062=DIRECTION('',(0.39028491996530285,0.9206941301255686,0));
#13063=FACE_SURFACE('',(#13068),#13064,.T.);
#13064=PLANE('',#13065);
#13065=AXIS2_PLACEMENT_3D('',#324,#13066,#13067);
#13066=DIRECTION('',(0,0,1));
#13067=DIRECTION('',(-0.39028491996530285,-0.9206941301255686,0));
#13068=FACE_BOUND('',#13069,.T.);
#13069=EDGE_LOOP('',(#13070,#13071,#13072));
#13070=ORIENTED_EDGE('',*,*,#13073,.T.);
#13071=ORIENTED_EDGE('',*,*,#13074,.T.);
#13072=ORIENTED_EDGE('',*,*,#13075,.T.);
#13073=EDGE_CURVE('',#325,#677,#13076,.F.);
#13074=EDGE_CURVE('',#677,#321,#13077,.T.);
#13075=EDGE_CURVE('',#321,#325,#13078,.T.);
#13076=LINE('',#324,#13079);
#13077=LINE('',#676,#13080);
#13078=LINE('',#320,#13081);
#13079=VECTOR('',#13082,1.0);
#13080=VECTOR('',#13083,1.0);
#13081=VECTOR('',#13084,1.0);
#13082=DIRECTION('',(-0.39028491996530285,-0.9206941301255686,0));
#13083=DIRECTION('',(0.8245994902533981,0.5657169616281946,0));
#13084=DIRECTION('',(-0.7579715091070167,0.6522876599952139,0));
#13085=FACE_SURFACE('',(#13090),#13086,.T.);
#13086=PLANE('',#13087);
#13087=AXIS2_PLACEMENT_3D('',#320,#13088,#13089);
#13088=DIRECTION('',(0,0,1));
#13089=DIRECTION('',(-0.8245994902533981,-0.5657169616281946,0));
#13090=FACE_BOUND('',#13091,.T.);
#13091=EDGE_LOOP('',(#13092,#13093,#13094));
#13092=ORIENTED_EDGE('',*,*,#13095,.T.);
#13093=ORIENTED_EDGE('',*,*,#13096,.T.);
#13094=ORIENTED_EDGE('',*,*,#13097,.T.);
#13095=EDGE_CURVE('',#321,#677,#13098,.F.);
#13096=EDGE_CURVE('',#677,#679,#13099,.T.);
#13097=EDGE_CURVE('',#679,#321,#13100,.T.);
#13098=LINE('',#320,#13101);
#13099=LINE('',#676,#13102);
#13100=LINE('',#678,#13103);
#13101=VECTOR('',#13104,1.0);
#13102=VECTOR('',#13105,1.0);
#13103=VECTOR('',#13106,1.0);
#13104=DIRECTION('',(-0.8245994902533981,-0.5657169616281946,0));
#13105=DIRECTION('',(0.7287209521889073,-0.6848107576848457,0));
#13106=DIRECTION('',(0.4328054258134865,0.9014873617452475,0));
#13107=FACE_SURFACE('',(#13112),#13108,.T.);
#13108=PLANE('',#13109);
#13109=AXIS2_PLACEMENT_3D('',#320,#13110,#13111);
#13110=DIRECTION('',(0,0,1));
#13111=DIRECTION('',(-0.4328054258134865,-0.9014873617452475,0));
#13112=FACE_BOUND('',#13113,.T.);
#13113=EDGE_LOOP('',(#13114,#13115,#13116));
#13114=ORIENTED_EDGE('',*,*,#13117,.T.);
#13115=ORIENTED_EDGE('',*,*,#13118,.T.);
#13116=ORIENTED_EDGE('',*,*,#13119,.T.);
#13117=EDGE_CURVE('',#321,#679,#13120,.F.);
#13118=EDGE_CURVE('',#679,#317,#13121,.T.);
#13119=EDGE_CURVE('',#317,#321,#13122,.T.);
#13120=LINE('',#320,#13123);
#13121=LINE('',#678,#13124);
#13122=LINE('',#316,#13125);
#13123=VECTOR('',#13126,1.0);
#13124=VECTOR('',#13127,1.0);
#13125=VECTOR('',#13128,1.0);
#13126=DIRECTION('',(-0.4328054258134865,-0.9014873617452475,0));
#13127=DIRECTION('',(0.8493256366045023,0.5278692669651806,0));
#13128=DIRECTION('',(-0.7071067811865476,0.7071067811865476,0));
#13129=FACE_SURFACE('',(#13134),#13130,.T.);
#13130=PLANE('',#13131);
#13131=AXIS2_PLACEMENT_3D('',#316,#13132,#13133);
#13132=DIRECTION('',(0,0,1));
#13133=DIRECTION('',(-0.8493256366045023,-0.5278692669651806,0));
#13134=FACE_BOUND('',#13135,.T.);
#13135=EDGE_LOOP('',(#13136,#13137,#13138));
#13136=ORIENTED_EDGE('',*,*,#13139,.T.);
#13137=ORIENTED_EDGE('',*,*,#13140,.T.);
#13138=ORIENTED_EDGE('',*,*,#13141,.T.);
#13139=EDGE_CURVE('',#317,#679,#13142,.F.);
#13140=EDGE_CURVE('',#679,#681,#13143,.T.);
#13141=EDGE_CURVE('',#681,#317,#13144,.T.);
#13142=LINE('',#316,#13145);
#13143=LINE('',#678,#13146);
#13144=LINE('',#680,#13147);
#13145=VECTOR('',#13148,1.0);
#13146=VECTOR('',#13149,1.0);
#13147=VECTOR('',#13150,1.0);
#13148=DIRECTION('',(-0.8493256366045023,-0.5278692669651806,0));
#13149=DIRECTION('',(0.6721046757972463,-0.7404561464202173,0));
#13150=DIRECTION('',(0.4749165319833527,0.8800308447144936,0));
#13151=FACE_SURFACE('',(#13156),#13152,.T.);
#13152=PLANE('',#13153);
#13153=AXIS2_PLACEMENT_3D('',#316,#13154,#13155);
#13154=DIRECTION('',(0,0,1));
#13155=DIRECTION('',(-0.4749165319833527,-0.8800308447144936,0));
#13156=FACE_BOUND('',#13157,.T.);
#13157=EDGE_LOOP('',(#13158,#13159,#13160));
#13158=ORIENTED_EDGE('',*,*,#13161,.T.);
#13159=ORIENTED_EDGE('',*,*,#13162,.T.);
#13160=ORIENTED_EDGE('',*,*,#13163,.T.);
#13161=EDGE_CURVE('',#317,#681,#13164,.F.);
#13162=EDGE_CURVE('',#681,#313,#13165,.T.);
#13163=EDGE_CURVE('',#313,#317,#13166,.T.);
#13164=LINE('',#316,#13167);
#13165=LINE('',#680,#13168);
#13166=LINE('',#312,#13169);
#13167=VECTOR('',#13170,1.0);
#13168=VECTOR('',#13171,1.0);
#13169=VECTOR('',#13172,1.0);
#13170=DIRECTION('',(-0.4749165319833527,-0.8800308447144936,0));
#13171=DIRECTION('',(0.872106011384732,0.4893169779464163,0));
#13172=DIRECTION('',(-0.6522876599952139,0.7579715091070167,0));
#13173=FACE_SURFACE('',(#13178),#13174,.T.);
#13174=PLANE('',#13175);
#13175=AXIS2_PLACEMENT_3D('',#312,#13176,#13177);
#13176=DIRECTION('',(0,0,1));
#13177=DIRECTION('',(-0.872106011384732,-0.4893169779464163,0));
#13178=FACE_BOUND('',#13179,.T.);
#13179=EDGE_LOOP('',(#13180,#13181,#13182));
#13180=ORIENTED_EDGE('',*,*,#13183,.T.);
#13181=ORIENTED_EDGE('',*,*,#13184,.T.);
#13182=ORIENTED_EDGE('',*,*,#13185,.T.);
#13183=EDGE_CURVE('',#313,#681,#13186,.F.);
#13184=EDGE_CURVE('',#681,#683,#13187,.T.);
#13185=EDGE_CURVE('',#683,#313,#13188,.T.);
#13186=LINE('',#312,#13189);
#13187=LINE('',#680,#13190);
#13188=LINE('',#682,#13191);
#13189=VECTOR('',#13192,1.0);
#13190=VECTOR('',#13193,1.0);
#13191=VECTOR('',#13194,1.0);
#13192=DIRECTION('',(-0.872106011384732,-0.4893169779464163,0));
#13193=DIRECTION('',(0.6112526053086276,-0.791435564340784,0));
#13194=DIRECTION('',(0.516514002004266,0.8562787430116068,0));
#13195=FACE_SURFACE('',(#13200),#13196,.T.);
#13196=PLANE('',#13197);
#13197=AXIS2_PLACEMENT_3D('',#312,#13198,#13199);
#13198=DIRECTION('',(0,0,1));
#13199=DIRECTION('',(-0.516514002004266,-0.8562787430116068,0));
#13200=FACE_BOUND('',#13201,.T.);
#13201=EDGE_LOOP('',(#13202,#13203,#13204));
#13202=ORIENTED_EDGE('',*,*,#13205,.T.);
#13203=ORIENTED_EDGE('',*,*,#13206,.T.);
#13204=ORIENTED_EDGE('',*,*,#13207,.T.);
#13205=EDGE_CURVE('',#313,#683,#13208,.F.);
#13206=EDGE_CURVE('',#683,#309,#13209,.T.);
#13207=EDGE_CURVE('',#309,#313,#13210,.T.);
#13208=LINE('',#312,#13211);
#13209=LINE('',#682,#13212);
#13210=LINE('',#308,#13213);
#13211=VECTOR('',#13214,1.0);
#13212=VECTOR('',#13215,1.0);
#13213=VECTOR('',#13216,1.0);
#13214=DIRECTION('',(-0.516514002004266,-0.8562787430116068,0));
#13215=DIRECTION('',(0.8929714933130146,0.4501132214569183,0));
#13216=DIRECTION('',(-0.5938203534308328,0.8045976558822929,0));
#13217=FACE_SURFACE('',(#13222),#13218,.T.);
#13218=PLANE('',#13219);
#13219=AXIS2_PLACEMENT_3D('',#308,#13220,#13221);
#13220=DIRECTION('',(0,0,1));
#13221=DIRECTION('',(-0.8929714933130146,-0.4501132214569183,0));
#13222=FACE_BOUND('',#13223,.T.);
#13223=EDGE_LOOP('',(#13224,#13225,#13226));
#13224=ORIENTED_EDGE('',*,*,#13227,.T.);
#13225=ORIENTED_EDGE('',*,*,#13228,.T.);
#13226=ORIENTED_EDGE('',*,*,#13229,.T.);
#13227=EDGE_CURVE('',#309,#683,#13230,.F.);
#13228=EDGE_CURVE('',#683,#685,#13231,.T.);
#13229=EDGE_CURVE('',#685,#309,#13232,.T.);
#13230=LINE('',#308,#13233);
#13231=LINE('',#682,#13234);
#13232=LINE('',#684,#13235);
#13233=VECTOR('',#13236,1.0);
#13234=VECTOR('',#13237,1.0);
#13235=VECTOR('',#13238,1.0);
#13236=DIRECTION('',(-0.8929714933130146,-0.4501132214569183,0));
#13237=DIRECTION('',(0.5465494419846544,-0.8374268370826571,0));
#13238=DIRECTION('',(0.5574798347709109,0.8301904804463841,0));
#13239=FACE_SURFACE('',(#13244),#13240,.T.);
#13240=PLANE('',#13241);
#13241=AXIS2_PLACEMENT_3D('',#308,#13242,#13243);
#13242=DIRECTION('',(0,0,1));
#13243=DIRECTION('',(-0.5574798347709109,-0.8301904804463841,0));
#13244=FACE_BOUND('',#13245,.T.);
#13245=EDGE_LOOP('',(#13246,#13247,#13248));
#13246=ORIENTED_EDGE('',*,*,#13249,.T.);
#13247=ORIENTED_EDGE('',*,*,#13250,.T.);
#13248=ORIENTED_EDGE('',*,*,#13251,.T.);
#13249=EDGE_CURVE('',#309,#685,#13252,.F.);
#13250=EDGE_CURVE('',#685,#305,#13253,.T.);
#13251=EDGE_CURVE('',#305,#309,#13254,.T.);
#13252=LINE('',#308,#13255);
#13253=LINE('',#684,#13256);
#13254=LINE('',#304,#13257);
#13255=VECTOR('',#13258,1.0);
#13256=VECTOR('',#13259,1.0);
#13257=VECTOR('',#13260,1.0);
#13258=DIRECTION('',(-0.5574798347709109,-0.8301904804463841,0));
#13259=DIRECTION('',(0.9119504706861774,0.41030030345499297,0));
#13260=DIRECTION('',(-0.5320316839871766,0.8467244458699471,0));
#13261=FACE_SURFACE('',(#13266),#13262,.T.);
#13262=PLANE('',#13263);
#13263=AXIS2_PLACEMENT_3D('',#304,#13264,#13265);
#13264=DIRECTION('',(0,0,1));
#13265=DIRECTION('',(-0.9119504706861774,-0.41030030345499297,0));
#13266=FACE_BOUND('',#13267,.T.);
#13267=EDGE_LOOP('',(#13268,#13269,#13270));
#13268=ORIENTED_EDGE('',*,*,#13271,.T.);
#13269=ORIENTED_EDGE('',*,*,#13272,.T.);
#13270=ORIENTED_EDGE('',*,*,#13273,.T.);
#13271=EDGE_CURVE('',#305,#685,#13274,.F.);
#13272=EDGE_CURVE('',#685,#687,#13275,.T.);
#13273=EDGE_CURVE('',#687,#305,#13276,.T.);
#13274=LINE('',#304,#13277);
#13275=LINE('',#684,#13278);
#13276=LINE('',#686,#13279);
#13277=VECTOR('',#13280,1.0);
#13278=VECTOR('',#13281,1.0);
#13279=VECTOR('',#13282,1.0);
#13280=DIRECTION('',(-0.9119504706861774,-0.41030030345499297,0));
#13281=DIRECTION('',(0.47840135380499565,-0.8781413010885819,0));
#13282=DIRECTION('',(0.597682322619004,0.8017330236610895,0));
#13283=FACE_SURFACE('',(#13288),#13284,.T.);
#13284=PLANE('',#13285);
#13285=AXIS2_PLACEMENT_3D('',#304,#13286,#13287);
#13286=DIRECTION('',(0,0,1));
#13287=DIRECTION('',(-0.597682322619004,-0.8017330236610895,0));
#13288=FACE_BOUND('',#13289,.T.);
#13289=EDGE_LOOP('',(#13290,#13291,#13292));
#13290=ORIENTED_EDGE('',*,*,#13293,.T.);
#13291=ORIENTED_EDGE('',*,*,#13294,.T.);
#13292=ORIENTED_EDGE('',*,*,#13295,.T.);
#13293=EDGE_CURVE('',#305,#687,#13296,.F.);
#13294=EDGE_CURVE('',#687,#301,#13297,.T.);
#13295=EDGE_CURVE('',#301,#305,#13298,.T.);
#13296=LINE('',#304,#13299);
#13297=LINE('',#686,#13300);
#13298=LINE('',#300,#13301);
#13299=VECTOR('',#13302,1.0);
#13300=VECTOR('',#13303,1.0);
#13301=VECTOR('',#13304,1.0);
#13302=DIRECTION('',(-0.597682322619004,-0.8017330236610895,0));
#13303=DIRECTION('',(0.9290679003508704,0.36990922742968324,0));
#13304=DIRECTION('',(-0.46726904479607645,0.8841151733656437,0));
#13305=FACE_SURFACE('',(#13310),#13306,.T.);
#13306=PLANE('',#13307);
#13307=AXIS2_PLACEMENT_3D('',#300,#13308,#13309);
#13308=DIRECTION('',(0,0,1));
#13309=DIRECTION('',(-0.9290679003508704,-0.36990922742968324,0));
#13310=FACE_BOUND('',#13311,.T.);
#13311=EDGE_LOOP('',(#13312,#13313,#13314));
#13312=ORIENTED_EDGE('',*,*,#13315,.T.);
#13313=ORIENTED_EDGE('',*,*,#13316,.T.);
#13314=ORIENTED_EDGE('',*,*,#13317,.T.);
#13315=EDGE_CURVE('',#301,#687,#13318,.F.);
#13316=EDGE_CURVE('',#687,#689,#13319,.T.);
#13317=EDGE_CURVE('',#689,#301,#13320,.T.);
#13318=LINE('',#300,#13321);
#13319=LINE('',#686,#13322);
#13320=LINE('',#688,#13323);
#13321=VECTOR('',#13324,1.0);
#13322=VECTOR('',#13325,1.0);
#13323=VECTOR('',#13326,1.0);
#13324=DIRECTION('',(-0.9290679003508704,-0.36990922742968324,0));
#13325=DIRECTION('',(0.4072383509207124,-0.9133219178030159,0));
#13326=DIRECTION('',(0.6369788247040896,0.7708812988253099,0));
#13327=FACE_SURFACE('',(#13332),#13328,.T.);
#13328=PLANE('',#13329);
#13329=AXIS2_PLACEMENT_3D('',#300,#13330,#13331);
#13330=DIRECTION('',(0,0,1));
#13331=DIRECTION('',(-0.6369788247040896,-0.7708812988253099,0));
#13332=FACE_BOUND('',#13333,.T.);
#13333=EDGE_LOOP('',(#13334,#13335,#13336));
#13334=ORIENTED_EDGE('',*,*,#13337,.T.);
#13335=ORIENTED_EDGE('',*,*,#13338,.T.);
#13336=ORIENTED_EDGE('',*,*,#13339,.T.);
#13337=EDGE_CURVE('',#301,#689,#13340,.F.);
#13338=EDGE_CURVE('',#689,#297,#13341,.T.);
#13339=EDGE_CURVE('',#297,#301,#13342,.T.);
#13340=LINE('',#300,#13343);
#13341=LINE('',#688,#13344);
#13342=LINE('',#296,#13345);
#13343=VECTOR('',#13346,1.0);
#13344=VECTOR('',#13347,1.0);
#13345=VECTOR('',#13348,1.0);
#13346=DIRECTION('',(-0.6369788247040896,-0.7708812988253099,0));
#13347=DIRECTION('',(0.9443428029612067,0.3289630229909914,0));
#13348=DIRECTION('',(-0.3998919988198372,0.91656226699547,0));
#13349=FACE_SURFACE('',(#13354),#13350,.T.);
#13350=PLANE('',#13351);
#13351=AXIS2_PLACEMENT_3D('',#296,#13352,#13353);
#13352=DIRECTION('',(0,0,1));
#13353=DIRECTION('',(-0.9443428029612067,-0.3289630229909914,0));
#13354=FACE_BOUND('',#13355,.T.);
#13355=EDGE_LOOP('',(#13356,#13357,#13358));
#13356=ORIENTED_EDGE('',*,*,#13359,.T.);
#13357=ORIENTED_EDGE('',*,*,#13360,.T.);
#13358=ORIENTED_EDGE('',*,*,#13361,.T.);
#13359=EDGE_CURVE('',#297,#689,#13362,.F.);
#13360=EDGE_CURVE('',#689,#691,#13363,.T.);
#13361=EDGE_CURVE('',#691,#297,#13364,.T.);
#13362=LINE('',#296,#13365);
#13363=LINE('',#688,#13366);
#13364=LINE('',#690,#13367);
#13365=VECTOR('',#13368,1.0);
#13366=VECTOR('',#13369,1.0);
#13367=VECTOR('',#13370,1.0);
#13368=DIRECTION('',(-0.9443428029612067,-0.3289630229909914,0));
#13369=DIRECTION('',(0.3335101519574006,-0.9427465081035048,0));
#13370=DIRECTION('',(0.6752138327052098,0.7376220442228802,0));
#13371=FACE_SURFACE('',(#13376),#13372,.T.);
#13372=PLANE('',#13373);
#13373=AXIS2_PLACEMENT_3D('',#296,#13374,#13375);
#13374=DIRECTION('',(0,0,1));
#13375=DIRECTION('',(-0.6752138327052098,-0.7376220442228802,0));
#13376=FACE_BOUND('',#13377,.T.);
#13377=EDGE_LOOP('',(#13378,#13379,#13380));
#13378=ORIENTED_EDGE('',*,*,#13381,.T.);
#13379=ORIENTED_EDGE('',*,*,#13382,.T.);
#13380=ORIENTED_EDGE('',*,*,#13383,.T.);
#13381=EDGE_CURVE('',#297,#691,#13384,.F.);
#13382=EDGE_CURVE('',#691,#293,#13385,.T.);
#13383=EDGE_CURVE('',#293,#297,#13386,.T.);
#13384=LINE('',#296,#13387);
#13385=LINE('',#690,#13388);
#13386=LINE('',#292,#13389);
#13387=VECTOR('',#13390,1.0);
#13388=VECTOR('',#13391,1.0);
#13389=VECTOR('',#13392,1.0);
#13390=DIRECTION('',(-0.6752138327052098,-0.7376220442228802,0));
#13391=DIRECTION('',(0.9577873374789047,0.2874776794206305,0));
#13392=DIRECTION('',(-0.33027927182844136,0.9438832568705066,0));
#13393=FACE_SURFACE('',(#13398),#13394,.T.);
#13394=PLANE('',#13395);
#13395=AXIS2_PLACEMENT_3D('',#292,#13396,#13397);
#13396=DIRECTION('',(0,0,1));
#13397=DIRECTION('',(-0.9577873374789047,-0.2874776794206305,0));
#13398=FACE_BOUND('',#13399,.T.);
#13399=EDGE_LOOP('',(#13400,#13401,#13402));
#13400=ORIENTED_EDGE('',*,*,#13403,.T.);
#13401=ORIENTED_EDGE('',*,*,#13404,.T.);
#13402=ORIENTED_EDGE('',*,*,#13405,.T.);
#13403=EDGE_CURVE('',#293,#691,#13406,.F.);
#13404=EDGE_CURVE('',#691,#289,#13407,.T.);
#13405=EDGE_CURVE('',#289,#293,#13408,.T.);
#13406=LINE('',#292,#13409);
#13407=LINE('',#690,#13410);
#13408=LINE('',#288,#13411);
#13409=VECTOR('',#13412,1.0);
#13410=VECTOR('',#13413,1.0);
#13411=VECTOR('',#13414,1.0);
#13412=DIRECTION('',(-0.9577873374789047,-0.2874776794206305,0));
#13413=DIRECTION('',(0.9707076043966816,-0.24026391066170472,0));
#13414=DIRECTION('',(-0.25881923114972044,0.9659257764378522,0));
#13415=FACE_SURFACE('',(#13420),#13416,.T.);
#13416=PLANE('',#13417);
#13417=AXIS2_PLACEMENT_3D('',#288,#13418,#13419);
#13418=DIRECTION('',(0,0,1));
#13419=DIRECTION('',(-0.9707076043966816,0.24026391066170472,0));
#13420=FACE_BOUND('',#13421,.T.);
#13421=EDGE_LOOP('',(#13422,#13423,#13424));
#13422=ORIENTED_EDGE('',*,*,#13425,.T.);
#13423=ORIENTED_EDGE('',*,*,#13426,.T.);
#13424=ORIENTED_EDGE('',*,*,#13427,.T.);
#13425=EDGE_CURVE('',#289,#691,#13428,.F.);
#13426=EDGE_CURVE('',#691,#693,#13429,.T.);
#13427=EDGE_CURVE('',#693,#289,#13430,.T.);
#13428=LINE('',#288,#13431);
#13429=LINE('',#690,#13432);
#13430=LINE('',#692,#13433);
#13431=VECTOR('',#13434,1.0);
#13432=VECTOR('',#13435,1.0);
#13433=VECTOR('',#13436,1.0);
#13434=DIRECTION('',(-0.9707076043966816,0.24026391066170472,0));
#13435=DIRECTION('',(0.25767887985020976,-0.9662306116446223,0));
#13436=DIRECTION('',(0.9694058916741057,0.2454632705468008,0));
#13437=FACE_SURFACE('',(#13442),#13438,.T.);
#13438=PLANE('',#13439);
#13439=AXIS2_PLACEMENT_3D('',#288,#13440,#13441);
#13440=DIRECTION('',(0,0,1));
#13441=DIRECTION('',(-0.9694058916741057,-0.2454632705468008,0));
#13442=FACE_BOUND('',#13443,.T.);
#13443=EDGE_LOOP('',(#13444,#13445,#13446));
#13444=ORIENTED_EDGE('',*,*,#13447,.T.);
#13445=ORIENTED_EDGE('',*,*,#13448,.T.);
#13446=ORIENTED_EDGE('',*,*,#13449,.T.);
#13447=EDGE_CURVE('',#289,#693,#13450,.F.);
#13448=EDGE_CURVE('',#693,#285,#13451,.T.);
#13449=EDGE_CURVE('',#285,#289,#13452,.T.);
#13450=LINE('',#288,#13453);
#13451=LINE('',#692,#13454);
#13452=LINE('',#284,#13455);
#13453=VECTOR('',#13456,1.0);
#13454=VECTOR('',#13457,1.0);
#13455=VECTOR('',#13458,1.0);
#13456=DIRECTION('',(-0.9694058916741057,-0.2454632705468008,0));
#13457=DIRECTION('',(0.9571874031679629,-0.28946895380432697,0));
#13458=DIRECTION('',(-0.18591048306413452,0.9825666859235868,0));
#13459=FACE_SURFACE('',(#13464),#13460,.T.);
#13460=PLANE('',#13461);
#13461=AXIS2_PLACEMENT_3D('',#284,#13462,#13463);
#13462=DIRECTION('',(0,0,1));
#13463=DIRECTION('',(-0.9571874031679629,0.28946895380432697,0));
#13464=FACE_BOUND('',#13465,.T.);
#13465=EDGE_LOOP('',(#13466,#13467,#13468));
#13466=ORIENTED_EDGE('',*,*,#13469,.T.);
#13467=ORIENTED_EDGE('',*,*,#13470,.T.);
#13468=ORIENTED_EDGE('',*,*,#13471,.T.);
#13469=EDGE_CURVE('',#285,#693,#13472,.F.);
#13470=EDGE_CURVE('',#693,#695,#13473,.T.);
#13471=EDGE_CURVE('',#695,#285,#13474,.T.);
#13472=LINE('',#284,#13475);
#13473=LINE('',#692,#13476);
#13474=LINE('',#694,#13477);
#13475=VECTOR('',#13478,1.0);
#13476=VECTOR('',#13479,1.0);
#13477=VECTOR('',#13480,1.0);
#13478=DIRECTION('',(-0.9571874031679629,0.28946895380432697,0));
#13479=DIRECTION('',(0.1802239802842184,-0.9836255979439097,0));
#13480=DIRECTION('',(0.9791938415356539,0.2029271314995823,0));
#13481=FACE_SURFACE('',(#13486),#13482,.T.);
#13482=PLANE('',#13483);
#13483=AXIS2_PLACEMENT_3D('',#284,#13484,#13485);
#13484=DIRECTION('',(0,0,1));
#13485=DIRECTION('',(-0.9791938415356539,-0.2029271314995823,0));
#13486=FACE_BOUND('',#13487,.T.);
#13487=EDGE_LOOP('',(#13488,#13489,#13490));
#13488=ORIENTED_EDGE('',*,*,#13491,.T.);
#13489=ORIENTED_EDGE('',*,*,#13492,.T.);
#13490=ORIENTED_EDGE('',*,*,#13493,.T.);
#13491=EDGE_CURVE('',#285,#695,#13494,.F.);
#13492=EDGE_CURVE('',#695,#281,#13495,.T.);
#13493=EDGE_CURVE('',#281,#285,#13496,.T.);
#13494=LINE('',#284,#13497);
#13495=LINE('',#694,#13498);
#13496=LINE('',#280,#13499);
#13497=VECTOR('',#13500,1.0);
#13498=VECTOR('',#13501,1.0);
#13499=VECTOR('',#13502,1.0);
#13500=DIRECTION('',(-0.9791938415356539,-0.2029271314995823,0));
#13501=DIRECTION('',(0.9414181888871667,-0.33724144708562565,0));
#13502=DIRECTION('',(-0.11196542603430636,0.9937121028612644,0));
#13503=FACE_SURFACE('',(#13508),#13504,.T.);
#13504=PLANE('',#13505);
#13505=AXIS2_PLACEMENT_3D('',#280,#13506,#13507);
#13506=DIRECTION('',(0,0,1));
#13507=DIRECTION('',(-0.9414181888871667,0.33724144708562565,0));
#13508=FACE_BOUND('',#13509,.T.);
#13509=EDGE_LOOP('',(#13510,#13511,#13512));
#13510=ORIENTED_EDGE('',*,*,#13513,.T.);
#13511=ORIENTED_EDGE('',*,*,#13514,.T.);
#13512=ORIENTED_EDGE('',*,*,#13515,.T.);
#13513=EDGE_CURVE('',#281,#695,#13516,.F.);
#13514=EDGE_CURVE('',#695,#697,#13517,.T.);
#13515=EDGE_CURVE('',#697,#281,#13518,.T.);
#13516=LINE('',#280,#13519);
#13517=LINE('',#694,#13520);
#13518=LINE('',#696,#13521);
#13519=VECTOR('',#13522,1.0);
#13520=VECTOR('',#13523,1.0);
#13521=VECTOR('',#13524,1.0);
#13522=DIRECTION('',(-0.9414181888871667,0.33724144708562565,0));
#13523=DIRECTION('',(0.10163467621794965,-0.9948217893623322,0));
#13524=DIRECTION('',(0.9871372106744042,0.1598753492629708,0));
#13525=FACE_SURFACE('',(#13530),#13526,.T.);
#13526=PLANE('',#13527);
#13527=AXIS2_PLACEMENT_3D('',#280,#13528,#13529);
#13528=DIRECTION('',(0,0,1));
#13529=DIRECTION('',(-0.9871372106744042,-0.1598753492629708,0));
#13530=FACE_BOUND('',#13531,.T.);
#13531=EDGE_LOOP('',(#13532,#13533,#13534));
#13532=ORIENTED_EDGE('',*,*,#13535,.T.);
#13533=ORIENTED_EDGE('',*,*,#13536,.T.);
#13534=ORIENTED_EDGE('',*,*,#13537,.T.);
#13535=EDGE_CURVE('',#281,#697,#13538,.F.);
#13536=EDGE_CURVE('',#697,#277,#13539,.T.);
#13537=EDGE_CURVE('',#277,#281,#13540,.T.);
#13538=LINE('',#280,#13541);
#13539=LINE('',#696,#13542);
#13540=LINE('',#276,#13543);
#13541=VECTOR('',#13544,1.0);
#13542=VECTOR('',#13545,1.0);
#13543=VECTOR('',#13546,1.0);
#13544=DIRECTION('',(-0.9871372106744042,-0.1598753492629708,0));
#13545=DIRECTION('',(0.9235391770050518,-0.3835040919427477,0));
#13546=DIRECTION('',(-0.03739079589254935,0.9993007196947882,0));
#13547=FACE_SURFACE('',(#13552),#13548,.T.);
#13548=PLANE('',#13549);
#13549=AXIS2_PLACEMENT_3D('',#276,#13550,#13551);
#13550=DIRECTION('',(0,0,1));
#13551=DIRECTION('',(-0.9235391770050518,0.3835040919427477,0));
#13552=FACE_BOUND('',#13553,.T.);
#13553=EDGE_LOOP('',(#13554,#13555,#13556));
#13554=ORIENTED_EDGE('',*,*,#13557,.T.);
#13555=ORIENTED_EDGE('',*,*,#13558,.T.);
#13556=ORIENTED_EDGE('',*,*,#13559,.T.);
#13557=EDGE_CURVE('',#277,#697,#13560,.F.);
#13558=EDGE_CURVE('',#697,#699,#13561,.T.);
#13559=EDGE_CURVE('',#699,#277,#13562,.T.);
#13560=LINE('',#276,#13563);
#13561=LINE('',#696,#13564);
#13562=LINE('',#698,#13565);
#13563=VECTOR('',#13566,1.0);
#13564=VECTOR('',#13567,1.0);
#13565=VECTOR('',#13568,1.0);
#13566=DIRECTION('',(-0.9235391770050518,0.3835040919427477,0));
#13567=DIRECTION('',(0.022403333177344685,-0.9997490138342449,0));
#13568=DIRECTION('',(0.9932122808035101,0.11631579970532528,0));
#13569=FACE_SURFACE('',(#13574),#13570,.T.);
#13570=PLANE('',#13571);
#13571=AXIS2_PLACEMENT_3D('',#276,#13572,#13573);
#13572=DIRECTION('',(0,0,1));
#13573=DIRECTION('',(-0.9932122808035101,-0.11631579970532528,0));
#13574=FACE_BOUND('',#13575,.T.);
#13575=EDGE_LOOP('',(#13576,#13577,#13578));
#13576=ORIENTED_EDGE('',*,*,#13579,.T.);
#13577=ORIENTED_EDGE('',*,*,#13580,.T.);
#13578=ORIENTED_EDGE('',*,*,#13581,.T.);
#13579=EDGE_CURVE('',#277,#699,#13582,.F.);
#13580=EDGE_CURVE('',#699,#273,#13583,.T.);
#13581=EDGE_CURVE('',#273,#277,#13584,.T.);
#13582=LINE('',#276,#13585);
#13583=LINE('',#698,#13586);
#13584=LINE('',#272,#13587);
#13585=VECTOR('',#13588,1.0);
#13586=VECTOR('',#13589,1.0);
#13587=VECTOR('',#13590,1.0);
#13588=DIRECTION('',(-0.9932122808035101,-0.11631579970532528,0));
#13589=DIRECTION('',(0.9036871839473549,-0.4281932666090158,0));
#13590=DIRECTION('',(0.03739079589254935,0.9993007196947882,0));
#13591=FACE_SURFACE('',(#13596),#13592,.T.);
#13592=PLANE('',#13593);
#13593=AXIS2_PLACEMENT_3D('',#272,#13594,#13595);
#13594=DIRECTION('',(0,0,1));
#13595=DIRECTION('',(-0.9036871839473549,0.4281932666090158,0));
#13596=FACE_BOUND('',#13597,.T.);
#13597=EDGE_LOOP('',(#13598,#13599,#13600));
#13598=ORIENTED_EDGE('',*,*,#13601,.T.);
#13599=ORIENTED_EDGE('',*,*,#13602,.T.);
#13600=ORIENTED_EDGE('',*,*,#13603,.T.);
#13601=EDGE_CURVE('',#273,#699,#13604,.F.);
#13602=EDGE_CURVE('',#699,#701,#13605,.T.);
#13603=EDGE_CURVE('',#701,#273,#13606,.T.);
#13604=LINE('',#272,#13607);
#13605=LINE('',#698,#13608);
#13606=LINE('',#700,#13609);
#13607=VECTOR('',#13610,1.0);
#13608=VECTOR('',#13611,1.0);
#13609=VECTOR('',#13612,1.0);
#13610=DIRECTION('',(-0.9036871839473549,0.4281932666090158,0));
#13611=DIRECTION('',(-0.056968228680561527,-0.9983759917591164,0));
#13612=DIRECTION('',(0.9973858666339709,0.07225948407512223,0));
#13613=FACE_SURFACE('',(#13618),#13614,.T.);
#13614=PLANE('',#13615);
#13615=AXIS2_PLACEMENT_3D('',#272,#13616,#13617);
#13616=DIRECTION('',(0,0,1));
#13617=DIRECTION('',(-0.9973858666339709,-0.07225948407512223,0));
#13618=FACE_BOUND('',#13619,.T.);
#13619=EDGE_LOOP('',(#13620,#13621,#13622));
#13620=ORIENTED_EDGE('',*,*,#13623,.T.);
#13621=ORIENTED_EDGE('',*,*,#13624,.T.);
#13622=ORIENTED_EDGE('',*,*,#13625,.T.);
#13623=EDGE_CURVE('',#273,#701,#13626,.F.);
#13624=EDGE_CURVE('',#701,#269,#13627,.T.);
#13625=EDGE_CURVE('',#269,#273,#13628,.T.);
#13626=LINE('',#272,#13629);
#13627=LINE('',#700,#13630);
#13628=LINE('',#268,#13631);
#13629=VECTOR('',#13632,1.0);
#13630=VECTOR('',#13633,1.0);
#13631=VECTOR('',#13634,1.0);
#13632=DIRECTION('',(-0.9973858666339709,-0.07225948407512223,0));
#13633=DIRECTION('',(0.8819936709630466,-0.4712612485459942,0));
#13634=DIRECTION('',(0.11196542603430636,0.9937121028612644,0));
#13635=FACE_SURFACE('',(#13640),#13636,.T.);
#13636=PLANE('',#13637);
#13637=AXIS2_PLACEMENT_3D('',#268,#13638,#13639);
#13638=DIRECTION('',(0,0,1));
#13639=DIRECTION('',(-0.8819936709630466,0.4712612485459942,0));
#13640=FACE_BOUND('',#13641,.T.);
#13641=EDGE_LOOP('',(#13642,#13643,#13644));
#13642=ORIENTED_EDGE('',*,*,#13645,.T.);
#13643=ORIENTED_EDGE('',*,*,#13646,.T.);
#13644=ORIENTED_EDGE('',*,*,#13647,.T.);
#13645=EDGE_CURVE('',#269,#701,#13648,.F.);
#13646=EDGE_CURVE('',#701,#703,#13649,.T.);
#13647=EDGE_CURVE('',#703,#269,#13650,.T.);
#13648=LINE('',#268,#13651);
#13649=LINE('',#700,#13652);
#13650=LINE('',#702,#13653);
#13651=VECTOR('',#13654,1.0);
#13652=VECTOR('',#13655,1.0);
#13653=VECTOR('',#13656,1.0);
#13654=DIRECTION('',(-0.8819936709630466,0.4712612485459942,0));
#13655=DIRECTION('',(-0.1359813586720677,-0.9907113959643841,0));
#13656=DIRECTION('',(0.9996156372174905,0.02772323628782544,0));
#13657=FACE_SURFACE('',(#13662),#13658,.T.);
#13658=PLANE('',#13659);
#13659=AXIS2_PLACEMENT_3D('',#268,#13660,#13661);
#13660=DIRECTION('',(0,0,1));
#13661=DIRECTION('',(-0.9996156372174905,-0.02772323628782544,0));
#13662=FACE_BOUND('',#13663,.T.);
#13663=EDGE_LOOP('',(#13664,#13665,#13666));
#13664=ORIENTED_EDGE('',*,*,#13667,.T.);
#13665=ORIENTED_EDGE('',*,*,#13668,.T.);
#13666=ORIENTED_EDGE('',*,*,#13669,.T.);
#13667=EDGE_CURVE('',#269,#703,#13670,.F.);
#13668=EDGE_CURVE('',#703,#265,#13671,.T.);
#13669=EDGE_CURVE('',#265,#269,#13672,.T.);
#13670=LINE('',#268,#13673);
#13671=LINE('',#702,#13674);
#13672=LINE('',#264,#13675);
#13673=VECTOR('',#13676,1.0);
#13674=VECTOR('',#13677,1.0);
#13675=VECTOR('',#13678,1.0);
#13676=DIRECTION('',(-0.9996156372174905,-0.02772323628782544,0));
#13677=DIRECTION('',(0.8585842874108809,-0.5126724309060804,0));
#13678=DIRECTION('',(0.18591048306413452,0.9825666859235868,0));
#13679=FACE_SURFACE('',(#13684),#13680,.T.);
#13680=PLANE('',#13681);
#13681=AXIS2_PLACEMENT_3D('',#264,#13682,#13683);
#13682=DIRECTION('',(0,0,1));
#13683=DIRECTION('',(-0.8585842874108809,0.5126724309060804,0));
#13684=FACE_BOUND('',#13685,.T.);
#13685=EDGE_LOOP('',(#13686,#13687,#13688));
#13686=ORIENTED_EDGE('',*,*,#13689,.T.);
#13687=ORIENTED_EDGE('',*,*,#13690,.T.);
#13688=ORIENTED_EDGE('',*,*,#13691,.T.);
#13689=EDGE_CURVE('',#265,#703,#13692,.F.);
#13690=EDGE_CURVE('',#703,#705,#13693,.T.);
#13691=EDGE_CURVE('',#705,#265,#13694,.T.);
#13692=LINE('',#264,#13695);
#13693=LINE('',#702,#13696);
#13694=LINE('',#704,#13697);
#13695=VECTOR('',#13698,1.0);
#13696=VECTOR('',#13699,1.0);
#13697=VECTOR('',#13700,1.0);
#13698=DIRECTION('',(-0.8585842874108809,0.5126724309060804,0));
#13699=DIRECTION('',(-0.21413739631695775,-0.9768035501054418,0));
#13700=DIRECTION('',(0.999850884192875,-0.017268739928733148,0));
#13701=FACE_SURFACE('',(#13706),#13702,.T.);
#13702=PLANE('',#13703);
#13703=AXIS2_PLACEMENT_3D('',#264,#13704,#13705);
#13704=DIRECTION('',(0,0,1));
#13705=DIRECTION('',(-0.999850884192875,0.017268739928733148,0));
#13706=FACE_BOUND('',#13707,.T.);
#13707=EDGE_LOOP('',(#13708,#13709,#13710));
#13708=ORIENTED_EDGE('',*,*,#13711,.T.);
#13709=ORIENTED_EDGE('',*,*,#13712,.T.);
#13710=ORIENTED_EDGE('',*,*,#13713,.T.);
#13711=EDGE_CURVE('',#265,#705,#13714,.F.);
#13712=EDGE_CURVE('',#705,#261,#13715,.T.);
#13713=EDGE_CURVE('',#261,#265,#13716,.T.);
#13714=LINE('',#264,#13717);
#13715=LINE('',#704,#13718);
#13716=LINE('',#260,#13719);
#13717=VECTOR('',#13720,1.0);
#13718=VECTOR('',#13721,1.0);
#13719=VECTOR('',#13722,1.0);
#13720=DIRECTION('',(-0.999850884192875,0.017268739928733148,0));
#13721=DIRECTION('',(0.8335758518262976,-0.5524050137825168,0));
#13722=DIRECTION('',(0.25881923114972044,0.9659257764378522,0));
#13723=FACE_SURFACE('',(#13728),#13724,.T.);
#13724=PLANE('',#13725);
#13725=AXIS2_PLACEMENT_3D('',#260,#13726,#13727);
#13726=DIRECTION('',(0,0,1));
#13727=DIRECTION('',(-0.8335758518262976,0.5524050137825168,0));
#13728=FACE_BOUND('',#13729,.T.);
#13729=EDGE_LOOP('',(#13730,#13731,#13732));
#13730=ORIENTED_EDGE('',*,*,#13733,.T.);
#13731=ORIENTED_EDGE('',*,*,#13734,.T.);
#13732=ORIENTED_EDGE('',*,*,#13735,.T.);
#13733=EDGE_CURVE('',#261,#705,#13736,.F.);
#13734=EDGE_CURVE('',#705,#707,#13737,.T.);
#13735=EDGE_CURVE('',#707,#261,#13738,.T.);
#13736=LINE('',#260,#13739);
#13737=LINE('',#704,#13740);
#13738=LINE('',#706,#13741);
#13739=VECTOR('',#13742,1.0);
#13740=VECTOR('',#13743,1.0);
#13741=VECTOR('',#13744,1.0);
#13742=DIRECTION('',(-0.8335758518262976,0.5524050137825168,0));
#13743=DIRECTION('',(-0.2909439335442854,-0.9567401044869909,0));
#13744=DIRECTION('',(0.9980335233014731,-0.06268242470140829,0));
#13745=FACE_SURFACE('',(#13750),#13746,.T.);
#13746=PLANE('',#13747);
#13747=AXIS2_PLACEMENT_3D('',#260,#13748,#13749);
#13748=DIRECTION('',(0,0,1));
#13749=DIRECTION('',(-0.9980335233014731,0.06268242470140829,0));
#13750=FACE_BOUND('',#13751,.T.);
#13751=EDGE_LOOP('',(#13752,#13753,#13754));
#13752=ORIENTED_EDGE('',*,*,#13755,.T.);
#13753=ORIENTED_EDGE('',*,*,#13756,.T.);
#13754=ORIENTED_EDGE('',*,*,#13757,.T.);
#13755=EDGE_CURVE('',#261,#707,#13758,.F.);
#13756=EDGE_CURVE('',#707,#257,#13759,.T.);
#13757=EDGE_CURVE('',#257,#261,#13760,.T.);
#13758=LINE('',#260,#13761);
#13759=LINE('',#706,#13762);
#13760=LINE('',#256,#13763);
#13761=VECTOR('',#13764,1.0);
#13762=VECTOR('',#13765,1.0);
#13763=VECTOR('',#13766,1.0);
#13764=DIRECTION('',(-0.9980335233014731,0.06268242470140829,0));
#13765=DIRECTION('',(0.8070763748820465,-0.5904470552956076,0));
#13766=DIRECTION('',(0.33027927182844136,0.9438832568705066,0));
#13767=FACE_SURFACE('',(#13772),#13768,.T.);
#13768=PLANE('',#13769);
#13769=AXIS2_PLACEMENT_3D('',#256,#13770,#13771);
#13770=DIRECTION('',(0,0,1));
#13771=DIRECTION('',(-0.8070763748820465,0.5904470552956076,0));
#13772=FACE_BOUND('',#13773,.T.);
#13773=EDGE_LOOP('',(#13774,#13775,#13776));
#13774=ORIENTED_EDGE('',*,*,#13777,.T.);
#13775=ORIENTED_EDGE('',*,*,#13778,.T.);
#13776=ORIENTED_EDGE('',*,*,#13779,.T.);
#13777=EDGE_CURVE('',#257,#707,#13780,.F.);
#13778=EDGE_CURVE('',#707,#709,#13781,.T.);
#13779=EDGE_CURVE('',#709,#257,#13782,.T.);
#13780=LINE('',#256,#13783);
#13781=LINE('',#706,#13784);
#13782=LINE('',#708,#13785);
#13783=VECTOR('',#13786,1.0);
#13784=VECTOR('',#13787,1.0);
#13785=VECTOR('',#13788,1.0);
#13786=DIRECTION('',(-0.8070763748820465,0.5904470552956076,0));
#13787=DIRECTION('',(-0.3659174010189675,-0.9306473315018552,0));
#13788=DIRECTION('',(0.9940993512421098,-0.10847340623404525,0));
#13789=FACE_SURFACE('',(#13794),#13790,.T.);
#13790=PLANE('',#13791);
#13791=AXIS2_PLACEMENT_3D('',#256,#13792,#13793);
#13792=DIRECTION('',(0,0,1));
#13793=DIRECTION('',(-0.9940993512421098,0.10847340623404525,0));
#13794=FACE_BOUND('',#13795,.T.);
#13795=EDGE_LOOP('',(#13796,#13797,#13798));
#13796=ORIENTED_EDGE('',*,*,#13799,.T.);
#13797=ORIENTED_EDGE('',*,*,#13800,.T.);
#13798=ORIENTED_EDGE('',*,*,#13801,.T.);
#13799=EDGE_CURVE('',#257,#709,#13802,.F.);
#13800=EDGE_CURVE('',#709,#253,#13803,.T.);
#13801=EDGE_CURVE('',#253,#257,#13804,.T.);
#13802=LINE('',#256,#13805);
#13803=LINE('',#708,#13806);
#13804=LINE('',#252,#13807);
#13805=VECTOR('',#13808,1.0);
#13806=VECTOR('',#13809,1.0);
#13807=VECTOR('',#13810,1.0);
#13808=DIRECTION('',(-0.9940993512421098,0.10847340623404525,0));
#13809=DIRECTION('',(0.779183293574298,-0.6267961351306413,0));
#13810=DIRECTION('',(0.3998919988198372,0.91656226699547,0));
#13811=FACE_SURFACE('',(#13816),#13812,.T.);
#13812=PLANE('',#13813);
#13813=AXIS2_PLACEMENT_3D('',#252,#13814,#13815);
#13814=DIRECTION('',(0,0,1));
#13815=DIRECTION('',(-0.779183293574298,0.6267961351306413,0));
#13816=FACE_BOUND('',#13817,.T.);
#13817=EDGE_LOOP('',(#13818,#13819,#13820));
#13818=ORIENTED_EDGE('',*,*,#13821,.T.);
#13819=ORIENTED_EDGE('',*,*,#13822,.T.);
#13820=ORIENTED_EDGE('',*,*,#13823,.T.);
#13821=EDGE_CURVE('',#253,#709,#13824,.F.);
#13822=EDGE_CURVE('',#709,#711,#13825,.T.);
#13823=EDGE_CURVE('',#711,#253,#13826,.T.);
#13824=LINE('',#252,#13827);
#13825=LINE('',#708,#13828);
#13826=LINE('',#710,#13829);
#13827=VECTOR('',#13830,1.0);
#13828=VECTOR('',#13831,1.0);
#13829=VECTOR('',#13832,1.0);
#13830=DIRECTION('',(-0.779183293574298,0.6267961351306413,0));
#13831=DIRECTION('',(-0.438584310377023,-0.8986900481762948,0));
#13832=DIRECTION('',(0.9879795520791586,-0.1545846197830346,0));
#13833=FACE_SURFACE('',(#13838),#13834,.T.);
#13834=PLANE('',#13835);
#13835=AXIS2_PLACEMENT_3D('',#252,#13836,#13837);
#13836=DIRECTION('',(0,0,1));
#13837=DIRECTION('',(-0.9879795520791586,0.1545846197830346,0));
#13838=FACE_BOUND('',#13839,.T.);
#13839=EDGE_LOOP('',(#13840,#13841,#13842));
#13840=ORIENTED_EDGE('',*,*,#13843,.T.);
#13841=ORIENTED_EDGE('',*,*,#13844,.T.);
#13842=ORIENTED_EDGE('',*,*,#13845,.T.);
#13843=EDGE_CURVE('',#253,#711,#13846,.F.);
#13844=EDGE_CURVE('',#711,#249,#13847,.T.);
#13845=EDGE_CURVE('',#249,#253,#13848,.T.);
#13846=LINE('',#252,#13849);
#13847=LINE('',#710,#13850);
#13848=LINE('',#248,#13851);
#13849=VECTOR('',#13852,1.0);
#13850=VECTOR('',#13853,1.0);
#13851=VECTOR('',#13854,1.0);
#13852=DIRECTION('',(-0.9879795520791586,0.1545846197830346,0));
#13853=DIRECTION('',(0.7499827211617964,-0.6614574196112303,0));
#13854=DIRECTION('',(0.46726904479607645,0.8841151733656437,0));
#13855=FACE_SURFACE('',(#13860),#13856,.T.);
#13856=PLANE('',#13857);
#13857=AXIS2_PLACEMENT_3D('',#248,#13858,#13859);
#13858=DIRECTION('',(0,0,1));
#13859=DIRECTION('',(-0.7499827211617964,0.6614574196112303,0));
#13860=FACE_BOUND('',#13861,.T.);
#13861=EDGE_LOOP('',(#13862,#13863,#13864));
#13862=ORIENTED_EDGE('',*,*,#13865,.T.);
#13863=ORIENTED_EDGE('',*,*,#13866,.T.);
#13864=ORIENTED_EDGE('',*,*,#13867,.T.);
#13865=EDGE_CURVE('',#249,#711,#13868,.F.);
#13866=EDGE_CURVE('',#711,#713,#13869,.T.);
#13867=EDGE_CURVE('',#713,#249,#13870,.T.);
#13868=LINE('',#248,#13871);
#13869=LINE('',#710,#13872);
#13870=LINE('',#712,#13873);
#13871=VECTOR('',#13874,1.0);
#13872=VECTOR('',#13875,1.0);
#13873=VECTOR('',#13876,1.0);
#13874=DIRECTION('',(-0.7499827211617964,0.6614574196112303,0));
#13875=DIRECTION('',(-0.5084876283002505,-0.861069295623521,0));
#13876=DIRECTION('',(0.97960241276199,-0.2009455471287874,0));
#13877=FACE_SURFACE('',(#13882),#13878,.T.);
#13878=PLANE('',#13879);
#13879=AXIS2_PLACEMENT_3D('',#248,#13880,#13881);
#13880=DIRECTION('',(0,0,1));
#13881=DIRECTION('',(-0.97960241276199,0.2009455471287874,0));
#13882=FACE_BOUND('',#13883,.T.);
#13883=EDGE_LOOP('',(#13884,#13885,#13886));
#13884=ORIENTED_EDGE('',*,*,#13887,.T.);
#13885=ORIENTED_EDGE('',*,*,#13888,.T.);
#13886=ORIENTED_EDGE('',*,*,#13889,.T.);
#13887=EDGE_CURVE('',#249,#713,#13890,.F.);
#13888=EDGE_CURVE('',#713,#245,#13891,.T.);
#13889=EDGE_CURVE('',#245,#249,#13892,.T.);
#13890=LINE('',#248,#13893);
#13891=LINE('',#712,#13894);
#13892=LINE('',#244,#13895);
#13893=VECTOR('',#13896,1.0);
#13894=VECTOR('',#13897,1.0);
#13895=VECTOR('',#13898,1.0);
#13896=DIRECTION('',(-0.97960241276199,0.2009455471287874,0));
#13897=DIRECTION('',(0.7195495600118068,-0.6944410923086386,0));
#13898=DIRECTION('',(0.5320316839871766,0.8467244458699471,0));
#13899=FACE_SURFACE('',(#13904),#13900,.T.);
#13900=PLANE('',#13901);
#13901=AXIS2_PLACEMENT_3D('',#244,#13902,#13903);
#13902=DIRECTION('',(0,0,1));
#13903=DIRECTION('',(-0.7195495600118068,0.6944410923086386,0));
#13904=FACE_BOUND('',#13905,.T.);
#13905=EDGE_LOOP('',(#13906,#13907,#13908));
#13906=ORIENTED_EDGE('',*,*,#13909,.T.);
#13907=ORIENTED_EDGE('',*,*,#13910,.T.);
#13908=ORIENTED_EDGE('',*,*,#13911,.T.);
#13909=EDGE_CURVE('',#245,#713,#13912,.F.);
#13910=EDGE_CURVE('',#713,#715,#13913,.T.);
#13911=EDGE_CURVE('',#715,#245,#13914,.T.);
#13912=LINE('',#244,#13915);
#13913=LINE('',#712,#13916);
#13914=LINE('',#714,#13917);
#13915=VECTOR('',#13918,1.0);
#13916=VECTOR('',#13919,1.0);
#13917=VECTOR('',#13920,1.0);
#13918=DIRECTION('',(-0.7195495600118068,0.6944410923086386,0));
#13919=DIRECTION('',(-0.5751864960266324,-0.8180223070238394,0));
#13920=DIRECTION('',(0.968895029374078,-0.24747206317926965,0));
#13921=FACE_SURFACE('',(#13926),#13922,.T.);
#13922=PLANE('',#13923);
#13923=AXIS2_PLACEMENT_3D('',#244,#13924,#13925);
#13924=DIRECTION('',(0,0,1));
#13925=DIRECTION('',(-0.968895029374078,0.24747206317926965,0));
#13926=FACE_BOUND('',#13927,.T.);
#13927=EDGE_LOOP('',(#13928,#13929,#13930));
#13928=ORIENTED_EDGE('',*,*,#13931,.T.);
#13929=ORIENTED_EDGE('',*,*,#13932,.T.);
#13930=ORIENTED_EDGE('',*,*,#13933,.T.);
#13931=EDGE_CURVE('',#245,#715,#13934,.F.);
#13932=EDGE_CURVE('',#715,#241,#13935,.T.);
#13933=EDGE_CURVE('',#241,#245,#13936,.T.);
#13934=LINE('',#244,#13937);
#13935=LINE('',#714,#13938);
#13936=LINE('',#240,#13939);
#13937=VECTOR('',#13940,1.0);
#13938=VECTOR('',#13941,1.0);
#13939=VECTOR('',#13942,1.0);
#13940=DIRECTION('',(-0.968895029374078,0.24747206317926965,0));
#13941=DIRECTION('',(0.687945654391265,-0.7257622038961344,0));
#13942=DIRECTION('',(0.5938203534308328,0.8045976558822929,0));
#13943=FACE_SURFACE('',(#13948),#13944,.T.);
#13944=PLANE('',#13945);
#13945=AXIS2_PLACEMENT_3D('',#240,#13946,#13947);
#13946=DIRECTION('',(0,0,1));
#13947=DIRECTION('',(-0.687945654391265,0.7257622038961344,0));
#13948=FACE_BOUND('',#13949,.T.);
#13949=EDGE_LOOP('',(#13950,#13951,#13952));
#13950=ORIENTED_EDGE('',*,*,#13953,.T.);
#13951=ORIENTED_EDGE('',*,*,#13954,.T.);
#13952=ORIENTED_EDGE('',*,*,#13955,.T.);
#13953=EDGE_CURVE('',#241,#715,#13956,.F.);
#13954=EDGE_CURVE('',#715,#717,#13957,.T.);
#13955=EDGE_CURVE('',#717,#241,#13958,.T.);
#13956=LINE('',#240,#13959);
#13957=LINE('',#714,#13960);
#13958=LINE('',#716,#13961);
#13959=VECTOR('',#13962,1.0);
#13960=VECTOR('',#13963,1.0);
#13961=VECTOR('',#13964,1.0);
#13962=DIRECTION('',(-0.687945654391265,0.7257622038961344,0));
#13963=DIRECTION('',(-0.638260681769506,-0.7698203050758828,0));
#13964=DIRECTION('',(0.955785187679284,-0.29406576647558963,0));
#13965=FACE_SURFACE('',(#13970),#13966,.T.);
#13966=PLANE('',#13967);
#13967=AXIS2_PLACEMENT_3D('',#240,#13968,#13969);
#13968=DIRECTION('',(0,0,1));
#13969=DIRECTION('',(-0.955785187679284,0.29406576647558963,0));
#13970=FACE_BOUND('',#13971,.T.);
#13971=EDGE_LOOP('',(#13972,#13973,#13974));
#13972=ORIENTED_EDGE('',*,*,#13975,.T.);
#13973=ORIENTED_EDGE('',*,*,#13976,.T.);
#13974=ORIENTED_EDGE('',*,*,#13977,.T.);
#13975=EDGE_CURVE('',#241,#717,#13978,.F.);
#13976=EDGE_CURVE('',#717,#237,#13979,.T.);
#13977=EDGE_CURVE('',#237,#241,#13980,.T.);
#13978=LINE('',#240,#13981);
#13979=LINE('',#716,#13982);
#13980=LINE('',#236,#13983);
#13981=VECTOR('',#13984,1.0);
#13982=VECTOR('',#13985,1.0);
#13983=VECTOR('',#13986,1.0);
#13984=DIRECTION('',(-0.955785187679284,0.29406576647558963,0));
#13985=DIRECTION('',(0.6552227126221747,-0.7554357662065248,0));
#13986=DIRECTION('',(0.6522876599952139,0.7579715091070167,0));
#13987=FACE_SURFACE('',(#13992),#13988,.T.);
#13988=PLANE('',#13989);
#13989=AXIS2_PLACEMENT_3D('',#236,#13990,#13991);
#13990=DIRECTION('',(0,0,1));
#13991=DIRECTION('',(-0.6552227126221747,0.7554357662065248,0));
#13992=FACE_BOUND('',#13993,.T.);
#13993=EDGE_LOOP('',(#13994,#13995,#13996));
#13994=ORIENTED_EDGE('',*,*,#13997,.T.);
#13995=ORIENTED_EDGE('',*,*,#13998,.T.);
#13996=ORIENTED_EDGE('',*,*,#13999,.T.);
#13997=EDGE_CURVE('',#237,#717,#14000,.F.);
#13998=EDGE_CURVE('',#717,#553,#14001,.T.);
#13999=EDGE_CURVE('',#553,#237,#14002,.T.);
#14000=LINE('',#236,#14003);
#14001=LINE('',#716,#14004);
#14002=LINE('',#552,#14005);
#14003=VECTOR('',#14006,1.0);
#14004=VECTOR('',#14007,1.0);
#14005=VECTOR('',#14008,1.0);
#14006=DIRECTION('',(-0.6552227126221747,0.7554357662065248,0));
#14007=DIRECTION('',(-0.6973125116322839,-0.7167672293855767,0));
#14008=DIRECTION('',(0.9402036724382844,-0.3406127630221201,0));
#14009=FACE_SURFACE('',(#14014),#14010,.T.);
#14010=PLANE('',#14011);
#14011=AXIS2_PLACEMENT_3D('',#236,#14012,#14013);
#14012=DIRECTION('',(0,0,1));
#14013=DIRECTION('',(-0.9402036724382844,0.3406127630221201,0));
#14014=FACE_BOUND('',#14015,.T.);
#14015=EDGE_LOOP('',(#14016,#14017,#14018));
#14016=ORIENTED_EDGE('',*,*,#14019,.T.);
#14017=ORIENTED_EDGE('',*,*,#14020,.T.);
#14018=ORIENTED_EDGE('',*,*,#14021,.T.);
#14019=EDGE_CURVE('',#237,#553,#14022,.F.);
#14020=EDGE_CURVE('',#553,#233,#14023,.T.);
#14021=EDGE_CURVE('',#233,#237,#14024,.T.);
#14022=LINE('',#236,#14025);
#14023=LINE('',#552,#14026);
#14024=LINE('',#232,#14027);
#14025=VECTOR('',#14028,1.0);
#14026=VECTOR('',#14029,1.0);
#14027=VECTOR('',#14030,1.0);
#14028=DIRECTION('',(-0.9402036724382844,0.3406127630221201,0));
#14029=DIRECTION('',(0.6214204257074156,-0.7834772839805978,0));
#14030=DIRECTION('',(0.7071067811865476,0.7071067811865476,0));
#14031=FACE_SURFACE('',(#14036),#14032,.T.);
#14032=PLANE('',#14033);
#14033=AXIS2_PLACEMENT_3D('',#232,#14034,#14035);
#14034=DIRECTION('',(0,0,1));
#14035=DIRECTION('',(-0.6214204257074156,0.7834772839805978,0));
#14036=FACE_BOUND('',#14037,.T.);
#14037=EDGE_LOOP('',(#14038,#14039,#14040));
#14038=ORIENTED_EDGE('',*,*,#14041,.T.);
#14039=ORIENTED_EDGE('',*,*,#14042,.T.);
#14040=ORIENTED_EDGE('',*,*,#14043,.T.);
#14041=EDGE_CURVE('',#233,#553,#14044,.F.);
#14042=EDGE_CURVE('',#553,#557,#14045,.T.);
#14043=EDGE_CURVE('',#557,#233,#14046,.T.);
#14044=LINE('',#232,#14047);
#14045=LINE('',#552,#14048);
#14046=LINE('',#556,#14049);
#14047=VECTOR('',#14050,1.0);
#14048=VECTOR('',#14051,1.0);
#14049=VECTOR('',#14052,1.0);
#14050=DIRECTION('',(-0.6214204257074156,0.7834772839805978,0));
#14051=DIRECTION('',(-0.7301201398685654,-0.6833187992133002,0));
#14052=DIRECTION('',(0.6942409557834889,-0.7197426590892247,0));
#14053=FACE_SURFACE('',(#14058),#14054,.T.);
#14054=PLANE('',#14055);
#14055=AXIS2_PLACEMENT_3D('',#232,#14056,#14057);
#14056=DIRECTION('',(0,0,1));
#14057=DIRECTION('',(-0.6942409557834889,0.7197426590892247,0));
#14058=FACE_BOUND('',#14059,.T.);
#14059=EDGE_LOOP('',(#14060,#14061,#14062));
#14060=ORIENTED_EDGE('',*,*,#14063,.T.);
#14061=ORIENTED_EDGE('',*,*,#14064,.T.);
#14062=ORIENTED_EDGE('',*,*,#14065,.T.);
#14063=EDGE_CURVE('',#233,#557,#14066,.F.);
#14064=EDGE_CURVE('',#557,#561,#14067,.T.);
#14065=EDGE_CURVE('',#561,#233,#14068,.T.);
#14066=LINE('',#232,#14069);
#14067=LINE('',#556,#14070);
#14068=LINE('',#560,#14071);
#14069=VECTOR('',#14072,1.0);
#14070=VECTOR('',#14073,1.0);
#14071=VECTOR('',#14074,1.0);
#14072=DIRECTION('',(-0.6942409557834889,0.7197426590892247,0));
#14073=DIRECTION('',(-0.7398259819560273,-0.6727982732014105,0));
#14074=DIRECTION('',(0.7602715297501008,-0.6496054195059039,0));
#14075=FACE_SURFACE('',(#14080),#14076,.T.);
#14076=PLANE('',#14077);
#14077=AXIS2_PLACEMENT_3D('',#560,#14078,#14079);
#14078=DIRECTION('',(0,0,1));
#14079=DIRECTION('',(-0.749380412812017,-0.6621397110079498,0));
#14080=FACE_BOUND('',#14081,.T.);
#14081=EDGE_LOOP('',(#14082,#14083,#14084));
#14082=ORIENTED_EDGE('',*,*,#14085,.T.);
#14083=ORIENTED_EDGE('',*,*,#14086,.T.);
#14084=ORIENTED_EDGE('',*,*,#14087,.T.);
#14085=EDGE_CURVE('',#561,#535,#14088,.F.);
#14086=EDGE_CURVE('',#535,#233,#14089,.T.);
#14087=EDGE_CURVE('',#233,#561,#14090,.T.);
#14088=LINE('',#560,#14091);
#14089=LINE('',#534,#14092);
#14090=LINE('',#232,#14093);
#14091=VECTOR('',#14094,1.0);
#14092=VECTOR('',#14095,1.0);
#14093=VECTOR('',#14096,1.0);
#14094=DIRECTION('',(-0.749380412812017,-0.6621397110079498,0));
#14095=DIRECTION('',(0.817759563975752,-0.575559984298933,0));
#14096=DIRECTION('',(-0.7602715297501008,0.6496054195059039,0));
#14097=FACE_SURFACE('',(#14102),#14098,.T.);
#14098=PLANE('',#14099);
#14099=AXIS2_PLACEMENT_3D('',#232,#14100,#14101);
#14100=DIRECTION('',(0,0,1));
#14101=DIRECTION('',(-0.817759563975752,0.575559984298933,0));
#14102=FACE_BOUND('',#14103,.T.);
#14103=EDGE_LOOP('',(#14104,#14105,#14106));
#14104=ORIENTED_EDGE('',*,*,#14107,.T.);
#14105=ORIENTED_EDGE('',*,*,#14108,.T.);
#14106=ORIENTED_EDGE('',*,*,#14109,.T.);
#14107=EDGE_CURVE('',#233,#535,#14110,.F.);
#14108=EDGE_CURVE('',#535,#229,#14111,.T.);
#14109=EDGE_CURVE('',#229,#233,#14112,.T.);
#14110=LINE('',#232,#14113);
#14111=LINE('',#534,#14114);
#14112=LINE('',#228,#14115);
#14113=VECTOR('',#14116,1.0);
#14114=VECTOR('',#14117,1.0);
#14115=VECTOR('',#14118,1.0);
#14116=DIRECTION('',(-0.817759563975752,0.575559984298933,0));
#14117=DIRECTION('',(0.37965030242900916,-0.9251300707822452,0));
#14118=DIRECTION('',(0.7579715091070167,0.6522876599952139,0));
#14119=FACE_SURFACE('',(#14124),#14120,.T.);
#14120=PLANE('',#14121);
#14121=AXIS2_PLACEMENT_3D('',#228,#14122,#14123);
#14122=DIRECTION('',(0,0,1));
#14123=DIRECTION('',(-0.37965030242900916,0.9251300707822452,0));
#14124=FACE_BOUND('',#14125,.T.);
#14125=EDGE_LOOP('',(#14126,#14127,#14128));
#14126=ORIENTED_EDGE('',*,*,#14129,.T.);
#14127=ORIENTED_EDGE('',*,*,#14130,.T.);
#14128=ORIENTED_EDGE('',*,*,#14131,.T.);
#14129=EDGE_CURVE('',#229,#535,#14132,.F.);
#14130=EDGE_CURVE('',#535,#607,#14133,.T.);
#14131=EDGE_CURVE('',#607,#229,#14134,.T.);
#14132=LINE('',#228,#14135);
#14133=LINE('',#534,#14136);
#14134=LINE('',#606,#14137);
#14135=VECTOR('',#14138,1.0);
#14136=VECTOR('',#14139,1.0);
#14137=VECTOR('',#14140,1.0);
#14138=DIRECTION('',(-0.37965030242900916,0.9251300707822452,0));
#14139=DIRECTION('',(-0.779637528113643,-0.6262310474232721,0));
#14140=DIRECTION('',(0.7915417535748186,-0.6111150892816353,0));
#14141=FACE_SURFACE('',(#14146),#14142,.T.);
#14142=PLANE('',#14143);
#14143=AXIS2_PLACEMENT_3D('',#228,#14144,#14145);
#14144=DIRECTION('',(0,0,1));
#14145=DIRECTION('',(-0.7915417535748186,0.6111150892816353,0));
#14146=FACE_BOUND('',#14147,.T.);
#14147=EDGE_LOOP('',(#14148,#14149,#14150));
#14148=ORIENTED_EDGE('',*,*,#14151,.T.);
#14149=ORIENTED_EDGE('',*,*,#14152,.T.);
#14150=ORIENTED_EDGE('',*,*,#14153,.T.);
#14151=EDGE_CURVE('',#229,#607,#14154,.F.);
#14152=EDGE_CURVE('',#607,#225,#14155,.T.);
#14153=EDGE_CURVE('',#225,#229,#14156,.T.);
#14154=LINE('',#228,#14157);
#14155=LINE('',#606,#14158);
#14156=LINE('',#224,#14159);
#14157=VECTOR('',#14160,1.0);
#14158=VECTOR('',#14161,1.0);
#14159=VECTOR('',#14162,1.0);
#14160=DIRECTION('',(-0.7915417535748186,0.6111150892816353,0));
#14161=DIRECTION('',(0.3376304586554427,-0.941278743724788,0));
#14162=DIRECTION('',(0.8045976558822929,0.5938203534308328,0));
#14163=FACE_SURFACE('',(#14168),#14164,.T.);
#14164=PLANE('',#14165);
#14165=AXIS2_PLACEMENT_3D('',#224,#14166,#14167);
#14166=DIRECTION('',(0,0,1));
#14167=DIRECTION('',(-0.3376304586554427,0.941278743724788,0));
#14168=FACE_BOUND('',#14169,.T.);
#14169=EDGE_LOOP('',(#14170,#14171,#14172));
#14170=ORIENTED_EDGE('',*,*,#14173,.T.);
#14171=ORIENTED_EDGE('',*,*,#14174,.T.);
#14172=ORIENTED_EDGE('',*,*,#14175,.T.);
#14173=EDGE_CURVE('',#225,#607,#14176,.F.);
#14174=EDGE_CURVE('',#607,#609,#14177,.T.);
#14175=EDGE_CURVE('',#609,#225,#14178,.T.);
#14176=LINE('',#224,#14179);
#14177=LINE('',#606,#14180);
#14178=LINE('',#608,#14181);
#14179=VECTOR('',#14182,1.0);
#14180=VECTOR('',#14183,1.0);
#14181=VECTOR('',#14184,1.0);
#14182=DIRECTION('',(-0.3376304586554427,0.941278743724788,0));
#14183=DIRECTION('',(-0.8269710278437474,-0.5622445367516308,0));
#14184=DIRECTION('',(0.7634152783047016,-0.6459079755282133,0));
#14185=FACE_SURFACE('',(#14190),#14186,.T.);
#14186=PLANE('',#14187);
#14187=AXIS2_PLACEMENT_3D('',#224,#14188,#14189);
#14188=DIRECTION('',(0,0,1));
#14189=DIRECTION('',(-0.7634152783047016,0.6459079755282133,0));
#14190=FACE_BOUND('',#14191,.T.);
#14191=EDGE_LOOP('',(#14192,#14193,#14194));
#14192=ORIENTED_EDGE('',*,*,#14195,.T.);
#14193=ORIENTED_EDGE('',*,*,#14196,.T.);
#14194=ORIENTED_EDGE('',*,*,#14197,.T.);
#14195=EDGE_CURVE('',#225,#609,#14198,.F.);
#14196=EDGE_CURVE('',#609,#221,#14199,.T.);
#14197=EDGE_CURVE('',#221,#225,#14200,.T.);
#14198=LINE('',#224,#14201);
#14199=LINE('',#608,#14202);
#14200=LINE('',#220,#14203);
#14201=VECTOR('',#14204,1.0);
#14202=VECTOR('',#14205,1.0);
#14203=VECTOR('',#14206,1.0);
#14204=DIRECTION('',(-0.7634152783047016,0.6459079755282133,0));
#14205=DIRECTION('',(0.29548853476953985,-0.9553462858145995,0));
#14206=DIRECTION('',(0.8467244458699471,0.5320316839871766,0));
#14207=FACE_SURFACE('',(#14212),#14208,.T.);
#14208=PLANE('',#14209);
#14209=AXIS2_PLACEMENT_3D('',#220,#14210,#14211);
#14210=DIRECTION('',(0,0,1));
#14211=DIRECTION('',(-0.29548853476953985,0.9553462858145995,0));
#14212=FACE_BOUND('',#14213,.T.);
#14213=EDGE_LOOP('',(#14214,#14215,#14216));
#14214=ORIENTED_EDGE('',*,*,#14217,.T.);
#14215=ORIENTED_EDGE('',*,*,#14218,.T.);
#14216=ORIENTED_EDGE('',*,*,#14219,.T.);
#14217=EDGE_CURVE('',#221,#609,#14220,.F.);
#14218=EDGE_CURVE('',#609,#611,#14221,.T.);
#14219=EDGE_CURVE('',#611,#221,#14222,.T.);
#14220=LINE('',#220,#14223);
#14221=LINE('',#608,#14224);
#14222=LINE('',#610,#14225);
#14223=VECTOR('',#14226,1.0);
#14224=VECTOR('',#14227,1.0);
#14225=VECTOR('',#14228,1.0);
#14226=DIRECTION('',(-0.29548853476953985,0.9553462858145995,0));
#14227=DIRECTION('',(-0.8690669114528182,-0.49469455567841014,0));
#14228=DIRECTION('',(0.7333429541041454,-0.679858890995628,0));
#14229=FACE_SURFACE('',(#14234),#14230,.T.);
#14230=PLANE('',#14231);
#14231=AXIS2_PLACEMENT_3D('',#220,#14232,#14233);
#14232=DIRECTION('',(0,0,1));
#14233=DIRECTION('',(-0.7333429541041454,0.679858890995628,0));
#14234=FACE_BOUND('',#14235,.T.);
#14235=EDGE_LOOP('',(#14236,#14237,#14238));
#14236=ORIENTED_EDGE('',*,*,#14239,.T.);
#14237=ORIENTED_EDGE('',*,*,#14240,.T.);
#14238=ORIENTED_EDGE('',*,*,#14241,.T.);
#14239=EDGE_CURVE('',#221,#611,#14242,.F.);
#14240=EDGE_CURVE('',#611,#217,#14243,.T.);
#14241=EDGE_CURVE('',#217,#221,#14244,.T.);
#14242=LINE('',#220,#14245);
#14243=LINE('',#610,#14246);
#14244=LINE('',#216,#14247);
#14245=VECTOR('',#14248,1.0);
#14246=VECTOR('',#14249,1.0);
#14247=VECTOR('',#14250,1.0);
#14248=DIRECTION('',(-0.7333429541041454,0.679858890995628,0));
#14249=DIRECTION('',(0.25327880115703433,-0.9673933268761241,0));
#14250=DIRECTION('',(0.8841151733656437,0.46726904479607645,0));
#14251=FACE_SURFACE('',(#14256),#14252,.T.);
#14252=PLANE('',#14253);
#14253=AXIS2_PLACEMENT_3D('',#216,#14254,#14255);
#14254=DIRECTION('',(0,0,1));
#14255=DIRECTION('',(-0.25327880115703433,0.9673933268761241,0));
#14256=FACE_BOUND('',#14257,.T.);
#14257=EDGE_LOOP('',(#14258,#14259,#14260));
#14258=ORIENTED_EDGE('',*,*,#14261,.T.);
#14259=ORIENTED_EDGE('',*,*,#14262,.T.);
#14260=ORIENTED_EDGE('',*,*,#14263,.T.);
#14261=EDGE_CURVE('',#217,#611,#14264,.F.);
#14262=EDGE_CURVE('',#611,#613,#14265,.T.);
#14263=EDGE_CURVE('',#613,#217,#14266,.T.);
#14264=LINE('',#216,#14267);
#14265=LINE('',#610,#14268);
#14266=LINE('',#612,#14269);
#14267=VECTOR('',#14270,1.0);
#14268=VECTOR('',#14271,1.0);
#14269=VECTOR('',#14272,1.0);
#14270=DIRECTION('',(-0.25327880115703433,0.9673933268761241,0));
#14271=DIRECTION('',(-0.9056564099084181,-0.42401234320688747,0));
#14272=DIRECTION('',(0.7012912525904648,-0.7128748691320916,0));
#14273=FACE_SURFACE('',(#14278),#14274,.T.);
#14274=PLANE('',#14275);
#14275=AXIS2_PLACEMENT_3D('',#216,#14276,#14277);
#14276=DIRECTION('',(0,0,1));
#14277=DIRECTION('',(-0.7012912525904648,0.7128748691320916,0));
#14278=FACE_BOUND('',#14279,.T.);
#14279=EDGE_LOOP('',(#14280,#14281,#14282));
#14280=ORIENTED_EDGE('',*,*,#14283,.T.);
#14281=ORIENTED_EDGE('',*,*,#14284,.T.);
#14282=ORIENTED_EDGE('',*,*,#14285,.T.);
#14283=EDGE_CURVE('',#217,#613,#14286,.F.);
#14284=EDGE_CURVE('',#613,#213,#14287,.T.);
#14285=EDGE_CURVE('',#213,#217,#14288,.T.);
#14286=LINE('',#216,#14289);
#14287=LINE('',#612,#14290);
#14288=LINE('',#212,#14291);
#14289=VECTOR('',#14292,1.0);
#14290=VECTOR('',#14293,1.0);
#14291=VECTOR('',#14294,1.0);
#14292=DIRECTION('',(-0.7012912525904648,0.7128748691320916,0));
#14293=DIRECTION('',(0.21104063418113952,-0.9774772891092778,0));
#14294=DIRECTION('',(0.91656226699547,0.3998919988198372,0));
#14295=FACE_SURFACE('',(#14300),#14296,.T.);
#14296=PLANE('',#14297);
#14297=AXIS2_PLACEMENT_3D('',#212,#14298,#14299);
#14298=DIRECTION('',(0,0,1));
#14299=DIRECTION('',(-0.21104063418113952,0.9774772891092778,0));
#14300=FACE_BOUND('',#14301,.T.);
#14301=EDGE_LOOP('',(#14302,#14303,#14304));
#14302=ORIENTED_EDGE('',*,*,#14305,.T.);
#14303=ORIENTED_EDGE('',*,*,#14306,.T.);
#14304=ORIENTED_EDGE('',*,*,#14307,.T.);
#14305=EDGE_CURVE('',#213,#613,#14308,.F.);
#14306=EDGE_CURVE('',#613,#615,#14309,.T.);
#14307=EDGE_CURVE('',#615,#213,#14310,.T.);
#14308=LINE('',#212,#14311);
#14309=LINE('',#612,#14312);
#14310=LINE('',#614,#14313);
#14311=VECTOR('',#14314,1.0);
#14312=VECTOR('',#14315,1.0);
#14313=VECTOR('',#14316,1.0);
#14314=DIRECTION('',(-0.21104063418113952,0.9774772891092778,0));
#14315=DIRECTION('',(-0.9365089872263042,-0.3506435752218511,0));
#14316=DIRECTION('',(0.6672347958376337,-0.744847452317259,0));
#14317=FACE_SURFACE('',(#14322),#14318,.T.);
#14318=PLANE('',#14319);
#14319=AXIS2_PLACEMENT_3D('',#212,#14320,#14321);
#14320=DIRECTION('',(0,0,1));
#14321=DIRECTION('',(-0.6672347958376337,0.744847452317259,0));
#14322=FACE_BOUND('',#14323,.T.);
#14323=EDGE_LOOP('',(#14324,#14325,#14326));
#14324=ORIENTED_EDGE('',*,*,#14327,.T.);
#14325=ORIENTED_EDGE('',*,*,#14328,.T.);
#14326=ORIENTED_EDGE('',*,*,#14329,.T.);
#14327=EDGE_CURVE('',#213,#615,#14330,.F.);
#14328=EDGE_CURVE('',#615,#209,#14331,.T.);
#14329=EDGE_CURVE('',#209,#213,#14332,.T.);
#14330=LINE('',#212,#14333);
#14331=LINE('',#614,#14334);
#14332=LINE('',#208,#14335);
#14333=VECTOR('',#14336,1.0);
#14334=VECTOR('',#14337,1.0);
#14335=VECTOR('',#14338,1.0);
#14336=DIRECTION('',(-0.6672347958376337,0.744847452317259,0));
#14337=DIRECTION('',(0.16880123274582812,-0.9856501122728535,0));
#14338=DIRECTION('',(0.9438832568705066,0.33027927182844136,0));
#14339=FACE_SURFACE('',(#14344),#14340,.T.);
#14340=PLANE('',#14341);
#14341=AXIS2_PLACEMENT_3D('',#208,#14342,#14343);
#14342=DIRECTION('',(0,0,1));
#14343=DIRECTION('',(-0.16880123274582812,0.9856501122728535,0));
#14344=FACE_BOUND('',#14345,.T.);
#14345=EDGE_LOOP('',(#14346,#14347,#14348));
#14346=ORIENTED_EDGE('',*,*,#14349,.T.);
#14347=ORIENTED_EDGE('',*,*,#14350,.T.);
#14348=ORIENTED_EDGE('',*,*,#14351,.T.);
#14349=EDGE_CURVE('',#209,#615,#14352,.F.);
#14350=EDGE_CURVE('',#615,#617,#14353,.T.);
#14351=EDGE_CURVE('',#617,#209,#14354,.T.);
#14352=LINE('',#208,#14355);
#14353=LINE('',#614,#14356);
#14354=LINE('',#616,#14357);
#14355=VECTOR('',#14358,1.0);
#14356=VECTOR('',#14359,1.0);
#14357=VECTOR('',#14360,1.0);
#14358=DIRECTION('',(-0.16880123274582812,0.9856501122728535,0));
#14359=DIRECTION('',(-0.9614290567997561,-0.2750530289619284,0));
#14360=DIRECTION('',(0.6311564501008085,-0.7756555520952233,0));
#14361=FACE_SURFACE('',(#14366),#14362,.T.);
#14362=PLANE('',#14363);
#14363=AXIS2_PLACEMENT_3D('',#208,#14364,#14365);
#14364=DIRECTION('',(0,0,1));
#14365=DIRECTION('',(-0.6311564501008085,0.7756555520952233,0));
#14366=FACE_BOUND('',#14367,.T.);
#14367=EDGE_LOOP('',(#14368,#14369,#14370));
#14368=ORIENTED_EDGE('',*,*,#14371,.T.);
#14369=ORIENTED_EDGE('',*,*,#14372,.T.);
#14370=ORIENTED_EDGE('',*,*,#14373,.T.);
#14371=EDGE_CURVE('',#209,#617,#14374,.F.);
#14372=EDGE_CURVE('',#617,#205,#14375,.T.);
#14373=EDGE_CURVE('',#205,#209,#14376,.T.);
#14374=LINE('',#208,#14377);
#14375=LINE('',#616,#14378);
#14376=LINE('',#204,#14379);
#14377=VECTOR('',#14380,1.0);
#14378=VECTOR('',#14381,1.0);
#14379=VECTOR('',#14382,1.0);
#14380=DIRECTION('',(-0.6311564501008085,0.7756555520952233,0));
#14381=DIRECTION('',(0.12657547798556912,-0.9919569790937128,0));
#14382=DIRECTION('',(0.9659257764378522,0.25881923114972044,0));
#14383=FACE_SURFACE('',(#14388),#14384,.T.);
#14384=PLANE('',#14385);
#14385=AXIS2_PLACEMENT_3D('',#204,#14386,#14387);
#14386=DIRECTION('',(0,0,1));
#14387=DIRECTION('',(-0.12657547798556912,0.9919569790937128,0));
#14388=FACE_BOUND('',#14389,.T.);
#14389=EDGE_LOOP('',(#14390,#14391,#14392));
#14390=ORIENTED_EDGE('',*,*,#14393,.T.);
#14391=ORIENTED_EDGE('',*,*,#14394,.T.);
#14392=ORIENTED_EDGE('',*,*,#14395,.T.);
#14393=EDGE_CURVE('',#205,#617,#14396,.F.);
#14394=EDGE_CURVE('',#617,#619,#14397,.T.);
#14395=EDGE_CURVE('',#619,#205,#14398,.T.);
#14396=LINE('',#204,#14399);
#14397=LINE('',#616,#14400);
#14398=LINE('',#618,#14401);
#14399=VECTOR('',#14402,1.0);
#14400=VECTOR('',#14403,1.0);
#14401=VECTOR('',#14404,1.0);
#14402=DIRECTION('',(-0.12657547798556912,0.9919569790937128,0));
#14403=DIRECTION('',(-0.9802583015647767,-0.19772117290098,0));
#14404=DIRECTION('',(0.5930507366201934,-0.8051650910181377,0));
#14405=FACE_SURFACE('',(#14410),#14406,.T.);
#14406=PLANE('',#14407);
#14407=AXIS2_PLACEMENT_3D('',#204,#14408,#14409);
#14408=DIRECTION('',(0,0,1));
#14409=DIRECTION('',(-0.5930507366201934,0.8051650910181377,0));
#14410=FACE_BOUND('',#14411,.T.);
#14411=EDGE_LOOP('',(#14412,#14413,#14414));
#14412=ORIENTED_EDGE('',*,*,#14415,.T.);
#14413=ORIENTED_EDGE('',*,*,#14416,.T.);
#14414=ORIENTED_EDGE('',*,*,#14417,.T.);
#14415=EDGE_CURVE('',#205,#619,#14418,.F.);
#14416=EDGE_CURVE('',#619,#201,#14419,.T.);
#14417=EDGE_CURVE('',#201,#205,#14420,.T.);
#14418=LINE('',#204,#14421);
#14419=LINE('',#618,#14422);
#14420=LINE('',#200,#14423);
#14421=VECTOR('',#14424,1.0);
#14422=VECTOR('',#14425,1.0);
#14423=VECTOR('',#14426,1.0);
#14424=DIRECTION('',(-0.5930507366201934,0.8051650910181377,0));
#14425=DIRECTION('',(0.08436902642047259,-0.9964345775718852,0));
#14426=DIRECTION('',(0.9825666859235868,0.18591048306413452,0));
#14427=FACE_SURFACE('',(#14432),#14428,.T.);
#14428=PLANE('',#14429);
#14429=AXIS2_PLACEMENT_3D('',#200,#14430,#14431);
#14430=DIRECTION('',(0,0,1));
#14431=DIRECTION('',(-0.08436902642047259,0.9964345775718852,0));
#14432=FACE_BOUND('',#14433,.T.);
#14433=EDGE_LOOP('',(#14434,#14435,#14436));
#14434=ORIENTED_EDGE('',*,*,#14437,.T.);
#14435=ORIENTED_EDGE('',*,*,#14438,.T.);
#14436=ORIENTED_EDGE('',*,*,#14439,.T.);
#14437=EDGE_CURVE('',#201,#619,#14440,.F.);
#14438=EDGE_CURVE('',#619,#621,#14441,.T.);
#14439=EDGE_CURVE('',#621,#201,#14442,.T.);
#14440=LINE('',#200,#14443);
#14441=LINE('',#618,#14444);
#14442=LINE('',#620,#14445);
#14443=VECTOR('',#14446,1.0);
#14444=VECTOR('',#14447,1.0);
#14445=VECTOR('',#14448,1.0);
#14446=DIRECTION('',(-0.08436902642047259,0.9964345775718852,0));
#14447=DIRECTION('',(-0.9928780146777235,-0.11913541861940959,0));
#14448=DIRECTION('',(0.5529241014396974,-0.8332316232879687,0));
#14449=FACE_SURFACE('',(#14454),#14450,.T.);
#14450=PLANE('',#14451);
#14451=AXIS2_PLACEMENT_3D('',#200,#14452,#14453);
#14452=DIRECTION('',(0,0,1));
#14453=DIRECTION('',(-0.5529241014396974,0.8332316232879687,0));
#14454=FACE_BOUND('',#14455,.T.);
#14455=EDGE_LOOP('',(#14456,#14457,#14458));
#14456=ORIENTED_EDGE('',*,*,#14459,.T.);
#14457=ORIENTED_EDGE('',*,*,#14460,.T.);
#14458=ORIENTED_EDGE('',*,*,#14461,.T.);
#14459=EDGE_CURVE('',#201,#621,#14462,.F.);
#14460=EDGE_CURVE('',#621,#197,#14463,.T.);
#14461=EDGE_CURVE('',#197,#201,#14464,.T.);
#14462=LINE('',#200,#14465);
#14463=LINE('',#620,#14466);
#14464=LINE('',#196,#14467);
#14465=VECTOR('',#14468,1.0);
#14466=VECTOR('',#14469,1.0);
#14467=VECTOR('',#14470,1.0);
#14468=DIRECTION('',(-0.5529241014396974,0.8332316232879687,0));
#14469=DIRECTION('',(0.042179572398818206,-0.9991100458269114,0));
#14470=DIRECTION('',(0.9937121028612644,0.11196542603430636,0));
#14471=FACE_SURFACE('',(#14476),#14472,.T.);
#14472=PLANE('',#14473);
#14473=AXIS2_PLACEMENT_3D('',#196,#14474,#14475);
#14474=DIRECTION('',(0,0,1));
#14475=DIRECTION('',(-0.042179572398818206,0.9991100458269114,0));
#14476=FACE_BOUND('',#14477,.T.);
#14477=EDGE_LOOP('',(#14478,#14479,#14480));
#14478=ORIENTED_EDGE('',*,*,#14481,.T.);
#14479=ORIENTED_EDGE('',*,*,#14482,.T.);
#14480=ORIENTED_EDGE('',*,*,#14483,.T.);
#14481=EDGE_CURVE('',#197,#621,#14484,.F.);
#14482=EDGE_CURVE('',#621,#623,#14485,.T.);
#14483=EDGE_CURVE('',#623,#197,#14486,.T.);
#14484=LINE('',#196,#14487);
#14485=LINE('',#620,#14488);
#14486=LINE('',#622,#14489);
#14487=VECTOR('',#14490,1.0);
#14488=VECTOR('',#14491,1.0);
#14489=VECTOR('',#14492,1.0);
#14490=DIRECTION('',(-0.042179572398818206,0.9991100458269114,0));
#14491=DIRECTION('',(-0.9992078199827527,-0.039796136562673244,0));
#14492=DIRECTION('',(0.5107966609686208,-0.8597015593467932,0));
#14493=FACE_SURFACE('',(#14498),#14494,.T.);
#14494=PLANE('',#14495);
#14495=AXIS2_PLACEMENT_3D('',#64,#14496,#14497);
#14496=DIRECTION('',(0,-0,-1));
#14497=DIRECTION('',(0.19555879119108305,-0.9806919797713666,0));
#14498=FACE_BOUND('',#14499,.T.);
#14499=EDGE_LOOP('',(#14500,#14501,#14502));
#14500=ORIENTED_EDGE('',*,*,#14503,.T.);
#14501=ORIENTED_EDGE('',*,*,#14504,.T.);
#14502=ORIENTED_EDGE('',*,*,#14505,.T.);
#14503=EDGE_CURVE('',#65,#487,#14506,.F.);
#14504=EDGE_CURVE('',#487,#57,#14507,.T.);
#14505=EDGE_CURVE('',#57,#65,#14508,.T.);
#14506=LINE('',#64,#14509);
#14507=LINE('',#486,#14510);
#14508=LINE('',#56,#14511);
#14509=VECTOR('',#14512,1.0);
#14510=VECTOR('',#14513,1.0);
#14511=VECTOR('',#14514,1.0);
#14512=DIRECTION('',(0.19555879119108305,-0.9806919797713666,0));
#14513=DIRECTION('',(-0.6534266622640812,0.7569898262476336,0));
#14514=DIRECTION('',(0.7529242305752512,0.6581072123998231,0));
#14515=FACE_SURFACE('',(#14520),#14516,.T.);
#14516=PLANE('',#14517);
#14517=AXIS2_PLACEMENT_3D('',#56,#14518,#14519);
#14518=DIRECTION('',(0,-0,-1));
#14519=DIRECTION('',(0.6534266622640812,-0.7569898262476336,0));
#14520=FACE_BOUND('',#14521,.T.);
#14521=EDGE_LOOP('',(#14522,#14523,#14524));
#14522=ORIENTED_EDGE('',*,*,#14525,.T.);
#14523=ORIENTED_EDGE('',*,*,#14526,.T.);
#14524=ORIENTED_EDGE('',*,*,#14527,.T.);
#14525=EDGE_CURVE('',#57,#487,#14528,.F.);
#14526=EDGE_CURVE('',#487,#45,#14529,.T.);
#14527=EDGE_CURVE('',#45,#57,#14530,.T.);
#14528=LINE('',#56,#14531);
#14529=LINE('',#486,#14532);
#14530=LINE('',#44,#14533);
#14531=VECTOR('',#14534,1.0);
#14532=VECTOR('',#14535,1.0);
#14533=VECTOR('',#14536,1.0);
#14534=DIRECTION('',(0.6534266622640812,-0.7569898262476336,0));
#14535=DIRECTION('',(-0.7587872429061144,0.6513385601996378,0));
#14536=DIRECTION('',(0.7211140756862192,0.6928163464058925,0));
#14537=FACE_SURFACE('',(#14542),#14538,.T.);
#14538=PLANE('',#14539);
#14539=AXIS2_PLACEMENT_3D('',#56,#14540,#14541);
#14540=DIRECTION('',(-0,0,-1));
#14541=DIRECTION('',(-0.7211140756862192,-0.6928163464058925,0));
#14542=FACE_BOUND('',#14543,.T.);
#14543=EDGE_LOOP('',(#14544,#14545,#14546));
#14544=ORIENTED_EDGE('',*,*,#14547,.T.);
#14545=ORIENTED_EDGE('',*,*,#14548,.T.);
#14546=ORIENTED_EDGE('',*,*,#14549,.T.);
#14547=EDGE_CURVE('',#57,#45,#14550,.F.);
#14548=EDGE_CURVE('',#45,#53,#14551,.T.);
#14549=EDGE_CURVE('',#53,#57,#14552,.T.);
#14550=LINE('',#56,#14553);
#14551=LINE('',#44,#14554);
#14552=LINE('',#52,#14555);
#14553=VECTOR('',#14556,1.0);
#14554=VECTOR('',#14557,1.0);
#14555=VECTOR('',#14558,1.0);
#14556=DIRECTION('',(-0.7211140756862192,-0.6928163464058925,0));
#14557=DIRECTION('',(0.09849825298983567,0.9951372237827055,0));
#14558=DIRECTION('',(0,-1,0));
#14559=FACE_SURFACE('',(#14564),#14560,.T.);
#14560=PLANE('',#14561);
#14561=AXIS2_PLACEMENT_3D('',#52,#14562,#14563);
#14562=DIRECTION('',(-0,0,-1));
#14563=DIRECTION('',(-0.09849825298983567,-0.9951372237827055,0));
#14564=FACE_BOUND('',#14565,.T.);
#14565=EDGE_LOOP('',(#14566,#14567,#14568));
#14566=ORIENTED_EDGE('',*,*,#14569,.T.);
#14567=ORIENTED_EDGE('',*,*,#14570,.T.);
#14568=ORIENTED_EDGE('',*,*,#14571,.T.);
#14569=EDGE_CURVE('',#53,#45,#14572,.F.);
#14570=EDGE_CURVE('',#45,#49,#14573,.T.);
#14571=EDGE_CURVE('',#49,#53,#14574,.T.);
#14572=LINE('',#52,#14575);
#14573=LINE('',#44,#14576);
#14574=LINE('',#48,#14577);
#14575=VECTOR('',#14578,1.0);
#14576=VECTOR('',#14579,1.0);
#14577=VECTOR('',#14580,1.0);
#14578=DIRECTION('',(-0.09849825298983567,-0.9951372237827055,0));
#14579=DIRECTION('',(-0.7402504326031082,0.6723312405584848,0));
#14580=DIRECTION('',(1,0,0));
#14581=FACE_SURFACE('',(#14586),#14582,.T.);
#14582=PLANE('',#14583);
#14583=AXIS2_PLACEMENT_3D('',#48,#14584,#14585);
#14584=DIRECTION('',(0,0,-1));
#14585=DIRECTION('',(0.7402504326031082,-0.6723312405584848,0));
#14586=FACE_BOUND('',#14587,.T.);
#14587=EDGE_LOOP('',(#14588,#14589,#14590));
#14588=ORIENTED_EDGE('',*,*,#14591,.T.);
#14589=ORIENTED_EDGE('',*,*,#14592,.T.);
#14590=ORIENTED_EDGE('',*,*,#14593,.T.);
#14591=EDGE_CURVE('',#49,#45,#14594,.F.);
#14592=EDGE_CURVE('',#45,#47,#14595,.T.);
#14593=EDGE_CURVE('',#47,#49,#14596,.T.);
#14594=LINE('',#48,#14597);
#14595=LINE('',#44,#14598);
#14596=LINE('',#46,#14599);
#14597=VECTOR('',#14600,1.0);
#14598=VECTOR('',#14601,1.0);
#14599=VECTOR('',#14602,1.0);
#14600=DIRECTION('',(0.7402504326031082,-0.6723312405584848,0));
#14601=DIRECTION('',(-1,0,0));
#14602=DIRECTION('',(0,1,0));
#14603=FACE_SURFACE('',(#14608),#14604,.T.);
#14604=PLANE('',#14605);
#14605=AXIS2_PLACEMENT_3D('',#64,#14606,#14607);
#14606=DIRECTION('',(0,0,-1));
#14607=DIRECTION('',(0.7998598009083251,0.6001868866368997,0));
#14608=FACE_BOUND('',#14609,.T.);
#14609=EDGE_LOOP('',(#14610,#14611,#14612));
#14610=ORIENTED_EDGE('',*,*,#14613,.T.);
#14611=ORIENTED_EDGE('',*,*,#14614,.T.);
#14612=ORIENTED_EDGE('',*,*,#14615,.T.);
#14613=EDGE_CURVE('',#65,#395,#14616,.F.);
#14614=EDGE_CURVE('',#395,#487,#14617,.T.);
#14615=EDGE_CURVE('',#487,#65,#14618,.T.);
#14616=LINE('',#64,#14619);
#14617=LINE('',#394,#14620);
#14618=LINE('',#486,#14621);
#14619=VECTOR('',#14622,1.0);
#14620=VECTOR('',#14623,1.0);
#14621=VECTOR('',#14624,1.0);
#14622=DIRECTION('',(0.7998598009083251,0.6001868866368997,0));
#14623=DIRECTION('',(-0.15373689493947476,-0.9881118191451658,0));
#14624=DIRECTION('',(-0.19555879119108305,0.9806919797713666,0));
#14625=FACE_SURFACE('',(#14630),#14626,.T.);
#14626=PLANE('',#14627);
#14627=AXIS2_PLACEMENT_3D('',#486,#14628,#14629);
#14628=DIRECTION('',(0,0,-1));
#14629=DIRECTION('',(0.15373689493947476,0.9881118191451658,0));
#14630=FACE_BOUND('',#14631,.T.);
#14631=EDGE_LOOP('',(#14632,#14633,#14634));
#14632=ORIENTED_EDGE('',*,*,#14635,.T.);
#14633=ORIENTED_EDGE('',*,*,#14636,.T.);
#14634=ORIENTED_EDGE('',*,*,#14637,.T.);
#14635=EDGE_CURVE('',#487,#395,#14638,.F.);
#14636=EDGE_CURVE('',#395,#391,#14639,.T.);
#14637=EDGE_CURVE('',#391,#487,#14640,.T.);
#14638=LINE('',#486,#14641);
#14639=LINE('',#394,#14642);
#14640=LINE('',#390,#14643);
#14641=VECTOR('',#14644,1.0);
#14642=VECTOR('',#14645,1.0);
#14643=VECTOR('',#14646,1.0);
#14644=DIRECTION('',(0.15373689493947476,0.9881118191451658,0));
#14645=DIRECTION('',(0.8423494407898553,0.5389317392778216,0));
#14646=DIRECTION('',(-0.36977093289274104,-0.9291229505224978,0));
#14647=FACE_SURFACE('',(#14652),#14648,.T.);
#14648=PLANE('',#14649);
#14649=AXIS2_PLACEMENT_3D('',#486,#14650,#14651);
#14650=DIRECTION('',(0,0,-1));
#14651=DIRECTION('',(0.36977093289274104,0.9291229505224978,0));
#14652=FACE_BOUND('',#14653,.T.);
#14653=EDGE_LOOP('',(#14654,#14655,#14656));
#14654=ORIENTED_EDGE('',*,*,#14657,.T.);
#14655=ORIENTED_EDGE('',*,*,#14658,.T.);
#14656=ORIENTED_EDGE('',*,*,#14659,.T.);
#14657=EDGE_CURVE('',#487,#391,#14660,.F.);
#14658=EDGE_CURVE('',#391,#387,#14661,.T.);
#14659=EDGE_CURVE('',#387,#487,#14662,.T.);
#14660=LINE('',#486,#14663);
#14661=LINE('',#390,#14664);
#14662=LINE('',#386,#14665);
#14663=VECTOR('',#14666,1.0);
#14664=VECTOR('',#14667,1.0);
#14665=VECTOR('',#14668,1.0);
#14666=DIRECTION('',(0.36977093289274104,0.9291229505224978,0));
#14667=DIRECTION('',(0.8801575954829418,0.47468158497427093,0));
#14668=DIRECTION('',(-0.5080100281243946,-0.8613511544805939,0));
#14669=FACE_SURFACE('',(#14674),#14670,.T.);
#14670=PLANE('',#14671);
#14671=AXIS2_PLACEMENT_3D('',#386,#14672,#14673);
#14672=DIRECTION('',(0,-0,-1));
#14673=DIRECTION('',(0.9130742826654429,0.407793274018818,0));
#14674=FACE_BOUND('',#14675,.T.);
#14675=EDGE_LOOP('',(#14676,#14677,#14678));
#14676=ORIENTED_EDGE('',*,*,#14679,.T.);
#14677=ORIENTED_EDGE('',*,*,#14680,.T.);
#14678=ORIENTED_EDGE('',*,*,#14681,.T.);
#14679=EDGE_CURVE('',#387,#383,#14682,.F.);
#14680=EDGE_CURVE('',#383,#487,#14683,.T.);
#14681=EDGE_CURVE('',#487,#387,#14684,.T.);
#14682=LINE('',#386,#14685);
#14683=LINE('',#382,#14686);
#14684=LINE('',#486,#14687);
#14685=VECTOR('',#14688,1.0);
#14686=VECTOR('',#14689,1.0);
#14687=VECTOR('',#14690,1.0);
#14688=DIRECTION('',(0.9130742826654429,0.407793274018818,0));
#14689=DIRECTION('',(-0.6037856769214335,-0.7971466968786399,0));
#14690=DIRECTION('',(0.5080100281243946,0.8613511544805939,0));
#14691=FACE_SURFACE('',(#14696),#14692,.T.);
#14692=PLANE('',#14693);
#14693=AXIS2_PLACEMENT_3D('',#486,#14694,#14695);
#14694=DIRECTION('',(0,0,-1));
#14695=DIRECTION('',(0.6037856769214335,0.7971466968786399,0));
#14696=FACE_BOUND('',#14697,.T.);
#14697=EDGE_LOOP('',(#14698,#14699,#14700));
#14698=ORIENTED_EDGE('',*,*,#14701,.T.);
#14699=ORIENTED_EDGE('',*,*,#14702,.T.);
#14700=ORIENTED_EDGE('',*,*,#14703,.T.);
#14701=EDGE_CURVE('',#487,#383,#14704,.F.);
#14702=EDGE_CURVE('',#383,#379,#14705,.T.);
#14703=EDGE_CURVE('',#379,#487,#14706,.T.);
#14704=LINE('',#486,#14707);
#14705=LINE('',#382,#14708);
#14706=LINE('',#378,#14709);
#14707=VECTOR('',#14710,1.0);
#14708=VECTOR('',#14711,1.0);
#14709=VECTOR('',#14712,1.0);
#14710=DIRECTION('',(0.6037856769214335,0.7971466968786399,0));
#14711=DIRECTION('',(0.9409164176648653,0.3386388857894447,0));
#14712=DIRECTION('',(-0.6749594948231273,-0.7378547826965064,0));
#14713=FACE_SURFACE('',(#14718),#14714,.T.);
#14714=PLANE('',#14715);
#14715=AXIS2_PLACEMENT_3D('',#486,#14716,#14717);
#14716=DIRECTION('',(0,0,-1));
#14717=DIRECTION('',(0.6749594948231273,0.7378547826965064,0));
#14718=FACE_BOUND('',#14719,.T.);
#14719=EDGE_LOOP('',(#14720,#14721,#14722));
#14720=ORIENTED_EDGE('',*,*,#14723,.T.);
#14721=ORIENTED_EDGE('',*,*,#14724,.T.);
#14722=ORIENTED_EDGE('',*,*,#14725,.T.);
#14723=EDGE_CURVE('',#487,#379,#14726,.F.);
#14724=EDGE_CURVE('',#379,#375,#14727,.T.);
#14725=EDGE_CURVE('',#375,#487,#14728,.T.);
#14726=LINE('',#486,#14729);
#14727=LINE('',#378,#14730);
#14728=LINE('',#374,#14731);
#14729=VECTOR('',#14732,1.0);
#14730=VECTOR('',#14733,1.0);
#14731=VECTOR('',#14734,1.0);
#14732=DIRECTION('',(0.6749594948231273,0.7378547826965064,0));
#14733=DIRECTION('',(0.9635296958675522,0.26760142970728384,0));
#14734=DIRECTION('',(-0.730728226234911,-0.6826684842466222,0));
#14735=FACE_SURFACE('',(#14740),#14736,.T.);
#14736=PLANE('',#14737);
#14737=AXIS2_PLACEMENT_3D('',#374,#14738,#14739);
#14738=DIRECTION('',(0,-0,-1));
#14739=DIRECTION('',(0.9807878991734504,0.1950771561073454,0));
#14740=FACE_BOUND('',#14741,.T.);
#14741=EDGE_LOOP('',(#14742,#14743,#14744));
#14742=ORIENTED_EDGE('',*,*,#14745,.T.);
#14743=ORIENTED_EDGE('',*,*,#14746,.T.);
#14744=ORIENTED_EDGE('',*,*,#14747,.T.);
#14745=EDGE_CURVE('',#375,#371,#14748,.F.);
#14746=EDGE_CURVE('',#371,#487,#14749,.T.);
#14747=EDGE_CURVE('',#487,#375,#14750,.T.);
#14748=LINE('',#374,#14751);
#14749=LINE('',#370,#14752);
#14750=LINE('',#486,#14753);
#14751=VECTOR('',#14754,1.0);
#14752=VECTOR('',#14755,1.0);
#14753=VECTOR('',#14756,1.0);
#14754=DIRECTION('',(0.9807878991734504,0.1950771561073454,0));
#14755=DIRECTION('',(-0.7761200642402913,-0.6305851614838759,0));
#14756=DIRECTION('',(0.730728226234911,0.6826684842466222,0));
#14757=FACE_SURFACE('',(#14762),#14758,.T.);
#14758=PLANE('',#14759);
#14759=AXIS2_PLACEMENT_3D('',#486,#14760,#14761);
#14760=DIRECTION('',(0,0,-1));
#14761=DIRECTION('',(0.7761200642402913,0.6305851614838759,0));
#14762=FACE_BOUND('',#14763,.T.);
#14763=EDGE_LOOP('',(#14764,#14765,#14766));
#14764=ORIENTED_EDGE('',*,*,#14767,.T.);
#14765=ORIENTED_EDGE('',*,*,#14768,.T.);
#14766=ORIENTED_EDGE('',*,*,#14769,.T.);
#14767=EDGE_CURVE('',#487,#371,#14770,.F.);
#14768=EDGE_CURVE('',#371,#367,#14771,.T.);
#14769=EDGE_CURVE('',#367,#487,#14772,.T.);
#14770=LINE('',#486,#14773);
#14771=LINE('',#370,#14774);
#14772=LINE('',#366,#14775);
#14773=VECTOR('',#14776,1.0);
#14774=VECTOR('',#14777,1.0);
#14775=VECTOR('',#14778,1.0);
#14776=DIRECTION('',(0.7761200642402913,0.6305851614838759,0));
#14777=DIRECTION('',(0.9925951743426832,0.12146941949156846,0));
#14778=DIRECTION('',(-0.8140571664710328,-0.5807847533442602,0));
#14779=FACE_SURFACE('',(#14784),#14780,.T.);
#14780=PLANE('',#14781);
#14781=AXIS2_PLACEMENT_3D('',#486,#14782,#14783);
#14782=DIRECTION('',(0,0,-1));
#14783=DIRECTION('',(0.8140571664710328,0.5807847533442602,0));
#14784=FACE_BOUND('',#14785,.T.);
#14785=EDGE_LOOP('',(#14786,#14787,#14788));
#14786=ORIENTED_EDGE('',*,*,#14789,.T.);
#14787=ORIENTED_EDGE('',*,*,#14790,.T.);
#14788=ORIENTED_EDGE('',*,*,#14791,.T.);
#14789=EDGE_CURVE('',#487,#367,#14792,.F.);
#14790=EDGE_CURVE('',#367,#363,#14793,.T.);
#14791=EDGE_CURVE('',#363,#487,#14794,.T.);
#14792=LINE('',#486,#14795);
#14793=LINE('',#366,#14796);
#14794=LINE('',#362,#14797);
#14795=VECTOR('',#14798,1.0);
#14796=VECTOR('',#14799,1.0);
#14797=VECTOR('',#14800,1.0);
#14798=DIRECTION('',(0.8140571664710328,0.5807847533442602,0));
#14799=DIRECTION('',(0.9988861068684843,0.047186285137980975,0));
#14800=DIRECTION('',(-0.8463312468460445,-0.5326569445825516,0));
#14801=FACE_SURFACE('',(#14806),#14802,.T.);
#14802=PLANE('',#14803);
#14803=AXIS2_PLACEMENT_3D('',#486,#14804,#14805);
#14804=DIRECTION('',(0,0,-1));
#14805=DIRECTION('',(0.8463312468460445,0.5326569445825516,0));
#14806=FACE_BOUND('',#14807,.T.);
#14807=EDGE_LOOP('',(#14808,#14809,#14810));
#14808=ORIENTED_EDGE('',*,*,#14811,.T.);
#14809=ORIENTED_EDGE('',*,*,#14812,.T.);
#14810=ORIENTED_EDGE('',*,*,#14813,.T.);
#14811=EDGE_CURVE('',#487,#363,#14814,.F.);
#14812=EDGE_CURVE('',#363,#489,#14815,.T.);
#14813=EDGE_CURVE('',#489,#487,#14816,.T.);
#14814=LINE('',#486,#14817);
#14815=LINE('',#362,#14818);
#14816=LINE('',#488,#14819);
#14817=VECTOR('',#14820,1.0);
#14818=VECTOR('',#14821,1.0);
#14819=VECTOR('',#14822,1.0);
#14820=DIRECTION('',(0.8463312468460445,0.5326569445825516,0));
#14821=DIRECTION('',(0.8541218489448279,-0.520072944071376,0));
#14822=DIRECTION('',(-1,0,0));
#14823=FACE_SURFACE('',(#14828),#14824,.T.);
#14824=PLANE('',#14825);
#14825=AXIS2_PLACEMENT_3D('',#488,#14826,#14827);
#14826=DIRECTION('',(0,0,-1));
#14827=DIRECTION('',(-0.8541218489448279,0.520072944071376,0));
#14828=FACE_BOUND('',#14829,.T.);
#14829=EDGE_LOOP('',(#14830,#14831,#14832));
#14830=ORIENTED_EDGE('',*,*,#14833,.T.);
#14831=ORIENTED_EDGE('',*,*,#14834,.T.);
#14832=ORIENTED_EDGE('',*,*,#14835,.T.);
#14833=EDGE_CURVE('',#489,#363,#14836,.F.);
#14834=EDGE_CURVE('',#363,#359,#14837,.T.);
#14835=EDGE_CURVE('',#359,#489,#14838,.T.);
#14836=LINE('',#488,#14839);
#14837=LINE('',#362,#14840);
#14838=LINE('',#358,#14841);
#14839=VECTOR('',#14842,1.0);
#14840=VECTOR('',#14843,1.0);
#14841=VECTOR('',#14844,1.0);
#14842=DIRECTION('',(-0.8541218489448279,0.520072944071376,0));
#14843=DIRECTION('',(0.9996256850188291,-0.02735854255322983,0));
#14844=DIRECTION('',(0.8231417713852216,-0.5678359130953234,0));
#14845=FACE_SURFACE('',(#14850),#14846,.T.);
#14846=PLANE('',#14847);
#14847=AXIS2_PLACEMENT_3D('',#488,#14848,#14849);
#14848=DIRECTION('',(0,0,-1));
#14849=DIRECTION('',(-0.8231417713852216,0.5678359130953234,0));
#14850=FACE_BOUND('',#14851,.T.);
#14851=EDGE_LOOP('',(#14852,#14853,#14854));
#14852=ORIENTED_EDGE('',*,*,#14855,.T.);
#14853=ORIENTED_EDGE('',*,*,#14856,.T.);
#14854=ORIENTED_EDGE('',*,*,#14857,.T.);
#14855=EDGE_CURVE('',#489,#359,#14858,.F.);
#14856=EDGE_CURVE('',#359,#355,#14859,.T.);
#14857=EDGE_CURVE('',#355,#489,#14860,.T.);
#14858=LINE('',#488,#14861);
#14859=LINE('',#358,#14862);
#14860=LINE('',#354,#14863);
#14861=VECTOR('',#14864,1.0);
#14862=VECTOR('',#14865,1.0);
#14863=VECTOR('',#14866,1.0);
#14864=DIRECTION('',(-0.8231417713852216,0.5678359130953234,0));
#14865=DIRECTION('',(0.9948097149274905,-0.10175279399547221,0));
#14866=DIRECTION('',(0.7868538086120686,-0.6171394363291671,0));
#14867=FACE_SURFACE('',(#14872),#14868,.T.);
#14868=PLANE('',#14869);
#14869=AXIS2_PLACEMENT_3D('',#354,#14870,#14871);
#14870=DIRECTION('',(0,0,-1));
#14871=DIRECTION('',(0.9844652043644531,-0.17557978640964275,0));
#14872=FACE_BOUND('',#14873,.T.);
#14873=EDGE_LOOP('',(#14874,#14875,#14876));
#14874=ORIENTED_EDGE('',*,*,#14877,.T.);
#14875=ORIENTED_EDGE('',*,*,#14878,.T.);
#14876=ORIENTED_EDGE('',*,*,#14879,.T.);
#14877=EDGE_CURVE('',#355,#351,#14880,.F.);
#14878=EDGE_CURVE('',#351,#489,#14881,.T.);
#14879=EDGE_CURVE('',#489,#355,#14882,.T.);
#14880=LINE('',#354,#14883);
#14881=LINE('',#350,#14884);
#14882=LINE('',#488,#14885);
#14883=VECTOR('',#14886,1.0);
#14884=VECTOR('',#14887,1.0);
#14885=VECTOR('',#14888,1.0);
#14886=DIRECTION('',(0.9844652043644531,-0.17557978640964275,0));
#14887=DIRECTION('',(0.7436722479927419,-0.6685443796528557,0));
#14888=DIRECTION('',(-0.7868538086120686,0.6171394363291671,0));
#14889=FACE_SURFACE('',(#14894),#14890,.T.);
#14890=PLANE('',#14891);
#14891=AXIS2_PLACEMENT_3D('',#488,#14892,#14893);
#14892=DIRECTION('',(0,0,-1));
#14893=DIRECTION('',(-0.7436722479927419,0.6685443796528557,0));
#14894=FACE_BOUND('',#14895,.T.);
#14895=EDGE_LOOP('',(#14896,#14897,#14898));
#14896=ORIENTED_EDGE('',*,*,#14899,.T.);
#14897=ORIENTED_EDGE('',*,*,#14900,.T.);
#14898=ORIENTED_EDGE('',*,*,#14901,.T.);
#14899=EDGE_CURVE('',#489,#351,#14902,.F.);
#14900=EDGE_CURVE('',#351,#347,#14903,.T.);
#14901=EDGE_CURVE('',#347,#489,#14904,.T.);
#14902=LINE('',#488,#14905);
#14903=LINE('',#350,#14906);
#14904=LINE('',#346,#14907);
#14905=VECTOR('',#14908,1.0);
#14906=VECTOR('',#14909,1.0);
#14907=VECTOR('',#14910,1.0);
#14908=DIRECTION('',(-0.7436722479927419,0.6685443796528557,0));
#14909=DIRECTION('',(0.96864907063425,-0.2484330452242688,0));
#14910=DIRECTION('',(0.6910442089105648,-0.7228124938953198,0));
#14911=FACE_SURFACE('',(#14916),#14912,.T.);
#14912=PLANE('',#14913);
#14913=AXIS2_PLACEMENT_3D('',#488,#14914,#14915);
#14914=DIRECTION('',(0,0,-1));
#14915=DIRECTION('',(-0.6910442089105648,0.7228124938953198,0));
#14916=FACE_BOUND('',#14917,.T.);
#14917=EDGE_LOOP('',(#14918,#14919,#14920));
#14918=ORIENTED_EDGE('',*,*,#14921,.T.);
#14919=ORIENTED_EDGE('',*,*,#14922,.T.);
#14920=ORIENTED_EDGE('',*,*,#14923,.T.);
#14921=EDGE_CURVE('',#489,#347,#14924,.F.);
#14922=EDGE_CURVE('',#347,#343,#14925,.T.);
#14923=EDGE_CURVE('',#343,#489,#14926,.T.);
#14924=LINE('',#488,#14927);
#14925=LINE('',#346,#14928);
#14926=LINE('',#342,#14929);
#14927=VECTOR('',#14930,1.0);
#14928=VECTOR('',#14931,1.0);
#14929=VECTOR('',#14932,1.0);
#14930=DIRECTION('',(-0.6910442089105648,0.7228124938953198,0));
#14931=DIRECTION('',(0.9474502024447462,-0.3199032883347862,0));
#14932=DIRECTION('',(0.6246421224249956,-0.7809111466052953,0));
#14933=FACE_SURFACE('',(#14938),#14934,.T.);
#14934=PLANE('',#14935);
#14935=AXIS2_PLACEMENT_3D('',#342,#14936,#14937);
#14936=DIRECTION('',(0,0,-1));
#14937=DIRECTION('',(0.9209853550274703,-0.38959719689048666,0));
#14938=FACE_BOUND('',#14939,.T.);
#14939=EDGE_LOOP('',(#14940,#14941,#14942));
#14940=ORIENTED_EDGE('',*,*,#14943,.T.);
#14941=ORIENTED_EDGE('',*,*,#14944,.T.);
#14942=ORIENTED_EDGE('',*,*,#14945,.T.);
#14943=EDGE_CURVE('',#343,#339,#14946,.F.);
#14944=EDGE_CURVE('',#339,#489,#14947,.T.);
#14945=EDGE_CURVE('',#489,#343,#14948,.T.);
#14946=LINE('',#342,#14949);
#14947=LINE('',#338,#14950);
#14948=LINE('',#488,#14951);
#14949=VECTOR('',#14952,1.0);
#14950=VECTOR('',#14953,1.0);
#14951=VECTOR('',#14954,1.0);
#14952=DIRECTION('',(0.9209853550274703,-0.38959719689048666,0));
#14953=DIRECTION('',(0.5366828789265586,-0.8437840289239307,0));
#14954=DIRECTION('',(-0.6246421224249956,0.7809111466052953,0));
#14955=FACE_SURFACE('',(#14960),#14956,.T.);
#14956=PLANE('',#14957);
#14957=AXIS2_PLACEMENT_3D('',#488,#14958,#14959);
#14958=DIRECTION('',(0,0,-1));
#14959=DIRECTION('',(-0.5366828789265586,0.8437840289239307,0));
#14960=FACE_BOUND('',#14961,.T.);
#14961=EDGE_LOOP('',(#14962,#14963,#14964));
#14962=ORIENTED_EDGE('',*,*,#14965,.T.);
#14963=ORIENTED_EDGE('',*,*,#14966,.T.);
#14964=ORIENTED_EDGE('',*,*,#14967,.T.);
#14965=EDGE_CURVE('',#489,#339,#14968,.F.);
#14966=EDGE_CURVE('',#339,#335,#14969,.T.);
#14967=EDGE_CURVE('',#335,#489,#14970,.T.);
#14968=LINE('',#488,#14971);
#14969=LINE('',#338,#14972);
#14970=LINE('',#334,#14973);
#14971=VECTOR('',#14974,1.0);
#14972=VECTOR('',#14975,1.0);
#14973=VECTOR('',#14976,1.0);
#14974=DIRECTION('',(-0.5366828789265586,0.8437840289239307,0));
#14975=DIRECTION('',(0.8894020093664118,-0.4571258751536485,0));
#14976=DIRECTION('',(0.41227009948378485,-0.9110616691923935,0));
#14977=FACE_SURFACE('',(#14982),#14978,.T.);
#14978=PLANE('',#14979);
#14979=AXIS2_PLACEMENT_3D('',#488,#14980,#14981);
#14980=DIRECTION('',(0,0,-1));
#14981=DIRECTION('',(-0.41227009948378485,0.9110616691923935,0));
#14982=FACE_BOUND('',#14983,.T.);
#14983=EDGE_LOOP('',(#14984,#14985,#14986));
#14984=ORIENTED_EDGE('',*,*,#14987,.T.);
#14985=ORIENTED_EDGE('',*,*,#14988,.T.);
#14986=ORIENTED_EDGE('',*,*,#14989,.T.);
#14987=EDGE_CURVE('',#489,#335,#14990,.F.);
#14988=EDGE_CURVE('',#335,#331,#14991,.T.);
#14989=EDGE_CURVE('',#331,#489,#14992,.T.);
#14990=LINE('',#488,#14993);
#14991=LINE('',#334,#14994);
#14992=LINE('',#330,#14995);
#14993=VECTOR('',#14996,1.0);
#14994=VECTOR('',#14997,1.0);
#14995=VECTOR('',#14998,1.0);
#14996=DIRECTION('',(-0.41227009948378485,0.9110616691923935,0));
#14997=DIRECTION('',(0.8528759637060075,-0.5221135801073834,0));
#14998=DIRECTION('',(0.2217946517776592,-0.9750933967794198,0));
#14999=FACE_SURFACE('',(#15004),#15000,.T.);
#15000=PLANE('',#15001);
#15001=AXIS2_PLACEMENT_3D('',#330,#15002,#15003);
#15002=DIRECTION('',(0,0,-1));
#15003=DIRECTION('',(0.8116098860831577,-0.5841997884389243,0));
#15004=FACE_BOUND('',#15005,.T.);
#15005=EDGE_LOOP('',(#15006,#15007,#15008));
#15006=ORIENTED_EDGE('',*,*,#15009,.T.);
#15007=ORIENTED_EDGE('',*,*,#15010,.T.);
#15008=ORIENTED_EDGE('',*,*,#15011,.T.);
#15009=EDGE_CURVE('',#331,#327,#15012,.F.);
#15010=EDGE_CURVE('',#327,#489,#15013,.T.);
#15011=EDGE_CURVE('',#489,#331,#15014,.T.);
#15012=LINE('',#330,#15015);
#15013=LINE('',#326,#15016);
#15014=LINE('',#488,#15017);
#15015=VECTOR('',#15018,1.0);
#15016=VECTOR('',#15019,1.0);
#15017=VECTOR('',#15020,1.0);
#15018=DIRECTION('',(0.8116098860831577,-0.5841997884389243,0));
#15019=DIRECTION('',(-0.08707406134567117,-0.9962018409141645,0));
#15020=DIRECTION('',(-0.2217946517776592,0.9750933967794198,0));
#15021=FACE_SURFACE('',(#15026),#15022,.T.);
#15022=PLANE('',#15023);
#15023=AXIS2_PLACEMENT_3D('',#488,#15024,#15025);
#15024=DIRECTION('',(0,0,-1));
#15025=DIRECTION('',(0.08707406134567117,0.9962018409141645,0));
#15026=FACE_BOUND('',#15027,.T.);
#15027=EDGE_LOOP('',(#15028,#15029,#15030));
#15028=ORIENTED_EDGE('',*,*,#15031,.T.);
#15029=ORIENTED_EDGE('',*,*,#15032,.T.);
#15030=ORIENTED_EDGE('',*,*,#15033,.T.);
#15031=EDGE_CURVE('',#489,#327,#15034,.F.);
#15032=EDGE_CURVE('',#327,#323,#15035,.T.);
#15033=EDGE_CURVE('',#323,#489,#15036,.T.);
#15034=LINE('',#488,#15037);
#15035=LINE('',#326,#15038);
#15036=LINE('',#322,#15039);
#15037=VECTOR('',#15040,1.0);
#15038=VECTOR('',#15041,1.0);
#15039=VECTOR('',#15042,1.0);
#15040=DIRECTION('',(0.08707406134567117,0.9962018409141645,0));
#15041=DIRECTION('',(0.7658335478948773,-0.6430388611264054,0));
#15042=DIRECTION('',(-0.5335690797745775,-0.8457564880676414,0));
#15043=FACE_SURFACE('',(#15048),#15044,.T.);
#15044=PLANE('',#15045);
#15045=AXIS2_PLACEMENT_3D('',#488,#15046,#15047);
#15046=DIRECTION('',(0,0,-1));
#15047=DIRECTION('',(0.5335690797745775,0.8457564880676414,0));
#15048=FACE_BOUND('',#15049,.T.);
#15049=EDGE_LOOP('',(#15050,#15051,#15052));
#15050=ORIENTED_EDGE('',*,*,#15053,.T.);
#15051=ORIENTED_EDGE('',*,*,#15054,.T.);
#15052=ORIENTED_EDGE('',*,*,#15055,.T.);
#15053=EDGE_CURVE('',#489,#323,#15056,.F.);
#15054=EDGE_CURVE('',#323,#319,#15057,.T.);
#15055=EDGE_CURVE('',#319,#489,#15058,.T.);
#15056=LINE('',#488,#15059);
#15057=LINE('',#322,#15060);
#15058=LINE('',#318,#15061);
#15059=VECTOR('',#15062,1.0);
#15060=VECTOR('',#15063,1.0);
#15061=VECTOR('',#15064,1.0);
#15062=DIRECTION('',(0.5335690797745775,0.8457564880676414,0));
#15063=DIRECTION('',(0.7158005919550425,-0.6983047418976979,0));
#15064=DIRECTION('',(-0.8988514622293188,-0.4382534071153532,0));
#15065=FACE_SURFACE('',(#15070),#15066,.T.);
#15066=PLANE('',#15067);
#15067=AXIS2_PLACEMENT_3D('',#318,#15068,#15069);
#15068=DIRECTION('',(0,-0,-1));
#15069=DIRECTION('',(0.6617898692713988,-0.7496893816306491,0));
#15070=FACE_BOUND('',#15071,.T.);
#15071=EDGE_LOOP('',(#15072,#15073,#15074));
#15072=ORIENTED_EDGE('',*,*,#15075,.T.);
#15073=ORIENTED_EDGE('',*,*,#15076,.T.);
#15074=ORIENTED_EDGE('',*,*,#15077,.T.);
#15075=EDGE_CURVE('',#319,#315,#15078,.F.);
#15076=EDGE_CURVE('',#315,#489,#15079,.T.);
#15077=EDGE_CURVE('',#489,#319,#15080,.T.);
#15078=LINE('',#318,#15081);
#15079=LINE('',#314,#15082);
#15080=LINE('',#488,#15083);
#15081=VECTOR('',#15084,1.0);
#15082=VECTOR('',#15085,1.0);
#15083=VECTOR('',#15086,1.0);
#15084=DIRECTION('',(0.6617898692713988,-0.7496893816306491,0));
#15085=DIRECTION('',(-0.9996167626358953,-0.02768262735601871,0));
#15086=DIRECTION('',(0.8988514622293188,0.4382534071153532,0));
#15087=FACE_SURFACE('',(#15092),#15088,.T.);
#15088=PLANE('',#15089);
#15089=AXIS2_PLACEMENT_3D('',#488,#15090,#15091);
#15090=DIRECTION('',(0,0,-1));
#15091=DIRECTION('',(0.9996167626358953,0.02768262735601871,0));
#15092=FACE_BOUND('',#15093,.T.);
#15093=EDGE_LOOP('',(#15094,#15095,#15096));
#15094=ORIENTED_EDGE('',*,*,#15097,.T.);
#15095=ORIENTED_EDGE('',*,*,#15098,.T.);
#15096=ORIENTED_EDGE('',*,*,#15099,.T.);
#15097=EDGE_CURVE('',#489,#315,#15100,.F.);
#15098=EDGE_CURVE('',#315,#311,#15101,.T.);
#15099=EDGE_CURVE('',#311,#489,#15102,.T.);
#15100=LINE('',#488,#15103);
#15101=LINE('',#314,#15104);
#15102=LINE('',#310,#15105);
#15103=VECTOR('',#15106,1.0);
#15104=VECTOR('',#15107,1.0);
#15105=VECTOR('',#15108,1.0);
#15106=DIRECTION('',(0.9996167626358953,0.02768262735601871,0));
#15107=DIRECTION('',(0.6041006785511973,-0.796908006092286,0));
#15108=DIRECTION('',(-0.9702708717002589,0.2420215600520324,0));
#15109=FACE_SURFACE('',(#15114),#15110,.T.);
#15110=PLANE('',#15111);
#15111=AXIS2_PLACEMENT_3D('',#488,#15112,#15113);
#15112=DIRECTION('',(0,0,-1));
#15113=DIRECTION('',(0.9702708717002589,-0.2420215600520324,0));
#15114=FACE_BOUND('',#15115,.T.);
#15115=EDGE_LOOP('',(#15116,#15117,#15118));
#15116=ORIENTED_EDGE('',*,*,#15119,.T.);
#15117=ORIENTED_EDGE('',*,*,#15120,.T.);
#15118=ORIENTED_EDGE('',*,*,#15121,.T.);
#15119=EDGE_CURVE('',#489,#311,#15122,.F.);
#15120=EDGE_CURVE('',#311,#307,#15123,.T.);
#15121=EDGE_CURVE('',#307,#489,#15124,.T.);
#15122=LINE('',#488,#15125);
#15123=LINE('',#310,#15126);
#15124=LINE('',#306,#15127);
#15125=VECTOR('',#15128,1.0);
#15126=VECTOR('',#15129,1.0);
#15127=VECTOR('',#15130,1.0);
#15128=DIRECTION('',(0.9702708717002589,-0.2420215600520324,0));
#15129=DIRECTION('',(0.543055127984816,-0.8396970453499257,0));
#15130=DIRECTION('',(-0.9112850060854287,0.4117761985397892,0));
#15131=FACE_SURFACE('',(#15136),#15132,.T.);
#15132=PLANE('',#15133);
#15133=AXIS2_PLACEMENT_3D('',#306,#15134,#15135);
#15134=DIRECTION('',(-0,-0,-1));
#15135=DIRECTION('',(0.47899030776679646,-0.8778201894838541,0));
#15136=FACE_BOUND('',#15137,.T.);
#15137=EDGE_LOOP('',(#15138,#15139,#15140));
#15138=ORIENTED_EDGE('',*,*,#15141,.T.);
#15139=ORIENTED_EDGE('',*,*,#15142,.T.);
#15140=ORIENTED_EDGE('',*,*,#15143,.T.);
#15141=EDGE_CURVE('',#307,#303,#15144,.F.);
#15142=EDGE_CURVE('',#303,#489,#15145,.T.);
#15143=EDGE_CURVE('',#489,#307,#15146,.T.);
#15144=LINE('',#306,#15147);
#15145=LINE('',#302,#15148);
#15146=LINE('',#488,#15149);
#15147=VECTOR('',#15150,1.0);
#15148=VECTOR('',#15151,1.0);
#15149=VECTOR('',#15152,1.0);
#15150=DIRECTION('',(0.47899030776679646,-0.8778201894838541,0));
#15151=DIRECTION('',(-0.8502969832384056,0.526303182866745,0));
#15152=DIRECTION('',(0.9112850060854287,-0.4117761985397892,0));
#15153=FACE_SURFACE('',(#15158),#15154,.T.);
#15154=PLANE('',#15155);
#15155=AXIS2_PLACEMENT_3D('',#488,#15156,#15157);
#15156=DIRECTION('',(0,0,-1));
#15157=DIRECTION('',(0.8502969832384056,-0.526303182866745,0));
#15158=FACE_BOUND('',#15159,.T.);
#15159=EDGE_LOOP('',(#15160,#15161,#15162));
#15160=ORIENTED_EDGE('',*,*,#15163,.T.);
#15161=ORIENTED_EDGE('',*,*,#15164,.T.);
#15162=ORIENTED_EDGE('',*,*,#15165,.T.);
#15163=EDGE_CURVE('',#489,#303,#15166,.F.);
#15164=EDGE_CURVE('',#303,#299,#15167,.T.);
#15165=EDGE_CURVE('',#299,#489,#15168,.T.);
#15166=LINE('',#488,#15169);
#15167=LINE('',#302,#15170);
#15168=LINE('',#298,#15171);
#15169=VECTOR('',#15172,1.0);
#15170=VECTOR('',#15173,1.0);
#15171=VECTOR('',#15174,1.0);
#15172=DIRECTION('',(0.8502969832384056,-0.526303182866745,0));
#15173=DIRECTION('',(0.4122648357517015,-0.9110640510977386,0));
#15174=DIRECTION('',(-0.7926955369161041,0.6096177374004873,0));
#15175=FACE_SURFACE('',(#15180),#15176,.T.);
#15176=PLANE('',#15177);
#15177=AXIS2_PLACEMENT_3D('',#488,#15178,#15179);
#15178=DIRECTION('',(0,0,-1));
#15179=DIRECTION('',(0.7926955369161041,-0.6096177374004873,0));
#15180=FACE_BOUND('',#15181,.T.);
#15181=EDGE_LOOP('',(#15182,#15183,#15184));
#15182=ORIENTED_EDGE('',*,*,#15185,.T.);
#15183=ORIENTED_EDGE('',*,*,#15186,.T.);
#15184=ORIENTED_EDGE('',*,*,#15187,.T.);
#15185=EDGE_CURVE('',#489,#299,#15188,.F.);
#15186=EDGE_CURVE('',#299,#295,#15189,.T.);
#15187=EDGE_CURVE('',#295,#489,#15190,.T.);
#15188=LINE('',#488,#15191);
#15189=LINE('',#298,#15192);
#15190=LINE('',#294,#15193);
#15191=VECTOR('',#15194,1.0);
#15192=VECTOR('',#15195,1.0);
#15193=VECTOR('',#15196,1.0);
#15194=DIRECTION('',(0.7926955369161041,-0.6096177374004873,0));
#15195=DIRECTION('',(0.3432470623513743,-0.9392451512715686,0));
#15196=DIRECTION('',(-0.7387560642945812,0.6739729055889269,0));
#15197=FACE_SURFACE('',(#15202),#15198,.T.);
#15198=PLANE('',#15199);
#15199=AXIS2_PLACEMENT_3D('',#294,#15200,#15201);
#15200=DIRECTION('',(-0,-0,-1));
#15201=DIRECTION('',(0.27232086958915175,-0.9622064975805391,0));
#15202=FACE_BOUND('',#15203,.T.);
#15203=EDGE_LOOP('',(#15204,#15205,#15206));
#15204=ORIENTED_EDGE('',*,*,#15207,.T.);
#15205=ORIENTED_EDGE('',*,*,#15208,.T.);
#15206=ORIENTED_EDGE('',*,*,#15209,.T.);
#15207=EDGE_CURVE('',#295,#291,#15210,.F.);
#15208=EDGE_CURVE('',#291,#489,#15211,.T.);
#15209=EDGE_CURVE('',#489,#295,#15212,.T.);
#15210=LINE('',#294,#15213);
#15211=LINE('',#290,#15214);
#15212=LINE('',#488,#15215);
#15213=VECTOR('',#15216,1.0);
#15214=VECTOR('',#15217,1.0);
#15215=VECTOR('',#15218,1.0);
#15216=DIRECTION('',(0.27232086958915175,-0.9622064975805391,0));
#15217=DIRECTION('',(-0.6877750367306246,0.7259238932906038,0));
#15218=DIRECTION('',(0.7387560642945812,-0.6739729055889269,0));
#15219=FACE_SURFACE('',(#15224),#15220,.T.);
#15220=PLANE('',#15221);
#15221=AXIS2_PLACEMENT_3D('',#488,#15222,#15223);
#15222=DIRECTION('',(0,0,-1));
#15223=DIRECTION('',(0.6877750367306246,-0.7259238932906038,0));
#15224=FACE_BOUND('',#15225,.T.);
#15225=EDGE_LOOP('',(#15226,#15227,#15228));
#15226=ORIENTED_EDGE('',*,*,#15229,.T.);
#15227=ORIENTED_EDGE('',*,*,#15230,.T.);
#15228=ORIENTED_EDGE('',*,*,#15231,.T.);
#15229=EDGE_CURVE('',#489,#291,#15232,.F.);
#15230=EDGE_CURVE('',#291,#287,#15233,.T.);
#15231=EDGE_CURVE('',#287,#489,#15234,.T.);
#15232=LINE('',#488,#15235);
#15233=LINE('',#290,#15236);
#15234=LINE('',#286,#15237);
#15235=VECTOR('',#15238,1.0);
#15236=VECTOR('',#15239,1.0);
#15237=VECTOR('',#15240,1.0);
#15238=DIRECTION('',(0.6877750367306246,-0.7259238932906038,0));
#15239=DIRECTION('',(0.19988416955153035,-0.9798195337727735,0));
#15240=DIRECTION('',(-0.639011362812872,0.769197294714455,0));
#15241=FACE_SURFACE('',(#15246),#15242,.T.);
#15242=PLANE('',#15243);
#15243=AXIS2_PLACEMENT_3D('',#488,#15244,#15245);
#15244=DIRECTION('',(0,0,-1));
#15245=DIRECTION('',(0.639011362812872,-0.769197294714455,0));
#15246=FACE_BOUND('',#15247,.T.);
#15247=EDGE_LOOP('',(#15248,#15249,#15250));
#15248=ORIENTED_EDGE('',*,*,#15251,.T.);
#15249=ORIENTED_EDGE('',*,*,#15252,.T.);
#15250=ORIENTED_EDGE('',*,*,#15253,.T.);
#15251=EDGE_CURVE('',#489,#287,#15254,.F.);
#15252=EDGE_CURVE('',#287,#283,#15255,.T.);
#15253=EDGE_CURVE('',#283,#489,#15256,.T.);
#15254=LINE('',#488,#15257);
#15255=LINE('',#286,#15258);
#15256=LINE('',#282,#15259);
#15257=VECTOR('',#15260,1.0);
#15258=VECTOR('',#15261,1.0);
#15259=VECTOR('',#15262,1.0);
#15260=DIRECTION('',(0.639011362812872,-0.769197294714455,0));
#15261=DIRECTION('',(0.12633353218293547,-0.9919878218235259,0));
#15262=DIRECTION('',(-0.5918688840933621,0.8060342573626001,0));
#15263=FACE_SURFACE('',(#15268),#15264,.T.);
#15264=PLANE('',#15265);
#15265=AXIS2_PLACEMENT_3D('',#282,#15266,#15267);
#15266=DIRECTION('',(-0,-0,-1));
#15267=DIRECTION('',(0.05208254741469896,-0.9986427831085526,0));
#15268=FACE_BOUND('',#15269,.T.);
#15269=EDGE_LOOP('',(#15270,#15271,#15272));
#15270=ORIENTED_EDGE('',*,*,#15273,.T.);
#15271=ORIENTED_EDGE('',*,*,#15274,.T.);
#15272=ORIENTED_EDGE('',*,*,#15275,.T.);
#15273=EDGE_CURVE('',#283,#279,#15276,.F.);
#15274=EDGE_CURVE('',#279,#489,#15277,.T.);
#15275=EDGE_CURVE('',#489,#283,#15278,.T.);
#15276=LINE('',#282,#15279);
#15277=LINE('',#278,#15280);
#15278=LINE('',#488,#15281);
#15279=VECTOR('',#15282,1.0);
#15280=VECTOR('',#15283,1.0);
#15281=VECTOR('',#15284,1.0);
#15282=DIRECTION('',(0.05208254741469896,-0.9986427831085526,0));
#15283=DIRECTION('',(-0.545902830657761,0.8378484943471844,0));
#15284=DIRECTION('',(0.5918688840933621,-0.8060342573626001,0));
#15285=FACE_SURFACE('',(#15290),#15286,.T.);
#15286=PLANE('',#15287);
#15287=AXIS2_PLACEMENT_3D('',#488,#15288,#15289);
#15288=DIRECTION('',(0,0,-1));
#15289=DIRECTION('',(0.545902830657761,-0.8378484943471844,0));
#15290=FACE_BOUND('',#15291,.T.);
#15291=EDGE_LOOP('',(#15292,#15293,#15294));
#15292=ORIENTED_EDGE('',*,*,#15295,.T.);
#15293=ORIENTED_EDGE('',*,*,#15296,.T.);
#15294=ORIENTED_EDGE('',*,*,#15297,.T.);
#15295=EDGE_CURVE('',#489,#279,#15298,.F.);
#15296=EDGE_CURVE('',#279,#555,#15299,.T.);
#15297=EDGE_CURVE('',#555,#489,#15300,.T.);
#15298=LINE('',#488,#15301);
#15299=LINE('',#278,#15302);
#15300=LINE('',#554,#15303);
#15301=VECTOR('',#15304,1.0);
#15302=VECTOR('',#15305,1.0);
#15303=VECTOR('',#15306,1.0);
#15304=DIRECTION('',(0.545902830657761,-0.8378484943471844,0));
#15305=DIRECTION('',(-0.5258735200626369,-0.8505627789275354,0));
#15306=DIRECTION('',(0,1,0));
#15307=FACE_SURFACE('',(#15312),#15308,.T.);
#15308=PLANE('',#15309);
#15309=AXIS2_PLACEMENT_3D('',#554,#15310,#15311);
#15310=DIRECTION('',(0,0,-1));
#15311=DIRECTION('',(0.5258735200626369,0.8505627789275354,0));
#15312=FACE_BOUND('',#15313,.T.);
#15313=EDGE_LOOP('',(#15314,#15315,#15316));
#15314=ORIENTED_EDGE('',*,*,#15317,.T.);
#15315=ORIENTED_EDGE('',*,*,#15318,.T.);
#15316=ORIENTED_EDGE('',*,*,#15319,.T.);
#15317=EDGE_CURVE('',#555,#279,#15320,.F.);
#15318=EDGE_CURVE('',#279,#275,#15321,.T.);
#15319=EDGE_CURVE('',#275,#555,#15322,.T.);
#15320=LINE('',#554,#15323);
#15321=LINE('',#278,#15324);
#15322=LINE('',#274,#15325);
#15323=VECTOR('',#15326,1.0);
#15324=VECTOR('',#15327,1.0);
#15325=VECTOR('',#15328,1.0);
#15326=DIRECTION('',(0.5258735200626369,0.8505627789275354,0));
#15327=DIRECTION('',(-0.022457894956964385,-0.9997477896720263,0));
#15328=DIRECTION('',(-0.5711801517158409,-0.8208247281154906,0));
#15329=FACE_SURFACE('',(#15334),#15330,.T.);
#15330=PLANE('',#15331);
#15331=AXIS2_PLACEMENT_3D('',#554,#15332,#15333);
#15332=DIRECTION('',(0,0,-1));
#15333=DIRECTION('',(0.5711801517158409,0.8208247281154906,0));
#15334=FACE_BOUND('',#15335,.T.);
#15335=EDGE_LOOP('',(#15336,#15337,#15338));
#15336=ORIENTED_EDGE('',*,*,#15339,.T.);
#15337=ORIENTED_EDGE('',*,*,#15340,.T.);
#15338=ORIENTED_EDGE('',*,*,#15341,.T.);
#15339=EDGE_CURVE('',#555,#275,#15342,.F.);
#15340=EDGE_CURVE('',#275,#271,#15343,.T.);
#15341=EDGE_CURVE('',#271,#555,#15344,.T.);
#15342=LINE('',#554,#15345);
#15343=LINE('',#274,#15346);
#15344=LINE('',#270,#15347);
#15345=VECTOR('',#15348,1.0);
#15346=VECTOR('',#15349,1.0);
#15347=VECTOR('',#15350,1.0);
#15348=DIRECTION('',(0.5711801517158409,0.8208247281154906,0));
#15349=DIRECTION('',(-0.09687552260048207,-0.9952965051284384,0));
#15350=DIRECTION('',(-0.6174868042533008,-0.7865812396523614,0));
#15351=FACE_SURFACE('',(#15356),#15352,.T.);
#15352=PLANE('',#15353);
#15353=AXIS2_PLACEMENT_3D('',#270,#15354,#15355);
#15354=DIRECTION('',(0,0,-1));
#15355=DIRECTION('',(-0.1707522234392235,-0.9853139997942593,0));
#15356=FACE_BOUND('',#15357,.T.);
#15357=EDGE_LOOP('',(#15358,#15359,#15360));
#15358=ORIENTED_EDGE('',*,*,#15361,.T.);
#15359=ORIENTED_EDGE('',*,*,#15362,.T.);
#15360=ORIENTED_EDGE('',*,*,#15363,.T.);
#15361=EDGE_CURVE('',#271,#267,#15364,.F.);
#15362=EDGE_CURVE('',#267,#555,#15365,.T.);
#15363=EDGE_CURVE('',#555,#271,#15366,.T.);
#15364=LINE('',#270,#15367);
#15365=LINE('',#266,#15368);
#15366=LINE('',#554,#15369);
#15367=VECTOR('',#15370,1.0);
#15368=VECTOR('',#15371,1.0);
#15369=VECTOR('',#15372,1.0);
#15370=DIRECTION('',(-0.1707522234392235,-0.9853139997942593,0));
#15371=DIRECTION('',(-0.6651815955341077,-0.7466816222210767,0));
#15372=DIRECTION('',(0.6174868042533008,0.7865812396523614,0));
#15373=FACE_SURFACE('',(#15378),#15374,.T.);
#15374=PLANE('',#15375);
#15375=AXIS2_PLACEMENT_3D('',#554,#15376,#15377);
#15376=DIRECTION('',(0,0,-1));
#15377=DIRECTION('',(0.6651815955341077,0.7466816222210767,0));
#15378=FACE_BOUND('',#15379,.T.);
#15379=EDGE_LOOP('',(#15380,#15381,#15382));
#15380=ORIENTED_EDGE('',*,*,#15383,.T.);
#15381=ORIENTED_EDGE('',*,*,#15384,.T.);
#15382=ORIENTED_EDGE('',*,*,#15385,.T.);
#15383=EDGE_CURVE('',#555,#267,#15386,.F.);
#15384=EDGE_CURVE('',#267,#263,#15387,.T.);
#15385=EDGE_CURVE('',#263,#555,#15388,.T.);
#15386=LINE('',#554,#15389);
#15387=LINE('',#266,#15390);
#15388=LINE('',#262,#15391);
#15389=VECTOR('',#15392,1.0);
#15390=VECTOR('',#15393,1.0);
#15391=VECTOR('',#15394,1.0);
#15392=DIRECTION('',(0.6651815955341077,0.7466816222210767,0));
#15393=DIRECTION('',(-0.24368012218910873,-0.9698556583584492,0));
#15394=DIRECTION('',(-0.7147957366438233,-0.699333293126971,0));
#15395=FACE_SURFACE('',(#15400),#15396,.T.);
#15396=PLANE('',#15397);
#15397=AXIS2_PLACEMENT_3D('',#554,#15398,#15399);
#15398=DIRECTION('',(0,0,-1));
#15399=DIRECTION('',(0.7147957366438233,0.699333293126971,0));
#15400=FACE_BOUND('',#15401,.T.);
#15401=EDGE_LOOP('',(#15402,#15403,#15404));
#15402=ORIENTED_EDGE('',*,*,#15405,.T.);
#15403=ORIENTED_EDGE('',*,*,#15406,.T.);
#15404=ORIENTED_EDGE('',*,*,#15407,.T.);
#15405=EDGE_CURVE('',#555,#263,#15408,.F.);
#15406=EDGE_CURVE('',#263,#259,#15409,.T.);
#15407=EDGE_CURVE('',#259,#555,#15410,.T.);
#15408=LINE('',#554,#15411);
#15409=LINE('',#262,#15412);
#15410=LINE('',#258,#15413);
#15411=VECTOR('',#15414,1.0);
#15412=VECTOR('',#15415,1.0);
#15413=VECTOR('',#15416,1.0);
#15414=DIRECTION('',(0.7147957366438233,0.699333293126971,0));
#15415=DIRECTION('',(-0.3152555479451457,-0.9490068174095515,0));
#15416=DIRECTION('',(-0.767027338239685,-0.6416144187851016,0));
#15417=FACE_SURFACE('',(#15422),#15418,.T.);
#15418=PLANE('',#15419);
#15419=AXIS2_PLACEMENT_3D('',#258,#15420,#15421);
#15420=DIRECTION('',(0,0,-1));
#15421=DIRECTION('',(-0.38507807454112897,-0.9228839994862283,0));
#15422=FACE_BOUND('',#15423,.T.);
#15423=EDGE_LOOP('',(#15424,#15425,#15426));
#15424=ORIENTED_EDGE('',*,*,#15427,.T.);
#15425=ORIENTED_EDGE('',*,*,#15428,.T.);
#15426=ORIENTED_EDGE('',*,*,#15429,.T.);
#15427=EDGE_CURVE('',#259,#255,#15430,.F.);
#15428=EDGE_CURVE('',#255,#555,#15431,.T.);
#15429=EDGE_CURVE('',#555,#259,#15432,.T.);
#15430=LINE('',#258,#15433);
#15431=LINE('',#254,#15434);
#15432=LINE('',#554,#15435);
#15433=VECTOR('',#15436,1.0);
#15434=VECTOR('',#15437,1.0);
#15435=VECTOR('',#15438,1.0);
#15436=DIRECTION('',(-0.38507807454112897,-0.9228839994862283,0));
#15437=DIRECTION('',(-0.8226834341246794,-0.5684997512900286,0));
#15438=DIRECTION('',(0.767027338239685,0.6416144187851016,0));
#15439=FACE_SURFACE('',(#15444),#15440,.T.);
#15440=PLANE('',#15441);
#15441=AXIS2_PLACEMENT_3D('',#554,#15442,#15443);
#15442=DIRECTION('',(0,0,-1));
#15443=DIRECTION('',(0.8226834341246794,0.5684997512900286,0));
#15444=FACE_BOUND('',#15445,.T.);
#15445=EDGE_LOOP('',(#15446,#15447,#15448));
#15446=ORIENTED_EDGE('',*,*,#15449,.T.);
#15447=ORIENTED_EDGE('',*,*,#15450,.T.);
#15448=ORIENTED_EDGE('',*,*,#15451,.T.);
#15449=EDGE_CURVE('',#555,#255,#15452,.F.);
#15450=EDGE_CURVE('',#255,#251,#15453,.T.);
#15451=EDGE_CURVE('',#251,#555,#15454,.T.);
#15452=LINE('',#554,#15455);
#15453=LINE('',#254,#15456);
#15454=LINE('',#250,#15457);
#15455=VECTOR('',#15458,1.0);
#15456=VECTOR('',#15459,1.0);
#15457=VECTOR('',#15460,1.0);
#15458=DIRECTION('',(0.8226834341246794,0.5684997512900286,0));
#15459=DIRECTION('',(-0.4527603050788003,-0.8916322706951288,0));
#15460=DIRECTION('',(-0.8822399486052701,-0.47080003513696805,0));
#15461=FACE_SURFACE('',(#15466),#15462,.T.);
#15462=PLANE('',#15463);
#15463=AXIS2_PLACEMENT_3D('',#554,#15464,#15465);
#15464=DIRECTION('',(0,0,-1));
#15465=DIRECTION('',(0.8822399486052701,0.47080003513696805,0));
#15466=FACE_BOUND('',#15467,.T.);
#15467=EDGE_LOOP('',(#15468,#15469,#15470));
#15468=ORIENTED_EDGE('',*,*,#15471,.T.);
#15469=ORIENTED_EDGE('',*,*,#15472,.T.);
#15470=ORIENTED_EDGE('',*,*,#15473,.T.);
#15471=EDGE_CURVE('',#555,#251,#15474,.F.);
#15472=EDGE_CURVE('',#251,#247,#15475,.T.);
#15473=EDGE_CURVE('',#247,#555,#15476,.T.);
#15474=LINE('',#554,#15477);
#15475=LINE('',#250,#15478);
#15476=LINE('',#246,#15479);
#15477=VECTOR('',#15480,1.0);
#15478=VECTOR('',#15481,1.0);
#15479=VECTOR('',#15482,1.0);
#15480=DIRECTION('',(0.8822399486052701,0.47080003513696805,0));
#15481=DIRECTION('',(-0.5179261620905368,-0.8554253273209574,0));
#15482=DIRECTION('',(-0.943751533117954,-0.3306554758922213,0));
#15483=FACE_SURFACE('',(#15488),#15484,.T.);
#15484=PLANE('',#15485);
#15485=AXIS2_PLACEMENT_3D('',#246,#15486,#15487);
#15486=DIRECTION('',(0,0,-1));
#15487=DIRECTION('',(-0.5802139132492917,-0.814464127431002,0));
#15488=FACE_BOUND('',#15489,.T.);
#15489=EDGE_LOOP('',(#15490,#15491,#15492));
#15490=ORIENTED_EDGE('',*,*,#15493,.T.);
#15491=ORIENTED_EDGE('',*,*,#15494,.T.);
#15492=ORIENTED_EDGE('',*,*,#15495,.T.);
#15493=EDGE_CURVE('',#247,#243,#15496,.F.);
#15494=EDGE_CURVE('',#243,#555,#15497,.T.);
#15495=EDGE_CURVE('',#555,#247,#15498,.T.);
#15496=LINE('',#246,#15499);
#15497=LINE('',#242,#15500);
#15498=LINE('',#554,#15501);
#15499=VECTOR('',#15502,1.0);
#15500=VECTOR('',#15503,1.0);
#15501=VECTOR('',#15504,1.0);
#15502=DIRECTION('',(-0.5802139132492917,-0.814464127431002,0));
#15503=DIRECTION('',(-0.9936325941194079,-0.11266884175998283,0));
#15504=DIRECTION('',(0.943751533117954,0.3306554758922213,0));
#15505=FACE_SURFACE('',(#15510),#15506,.T.);
#15506=PLANE('',#15507);
#15507=AXIS2_PLACEMENT_3D('',#554,#15508,#15509);
#15508=DIRECTION('',(0,0,-1));
#15509=DIRECTION('',(0.9936325941194079,0.11266884175998283,0));
#15510=FACE_BOUND('',#15511,.T.);
#15511=EDGE_LOOP('',(#15512,#15513,#15514));
#15512=ORIENTED_EDGE('',*,*,#15515,.T.);
#15513=ORIENTED_EDGE('',*,*,#15516,.T.);
#15514=ORIENTED_EDGE('',*,*,#15517,.T.);
#15515=EDGE_CURVE('',#555,#243,#15518,.F.);
#15516=EDGE_CURVE('',#243,#239,#15519,.T.);
#15517=EDGE_CURVE('',#239,#555,#15520,.T.);
#15518=LINE('',#554,#15521);
#15519=LINE('',#242,#15522);
#15520=LINE('',#238,#15523);
#15521=VECTOR('',#15524,1.0);
#15522=VECTOR('',#15525,1.0);
#15523=VECTOR('',#15526,1.0);
#15524=DIRECTION('',(0.9936325941194079,0.11266884175998283,0));
#15525=DIRECTION('',(-0.6392772696486846,-0.7689763146615917,0));
#15526=DIRECTION('',(-0.9711275727695563,0.23856076250446134,0));
#15527=FACE_SURFACE('',(#15532),#15528,.T.);
#15528=PLANE('',#15529);
#15529=AXIS2_PLACEMENT_3D('',#554,#15530,#15531);
#15530=DIRECTION('',(0,0,-1));
#15531=DIRECTION('',(0.9711275727695563,-0.23856076250446134,0));
#15532=FACE_BOUND('',#15533,.T.);
#15533=EDGE_LOOP('',(#15534,#15535,#15536));
#15534=ORIENTED_EDGE('',*,*,#15537,.T.);
#15535=ORIENTED_EDGE('',*,*,#15538,.T.);
#15536=ORIENTED_EDGE('',*,*,#15539,.T.);
#15537=EDGE_CURVE('',#555,#239,#15540,.F.);
#15538=EDGE_CURVE('',#239,#235,#15541,.T.);
#15539=EDGE_CURVE('',#235,#555,#15542,.T.);
#15540=LINE('',#554,#15543);
#15541=LINE('',#238,#15544);
#15542=LINE('',#234,#15545);
#15543=VECTOR('',#15546,1.0);
#15544=VECTOR('',#15547,1.0);
#15545=VECTOR('',#15548,1.0);
#15546=DIRECTION('',(0.9711275727695563,-0.23856076250446134,0));
#15547=DIRECTION('',(-0.6947873157538338,-0.7192152569763676,0));
#15548=DIRECTION('',(-0.7212444300655815,0.6926806422149926,0));
#15549=FACE_SURFACE('',(#15554),#15550,.T.);
#15550=PLANE('',#15551);
#15551=AXIS2_PLACEMENT_3D('',#230,#15552,#15553);
#15552=DIRECTION('',(0,0,-1));
#15553=DIRECTION('',(-0.4145690428235268,0.9100178617655725,0));
#15554=FACE_BOUND('',#15555,.T.);
#15555=EDGE_LOOP('',(#15556,#15557,#15558));
#15556=ORIENTED_EDGE('',*,*,#15559,.T.);
#15557=ORIENTED_EDGE('',*,*,#15560,.T.);
#15558=ORIENTED_EDGE('',*,*,#15561,.T.);
#15559=EDGE_CURVE('',#231,#563,#15562,.F.);
#15560=EDGE_CURVE('',#563,#235,#15563,.T.);
#15561=EDGE_CURVE('',#235,#231,#15564,.T.);
#15562=LINE('',#230,#15565);
#15563=LINE('',#562,#15566);
#15564=LINE('',#234,#15567);
#15565=VECTOR('',#15568,1.0);
#15566=VECTOR('',#15569,1.0);
#15567=VECTOR('',#15570,1.0);
#15568=DIRECTION('',(-0.4145690428235268,0.9100178617655725,0));
#15569=DIRECTION('',(0.8385112936094696,-0.5448842175080625,0));
#15570=DIRECTION('',(-0.7464361720273688,-0.6654570167104171,0));
#15571=FACE_SURFACE('',(#15576),#15572,.T.);
#15572=PLANE('',#15573);
#15573=AXIS2_PLACEMENT_3D('',#234,#15574,#15575);
#15574=DIRECTION('',(0,0,-1));
#15575=DIRECTION('',(-0.8385112936094696,0.5448842175080625,0));
#15576=FACE_BOUND('',#15577,.T.);
#15577=EDGE_LOOP('',(#15578,#15579,#15580));
#15578=ORIENTED_EDGE('',*,*,#15581,.T.);
#15579=ORIENTED_EDGE('',*,*,#15582,.T.);
#15580=ORIENTED_EDGE('',*,*,#15583,.T.);
#15581=EDGE_CURVE('',#235,#563,#15584,.F.);
#15582=EDGE_CURVE('',#563,#559,#15585,.T.);
#15583=EDGE_CURVE('',#559,#235,#15586,.T.);
#15584=LINE('',#234,#15587);
#15585=LINE('',#562,#15588);
#15586=LINE('',#558,#15589);
#15587=VECTOR('',#15590,1.0);
#15588=VECTOR('',#15591,1.0);
#15589=VECTOR('',#15592,1.0);
#15590=DIRECTION('',(-0.8385112936094696,0.5448842175080625,0));
#15591=DIRECTION('',(0.7398259819560273,0.6727982732014105,0));
#15592=DIRECTION('',(0.7843084302731094,-0.6203710874972586,0));
#15593=FACE_SURFACE('',(#15598),#15594,.T.);
#15594=PLANE('',#15595);
#15595=AXIS2_PLACEMENT_3D('',#234,#15596,#15597);
#15596=DIRECTION('',(0,0,-1));
#15597=DIRECTION('',(-0.7843084302731094,0.6203710874972586,0));
#15598=FACE_BOUND('',#15599,.T.);
#15599=EDGE_LOOP('',(#15600,#15601,#15602));
#15600=ORIENTED_EDGE('',*,*,#15603,.T.);
#15601=ORIENTED_EDGE('',*,*,#15604,.T.);
#15602=ORIENTED_EDGE('',*,*,#15605,.T.);
#15603=EDGE_CURVE('',#235,#559,#15606,.F.);
#15604=EDGE_CURVE('',#559,#555,#15607,.T.);
#15605=EDGE_CURVE('',#555,#235,#15608,.T.);
#15606=LINE('',#234,#15609);
#15607=LINE('',#558,#15610);
#15608=LINE('',#554,#15611);
#15609=VECTOR('',#15612,1.0);
#15610=VECTOR('',#15613,1.0);
#15611=VECTOR('',#15614,1.0);
#15612=DIRECTION('',(-0.7843084302731094,0.6203710874972586,0));
#15613=DIRECTION('',(0.7301201398685654,0.6833187992133002,0));
#15614=DIRECTION('',(0.7212444300655815,-0.6926806422149926,0));
#15615=FACE_SURFACE('',(#15620),#15616,.T.);
#15616=PLANE('',#15617);
#15617=AXIS2_PLACEMENT_3D('',#562,#15618,#15619);
#15618=DIRECTION('',(0,-0,-1));
#15619=DIRECTION('',(0.4145690428235268,-0.9100178617655725,0));
#15620=FACE_BOUND('',#15621,.T.);
#15621=EDGE_LOOP('',(#15622,#15623,#15624));
#15622=ORIENTED_EDGE('',*,*,#15625,.T.);
#15623=ORIENTED_EDGE('',*,*,#15626,.T.);
#15624=ORIENTED_EDGE('',*,*,#15627,.T.);
#15625=EDGE_CURVE('',#563,#231,#15628,.F.);
#15626=EDGE_CURVE('',#231,#539,#15629,.T.);
#15627=EDGE_CURVE('',#539,#563,#15630,.T.);
#15628=LINE('',#562,#15631);
#15629=LINE('',#230,#15632);
#15630=LINE('',#538,#15633);
#15631=VECTOR('',#15634,1.0);
#15632=VECTOR('',#15635,1.0);
#15633=VECTOR('',#15636,1.0);
#15634=DIRECTION('',(0.4145690428235268,-0.9100178617655725,0));
#15635=DIRECTION('',(-0.49584046620794037,0.8684136295974934,0));
#15636=DIRECTION('',(0.749380412812017,0.6621397110079498,0));
#15637=FACE_SURFACE('',(#15642),#15638,.T.);
#15638=PLANE('',#15639);
#15639=AXIS2_PLACEMENT_3D('',#538,#15640,#15641);
#15640=DIRECTION('',(0,0,-1));
#15641=DIRECTION('',(0.49584046620794037,-0.8684136295974934,0));
#15642=FACE_BOUND('',#15643,.T.);
#15643=EDGE_LOOP('',(#15644,#15645,#15646));
#15644=ORIENTED_EDGE('',*,*,#15647,.T.);
#15645=ORIENTED_EDGE('',*,*,#15648,.T.);
#15646=ORIENTED_EDGE('',*,*,#15649,.T.);
#15647=EDGE_CURVE('',#539,#231,#15650,.F.);
#15648=EDGE_CURVE('',#231,#227,#15651,.T.);
#15649=EDGE_CURVE('',#227,#539,#15652,.T.);
#15650=LINE('',#538,#15653);
#15651=LINE('',#230,#15654);
#15652=LINE('',#226,#15655);
#15653=VECTOR('',#15656,1.0);
#15654=VECTOR('',#15657,1.0);
#15655=VECTOR('',#15658,1.0);
#15656=DIRECTION('',(0.49584046620794037,-0.8684136295974934,0));
#15657=DIRECTION('',(-0.7939368111071037,-0.6080002795797739,0));
#15658=DIRECTION('',(-0.035617216724560356,0.9993655056448545,0));
#15659=FACE_SURFACE('',(#15664),#15660,.T.);
#15660=PLANE('',#15661);
#15661=AXIS2_PLACEMENT_3D('',#538,#15662,#15663);
#15662=DIRECTION('',(0,-0,-1));
#15663=DIRECTION('',(0.035617216724560356,-0.9993655056448545,0));
#15664=FACE_BOUND('',#15665,.T.);
#15665=EDGE_LOOP('',(#15666,#15667,#15668));
#15666=ORIENTED_EDGE('',*,*,#15669,.T.);
#15667=ORIENTED_EDGE('',*,*,#15670,.T.);
#15668=ORIENTED_EDGE('',*,*,#15671,.T.);
#15669=EDGE_CURVE('',#539,#227,#15672,.F.);
#15670=EDGE_CURVE('',#227,#223,#15673,.T.);
#15671=EDGE_CURVE('',#223,#539,#15674,.T.);
#15672=LINE('',#538,#15675);
#15673=LINE('',#226,#15676);
#15674=LINE('',#222,#15677);
#15675=VECTOR('',#15678,1.0);
#15676=VECTOR('',#15679,1.0);
#15677=VECTOR('',#15680,1.0);
#15678=DIRECTION('',(0.035617216724560356,-0.9993655056448545,0));
#15679=DIRECTION('',(-0.8370251000665069,-0.5471644925053655,0));
#15680=DIRECTION('',(0.27329642832504736,0.9619298634852607,0));
#15681=FACE_SURFACE('',(#15686),#15682,.T.);
#15682=PLANE('',#15683);
#15683=AXIS2_PLACEMENT_3D('',#222,#15684,#15685);
#15684=DIRECTION('',(-0,0,-1));
#15685=DIRECTION('',(-0.8754615190728617,-0.48328783206556863,0));
#15686=FACE_BOUND('',#15687,.T.);
#15687=EDGE_LOOP('',(#15688,#15689,#15690));
#15688=ORIENTED_EDGE('',*,*,#15691,.T.);
#15689=ORIENTED_EDGE('',*,*,#15692,.T.);
#15690=ORIENTED_EDGE('',*,*,#15693,.T.);
#15691=EDGE_CURVE('',#223,#219,#15694,.F.);
#15692=EDGE_CURVE('',#219,#539,#15695,.T.);
#15693=EDGE_CURVE('',#539,#223,#15696,.T.);
#15694=LINE('',#222,#15697);
#15695=LINE('',#218,#15698);
#15696=LINE('',#538,#15699);
#15697=VECTOR('',#15700,1.0);
#15698=VECTOR('',#15701,1.0);
#15699=VECTOR('',#15702,1.0);
#15700=DIRECTION('',(-0.8754615190728617,-0.48328783206556863,0));
#15701=DIRECTION('',(0.45964438335480967,0.8881030575616643,0));
#15702=DIRECTION('',(-0.27329642832504736,-0.9619298634852607,0));
#15703=FACE_SURFACE('',(#15708),#15704,.T.);
#15704=PLANE('',#15705);
#15705=AXIS2_PLACEMENT_3D('',#538,#15706,#15707);
#15706=DIRECTION('',(0,0,-1));
#15707=DIRECTION('',(-0.45964438335480967,-0.8881030575616643,0));
#15708=FACE_BOUND('',#15709,.T.);
#15709=EDGE_LOOP('',(#15710,#15711,#15712));
#15710=ORIENTED_EDGE('',*,*,#15713,.T.);
#15711=ORIENTED_EDGE('',*,*,#15714,.T.);
#15712=ORIENTED_EDGE('',*,*,#15715,.T.);
#15713=EDGE_CURVE('',#539,#219,#15716,.F.);
#15714=EDGE_CURVE('',#219,#215,#15717,.T.);
#15715=EDGE_CURVE('',#215,#539,#15718,.T.);
#15716=LINE('',#538,#15719);
#15717=LINE('',#218,#15720);
#15718=LINE('',#214,#15721);
#15719=VECTOR('',#15722,1.0);
#15720=VECTOR('',#15723,1.0);
#15721=VECTOR('',#15724,1.0);
#15722=DIRECTION('',(-0.45964438335480967,-0.8881030575616643,0));
#15723=DIRECTION('',(-0.9090323790951685,-0.41672548968904904,0));
#15724=DIRECTION('',(0.5796261879192802,0.8148824959944614,0));
#15725=FACE_SURFACE('',(#15730),#15726,.T.);
#15726=PLANE('',#15727);
#15727=AXIS2_PLACEMENT_3D('',#538,#15728,#15729);
#15728=DIRECTION('',(0,0,-1));
#15729=DIRECTION('',(-0.5796261879192802,-0.8148824959944614,0));
#15730=FACE_BOUND('',#15731,.T.);
#15731=EDGE_LOOP('',(#15732,#15733,#15734));
#15732=ORIENTED_EDGE('',*,*,#15735,.T.);
#15733=ORIENTED_EDGE('',*,*,#15736,.T.);
#15734=ORIENTED_EDGE('',*,*,#15737,.T.);
#15735=EDGE_CURVE('',#539,#215,#15738,.F.);
#15736=EDGE_CURVE('',#215,#211,#15739,.T.);
#15737=EDGE_CURVE('',#211,#539,#15740,.T.);
#15738=LINE('',#538,#15741);
#15739=LINE('',#214,#15742);
#15740=LINE('',#210,#15743);
#15741=VECTOR('',#15744,1.0);
#15742=VECTOR('',#15745,1.0);
#15743=VECTOR('',#15746,1.0);
#15744=DIRECTION('',(-0.5796261879192802,-0.8148824959944614,0));
#15745=DIRECTION('',(-0.9375509557847084,-0.3478479629194053,0));
#15746=DIRECTION('',(0.6635984728032648,0.748088943169978,0));
#15747=FACE_SURFACE('',(#15752),#15748,.T.);
#15748=PLANE('',#15749);
#15749=AXIS2_PLACEMENT_3D('',#210,#15750,#15751);
#15750=DIRECTION('',(-0,0,-1));
#15751=DIRECTION('',(-0.9608600045478025,-0.2770343871442624,0));
#15752=FACE_BOUND('',#15753,.T.);
#15753=EDGE_LOOP('',(#15754,#15755,#15756));
#15754=ORIENTED_EDGE('',*,*,#15757,.T.);
#15755=ORIENTED_EDGE('',*,*,#15758,.T.);
#15756=ORIENTED_EDGE('',*,*,#15759,.T.);
#15757=EDGE_CURVE('',#211,#207,#15760,.F.);
#15758=EDGE_CURVE('',#207,#539,#15761,.T.);
#15759=EDGE_CURVE('',#539,#211,#15762,.T.);
#15760=LINE('',#210,#15763);
#15761=LINE('',#206,#15764);
#15762=LINE('',#538,#15765);
#15763=VECTOR('',#15766,1.0);
#15764=VECTOR('',#15767,1.0);
#15765=VECTOR('',#15768,1.0);
#15766=DIRECTION('',(-0.9608600045478025,-0.2770343871442624,0));
#15767=DIRECTION('',(0.7264795939635724,0.6871880379885282,0));
#15768=DIRECTION('',(-0.6635984728032648,-0.748088943169978,0));
#15769=FACE_SURFACE('',(#15774),#15770,.T.);
#15770=PLANE('',#15771);
#15771=AXIS2_PLACEMENT_3D('',#538,#15772,#15773);
#15772=DIRECTION('',(0,0,-1));
#15773=DIRECTION('',(-0.7264795939635724,-0.6871880379885282,0));
#15774=FACE_BOUND('',#15775,.T.);
#15775=EDGE_LOOP('',(#15776,#15777,#15778));
#15776=ORIENTED_EDGE('',*,*,#15779,.T.);
#15777=ORIENTED_EDGE('',*,*,#15780,.T.);
#15778=ORIENTED_EDGE('',*,*,#15781,.T.);
#15779=EDGE_CURVE('',#539,#207,#15782,.F.);
#15780=EDGE_CURVE('',#207,#203,#15783,.T.);
#15781=EDGE_CURVE('',#203,#539,#15784,.T.);
#15782=LINE('',#538,#15785);
#15783=LINE('',#206,#15786);
#15784=LINE('',#202,#15787);
#15785=VECTOR('',#15788,1.0);
#15786=VECTOR('',#15789,1.0);
#15787=VECTOR('',#15790,1.0);
#15788=DIRECTION('',(-0.7264795939635724,-0.6871880379885282,0));
#15789=DIRECTION('',(-0.9788278172840356,-0.20468537835168063,0));
#15790=DIRECTION('',(0.7759543510467294,0.6307890654502889,0));
#15791=FACE_SURFACE('',(#15796),#15792,.T.);
#15792=PLANE('',#15793);
#15793=AXIS2_PLACEMENT_3D('',#538,#15794,#15795);
#15794=DIRECTION('',(0,0,-1));
#15795=DIRECTION('',(-0.7759543510467294,-0.6307890654502889,0));
#15796=FACE_BOUND('',#15797,.T.);
#15797=EDGE_LOOP('',(#15798,#15799,#15800));
#15798=ORIENTED_EDGE('',*,*,#15801,.T.);
#15799=ORIENTED_EDGE('',*,*,#15802,.T.);
#15800=ORIENTED_EDGE('',*,*,#15803,.T.);
#15801=EDGE_CURVE('',#539,#203,#15804,.F.);
#15802=EDGE_CURVE('',#203,#199,#15805,.T.);
#15803=EDGE_CURVE('',#199,#539,#15806,.T.);
#15804=LINE('',#538,#15807);
#15805=LINE('',#202,#15808);
#15806=LINE('',#198,#15809);
#15807=VECTOR('',#15810,1.0);
#15808=VECTOR('',#15811,1.0);
#15809=VECTOR('',#15812,1.0);
#15810=DIRECTION('',(-0.7759543510467294,-0.6307890654502889,0));
#15811=DIRECTION('',(-0.9913566216186926,-0.13119469795983416,0));
#15812=DIRECTION('',(0.8162562899899122,0.5776899419687904,0));
#15813=FACE_SURFACE('',(#15818),#15814,.T.);
#15814=PLANE('',#15815);
#15815=AXIS2_PLACEMENT_3D('',#198,#15816,#15817);
#15816=DIRECTION('',(-0,0,-1));
#15817=DIRECTION('',(-0.9983754712751001,-0.05697734950154865,0));
#15818=FACE_BOUND('',#15819,.T.);
#15819=EDGE_LOOP('',(#15820,#15821,#15822));
#15820=ORIENTED_EDGE('',*,*,#15823,.T.);
#15821=ORIENTED_EDGE('',*,*,#15824,.T.);
#15822=ORIENTED_EDGE('',*,*,#15825,.T.);
#15823=EDGE_CURVE('',#199,#195,#15826,.F.);
#15824=EDGE_CURVE('',#195,#539,#15827,.T.);
#15825=EDGE_CURVE('',#539,#199,#15828,.T.);
#15826=LINE('',#198,#15829);
#15827=LINE('',#194,#15830);
#15828=LINE('',#538,#15831);
#15829=VECTOR('',#15832,1.0);
#15830=VECTOR('',#15833,1.0);
#15831=VECTOR('',#15834,1.0);
#15832=DIRECTION('',(-0.9983754712751001,-0.05697734950154865,0));
#15833=DIRECTION('',(0.8498665172096973,0.5269980103623344,0));
#15834=DIRECTION('',(-0.8162562899899122,-0.5776899419687904,0));
#15835=FACE_SURFACE('',(#15840),#15836,.T.);
#15836=PLANE('',#15837);
#15837=AXIS2_PLACEMENT_3D('',#538,#15838,#15839);
#15838=DIRECTION('',(-0,0,-1));
#15839=DIRECTION('',(-0.8498665172096973,-0.5269980103623344,0));
#15840=FACE_BOUND('',#15841,.T.);
#15841=EDGE_LOOP('',(#15842,#15843,#15844));
#15842=ORIENTED_EDGE('',*,*,#15845,.T.);
#15843=ORIENTED_EDGE('',*,*,#15846,.T.);
#15844=ORIENTED_EDGE('',*,*,#15847,.T.);
#15845=EDGE_CURVE('',#539,#195,#15848,.F.);
#15846=EDGE_CURVE('',#195,#537,#15849,.T.);
#15847=EDGE_CURVE('',#537,#539,#15850,.T.);
#15848=LINE('',#538,#15851);
#15849=LINE('',#194,#15852);
#15850=LINE('',#536,#15853);
#15851=VECTOR('',#15854,1.0);
#15852=VECTOR('',#15855,1.0);
#15853=VECTOR('',#15856,1.0);
#15854=DIRECTION('',(-0.8498665172096973,-0.5269980103623344,0));
#15855=DIRECTION('',(-0.8654896903216526,0.5009267371052676,0));
#15856=DIRECTION('',(1,0,0));
#15857=FACE_SURFACE('',(#15862),#15858,.T.);
#15858=PLANE('',#15859);
#15859=AXIS2_PLACEMENT_3D('',#536,#15860,#15861);
#15860=DIRECTION('',(0,0,-1));
#15861=DIRECTION('',(0.8654896903216526,-0.5009267371052676,0));
#15862=FACE_BOUND('',#15863,.T.);
#15863=EDGE_LOOP('',(#15864,#15865,#15866));
#15864=ORIENTED_EDGE('',*,*,#15867,.T.);
#15865=ORIENTED_EDGE('',*,*,#15868,.T.);
#15866=ORIENTED_EDGE('',*,*,#15869,.T.);
#15867=EDGE_CURVE('',#537,#195,#15870,.F.);
#15868=EDGE_CURVE('',#195,#191,#15871,.T.);
#15869=EDGE_CURVE('',#191,#537,#15872,.T.);
#15870=LINE('',#536,#15873);
#15871=LINE('',#194,#15874);
#15872=LINE('',#190,#15875);
#15873=VECTOR('',#15876,1.0);
#15874=VECTOR('',#15877,1.0);
#15875=VECTOR('',#15878,1.0);
#15876=DIRECTION('',(0.8654896903216526,-0.5009267371052676,0));
#15877=DIRECTION('',(-0.9998458596851052,0.01755724552863731,0));
#15878=DIRECTION('',(-0.8347583219531133,0.5506165125838695,0));
#15879=FACE_SURFACE('',(#15884),#15880,.T.);
#15880=PLANE('',#15881);
#15881=AXIS2_PLACEMENT_3D('',#536,#15882,#15883);
#15882=DIRECTION('',(0,0,-1));
#15883=DIRECTION('',(0.8347583219531133,-0.5506165125838695,0));
#15884=FACE_BOUND('',#15885,.T.);
#15885=EDGE_LOOP('',(#15886,#15887,#15888));
#15886=ORIENTED_EDGE('',*,*,#15889,.T.);
#15887=ORIENTED_EDGE('',*,*,#15890,.T.);
#15888=ORIENTED_EDGE('',*,*,#15891,.T.);
#15889=EDGE_CURVE('',#537,#191,#15892,.F.);
#15890=EDGE_CURVE('',#191,#187,#15893,.T.);
#15891=EDGE_CURVE('',#187,#537,#15894,.T.);
#15892=LINE('',#536,#15895);
#15893=LINE('',#190,#15896);
#15894=LINE('',#186,#15897);
#15895=VECTOR('',#15898,1.0);
#15896=VECTOR('',#15899,1.0);
#15897=VECTOR('',#15900,1.0);
#15898=DIRECTION('',(0.8347583219531133,-0.5506165125838695,0));
#15899=DIRECTION('',(-0.9957595717895591,0.09199388669620362,0));
#15900=DIRECTION('',(-0.798233052778695,0.6023487307628407,0));
#15901=FACE_SURFACE('',(#15906),#15902,.T.);
#15902=PLANE('',#15903);
#15903=AXIS2_PLACEMENT_3D('',#186,#15904,#15905);
#15904=DIRECTION('',(0,0,-1));
#15905=DIRECTION('',(-0.9861391661789409,0.16592029691361773,0));
#15906=FACE_BOUND('',#15907,.T.);
#15907=EDGE_LOOP('',(#15908,#15909,#15910));
#15908=ORIENTED_EDGE('',*,*,#15911,.T.);
#15909=ORIENTED_EDGE('',*,*,#15912,.T.);
#15910=ORIENTED_EDGE('',*,*,#15913,.T.);
#15911=EDGE_CURVE('',#187,#183,#15914,.F.);
#15912=EDGE_CURVE('',#183,#537,#15915,.T.);
#15913=EDGE_CURVE('',#537,#187,#15916,.T.);
#15914=LINE('',#186,#15917);
#15915=LINE('',#182,#15918);
#15916=LINE('',#536,#15919);
#15917=VECTOR('',#15920,1.0);
#15918=VECTOR('',#15921,1.0);
#15919=VECTOR('',#15922,1.0);
#15920=DIRECTION('',(-0.9861391661789409,0.16592029691361773,0));
#15921=DIRECTION('',(-0.754001764794965,0.6568723914780392,0));
#15922=DIRECTION('',(0.798233052778695,-0.6023487307628407,0));
#15923=FACE_SURFACE('',(#15928),#15924,.T.);
#15924=PLANE('',#15925);
#15925=AXIS2_PLACEMENT_3D('',#536,#15926,#15927);
#15926=DIRECTION('',(0,0,-1));
#15927=DIRECTION('',(0.754001764794965,-0.6568723914780392,0));
#15928=FACE_BOUND('',#15929,.T.);
#15929=EDGE_LOOP('',(#15930,#15931,#15932));
#15930=ORIENTED_EDGE('',*,*,#15933,.T.);
#15931=ORIENTED_EDGE('',*,*,#15934,.T.);
#15932=ORIENTED_EDGE('',*,*,#15935,.T.);
#15933=EDGE_CURVE('',#537,#183,#15936,.F.);
#15934=EDGE_CURVE('',#183,#179,#15937,.T.);
#15935=EDGE_CURVE('',#179,#537,#15938,.T.);
#15936=LINE('',#536,#15939);
#15937=LINE('',#182,#15940);
#15938=LINE('',#178,#15941);
#15939=VECTOR('',#15942,1.0);
#15940=VECTOR('',#15943,1.0);
#15941=VECTOR('',#15944,1.0);
#15942=DIRECTION('',(0.754001764794965,-0.6568723914780392,0));
#15943=DIRECTION('',(-0.9710382403068462,0.23892412155699944,0));
#15944=DIRECTION('',(-0.6988962393994679,0.7152230746789995,0));
#15945=FACE_SURFACE('',(#15950),#15946,.T.);
#15946=PLANE('',#15947);
#15947=AXIS2_PLACEMENT_3D('',#536,#15948,#15949);
#15948=DIRECTION('',(0,0,-1));
#15949=DIRECTION('',(0.6988962393994679,-0.7152230746789995,0));
#15950=FACE_BOUND('',#15951,.T.);
#15951=EDGE_LOOP('',(#15952,#15953,#15954));
#15952=ORIENTED_EDGE('',*,*,#15955,.T.);
#15953=ORIENTED_EDGE('',*,*,#15956,.T.);
#15954=ORIENTED_EDGE('',*,*,#15957,.T.);
#15955=EDGE_CURVE('',#537,#179,#15958,.F.);
#15956=EDGE_CURVE('',#179,#175,#15959,.T.);
#15957=EDGE_CURVE('',#175,#537,#15960,.T.);
#15958=LINE('',#536,#15961);
#15959=LINE('',#178,#15962);
#15960=LINE('',#174,#15963);
#15961=VECTOR('',#15964,1.0);
#15962=VECTOR('',#15965,1.0);
#15963=VECTOR('',#15966,1.0);
#15964=DIRECTION('',(0.6988962393994679,-0.7152230746789995,0));
#15965=DIRECTION('',(-0.9505409998293294,0.3105991108220673,0));
#15966=DIRECTION('',(-0.6273566121304855,0.778732098488408,0));
#15967=FACE_SURFACE('',(#15972),#15968,.T.);
#15968=PLANE('',#15969);
#15969=AXIS2_PLACEMENT_3D('',#174,#15970,#15971);
#15970=DIRECTION('',(0,0,-1));
#15971=DIRECTION('',(-0.9247607968740014,0.38054890430135513,0));
#15972=FACE_BOUND('',#15973,.T.);
#15973=EDGE_LOOP('',(#15974,#15975,#15976));
#15974=ORIENTED_EDGE('',*,*,#15977,.T.);
#15975=ORIENTED_EDGE('',*,*,#15978,.T.);
#15976=ORIENTED_EDGE('',*,*,#15979,.T.);
#15977=EDGE_CURVE('',#175,#171,#15980,.F.);
#15978=EDGE_CURVE('',#171,#537,#15981,.T.);
#15979=EDGE_CURVE('',#537,#175,#15982,.T.);
#15980=LINE('',#174,#15983);
#15981=LINE('',#170,#15984);
#15982=LINE('',#536,#15985);
#15983=VECTOR('',#15986,1.0);
#15984=VECTOR('',#15987,1.0);
#15985=VECTOR('',#15988,1.0);
#15986=DIRECTION('',(-0.9247607968740014,0.38054890430135513,0));
#15987=DIRECTION('',(-0.5289653572502097,0.8486434179495874,0));
#15988=DIRECTION('',(0.6273566121304855,-0.778732098488408,0));
#15989=FACE_SURFACE('',(#15994),#15990,.T.);
#15990=PLANE('',#15991);
#15991=AXIS2_PLACEMENT_3D('',#536,#15992,#15993);
#15992=DIRECTION('',(0,0,-1));
#15993=DIRECTION('',(0.5289653572502097,-0.8486434179495874,0));
#15994=FACE_BOUND('',#15995,.T.);
#15995=EDGE_LOOP('',(#15996,#15997,#15998));
#15996=ORIENTED_EDGE('',*,*,#15999,.T.);
#15997=ORIENTED_EDGE('',*,*,#16000,.T.);
#15998=ORIENTED_EDGE('',*,*,#16001,.T.);
#15999=EDGE_CURVE('',#537,#171,#16002,.F.);
#16000=EDGE_CURVE('',#171,#167,#16003,.T.);
#16001=EDGE_CURVE('',#167,#537,#16004,.T.);
#16002=LINE('',#536,#16005);
#16003=LINE('',#170,#16006);
#16004=LINE('',#166,#16007);
#16005=VECTOR('',#16008,1.0);
#16006=VECTOR('',#16009,1.0);
#16007=VECTOR('',#16010,1.0);
#16008=DIRECTION('',(0.5289653572502097,-0.8486434179495874,0));
#16009=DIRECTION('',(-0.8938411836781891,0.44838369546714546,0));
#16010=DIRECTION('',(-0.382925987709319,0.9237790254908597,0));
#16011=FACE_SURFACE('',(#16016),#16012,.T.);
#16012=PLANE('',#16013);
#16013=AXIS2_PLACEMENT_3D('',#536,#16014,#16015);
#16014=DIRECTION('',(0,0,-1));
#16015=DIRECTION('',(0.382925987709319,-0.9237790254908597,0));
#16016=FACE_BOUND('',#16017,.T.);
#16017=EDGE_LOOP('',(#16018,#16019,#16020));
#16018=ORIENTED_EDGE('',*,*,#16021,.T.);
#16019=ORIENTED_EDGE('',*,*,#16022,.T.);
#16020=ORIENTED_EDGE('',*,*,#16023,.T.);
#16021=EDGE_CURVE('',#537,#167,#16024,.F.);
#16022=EDGE_CURVE('',#167,#163,#16025,.T.);
#16023=EDGE_CURVE('',#163,#537,#16026,.T.);
#16024=LINE('',#536,#16027);
#16025=LINE('',#166,#16028);
#16026=LINE('',#162,#16029);
#16027=VECTOR('',#16030,1.0);
#16028=VECTOR('',#16031,1.0);
#16029=VECTOR('',#16032,1.0);
#16030=DIRECTION('',(0.382925987709319,-0.9237790254908597,0));
#16031=DIRECTION('',(-0.85795395164434,0.5137265973821693,0));
#16032=DIRECTION('',(-0.14733243250282396,0.9890870307171159,0));
#16033=FACE_SURFACE('',(#16038),#16034,.T.);
#16034=PLANE('',#16035);
#16035=AXIS2_PLACEMENT_3D('',#162,#16036,#16037);
#16036=DIRECTION('',(0,0,-1));
#16037=DIRECTION('',(-0.8172986151324956,0.5762143470120341,0));
#16038=FACE_BOUND('',#16039,.T.);
#16039=EDGE_LOOP('',(#16040,#16041,#16042));
#16040=ORIENTED_EDGE('',*,*,#16043,.T.);
#16041=ORIENTED_EDGE('',*,*,#16044,.T.);
#16042=ORIENTED_EDGE('',*,*,#16045,.T.);
#16043=EDGE_CURVE('',#163,#159,#16046,.F.);
#16044=EDGE_CURVE('',#159,#537,#16047,.T.);
#16045=EDGE_CURVE('',#537,#163,#16048,.T.);
#16046=LINE('',#162,#16049);
#16047=LINE('',#158,#16050);
#16048=LINE('',#536,#16051);
#16049=VECTOR('',#16052,1.0);
#16050=VECTOR('',#16053,1.0);
#16051=VECTOR('',#16054,1.0);
#16052=DIRECTION('',(-0.8172986151324956,0.5762143470120341,0));
#16053=DIRECTION('',(0.23876348611315978,0.9710777505941999,0));
#16054=DIRECTION('',(0.14733243250282396,-0.9890870307171159,0));
#16055=FACE_SURFACE('',(#16060),#16056,.T.);
#16056=PLANE('',#16057);
#16057=AXIS2_PLACEMENT_3D('',#536,#16058,#16059);
#16058=DIRECTION('',(0,0,-1));
#16059=DIRECTION('',(-0.23876348611315978,-0.9710777505941999,0));
#16060=FACE_BOUND('',#16061,.T.);
#16061=EDGE_LOOP('',(#16062,#16063,#16064));
#16062=ORIENTED_EDGE('',*,*,#16065,.T.);
#16063=ORIENTED_EDGE('',*,*,#16066,.T.);
#16064=ORIENTED_EDGE('',*,*,#16067,.T.);
#16065=EDGE_CURVE('',#537,#159,#16068,.F.);
#16066=EDGE_CURVE('',#159,#155,#16069,.T.);
#16067=EDGE_CURVE('',#155,#537,#16070,.T.);
#16068=LINE('',#536,#16071);
#16069=LINE('',#158,#16072);
#16070=LINE('',#154,#16073);
#16071=VECTOR('',#16074,1.0);
#16072=VECTOR('',#16075,1.0);
#16073=VECTOR('',#16076,1.0);
#16074=DIRECTION('',(-0.23876348611315978,-0.9710777505941999,0));
#16075=DIRECTION('',(-0.7721010426245384,0.635499787551578,0));
#16076=DIRECTION('',(0.7101396039779313,0.7040608942854779,0));
#16077=FACE_SURFACE('',(#16082),#16078,.T.);
#16078=PLANE('',#16079);
#16079=AXIS2_PLACEMENT_3D('',#536,#16080,#16081);
#16080=DIRECTION('',(-0,0,-1));
#16081=DIRECTION('',(-0.7101396039779313,-0.7040608942854779,0));
#16082=FACE_BOUND('',#16083,.T.);
#16083=EDGE_LOOP('',(#16084,#16085,#16086));
#16084=ORIENTED_EDGE('',*,*,#16087,.T.);
#16085=ORIENTED_EDGE('',*,*,#16088,.T.);
#16086=ORIENTED_EDGE('',*,*,#16089,.T.);
#16087=EDGE_CURVE('',#537,#155,#16090,.F.);
#16088=EDGE_CURVE('',#155,#543,#16091,.T.);
#16089=EDGE_CURVE('',#543,#537,#16092,.T.);
#16090=LINE('',#536,#16093);
#16091=LINE('',#154,#16094);
#16092=LINE('',#542,#16095);
#16093=VECTOR('',#16096,1.0);
#16094=VECTOR('',#16097,1.0);
#16095=VECTOR('',#16098,1.0);
#16096=DIRECTION('',(-0.7101396039779313,-0.7040608942854779,0));
#16097=DIRECTION('',(0.6387044177702941,0.7694521861173115,0));
#16098=DIRECTION('',(0.749380412812017,-0.6621397110079498,0));
#16099=FACE_SURFACE('',(#16104),#16100,.T.);
#16100=PLANE('',#16101);
#16101=AXIS2_PLACEMENT_3D('',#542,#16102,#16103);
#16102=DIRECTION('',(-0,0,-1));
#16103=DIRECTION('',(-0.6387044177702941,-0.7694521861173115,0));
#16104=FACE_BOUND('',#16105,.T.);
#16105=EDGE_LOOP('',(#16106,#16107,#16108));
#16106=ORIENTED_EDGE('',*,*,#16109,.T.);
#16107=ORIENTED_EDGE('',*,*,#16110,.T.);
#16108=ORIENTED_EDGE('',*,*,#16111,.T.);
#16109=EDGE_CURVE('',#543,#155,#16112,.F.);
#16110=EDGE_CURVE('',#155,#547,#16113,.T.);
#16111=EDGE_CURVE('',#547,#543,#16114,.T.);
#16112=LINE('',#542,#16115);
#16113=LINE('',#154,#16116);
#16114=LINE('',#546,#16117);
#16115=VECTOR('',#16118,1.0);
#16116=VECTOR('',#16119,1.0);
#16117=VECTOR('',#16120,1.0);
#16118=DIRECTION('',(-0.6387044177702941,-0.7694521861173115,0));
#16119=DIRECTION('',(0.561906498590465,0.8272007536516173,0));
#16120=DIRECTION('',(0.7398259819560273,-0.6727982732014105,0));
#16121=FACE_SURFACE('',(#16126),#16122,.T.);
#16122=PLANE('',#16123);
#16123=AXIS2_PLACEMENT_3D('',#546,#16124,#16125);
#16124=DIRECTION('',(-0,0,-1));
#16125=DIRECTION('',(-0.561906498590465,-0.8272007536516173,0));
#16126=FACE_BOUND('',#16127,.T.);
#16127=EDGE_LOOP('',(#16128,#16129,#16130));
#16128=ORIENTED_EDGE('',*,*,#16131,.T.);
#16129=ORIENTED_EDGE('',*,*,#16132,.T.);
#16130=ORIENTED_EDGE('',*,*,#16133,.T.);
#16131=EDGE_CURVE('',#547,#155,#16134,.F.);
#16132=EDGE_CURVE('',#155,#551,#16135,.T.);
#16133=EDGE_CURVE('',#551,#547,#16136,.T.);
#16134=LINE('',#546,#16137);
#16135=LINE('',#154,#16138);
#16136=LINE('',#550,#16139);
#16137=VECTOR('',#16140,1.0);
#16138=VECTOR('',#16141,1.0);
#16139=VECTOR('',#16142,1.0);
#16140=DIRECTION('',(-0.561906498590465,-0.8272007536516173,0));
#16141=DIRECTION('',(0.48244036420765407,0.8759288184454179,0));
#16142=DIRECTION('',(0.7301201398685654,-0.6833187992133002,0));
#16143=FACE_SURFACE('',(#16148),#16144,.T.);
#16144=PLANE('',#16145);
#16145=AXIS2_PLACEMENT_3D('',#550,#16146,#16147);
#16146=DIRECTION('',(0,0,-1));
#16147=DIRECTION('',(-0.48244036420765407,-0.8759288184454179,0));
#16148=FACE_BOUND('',#16149,.T.);
#16149=EDGE_LOOP('',(#16150,#16151,#16152));
#16150=ORIENTED_EDGE('',*,*,#16153,.T.);
#16151=ORIENTED_EDGE('',*,*,#16154,.T.);
#16152=ORIENTED_EDGE('',*,*,#16155,.T.);
#16153=EDGE_CURVE('',#551,#155,#16156,.F.);
#16154=EDGE_CURVE('',#155,#151,#16157,.T.);
#16155=EDGE_CURVE('',#151,#551,#16158,.T.);
#16156=LINE('',#550,#16159);
#16157=LINE('',#154,#16160);
#16158=LINE('',#150,#16161);
#16159=VECTOR('',#16162,1.0);
#16160=VECTOR('',#16163,1.0);
#16161=VECTOR('',#16164,1.0);
#16162=DIRECTION('',(-0.48244036420765407,-0.8759288184454179,0));
#16163=DIRECTION('',(-0.7226125817107452,0.6912532508085092,0));
#16164=DIRECTION('',(0.8773666347732756,0.4798205791612292,0));
#16165=FACE_SURFACE('',(#16170),#16166,.T.);
#16166=PLANE('',#16167);
#16167=AXIS2_PLACEMENT_3D('',#550,#16168,#16169);
#16168=DIRECTION('',(0,0,-1));
#16169=DIRECTION('',(-0.8773666347732756,-0.4798205791612292,0));
#16170=FACE_BOUND('',#16171,.T.);
#16171=EDGE_LOOP('',(#16172,#16173,#16174));
#16172=ORIENTED_EDGE('',*,*,#16175,.T.);
#16173=ORIENTED_EDGE('',*,*,#16176,.T.);
#16174=ORIENTED_EDGE('',*,*,#16177,.T.);
#16175=EDGE_CURVE('',#551,#151,#16178,.F.);
#16176=EDGE_CURVE('',#151,#147,#16179,.T.);
#16177=EDGE_CURVE('',#147,#551,#16180,.T.);
#16178=LINE('',#550,#16181);
#16179=LINE('',#150,#16182);
#16180=LINE('',#146,#16183);
#16181=VECTOR('',#16184,1.0);
#16182=VECTOR('',#16185,1.0);
#16183=VECTOR('',#16186,1.0);
#16184=DIRECTION('',(-0.8773666347732756,-0.4798205791612292,0));
#16185=DIRECTION('',(-0.6691079716524477,0.74316520523444,0));
#16186=DIRECTION('',(0.9985704735541242,0.05345099948449913,0));
#16187=FACE_SURFACE('',(#16192),#16188,.T.);
#16188=PLANE('',#16189);
#16189=AXIS2_PLACEMENT_3D('',#146,#16190,#16191);
#16190=DIRECTION('',(0,0,-1));
#16191=DIRECTION('',(-0.6118851188773469,0.7909466488306622,0));
#16192=FACE_BOUND('',#16193,.T.);
#16193=EDGE_LOOP('',(#16194,#16195,#16196));
#16194=ORIENTED_EDGE('',*,*,#16197,.T.);
#16195=ORIENTED_EDGE('',*,*,#16198,.T.);
#16196=ORIENTED_EDGE('',*,*,#16199,.T.);
#16197=EDGE_CURVE('',#147,#143,#16200,.F.);
#16198=EDGE_CURVE('',#143,#551,#16201,.T.);
#16199=EDGE_CURVE('',#551,#147,#16202,.T.);
#16200=LINE('',#146,#16203);
#16201=LINE('',#142,#16204);
#16202=LINE('',#550,#16205);
#16203=VECTOR('',#16206,1.0);
#16204=VECTOR('',#16207,1.0);
#16205=VECTOR('',#16208,1.0);
#16206=DIRECTION('',(-0.6118851188773469,0.7909466488306622,0));
#16207=DIRECTION('',(0.9735921115183718,-0.228294547436417,0));
#16208=DIRECTION('',(-0.9985704735541242,-0.05345099948449913,0));
#16209=FACE_SURFACE('',(#16214),#16210,.T.);
#16210=PLANE('',#16211);
#16211=AXIS2_PLACEMENT_3D('',#550,#16212,#16213);
#16212=DIRECTION('',(0,0,-1));
#16213=DIRECTION('',(-0.9735921115183718,0.228294547436417,0));
#16214=FACE_BOUND('',#16215,.T.);
#16215=EDGE_LOOP('',(#16216,#16217,#16218));
#16216=ORIENTED_EDGE('',*,*,#16219,.T.);
#16217=ORIENTED_EDGE('',*,*,#16220,.T.);
#16218=ORIENTED_EDGE('',*,*,#16221,.T.);
#16219=EDGE_CURVE('',#551,#143,#16222,.F.);
#16220=EDGE_CURVE('',#143,#139,#16223,.T.);
#16221=EDGE_CURVE('',#139,#551,#16224,.T.);
#16222=LINE('',#550,#16225);
#16223=LINE('',#142,#16226);
#16224=LINE('',#138,#16227);
#16225=VECTOR('',#16228,1.0);
#16226=VECTOR('',#16229,1.0);
#16227=VECTOR('',#16230,1.0);
#16228=DIRECTION('',(-0.9735921115183718,0.228294547436417,0));
#16229=DIRECTION('',(-0.5512615544171466,0.8343324868549655,0));
#16230=DIRECTION('',(0.9149166004878182,-0.40364292902491694,0));
#16231=FACE_SURFACE('',(#16236),#16232,.T.);
#16232=PLANE('',#16233);
#16233=AXIS2_PLACEMENT_3D('',#550,#16234,#16235);
#16234=DIRECTION('',(0,0,-1));
#16235=DIRECTION('',(-0.9149166004878182,0.40364292902491694,0));
#16236=FACE_BOUND('',#16237,.T.);
#16237=EDGE_LOOP('',(#16238,#16239,#16240));
#16238=ORIENTED_EDGE('',*,*,#16241,.T.);
#16239=ORIENTED_EDGE('',*,*,#16242,.T.);
#16240=ORIENTED_EDGE('',*,*,#16243,.T.);
#16241=EDGE_CURVE('',#551,#139,#16244,.F.);
#16242=EDGE_CURVE('',#139,#135,#16245,.T.);
#16243=EDGE_CURVE('',#135,#551,#16246,.T.);
#16244=LINE('',#550,#16247);
#16245=LINE('',#138,#16248);
#16246=LINE('',#134,#16249);
#16247=VECTOR('',#16250,1.0);
#16248=VECTOR('',#16251,1.0);
#16249=VECTOR('',#16252,1.0);
#16250=DIRECTION('',(-0.9149166004878182,0.40364292902491694,0));
#16251=DIRECTION('',(-0.4875735913865587,0.8730818936287781,0));
#16252=DIRECTION('',(0.8537244770554216,-0.5207249919837215,0));
#16253=FACE_SURFACE('',(#16258),#16254,.T.);
#16254=PLANE('',#16255);
#16255=AXIS2_PLACEMENT_3D('',#134,#16256,#16257);
#16256=DIRECTION('',(0,0,-1));
#16257=DIRECTION('',(-0.42117658637722927,0.906978656357262,0));
#16258=FACE_BOUND('',#16259,.T.);
#16259=EDGE_LOOP('',(#16260,#16261,#16262));
#16260=ORIENTED_EDGE('',*,*,#16263,.T.);
#16261=ORIENTED_EDGE('',*,*,#16264,.T.);
#16262=ORIENTED_EDGE('',*,*,#16265,.T.);
#16263=EDGE_CURVE('',#135,#131,#16266,.F.);
#16264=EDGE_CURVE('',#131,#551,#16267,.T.);
#16265=EDGE_CURVE('',#551,#135,#16268,.T.);
#16266=LINE('',#134,#16269);
#16267=LINE('',#130,#16270);
#16268=LINE('',#550,#16271);
#16269=VECTOR('',#16272,1.0);
#16270=VECTOR('',#16273,1.0);
#16271=VECTOR('',#16274,1.0);
#16272=DIRECTION('',(-0.42117658637722927,0.906978656357262,0));
#16273=DIRECTION('',(0.7959974090419972,-0.6053000287447765,0));
#16274=DIRECTION('',(-0.8537244770554216,0.5207249919837215,0));
#16275=FACE_SURFACE('',(#16280),#16276,.T.);
#16276=PLANE('',#16277);
#16277=AXIS2_PLACEMENT_3D('',#550,#16278,#16279);
#16278=DIRECTION('',(0,0,-1));
#16279=DIRECTION('',(-0.7959974090419972,0.6053000287447765,0));
#16280=FACE_BOUND('',#16281,.T.);
#16281=EDGE_LOOP('',(#16282,#16283,#16284));
#16282=ORIENTED_EDGE('',*,*,#16285,.T.);
#16283=ORIENTED_EDGE('',*,*,#16286,.T.);
#16284=ORIENTED_EDGE('',*,*,#16287,.T.);
#16285=EDGE_CURVE('',#551,#131,#16288,.F.);
#16286=EDGE_CURVE('',#131,#127,#16289,.T.);
#16287=EDGE_CURVE('',#127,#551,#16290,.T.);
#16288=LINE('',#550,#16291);
#16289=LINE('',#130,#16292);
#16290=LINE('',#126,#16293);
#16291=VECTOR('',#16294,1.0);
#16292=VECTOR('',#16295,1.0);
#16293=VECTOR('',#16296,1.0);
#16294=DIRECTION('',(-0.7959974090419972,0.6053000287447765,0));
#16295=DIRECTION('',(-0.3524387813226492,0.9358348708077755,0));
#16296=DIRECTION('',(0.7420526518910354,-0.6703416008435412,0));
#16297=FACE_SURFACE('',(#16302),#16298,.T.);
#16298=PLANE('',#16299);
#16299=AXIS2_PLACEMENT_3D('',#550,#16300,#16301);
#16300=DIRECTION('',(0,0,-1));
#16301=DIRECTION('',(-0.7420526518910354,0.6703416008435412,0));
#16302=FACE_BOUND('',#16303,.T.);
#16303=EDGE_LOOP('',(#16304,#16305,#16306));
#16304=ORIENTED_EDGE('',*,*,#16307,.T.);
#16305=ORIENTED_EDGE('',*,*,#16308,.T.);
#16306=ORIENTED_EDGE('',*,*,#16309,.T.);
#16307=EDGE_CURVE('',#551,#127,#16310,.F.);
#16308=EDGE_CURVE('',#127,#123,#16311,.T.);
#16309=EDGE_CURVE('',#123,#551,#16312,.T.);
#16310=LINE('',#550,#16313);
#16311=LINE('',#126,#16314);
#16312=LINE('',#122,#16315);
#16313=VECTOR('',#16316,1.0);
#16314=VECTOR('',#16317,1.0);
#16315=VECTOR('',#16318,1.0);
#16316=DIRECTION('',(-0.7420526518910354,0.6703416008435412,0));
#16317=DIRECTION('',(-0.28174332148431447,0.9594898127645684,0));
#16318=DIRECTION('',(0.6911510751445222,-0.7227103094093585,0));
#16319=FACE_SURFACE('',(#16324),#16320,.T.);
#16320=PLANE('',#16321);
#16321=AXIS2_PLACEMENT_3D('',#122,#16322,#16323);
#16322=DIRECTION('',(0,0,-1));
#16323=DIRECTION('',(-0.20947939089519707,0.9778130622926743,0));
#16324=FACE_BOUND('',#16325,.T.);
#16325=EDGE_LOOP('',(#16326,#16327,#16328));
#16326=ORIENTED_EDGE('',*,*,#16329,.T.);
#16327=ORIENTED_EDGE('',*,*,#16330,.T.);
#16328=ORIENTED_EDGE('',*,*,#16331,.T.);
#16329=EDGE_CURVE('',#123,#119,#16332,.F.);
#16330=EDGE_CURVE('',#119,#551,#16333,.T.);
#16331=EDGE_CURVE('',#551,#123,#16334,.T.);
#16332=LINE('',#122,#16335);
#16333=LINE('',#118,#16336);
#16334=LINE('',#550,#16337);
#16335=VECTOR('',#16338,1.0);
#16336=VECTOR('',#16339,1.0);
#16337=VECTOR('',#16340,1.0);
#16338=DIRECTION('',(-0.20947939089519707,0.9778130622926743,0));
#16339=DIRECTION('',(0.642517413208501,-0.7662710837059273,0));
#16340=DIRECTION('',(-0.6911510751445222,0.7227103094093585,0));
#16341=FACE_SURFACE('',(#16346),#16342,.T.);
#16342=PLANE('',#16343);
#16343=AXIS2_PLACEMENT_3D('',#550,#16344,#16345);
#16344=DIRECTION('',(0,0,-1));
#16345=DIRECTION('',(-0.642517413208501,0.7662710837059273,0));
#16346=FACE_BOUND('',#16347,.T.);
#16347=EDGE_LOOP('',(#16348,#16349,#16350));
#16348=ORIENTED_EDGE('',*,*,#16351,.T.);
#16349=ORIENTED_EDGE('',*,*,#16352,.T.);
#16350=ORIENTED_EDGE('',*,*,#16353,.T.);
#16351=EDGE_CURVE('',#551,#119,#16354,.F.);
#16352=EDGE_CURVE('',#119,#115,#16355,.T.);
#16353=EDGE_CURVE('',#115,#551,#16356,.T.);
#16354=LINE('',#550,#16357);
#16355=LINE('',#118,#16358);
#16356=LINE('',#114,#16359);
#16357=VECTOR('',#16360,1.0);
#16358=VECTOR('',#16361,1.0);
#16359=VECTOR('',#16362,1.0);
#16360=DIRECTION('',(-0.642517413208501,0.7662710837059273,0));
#16361=DIRECTION('',(-0.13605438575459994,0.9907013697966398,0));
#16362=DIRECTION('',(0.5955329844014126,-0.8033308561794118,0));
#16363=FACE_SURFACE('',(#16368),#16364,.T.);
#16364=PLANE('',#16365);
#16365=AXIS2_PLACEMENT_3D('',#550,#16366,#16367);
#16366=DIRECTION('',(0,0,-1));
#16367=DIRECTION('',(-0.5955329844014126,0.8033308561794118,0));
#16368=FACE_BOUND('',#16369,.T.);
#16369=EDGE_LOOP('',(#16370,#16371,#16372));
#16370=ORIENTED_EDGE('',*,*,#16373,.T.);
#16371=ORIENTED_EDGE('',*,*,#16374,.T.);
#16372=ORIENTED_EDGE('',*,*,#16375,.T.);
#16373=EDGE_CURVE('',#551,#115,#16376,.F.);
#16374=EDGE_CURVE('',#115,#111,#16377,.T.);
#16375=EDGE_CURVE('',#111,#551,#16378,.T.);
#16376=LINE('',#550,#16379);
#16377=LINE('',#114,#16380);
#16378=LINE('',#110,#16381);
#16379=VECTOR('',#16382,1.0);
#16380=VECTOR('',#16383,1.0);
#16381=VECTOR('',#16384,1.0);
#16382=DIRECTION('',(-0.5955329844014126,0.8033308561794118,0));
#16383=DIRECTION('',(-0.06187068848241861,0.9980841737582615,0));
#16384=DIRECTION('',(0.5497381356763149,-0.8353370470553366,0));
#16385=FACE_SURFACE('',(#16390),#16386,.T.);
#16386=PLANE('',#16387);
#16387=AXIS2_PLACEMENT_3D('',#550,#16388,#16389);
#16388=DIRECTION('',(0,0,-1));
#16389=DIRECTION('',(-0.5497381356763149,0.8353370470553366,0));
#16390=FACE_BOUND('',#16391,.T.);
#16391=EDGE_LOOP('',(#16392,#16393,#16394));
#16392=ORIENTED_EDGE('',*,*,#16395,.T.);
#16393=ORIENTED_EDGE('',*,*,#16396,.T.);
#16394=ORIENTED_EDGE('',*,*,#16397,.T.);
#16395=EDGE_CURVE('',#551,#111,#16398,.F.);
#16396=EDGE_CURVE('',#111,#487,#16399,.T.);
#16397=EDGE_CURVE('',#487,#551,#16400,.T.);
#16398=LINE('',#550,#16401);
#16399=LINE('',#110,#16402);
#16400=LINE('',#486,#16403);
#16401=VECTOR('',#16404,1.0);
#16402=VECTOR('',#16405,1.0);
#16403=VECTOR('',#16406,1.0);
#16404=DIRECTION('',(-0.5497381356763149,0.8353370470553366,0));
#16405=DIRECTION('',(0.5219455725807713,0.8529787918016078,0));
#16406=DIRECTION('',(0,-1,0));
#16407=FACE_SURFACE('',(#16412),#16408,.T.);
#16408=PLANE('',#16409);
#16409=AXIS2_PLACEMENT_3D('',#486,#16410,#16411);
#16410=DIRECTION('',(0,0,-1));
#16411=DIRECTION('',(-0.5219455725807713,-0.8529787918016078,0));
#16412=FACE_BOUND('',#16413,.T.);
#16413=EDGE_LOOP('',(#16414,#16415,#16416));
#16414=ORIENTED_EDGE('',*,*,#16417,.T.);
#16415=ORIENTED_EDGE('',*,*,#16418,.T.);
#16416=ORIENTED_EDGE('',*,*,#16419,.T.);
#16417=EDGE_CURVE('',#487,#111,#16420,.F.);
#16418=EDGE_CURVE('',#111,#107,#16421,.T.);
#16419=EDGE_CURVE('',#107,#487,#16422,.T.);
#16420=LINE('',#486,#16423);
#16421=LINE('',#110,#16424);
#16422=LINE('',#106,#16425);
#16423=VECTOR('',#16426,1.0);
#16424=VECTOR('',#16427,1.0);
#16425=VECTOR('',#16428,1.0);
#16426=DIRECTION('',(-0.5219455725807713,-0.8529787918016078,0));
#16427=DIRECTION('',(0.012655135681807612,0.9999199205640794,0));
#16428=DIRECTION('',(0.5674265077196727,0.8234240452750067,0));
#16429=FACE_SURFACE('',(#16434),#16430,.T.);
#16430=PLANE('',#16431);
#16431=AXIS2_PLACEMENT_3D('',#486,#16432,#16433);
#16432=DIRECTION('',(0,0,-1));
#16433=DIRECTION('',(-0.5674265077196727,-0.8234240452750067,0));
#16434=FACE_BOUND('',#16435,.T.);
#16435=EDGE_LOOP('',(#16436,#16437,#16438));
#16436=ORIENTED_EDGE('',*,*,#16439,.T.);
#16437=ORIENTED_EDGE('',*,*,#16440,.T.);
#16438=ORIENTED_EDGE('',*,*,#16441,.T.);
#16439=EDGE_CURVE('',#487,#107,#16442,.F.);
#16440=EDGE_CURVE('',#107,#103,#16443,.T.);
#16441=EDGE_CURVE('',#103,#487,#16444,.T.);
#16442=LINE('',#486,#16445);
#16443=LINE('',#106,#16446);
#16444=LINE('',#102,#16447);
#16445=VECTOR('',#16448,1.0);
#16446=VECTOR('',#16449,1.0);
#16447=VECTOR('',#16450,1.0);
#16448=DIRECTION('',(-0.5674265077196727,-0.8234240452750067,0));
#16449=DIRECTION('',(0.0871122331325057,0.9961985037323978,0));
#16450=DIRECTION('',(0.6138995909590329,0.7893841220979377,0));
#16451=FACE_SURFACE('',(#16456),#16452,.T.);
#16452=PLANE('',#16453);
#16453=AXIS2_PLACEMENT_3D('',#102,#16454,#16455);
#16454=DIRECTION('',(0,0,-1));
#16455=DIRECTION('',(0.1610839751179592,0.9869407038724246,0));
#16456=FACE_BOUND('',#16457,.T.);
#16457=EDGE_LOOP('',(#16458,#16459,#16460));
#16458=ORIENTED_EDGE('',*,*,#16461,.T.);
#16459=ORIENTED_EDGE('',*,*,#16462,.T.);
#16460=ORIENTED_EDGE('',*,*,#16463,.T.);
#16461=EDGE_CURVE('',#103,#99,#16464,.F.);
#16462=EDGE_CURVE('',#99,#487,#16465,.T.);
#16463=EDGE_CURVE('',#487,#103,#16466,.T.);
#16464=LINE('',#102,#16467);
#16465=LINE('',#98,#16468);
#16466=LINE('',#486,#16469);
#16467=VECTOR('',#16470,1.0);
#16468=VECTOR('',#16471,1.0);
#16469=VECTOR('',#16472,1.0);
#16470=DIRECTION('',(0.1610839751179592,0.9869407038724246,0));
#16471=DIRECTION('',(0.6617414714851467,0.7497321020982579,0));
#16472=DIRECTION('',(-0.6138995909590329,-0.7893841220979377,0));
#16473=FACE_SURFACE('',(#16478),#16474,.T.);
#16474=PLANE('',#16475);
#16475=AXIS2_PLACEMENT_3D('',#486,#16476,#16477);
#16476=DIRECTION('',(0,0,-1));
#16477=DIRECTION('',(-0.6617414714851467,-0.7497321020982579,0));
#16478=FACE_BOUND('',#16479,.T.);
#16479=EDGE_LOOP('',(#16480,#16481,#16482));
#16480=ORIENTED_EDGE('',*,*,#16483,.T.);
#16481=ORIENTED_EDGE('',*,*,#16484,.T.);
#16482=ORIENTED_EDGE('',*,*,#16485,.T.);
#16483=EDGE_CURVE('',#487,#99,#16486,.F.);
#16484=EDGE_CURVE('',#99,#95,#16487,.T.);
#16485=EDGE_CURVE('',#95,#487,#16488,.T.);
#16486=LINE('',#486,#16489);
#16487=LINE('',#98,#16490);
#16488=LINE('',#94,#16491);
#16489=VECTOR('',#16492,1.0);
#16490=VECTOR('',#16493,1.0);
#16491=VECTOR('',#16494,1.0);
#16492=DIRECTION('',(-0.6617414714851467,-0.7497321020982579,0));
#16493=DIRECTION('',(0.23416095810702162,0.972197842878908,0));
#16494=DIRECTION('',(0.7114652076101666,0.7027213233994132,0));
#16495=FACE_SURFACE('',(#16500),#16496,.T.);
#16496=PLANE('',#16497);
#16497=AXIS2_PLACEMENT_3D('',#486,#16498,#16499);
#16498=DIRECTION('',(0,0,-1));
#16499=DIRECTION('',(-0.7114652076101666,-0.7027213233994132,0));
#16500=FACE_BOUND('',#16501,.T.);
#16501=EDGE_LOOP('',(#16502,#16503,#16504));
#16502=ORIENTED_EDGE('',*,*,#16505,.T.);
#16503=ORIENTED_EDGE('',*,*,#16506,.T.);
#16504=ORIENTED_EDGE('',*,*,#16507,.T.);
#16505=EDGE_CURVE('',#487,#95,#16508,.F.);
#16506=EDGE_CURVE('',#95,#91,#16509,.T.);
#16507=EDGE_CURVE('',#91,#487,#16510,.T.);
#16508=LINE('',#486,#16511);
#16509=LINE('',#94,#16512);
#16510=LINE('',#90,#16513);
#16511=VECTOR('',#16514,1.0);
#16512=VECTOR('',#16515,1.0);
#16513=VECTOR('',#16516,1.0);
#16514=DIRECTION('',(-0.7114652076101666,-0.7027213233994132,0));
#16515=DIRECTION('',(0.30593529318434814,0.9520523075883,0));
#16516=DIRECTION('',(0.7637411920342164,0.645522572486938,0));
#16517=FACE_SURFACE('',(#16522),#16518,.T.);
#16518=PLANE('',#16519);
#16519=AXIS2_PLACEMENT_3D('',#90,#16520,#16521);
#16520=DIRECTION('',(0,0,-1));
#16521=DIRECTION('',(0.37601143007691923,0.9266150249437519,0));
#16522=FACE_BOUND('',#16523,.T.);
#16523=EDGE_LOOP('',(#16524,#16525,#16526));
#16524=ORIENTED_EDGE('',*,*,#16527,.T.);
#16525=ORIENTED_EDGE('',*,*,#16528,.T.);
#16526=ORIENTED_EDGE('',*,*,#16529,.T.);
#16527=EDGE_CURVE('',#91,#87,#16530,.F.);
#16528=EDGE_CURVE('',#87,#487,#16531,.T.);
#16529=EDGE_CURVE('',#487,#91,#16532,.T.);
#16530=LINE('',#90,#16533);
#16531=LINE('',#86,#16534);
#16532=LINE('',#486,#16535);
#16533=VECTOR('',#16536,1.0);
#16534=VECTOR('',#16537,1.0);
#16535=VECTOR('',#16538,1.0);
#16536=DIRECTION('',(0.37601143007691923,0.9266150249437519,0));
#16537=DIRECTION('',(0.8193386741385932,0.5733098089696462,0));
#16538=DIRECTION('',(-0.7637411920342164,-0.645522572486938,0));
#16539=FACE_SURFACE('',(#16544),#16540,.T.);
#16540=PLANE('',#16541);
#16541=AXIS2_PLACEMENT_3D('',#486,#16542,#16543);
#16542=DIRECTION('',(0,0,-1));
#16543=DIRECTION('',(-0.8193386741385932,-0.5733098089696462,0));
#16544=FACE_BOUND('',#16545,.T.);
#16545=EDGE_LOOP('',(#16546,#16547,#16548));
#16546=ORIENTED_EDGE('',*,*,#16549,.T.);
#16547=ORIENTED_EDGE('',*,*,#16550,.T.);
#16548=ORIENTED_EDGE('',*,*,#16551,.T.);
#16549=EDGE_CURVE('',#487,#87,#16552,.F.);
#16550=EDGE_CURVE('',#87,#83,#16553,.T.);
#16551=EDGE_CURVE('',#83,#487,#16554,.T.);
#16552=LINE('',#486,#16555);
#16553=LINE('',#86,#16556);
#16554=LINE('',#82,#16557);
#16555=VECTOR('',#16558,1.0);
#16556=VECTOR('',#16559,1.0);
#16557=VECTOR('',#16560,1.0);
#16558=DIRECTION('',(-0.8193386741385932,-0.5733098089696462,0));
#16559=DIRECTION('',(0.44399707009818523,0.8960282371355421,0));
#16560=DIRECTION('',(0.8787142667322868,0.4773481302373977,0));
#16561=FACE_SURFACE('',(#16566),#16562,.T.);
#16562=PLANE('',#16563);
#16563=AXIS2_PLACEMENT_3D('',#486,#16564,#16565);
#16564=DIRECTION('',(0,0,-1));
#16565=DIRECTION('',(-0.8787142667322868,-0.4773481302373977,0));
#16566=FACE_BOUND('',#16567,.T.);
#16567=EDGE_LOOP('',(#16568,#16569,#16570));
#16568=ORIENTED_EDGE('',*,*,#16571,.T.);
#16569=ORIENTED_EDGE('',*,*,#16572,.T.);
#16570=ORIENTED_EDGE('',*,*,#16573,.T.);
#16571=EDGE_CURVE('',#487,#83,#16574,.F.);
#16572=EDGE_CURVE('',#83,#79,#16575,.T.);
#16573=EDGE_CURVE('',#79,#487,#16576,.T.);
#16574=LINE('',#486,#16577);
#16575=LINE('',#82,#16578);
#16576=LINE('',#78,#16579);
#16577=VECTOR('',#16580,1.0);
#16578=VECTOR('',#16581,1.0);
#16579=VECTOR('',#16582,1.0);
#16580=DIRECTION('',(-0.8787142667322868,-0.4773481302373977,0));
#16581=DIRECTION('',(0.5095145608698699,0.8604620341779081,0));
#16582=DIRECTION('',(0.9401092789939661,0.34087320743855093,0));
#16583=FACE_SURFACE('',(#16588),#16584,.T.);
#16584=PLANE('',#16585);
#16585=AXIS2_PLACEMENT_3D('',#78,#16586,#16587);
#16586=DIRECTION('',(0,0,-1));
#16587=DIRECTION('',(0.5722004626289878,0.8201137912309318,0));
#16588=FACE_BOUND('',#16589,.T.);
#16589=EDGE_LOOP('',(#16590,#16591,#16592));
#16590=ORIENTED_EDGE('',*,*,#16593,.T.);
#16591=ORIENTED_EDGE('',*,*,#16594,.T.);
#16592=ORIENTED_EDGE('',*,*,#16595,.T.);
#16593=EDGE_CURVE('',#79,#75,#16596,.F.);
#16594=EDGE_CURVE('',#75,#487,#16597,.T.);
#16595=EDGE_CURVE('',#487,#79,#16598,.T.);
#16596=LINE('',#78,#16599);
#16597=LINE('',#74,#16600);
#16598=LINE('',#486,#16601);
#16599=VECTOR('',#16602,1.0);
#16600=VECTOR('',#16603,1.0);
#16601=VECTOR('',#16604,1.0);
#16602=DIRECTION('',(0.5722004626289878,0.8201137912309318,0));
#16603=DIRECTION('',(0.9913778775996174,0.13103397958574775,0));
#16604=DIRECTION('',(-0.9401092789939661,-0.34087320743855093,0));
#16605=FACE_SURFACE('',(#16610),#16606,.T.);
#16606=PLANE('',#16607);
#16607=AXIS2_PLACEMENT_3D('',#486,#16608,#16609);
#16608=DIRECTION('',(-0,0,-1));
#16609=DIRECTION('',(-0.9913778775996174,-0.13103397958574775,0));
#16610=FACE_BOUND('',#16611,.T.);
#16611=EDGE_LOOP('',(#16612,#16613,#16614));
#16612=ORIENTED_EDGE('',*,*,#16615,.T.);
#16613=ORIENTED_EDGE('',*,*,#16616,.T.);
#16614=ORIENTED_EDGE('',*,*,#16617,.T.);
#16615=EDGE_CURVE('',#487,#75,#16618,.F.);
#16616=EDGE_CURVE('',#75,#71,#16619,.T.);
#16617=EDGE_CURVE('',#71,#487,#16620,.T.);
#16618=LINE('',#486,#16621);
#16619=LINE('',#74,#16622);
#16620=LINE('',#70,#16623);
#16621=VECTOR('',#16624,1.0);
#16622=VECTOR('',#16625,1.0);
#16623=VECTOR('',#16626,1.0);
#16624=DIRECTION('',(-0.9913778775996174,-0.13103397958574775,0));
#16625=DIRECTION('',(0.6317077223128758,0.7752066521710703,0));
#16626=DIRECTION('',(0.9788399047023858,-0.20462756647681724,0));
#16627=FACE_SURFACE('',(#16632),#16628,.T.);
#16628=PLANE('',#16629);
#16629=AXIS2_PLACEMENT_3D('',#486,#16630,#16631);
#16630=DIRECTION('',(0,0,-1));
#16631=DIRECTION('',(-0.9788399047023858,0.20462756647681724,0));
#16632=FACE_BOUND('',#16633,.T.);
#16633=EDGE_LOOP('',(#16634,#16635,#16636));
#16634=ORIENTED_EDGE('',*,*,#16637,.T.);
#16635=ORIENTED_EDGE('',*,*,#16638,.T.);
#16636=ORIENTED_EDGE('',*,*,#16639,.T.);
#16637=EDGE_CURVE('',#487,#71,#16640,.F.);
#16638=EDGE_CURVE('',#71,#45,#16641,.T.);
#16639=EDGE_CURVE('',#45,#487,#16642,.T.);
#16640=LINE('',#486,#16643);
#16641=LINE('',#70,#16644);
#16642=LINE('',#44,#16645);
#16643=VECTOR('',#16646,1.0);
#16644=VECTOR('',#16647,1.0);
#16645=VECTOR('',#16648,1.0);
#16646=DIRECTION('',(-0.9788399047023858,0.20462756647681724,0));
#16647=DIRECTION('',(0.6877021887452228,0.7259929060225245,0));
#16648=DIRECTION('',(0.7587872429061144,-0.6513385601996378,0));
#16649=FACE_SURFACE('',(#16654),#16650,.T.);
#16650=PLANE('',#16651);
#16651=AXIS2_PLACEMENT_3D('',#758,#16652,#16653);
#16652=DIRECTION('',(0,-1,0));
#16653=DIRECTION('',(1,0,0));
#16654=FACE_BOUND('',#16655,.T.);
#16655=EDGE_LOOP('',(#16656,#16657,#16658));
#16656=ORIENTED_EDGE('',*,*,#16659,.T.);
#16657=ORIENTED_EDGE('',*,*,#16660,.T.);
#16658=ORIENTED_EDGE('',*,*,#16661,.T.);
#16659=EDGE_CURVE('',#759,#761,#16662,.F.);
#16660=EDGE_CURVE('',#761,#763,#16663,.T.);
#16661=EDGE_CURVE('',#763,#759,#16664,.T.);
#16662=LINE('',#758,#16665);
#16663=LINE('',#760,#16666);
#16664=LINE('',#762,#16667);
#16665=VECTOR('',#16668,1.0);
#16666=VECTOR('',#16669,1.0);
#16667=VECTOR('',#16670,1.0);
#16668=DIRECTION('',(1,0,0));
#16669=DIRECTION('',(-0.9950371902099892,0,0.09950371902099892));
#16670=DIRECTION('',(0,0,-1));
#16671=FACE_SURFACE('',(#16676),#16672,.T.);
#16672=PLANE('',#16673);
#16673=AXIS2_PLACEMENT_3D('',#762,#16674,#16675);
#16674=DIRECTION('',(0,-1,0));
#16675=DIRECTION('',(0.9950371902099892,0,-0.09950371902099892));
#16676=FACE_BOUND('',#16677,.T.);
#16677=EDGE_LOOP('',(#16678,#16679,#16680));
#16678=ORIENTED_EDGE('',*,*,#16681,.T.);
#16679=ORIENTED_EDGE('',*,*,#16682,.T.);
#16680=ORIENTED_EDGE('',*,*,#16683,.T.);
#16681=EDGE_CURVE('',#763,#761,#16684,.F.);
#16682=EDGE_CURVE('',#761,#765,#16685,.T.);
#16683=EDGE_CURVE('',#765,#763,#16686,.T.);
#16684=LINE('',#762,#16687);
#16685=LINE('',#760,#16688);
#16686=LINE('',#764,#16689);
#16687=VECTOR('',#16690,1.0);
#16688=VECTOR('',#16691,1.0);
#16689=VECTOR('',#16692,1.0);
#16690=DIRECTION('',(0.9950371902099892,0,-0.09950371902099892));
#16691=DIRECTION('',(0,0,1));
#16692=DIRECTION('',(-1,0,0));
#16693=FACE_SURFACE('',(#16698),#16694,.T.);
#16694=PLANE('',#16695);
#16695=AXIS2_PLACEMENT_3D('',#766,#16696,#16697);
#16696=DIRECTION('',(-0,1,0));
#16697=DIRECTION('',(1,0,0));
#16698=FACE_BOUND('',#16699,.T.);
#16699=EDGE_LOOP('',(#16700,#16701,#16702));
#16700=ORIENTED_EDGE('',*,*,#16703,.T.);
#16701=ORIENTED_EDGE('',*,*,#16704,.T.);
#16702=ORIENTED_EDGE('',*,*,#16705,.T.);
#16703=EDGE_CURVE('',#767,#769,#16706,.F.);
#16704=EDGE_CURVE('',#769,#771,#16707,.T.);
#16705=EDGE_CURVE('',#771,#767,#16708,.T.);
#16706=LINE('',#766,#16709);
#16707=LINE('',#768,#16710);
#16708=LINE('',#770,#16711);
#16709=VECTOR('',#16712,1.0);
#16710=VECTOR('',#16713,1.0);
#16711=VECTOR('',#16714,1.0);
#16712=DIRECTION('',(1,0,0));
#16713=DIRECTION('',(-0.9950371902099892,0,-0.09950371902099892));
#16714=DIRECTION('',(0,0,1));
#16715=FACE_SURFACE('',(#16720),#16716,.T.);
#16716=PLANE('',#16717);
#16717=AXIS2_PLACEMENT_3D('',#770,#16718,#16719);
#16718=DIRECTION('',(0,1,0));
#16719=DIRECTION('',(0.9950371902099892,0,0.09950371902099892));
#16720=FACE_BOUND('',#16721,.T.);
#16721=EDGE_LOOP('',(#16722,#16723,#16724));
#16722=ORIENTED_EDGE('',*,*,#16725,.T.);
#16723=ORIENTED_EDGE('',*,*,#16726,.T.);
#16724=ORIENTED_EDGE('',*,*,#16727,.T.);
#16725=EDGE_CURVE('',#771,#769,#16728,.F.);
#16726=EDGE_CURVE('',#769,#773,#16729,.T.);
#16727=EDGE_CURVE('',#773,#771,#16730,.T.);
#16728=LINE('',#770,#16731);
#16729=LINE('',#768,#16732);
#16730=LINE('',#772,#16733);
#16731=VECTOR('',#16734,1.0);
#16732=VECTOR('',#16735,1.0);
#16733=VECTOR('',#16736,1.0);
#16734=DIRECTION('',(0.9950371902099892,0,0.09950371902099892));
#16735=DIRECTION('',(0,0,-1));
#16736=DIRECTION('',(-1,0,0));
#16737=FACE_SURFACE('',(#16742),#16738,.T.);
#16738=PLANE('',#16739);
#16739=AXIS2_PLACEMENT_3D('',#774,#16740,#16741);
#16740=DIRECTION('',(-1,0,0));
#16741=DIRECTION('',(0,-1,0));
#16742=FACE_BOUND('',#16743,.T.);
#16743=EDGE_LOOP('',(#16744,#16745,#16746));
#16744=ORIENTED_EDGE('',*,*,#16747,.T.);
#16745=ORIENTED_EDGE('',*,*,#16748,.T.);
#16746=ORIENTED_EDGE('',*,*,#16749,.T.);
#16747=EDGE_CURVE('',#775,#777,#16750,.F.);
#16748=EDGE_CURVE('',#777,#779,#16751,.T.);
#16749=EDGE_CURVE('',#779,#775,#16752,.T.);
#16750=LINE('',#774,#16753);
#16751=LINE('',#776,#16754);
#16752=LINE('',#778,#16755);
#16753=VECTOR('',#16756,1.0);
#16754=VECTOR('',#16757,1.0);
#16755=VECTOR('',#16758,1.0);
#16756=DIRECTION('',(0,-1,0));
#16757=DIRECTION('',(0,0.9950371902099892,0.09950371902099892));
#16758=DIRECTION('',(0,0,-1));
#16759=FACE_SURFACE('',(#16764),#16760,.T.);
#16760=PLANE('',#16761);
#16761=AXIS2_PLACEMENT_3D('',#778,#16762,#16763);
#16762=DIRECTION('',(-1,-0,0));
#16763=DIRECTION('',(0,-0.9950371902099892,-0.09950371902099892));
#16764=FACE_BOUND('',#16765,.T.);
#16765=EDGE_LOOP('',(#16766,#16767,#16768));
#16766=ORIENTED_EDGE('',*,*,#16769,.T.);
#16767=ORIENTED_EDGE('',*,*,#16770,.T.);
#16768=ORIENTED_EDGE('',*,*,#16771,.T.);
#16769=EDGE_CURVE('',#779,#777,#16772,.F.);
#16770=EDGE_CURVE('',#777,#781,#16773,.T.);
#16771=EDGE_CURVE('',#781,#779,#16774,.T.);
#16772=LINE('',#778,#16775);
#16773=LINE('',#776,#16776);
#16774=LINE('',#780,#16777);
#16775=VECTOR('',#16778,1.0);
#16776=VECTOR('',#16779,1.0);
#16777=VECTOR('',#16780,1.0);
#16778=DIRECTION('',(0,-0.9950371902099892,-0.09950371902099892));
#16779=DIRECTION('',(0,0,1));
#16780=DIRECTION('',(0,1,0));
#16781=FACE_SURFACE('',(#16786),#16782,.T.);
#16782=PLANE('',#16783);
#16783=AXIS2_PLACEMENT_3D('',#782,#16784,#16785);
#16784=DIRECTION('',(1,0,0));
#16785=DIRECTION('',(0,1,0));
#16786=FACE_BOUND('',#16787,.T.);
#16787=EDGE_LOOP('',(#16788,#16789,#16790));
#16788=ORIENTED_EDGE('',*,*,#16791,.T.);
#16789=ORIENTED_EDGE('',*,*,#16792,.T.);
#16790=ORIENTED_EDGE('',*,*,#16793,.T.);
#16791=EDGE_CURVE('',#783,#785,#16794,.F.);
#16792=EDGE_CURVE('',#785,#787,#16795,.T.);
#16793=EDGE_CURVE('',#787,#783,#16796,.T.);
#16794=LINE('',#782,#16797);
#16795=LINE('',#784,#16798);
#16796=LINE('',#786,#16799);
#16797=VECTOR('',#16800,1.0);
#16798=VECTOR('',#16801,1.0);
#16799=VECTOR('',#16802,1.0);
#16800=DIRECTION('',(0,1,0));
#16801=DIRECTION('',(0,-0.9950371902099892,0.09950371902099892));
#16802=DIRECTION('',(0,0,-1));
#16803=FACE_SURFACE('',(#16808),#16804,.T.);
#16804=PLANE('',#16805);
#16805=AXIS2_PLACEMENT_3D('',#786,#16806,#16807);
#16806=DIRECTION('',(1,-0,0));
#16807=DIRECTION('',(0,0.9950371902099892,-0.09950371902099892));
#16808=FACE_BOUND('',#16809,.T.);
#16809=EDGE_LOOP('',(#16810,#16811,#16812));
#16810=ORIENTED_EDGE('',*,*,#16813,.T.);
#16811=ORIENTED_EDGE('',*,*,#16814,.T.);
#16812=ORIENTED_EDGE('',*,*,#16815,.T.);
#16813=EDGE_CURVE('',#787,#785,#16816,.F.);
#16814=EDGE_CURVE('',#785,#789,#16817,.T.);
#16815=EDGE_CURVE('',#789,#787,#16818,.T.);
#16816=LINE('',#786,#16819);
#16817=LINE('',#784,#16820);
#16818=LINE('',#788,#16821);
#16819=VECTOR('',#16822,1.0);
#16820=VECTOR('',#16823,1.0);
#16821=VECTOR('',#16824,1.0);
#16822=DIRECTION('',(0,0.9950371902099892,-0.09950371902099892));
#16823=DIRECTION('',(0,0,1));
#16824=DIRECTION('',(0,-1,0));
#16825=FACE_SURFACE('',(#16830),#16826,.T.);
#16826=PLANE('',#16827);
#16827=AXIS2_PLACEMENT_3D('',#778,#16828,#16829);
#16828=DIRECTION('',(-0,0,1));
#16829=DIRECTION('',(0.10197417265554155,-0.9947870466141071,0));
#16830=FACE_BOUND('',#16831,.T.);
#16831=EDGE_LOOP('',(#16832,#16833,#16834));
#16832=ORIENTED_EDGE('',*,*,#16835,.T.);
#16833=ORIENTED_EDGE('',*,*,#16836,.T.);
#16834=ORIENTED_EDGE('',*,*,#16837,.T.);
#16835=EDGE_CURVE('',#779,#791,#16838,.F.);
#16836=EDGE_CURVE('',#791,#793,#16839,.T.);
#16837=EDGE_CURVE('',#793,#779,#16840,.T.);
#16838=LINE('',#778,#16841);
#16839=LINE('',#790,#16842);
#16840=LINE('',#792,#16843);
#16841=VECTOR('',#16844,1.0);
#16842=VECTOR('',#16845,1.0);
#16843=VECTOR('',#16846,1.0);
#16844=DIRECTION('',(0.10197417265554155,-0.9947870466141071,0));
#16845=DIRECTION('',(0,1,0));
#16846=DIRECTION('',(-1,0,0));
#16847=FACE_SURFACE('',(#16852),#16848,.T.);
#16848=PLANE('',#16849);
#16849=AXIS2_PLACEMENT_3D('',#792,#16850,#16851);
#16850=DIRECTION('',(0,0,1));
#16851=DIRECTION('',(0,-1,0));
#16852=FACE_BOUND('',#16853,.T.);
#16853=EDGE_LOOP('',(#16854,#16855,#16856));
#16854=ORIENTED_EDGE('',*,*,#16857,.T.);
#16855=ORIENTED_EDGE('',*,*,#16858,.T.);
#16856=ORIENTED_EDGE('',*,*,#16859,.T.);
#16857=EDGE_CURVE('',#793,#791,#16860,.F.);
#16858=EDGE_CURVE('',#791,#795,#16861,.T.);
#16859=EDGE_CURVE('',#795,#793,#16862,.T.);
#16860=LINE('',#792,#16863);
#16861=LINE('',#790,#16864);
#16862=LINE('',#794,#16865);
#16863=VECTOR('',#16866,1.0);
#16864=VECTOR('',#16867,1.0);
#16865=VECTOR('',#16868,1.0);
#16866=DIRECTION('',(0,-1,0));
#16867=DIRECTION('',(1,0,0));
#16868=DIRECTION('',(-0.7071067811865475,0.7071067811865475,0));
#16869=FACE_SURFACE('',(#16874),#16870,.T.);
#16870=PLANE('',#16871);
#16871=AXIS2_PLACEMENT_3D('',#792,#16872,#16873);
#16872=DIRECTION('',(-0,0,1));
#16873=DIRECTION('',(0.7071067811865475,-0.7071067811865475,0));
#16874=FACE_BOUND('',#16875,.T.);
#16875=EDGE_LOOP('',(#16876,#16877,#16878));
#16876=ORIENTED_EDGE('',*,*,#16879,.T.);
#16877=ORIENTED_EDGE('',*,*,#16880,.T.);
#16878=ORIENTED_EDGE('',*,*,#16881,.T.);
#16879=EDGE_CURVE('',#793,#795,#16882,.F.);
#16880=EDGE_CURVE('',#795,#797,#16883,.T.);
#16881=EDGE_CURVE('',#797,#793,#16884,.T.);
#16882=LINE('',#792,#16885);
#16883=LINE('',#794,#16886);
#16884=LINE('',#796,#16887);
#16885=VECTOR('',#16888,1.0);
#16886=VECTOR('',#16889,1.0);
#16887=VECTOR('',#16890,1.0);
#16888=DIRECTION('',(0.7071067811865475,-0.7071067811865475,0));
#16889=DIRECTION('',(0,1,0));
#16890=DIRECTION('',(-1,0,0));
#16891=FACE_SURFACE('',(#16896),#16892,.T.);
#16892=PLANE('',#16893);
#16893=AXIS2_PLACEMENT_3D('',#796,#16894,#16895);
#16894=DIRECTION('',(0,0,1));
#16895=DIRECTION('',(0,-1,0));
#16896=FACE_BOUND('',#16897,.T.);
#16897=EDGE_LOOP('',(#16898,#16899,#16900));
#16898=ORIENTED_EDGE('',*,*,#16901,.T.);
#16899=ORIENTED_EDGE('',*,*,#16902,.T.);
#16900=ORIENTED_EDGE('',*,*,#16903,.T.);
#16901=EDGE_CURVE('',#797,#795,#16904,.F.);
#16902=EDGE_CURVE('',#795,#787,#16905,.T.);
#16903=EDGE_CURVE('',#787,#797,#16906,.T.);
#16904=LINE('',#796,#16907);
#16905=LINE('',#794,#16908);
#16906=LINE('',#786,#16909);
#16907=VECTOR('',#16910,1.0);
#16908=VECTOR('',#16911,1.0);
#16909=VECTOR('',#16912,1.0);
#16910=DIRECTION('',(0,-1,0));
#16911=DIRECTION('',(1,0,0));
#16912=DIRECTION('',(-0.12577914054328043,0.992058268351307,0));
#16913=FACE_SURFACE('',(#16918),#16914,.T.);
#16914=PLANE('',#16915);
#16915=AXIS2_PLACEMENT_3D('',#796,#16916,#16917);
#16916=DIRECTION('',(-0,0,1));
#16917=DIRECTION('',(0.12577914054328043,-0.992058268351307,0));
#16918=FACE_BOUND('',#16919,.T.);
#16919=EDGE_LOOP('',(#16920,#16921,#16922));
#16920=ORIENTED_EDGE('',*,*,#16923,.T.);
#16921=ORIENTED_EDGE('',*,*,#16924,.T.);
#16922=ORIENTED_EDGE('',*,*,#16925,.T.);
#16923=EDGE_CURVE('',#797,#787,#16926,.F.);
#16924=EDGE_CURVE('',#787,#789,#16927,.T.);
#16925=EDGE_CURVE('',#789,#797,#16928,.T.);
#16926=LINE('',#796,#16929);
#16927=LINE('',#786,#16930);
#16928=LINE('',#788,#16931);
#16929=VECTOR('',#16932,1.0);
#16930=VECTOR('',#16933,1.0);
#16931=VECTOR('',#16934,1.0);
#16932=DIRECTION('',(0.12577914054328043,-0.992058268351307,0));
#16933=DIRECTION('',(0,1,0));
#16934=DIRECTION('',(-1,0,0));
#16935=FACE_SURFACE('',(#16940),#16936,.T.);
#16936=PLANE('',#16937);
#16937=AXIS2_PLACEMENT_3D('',#778,#16938,#16939);
#16938=DIRECTION('',(0,0,1));
#16939=DIRECTION('',(0,-1,0));
#16940=FACE_BOUND('',#16941,.T.);
#16941=EDGE_LOOP('',(#16942,#16943,#16944));
#16942=ORIENTED_EDGE('',*,*,#16945,.T.);
#16943=ORIENTED_EDGE('',*,*,#16946,.T.);
#16944=ORIENTED_EDGE('',*,*,#16947,.T.);
#16945=EDGE_CURVE('',#779,#781,#16948,.F.);
#16946=EDGE_CURVE('',#781,#791,#16949,.T.);
#16947=EDGE_CURVE('',#791,#779,#16950,.T.);
#16948=LINE('',#778,#16951);
#16949=LINE('',#780,#16952);
#16950=LINE('',#790,#16953);
#16951=VECTOR('',#16954,1.0);
#16952=VECTOR('',#16955,1.0);
#16953=VECTOR('',#16956,1.0);
#16954=DIRECTION('',(0,-1,0));
#16955=DIRECTION('',(1,0,0));
#16956=DIRECTION('',(-0.10197417265554155,0.9947870466141071,0));
#16957=FACE_SURFACE('',(#16962),#16958,.T.);
#16958=PLANE('',#16959);
#16959=AXIS2_PLACEMENT_3D('',#762,#16960,#16961);
#16960=DIRECTION('',(0,0,1));
#16961=DIRECTION('',(1,0,0));
#16962=FACE_BOUND('',#16963,.T.);
#16963=EDGE_LOOP('',(#16964,#16965,#16966));
#16964=ORIENTED_EDGE('',*,*,#16967,.T.);
#16965=ORIENTED_EDGE('',*,*,#16968,.T.);
#16966=ORIENTED_EDGE('',*,*,#16969,.T.);
#16967=EDGE_CURVE('',#763,#765,#16970,.F.);
#16968=EDGE_CURVE('',#765,#791,#16971,.T.);
#16969=EDGE_CURVE('',#791,#763,#16972,.T.);
#16970=LINE('',#762,#16973);
#16971=LINE('',#764,#16974);
#16972=LINE('',#790,#16975);
#16973=VECTOR('',#16976,1.0);
#16974=VECTOR('',#16977,1.0);
#16975=VECTOR('',#16978,1.0);
#16976=DIRECTION('',(1,0,0));
#16977=DIRECTION('',(-0.9913768534068954,0.13104172819771182,0));
#16978=DIRECTION('',(0,-1,0));
#16979=FACE_SURFACE('',(#16984),#16980,.T.);
#16980=PLANE('',#16981);
#16981=AXIS2_PLACEMENT_3D('',#790,#16982,#16983);
#16982=DIRECTION('',(-0,0,1));
#16983=DIRECTION('',(0.9913768534068954,-0.13104172819771182,0));
#16984=FACE_BOUND('',#16985,.T.);
#16985=EDGE_LOOP('',(#16986,#16987,#16988));
#16986=ORIENTED_EDGE('',*,*,#16989,.T.);
#16987=ORIENTED_EDGE('',*,*,#16990,.T.);
#16988=ORIENTED_EDGE('',*,*,#16991,.T.);
#16989=EDGE_CURVE('',#791,#765,#16992,.F.);
#16990=EDGE_CURVE('',#765,#795,#16993,.T.);
#16991=EDGE_CURVE('',#795,#791,#16994,.T.);
#16992=LINE('',#790,#16995);
#16993=LINE('',#764,#16996);
#16994=LINE('',#794,#16997);
#16995=VECTOR('',#16998,1.0);
#16996=VECTOR('',#16999,1.0);
#16997=VECTOR('',#17000,1.0);
#16998=DIRECTION('',(0.9913768534068954,-0.13104172819771182,0));
#16999=DIRECTION('',(0,1,0));
#17000=DIRECTION('',(-1,0,0));
#17001=FACE_SURFACE('',(#17006),#17002,.T.);
#17002=PLANE('',#17003);
#17003=AXIS2_PLACEMENT_3D('',#768,#17004,#17005);
#17004=DIRECTION('',(0,0,1));
#17005=DIRECTION('',(-1,0,0));
#17006=FACE_BOUND('',#17007,.T.);
#17007=EDGE_LOOP('',(#17008,#17009,#17010));
#17008=ORIENTED_EDGE('',*,*,#17011,.T.);
#17009=ORIENTED_EDGE('',*,*,#17012,.T.);
#17010=ORIENTED_EDGE('',*,*,#17013,.T.);
#17011=EDGE_CURVE('',#769,#767,#17014,.F.);
#17012=EDGE_CURVE('',#767,#797,#17015,.T.);
#17013=EDGE_CURVE('',#797,#769,#17016,.T.);
#17014=LINE('',#768,#17017);
#17015=LINE('',#766,#17018);
#17016=LINE('',#796,#17019);
#17017=VECTOR('',#17020,1.0);
#17018=VECTOR('',#17021,1.0);
#17019=VECTOR('',#17022,1.0);
#17020=DIRECTION('',(-1,0,0));
#17021=DIRECTION('',(0.9920581739073219,-0.12577988544942212,0));
#17022=DIRECTION('',(0,1,0));
#17023=FACE_SURFACE('',(#17028),#17024,.T.);
#17024=PLANE('',#17025);
#17025=AXIS2_PLACEMENT_3D('',#796,#17026,#17027);
#17026=DIRECTION('',(0,0,1));
#17027=DIRECTION('',(-0.9920581739073219,0.12577988544942212,0));
#17028=FACE_BOUND('',#17029,.T.);
#17029=EDGE_LOOP('',(#17030,#17031,#17032));
#17030=ORIENTED_EDGE('',*,*,#17033,.T.);
#17031=ORIENTED_EDGE('',*,*,#17034,.T.);
#17032=ORIENTED_EDGE('',*,*,#17035,.T.);
#17033=EDGE_CURVE('',#797,#767,#17036,.F.);
#17034=EDGE_CURVE('',#767,#793,#17037,.T.);
#17035=EDGE_CURVE('',#793,#797,#17038,.T.);
#17036=LINE('',#796,#17039);
#17037=LINE('',#766,#17040);
#17038=LINE('',#792,#17041);
#17039=VECTOR('',#17042,1.0);
#17040=VECTOR('',#17043,1.0);
#17041=VECTOR('',#17044,1.0);
#17042=DIRECTION('',(-0.9920581739073219,0.12577988544942212,0));
#17043=DIRECTION('',(0,-1,0));
#17044=DIRECTION('',(1,0,0));
#17045=FACE_SURFACE('',(#17050),#17046,.T.);
#17046=PLANE('',#17047);
#17047=AXIS2_PLACEMENT_3D('',#772,#17048,#17049);
#17048=DIRECTION('',(-1,0,0));
#17049=DIRECTION('',(0,0,1));
#17050=FACE_BOUND('',#17051,.T.);
#17051=EDGE_LOOP('',(#17052,#17053,#17054));
#17052=ORIENTED_EDGE('',*,*,#17055,.T.);
#17053=ORIENTED_EDGE('',*,*,#17056,.T.);
#17054=ORIENTED_EDGE('',*,*,#17057,.T.);
#17055=EDGE_CURVE('',#773,#769,#17058,.F.);
#17056=EDGE_CURVE('',#769,#799,#17059,.T.);
#17057=EDGE_CURVE('',#799,#773,#17060,.T.);
#17058=LINE('',#772,#17061);
#17059=LINE('',#768,#17062);
#17060=LINE('',#798,#17063);
#17061=VECTOR('',#17064,1.0);
#17062=VECTOR('',#17065,1.0);
#17063=VECTOR('',#17066,1.0);
#17064=DIRECTION('',(0,0,1));
#17065=DIRECTION('',(0,0.9996668727623537,-0.025809755937167667));
#17066=DIRECTION('',(0,-1,0));
#17067=FACE_SURFACE('',(#17072),#17068,.T.);
#17068=PLANE('',#17069);
#17069=AXIS2_PLACEMENT_3D('',#798,#17070,#17071);
#17070=DIRECTION('',(-1,0,0));
#17071=DIRECTION('',(0,-0.9996668727623537,0.025809755937167667));
#17072=FACE_BOUND('',#17073,.T.);
#17073=EDGE_LOOP('',(#17074,#17075,#17076));
#17074=ORIENTED_EDGE('',*,*,#17077,.T.);
#17075=ORIENTED_EDGE('',*,*,#17078,.T.);
#17076=ORIENTED_EDGE('',*,*,#17079,.T.);
#17077=EDGE_CURVE('',#799,#769,#17080,.F.);
#17078=EDGE_CURVE('',#769,#801,#17081,.T.);
#17079=EDGE_CURVE('',#801,#799,#17082,.T.);
#17080=LINE('',#798,#17083);
#17081=LINE('',#768,#17084);
#17082=LINE('',#800,#17085);
#17083=VECTOR('',#17086,1.0);
#17084=VECTOR('',#17087,1.0);
#17085=VECTOR('',#17088,1.0);
#17086=DIRECTION('',(0,-0.9996668727623537,0.025809755937167667));
#17087=DIRECTION('',(0,0.9970137857218404,0.07722377276851985));
#17088=DIRECTION('',(0,0,-1));
#17089=FACE_SURFACE('',(#17094),#17090,.T.);
#17090=PLANE('',#17091);
#17091=AXIS2_PLACEMENT_3D('',#800,#17092,#17093);
#17092=DIRECTION('',(-1,-0,0));
#17093=DIRECTION('',(0,-0.9970137857218404,-0.07722377276851985));
#17094=FACE_BOUND('',#17095,.T.);
#17095=EDGE_LOOP('',(#17096,#17097,#17098));
#17096=ORIENTED_EDGE('',*,*,#17099,.T.);
#17097=ORIENTED_EDGE('',*,*,#17100,.T.);
#17098=ORIENTED_EDGE('',*,*,#17101,.T.);
#17099=EDGE_CURVE('',#801,#769,#17102,.F.);
#17100=EDGE_CURVE('',#769,#803,#17103,.T.);
#17101=EDGE_CURVE('',#803,#801,#17104,.T.);
#17102=LINE('',#800,#17105);
#17103=LINE('',#768,#17106);
#17104=LINE('',#802,#17107);
#17105=VECTOR('',#17108,1.0);
#17106=VECTOR('',#17109,1.0);
#17107=VECTOR('',#17110,1.0);
#17108=DIRECTION('',(0,-0.9970137857218404,-0.07722377276851985));
#17109=DIRECTION('',(0,-0.38928507415806823,0.9211173275092307));
#17110=DIRECTION('',(0,1,0));
#17111=FACE_SURFACE('',(#17116),#17112,.T.);
#17112=PLANE('',#17113);
#17113=AXIS2_PLACEMENT_3D('',#802,#17114,#17115);
#17114=DIRECTION('',(-1,0,0));
#17115=DIRECTION('',(0,0.38928507415806823,-0.9211173275092307));
#17116=FACE_BOUND('',#17117,.T.);
#17117=EDGE_LOOP('',(#17118,#17119,#17120));
#17118=ORIENTED_EDGE('',*,*,#17121,.T.);
#17119=ORIENTED_EDGE('',*,*,#17122,.T.);
#17120=ORIENTED_EDGE('',*,*,#17123,.T.);
#17121=EDGE_CURVE('',#803,#769,#17124,.F.);
#17122=EDGE_CURVE('',#769,#797,#17125,.T.);
#17123=EDGE_CURVE('',#797,#803,#17126,.T.);
#17124=LINE('',#802,#17127);
#17125=LINE('',#768,#17128);
#17126=LINE('',#796,#17129);
#17127=VECTOR('',#17130,1.0);
#17128=VECTOR('',#17131,1.0);
#17129=VECTOR('',#17132,1.0);
#17130=DIRECTION('',(0,0.38928507415806823,-0.9211173275092307));
#17131=DIRECTION('',(0,-1,0));
#17132=DIRECTION('',(0,0,1));
#17133=FACE_SURFACE('',(#17138),#17134,.T.);
#17134=PLANE('',#17135);
#17135=AXIS2_PLACEMENT_3D('',#796,#17136,#17137);
#17136=DIRECTION('',(0,-1,0));
#17137=DIRECTION('',(1,0,0));
#17138=FACE_BOUND('',#17139,.T.);
#17139=EDGE_LOOP('',(#17140,#17141,#17142));
#17140=ORIENTED_EDGE('',*,*,#17143,.T.);
#17141=ORIENTED_EDGE('',*,*,#17144,.T.);
#17142=ORIENTED_EDGE('',*,*,#17145,.T.);
#17143=EDGE_CURVE('',#797,#789,#17146,.F.);
#17144=EDGE_CURVE('',#789,#803,#17147,.T.);
#17145=EDGE_CURVE('',#803,#797,#17148,.T.);
#17146=LINE('',#796,#17149);
#17147=LINE('',#788,#17150);
#17148=LINE('',#802,#17151);
#17149=VECTOR('',#17152,1.0);
#17150=VECTOR('',#17153,1.0);
#17151=VECTOR('',#17154,1.0);
#17152=DIRECTION('',(1,0,0));
#17153=DIRECTION('',(-0.38928308662542954,0,0.9211181674830751));
#17154=DIRECTION('',(0,0,-1));
#17155=FACE_SURFACE('',(#17160),#17156,.T.);
#17156=PLANE('',#17157);
#17157=AXIS2_PLACEMENT_3D('',#802,#17158,#17159);
#17158=DIRECTION('',(0,-1,0));
#17159=DIRECTION('',(0.38928308662542954,0,-0.9211181674830751));
#17160=FACE_BOUND('',#17161,.T.);
#17161=EDGE_LOOP('',(#17162,#17163,#17164));
#17162=ORIENTED_EDGE('',*,*,#17165,.T.);
#17163=ORIENTED_EDGE('',*,*,#17166,.T.);
#17164=ORIENTED_EDGE('',*,*,#17167,.T.);
#17165=EDGE_CURVE('',#803,#789,#17168,.F.);
#17166=EDGE_CURVE('',#789,#805,#17169,.T.);
#17167=EDGE_CURVE('',#805,#803,#17170,.T.);
#17168=LINE('',#802,#17171);
#17169=LINE('',#788,#17172);
#17170=LINE('',#804,#17173);
#17171=VECTOR('',#17174,1.0);
#17172=VECTOR('',#17175,1.0);
#17173=VECTOR('',#17176,1.0);
#17174=DIRECTION('',(0.38928308662542954,0,-0.9211181674830751));
#17175=DIRECTION('',(0.9970137868930153,0,0.07722375764781877));
#17176=DIRECTION('',(-1,0,0));
#17177=FACE_SURFACE('',(#17182),#17178,.T.);
#17178=PLANE('',#17179);
#17179=AXIS2_PLACEMENT_3D('',#804,#17180,#17181);
#17180=DIRECTION('',(0,-1,-0));
#17181=DIRECTION('',(-0.9970137868930153,0,-0.07722375764781877));
#17182=FACE_BOUND('',#17183,.T.);
#17183=EDGE_LOOP('',(#17184,#17185,#17186));
#17184=ORIENTED_EDGE('',*,*,#17187,.T.);
#17185=ORIENTED_EDGE('',*,*,#17188,.T.);
#17186=ORIENTED_EDGE('',*,*,#17189,.T.);
#17187=EDGE_CURVE('',#805,#789,#17190,.F.);
#17188=EDGE_CURVE('',#789,#807,#17191,.T.);
#17189=EDGE_CURVE('',#807,#805,#17192,.T.);
#17190=LINE('',#804,#17193);
#17191=LINE('',#788,#17194);
#17192=LINE('',#806,#17195);
#17193=VECTOR('',#17196,1.0);
#17194=VECTOR('',#17197,1.0);
#17195=VECTOR('',#17198,1.0);
#17196=DIRECTION('',(-0.9970137868930153,0,-0.07722375764781877));
#17197=DIRECTION('',(0.9996668728935258,0,-0.025809750856590125));
#17198=DIRECTION('',(0,0,1));
#17199=FACE_SURFACE('',(#17204),#17200,.T.);
#17200=PLANE('',#17201);
#17201=AXIS2_PLACEMENT_3D('',#806,#17202,#17203);
#17202=DIRECTION('',(0,-1,0));
#17203=DIRECTION('',(-0.9996668728935258,0,0.025809750856590125));
#17204=FACE_BOUND('',#17205,.T.);
#17205=EDGE_LOOP('',(#17206,#17207,#17208));
#17206=ORIENTED_EDGE('',*,*,#17209,.T.);
#17207=ORIENTED_EDGE('',*,*,#17210,.T.);
#17208=ORIENTED_EDGE('',*,*,#17211,.T.);
#17209=EDGE_CURVE('',#807,#789,#17212,.F.);
#17210=EDGE_CURVE('',#789,#785,#17213,.T.);
#17211=EDGE_CURVE('',#785,#807,#17214,.T.);
#17212=LINE('',#806,#17215);
#17213=LINE('',#788,#17216);
#17214=LINE('',#784,#17217);
#17215=VECTOR('',#17218,1.0);
#17216=VECTOR('',#17219,1.0);
#17217=VECTOR('',#17220,1.0);
#17218=DIRECTION('',(-0.9996668728935258,0,0.025809750856590125));
#17219=DIRECTION('',(0,0,-1));
#17220=DIRECTION('',(1,0,0));
#17221=FACE_SURFACE('',(#17226),#17222,.T.);
#17222=PLANE('',#17223);
#17223=AXIS2_PLACEMENT_3D('',#808,#17224,#17225);
#17224=DIRECTION('',(0,1,-0));
#17225=DIRECTION('',(-1,0,0));
#17226=FACE_BOUND('',#17227,.T.);
#17227=EDGE_LOOP('',(#17228,#17229,#17230));
#17228=ORIENTED_EDGE('',*,*,#17231,.T.);
#17229=ORIENTED_EDGE('',*,*,#17232,.T.);
#17230=ORIENTED_EDGE('',*,*,#17233,.T.);
#17231=EDGE_CURVE('',#809,#799,#17234,.F.);
#17232=EDGE_CURVE('',#799,#811,#17235,.T.);
#17233=EDGE_CURVE('',#811,#809,#17236,.T.);
#17234=LINE('',#808,#17237);
#17235=LINE('',#798,#17238);
#17236=LINE('',#810,#17239);
#17237=VECTOR('',#17240,1.0);
#17238=VECTOR('',#17241,1.0);
#17239=VECTOR('',#17242,1.0);
#17240=DIRECTION('',(-1,0,0));
#17241=DIRECTION('',(0.9950371902099892,0,0.09950371902099892));
#17242=DIRECTION('',(0,0,-1));
#17243=FACE_SURFACE('',(#17248),#17244,.T.);
#17244=PLANE('',#17245);
#17245=AXIS2_PLACEMENT_3D('',#810,#17246,#17247);
#17246=DIRECTION('',(0,1,0));
#17247=DIRECTION('',(-0.9950371902099892,0,-0.09950371902099892));
#17248=FACE_BOUND('',#17249,.T.);
#17249=EDGE_LOOP('',(#17250,#17251,#17252));
#17250=ORIENTED_EDGE('',*,*,#17253,.T.);
#17251=ORIENTED_EDGE('',*,*,#17254,.T.);
#17252=ORIENTED_EDGE('',*,*,#17255,.T.);
#17253=EDGE_CURVE('',#811,#799,#17256,.F.);
#17254=EDGE_CURVE('',#799,#801,#17257,.T.);
#17255=EDGE_CURVE('',#801,#811,#17258,.T.);
#17256=LINE('',#810,#17259);
#17257=LINE('',#798,#17260);
#17258=LINE('',#800,#17261);
#17259=VECTOR('',#17262,1.0);
#17260=VECTOR('',#17263,1.0);
#17261=VECTOR('',#17264,1.0);
#17262=DIRECTION('',(-0.9950371902099892,0,-0.09950371902099892));
#17263=DIRECTION('',(0,0,1));
#17264=DIRECTION('',(1,0,0));
#17265=FACE_SURFACE('',(#17270),#17266,.T.);
#17266=PLANE('',#17267);
#17267=AXIS2_PLACEMENT_3D('',#806,#17268,#17269);
#17268=DIRECTION('',(1,0,0));
#17269=DIRECTION('',(0,1,0));
#17270=FACE_BOUND('',#17271,.T.);
#17271=EDGE_LOOP('',(#17272,#17273,#17274));
#17272=ORIENTED_EDGE('',*,*,#17275,.T.);
#17273=ORIENTED_EDGE('',*,*,#17276,.T.);
#17274=ORIENTED_EDGE('',*,*,#17277,.T.);
#17275=EDGE_CURVE('',#807,#809,#17278,.F.);
#17276=EDGE_CURVE('',#809,#805,#17279,.T.);
#17277=EDGE_CURVE('',#805,#807,#17280,.T.);
#17278=LINE('',#806,#17281);
#17279=LINE('',#808,#17282);
#17280=LINE('',#804,#17283);
#17281=VECTOR('',#17284,1.0);
#17282=VECTOR('',#17285,1.0);
#17283=VECTOR('',#17286,1.0);
#17284=DIRECTION('',(0,1,0));
#17285=DIRECTION('',(0,-0.9950371902099892,0.09950371902099892));
#17286=DIRECTION('',(0,0,-1));
#17287=FACE_SURFACE('',(#17292),#17288,.T.);
#17288=PLANE('',#17289);
#17289=AXIS2_PLACEMENT_3D('',#804,#17290,#17291);
#17290=DIRECTION('',(1,-0,0));
#17291=DIRECTION('',(0,0.9950371902099892,-0.09950371902099892));
#17292=FACE_BOUND('',#17293,.T.);
#17293=EDGE_LOOP('',(#17294,#17295,#17296));
#17294=ORIENTED_EDGE('',*,*,#17297,.T.);
#17295=ORIENTED_EDGE('',*,*,#17298,.T.);
#17296=ORIENTED_EDGE('',*,*,#17299,.T.);
#17297=EDGE_CURVE('',#805,#809,#17300,.F.);
#17298=EDGE_CURVE('',#809,#811,#17301,.T.);
#17299=EDGE_CURVE('',#811,#805,#17302,.T.);
#17300=LINE('',#804,#17303);
#17301=LINE('',#808,#17304);
#17302=LINE('',#810,#17305);
#17303=VECTOR('',#17306,1.0);
#17304=VECTOR('',#17307,1.0);
#17305=VECTOR('',#17308,1.0);
#17306=DIRECTION('',(0,0.9950371902099892,-0.09950371902099892));
#17307=DIRECTION('',(0,0,1));
#17308=DIRECTION('',(0,-1,0));
#17309=FACE_SURFACE('',(#17314),#17310,.T.);
#17310=PLANE('',#17311);
#17311=AXIS2_PLACEMENT_3D('',#802,#17312,#17313);
#17312=DIRECTION('',(0,0,1));
#17313=DIRECTION('',(1,0,0));
#17314=FACE_BOUND('',#17315,.T.);
#17315=EDGE_LOOP('',(#17316,#17317,#17318));
#17316=ORIENTED_EDGE('',*,*,#17319,.T.);
#17317=ORIENTED_EDGE('',*,*,#17320,.T.);
#17318=ORIENTED_EDGE('',*,*,#17321,.T.);
#17319=EDGE_CURVE('',#803,#805,#17322,.F.);
#17320=EDGE_CURVE('',#805,#801,#17323,.T.);
#17321=EDGE_CURVE('',#801,#803,#17324,.T.);
#17322=LINE('',#802,#17325);
#17323=LINE('',#804,#17326);
#17324=LINE('',#800,#17327);
#17325=VECTOR('',#17328,1.0);
#17326=VECTOR('',#17329,1.0);
#17327=VECTOR('',#17330,1.0);
#17328=DIRECTION('',(1,0,0));
#17329=DIRECTION('',(-0.7071067811865475,0.7071067811865475,0));
#17330=DIRECTION('',(0,-1,0));
#17331=FACE_SURFACE('',(#17336),#17332,.T.);
#17332=PLANE('',#17333);
#17333=AXIS2_PLACEMENT_3D('',#800,#17334,#17335);
#17334=DIRECTION('',(-0,0,1));
#17335=DIRECTION('',(0.7071067811865475,-0.7071067811865475,0));
#17336=FACE_BOUND('',#17337,.T.);
#17337=EDGE_LOOP('',(#17338,#17339,#17340));
#17338=ORIENTED_EDGE('',*,*,#17341,.T.);
#17339=ORIENTED_EDGE('',*,*,#17342,.T.);
#17340=ORIENTED_EDGE('',*,*,#17343,.T.);
#17341=EDGE_CURVE('',#801,#805,#17344,.F.);
#17342=EDGE_CURVE('',#805,#811,#17345,.T.);
#17343=EDGE_CURVE('',#811,#801,#17346,.T.);
#17344=LINE('',#800,#17347);
#17345=LINE('',#804,#17348);
#17346=LINE('',#810,#17349);
#17347=VECTOR('',#17350,1.0);
#17348=VECTOR('',#17351,1.0);
#17349=VECTOR('',#17352,1.0);
#17350=DIRECTION('',(0.7071067811865475,-0.7071067811865475,0));
#17351=DIRECTION('',(0,1,0));
#17352=DIRECTION('',(-1,0,0));
#17353=FACE_SURFACE('',(#17358),#17354,.T.);
#17354=PLANE('',#17355);
#17355=AXIS2_PLACEMENT_3D('',#782,#17356,#17357);
#17356=DIRECTION('',(0,1,0));
#17357=DIRECTION('',(0,0,1));
#17358=FACE_BOUND('',#17359,.T.);
#17359=EDGE_LOOP('',(#17360,#17361,#17362));
#17360=ORIENTED_EDGE('',*,*,#17363,.T.);
#17361=ORIENTED_EDGE('',*,*,#17364,.T.);
#17362=ORIENTED_EDGE('',*,*,#17365,.T.);
#17363=EDGE_CURVE('',#783,#787,#17366,.F.);
#17364=EDGE_CURVE('',#787,#813,#17367,.T.);
#17365=EDGE_CURVE('',#813,#783,#17368,.T.);
#17366=LINE('',#782,#17369);
#17367=LINE('',#786,#17370);
#17368=LINE('',#812,#17371);
#17369=VECTOR('',#17372,1.0);
#17370=VECTOR('',#17373,1.0);
#17371=VECTOR('',#17374,1.0);
#17372=DIRECTION('',(0,0,1));
#17373=DIRECTION('',(0.9996668728935258,0,-0.025809750856590125));
#17374=DIRECTION('',(-1,0,0));
#17375=FACE_SURFACE('',(#17380),#17376,.T.);
#17376=PLANE('',#17377);
#17377=AXIS2_PLACEMENT_3D('',#812,#17378,#17379);
#17378=DIRECTION('',(0,1,-0));
#17379=DIRECTION('',(-0.9996668728935258,0,0.025809750856590125));
#17380=FACE_BOUND('',#17381,.T.);
#17381=EDGE_LOOP('',(#17382,#17383,#17384));
#17382=ORIENTED_EDGE('',*,*,#17385,.T.);
#17383=ORIENTED_EDGE('',*,*,#17386,.T.);
#17384=ORIENTED_EDGE('',*,*,#17387,.T.);
#17385=EDGE_CURVE('',#813,#787,#17388,.F.);
#17386=EDGE_CURVE('',#787,#815,#17389,.T.);
#17387=EDGE_CURVE('',#815,#813,#17390,.T.);
#17388=LINE('',#812,#17391);
#17389=LINE('',#786,#17392);
#17390=LINE('',#814,#17393);
#17391=VECTOR('',#17394,1.0);
#17392=VECTOR('',#17395,1.0);
#17393=VECTOR('',#17396,1.0);
#17394=DIRECTION('',(-0.9996668728935258,0,0.025809750856590125));
#17395=DIRECTION('',(0.9970137868930153,0,0.07722375764781877));
#17396=DIRECTION('',(0,0,-1));
#17397=FACE_SURFACE('',(#17402),#17398,.T.);
#17398=PLANE('',#17399);
#17399=AXIS2_PLACEMENT_3D('',#814,#17400,#17401);
#17400=DIRECTION('',(0,1,0));
#17401=DIRECTION('',(-0.9970137868930153,0,-0.07722375764781877));
#17402=FACE_BOUND('',#17403,.T.);
#17403=EDGE_LOOP('',(#17404,#17405,#17406));
#17404=ORIENTED_EDGE('',*,*,#17407,.T.);
#17405=ORIENTED_EDGE('',*,*,#17408,.T.);
#17406=ORIENTED_EDGE('',*,*,#17409,.T.);
#17407=EDGE_CURVE('',#815,#787,#17410,.F.);
#17408=EDGE_CURVE('',#787,#817,#17411,.T.);
#17409=EDGE_CURVE('',#817,#815,#17412,.T.);
#17410=LINE('',#814,#17413);
#17411=LINE('',#786,#17414);
#17412=LINE('',#816,#17415);
#17413=VECTOR('',#17416,1.0);
#17414=VECTOR('',#17417,1.0);
#17415=VECTOR('',#17418,1.0);
#17416=DIRECTION('',(-0.9970137868930153,0,-0.07722375764781877));
#17417=DIRECTION('',(-0.38928308662542954,0,0.9211181674830751));
#17418=DIRECTION('',(1,0,0));
#17419=FACE_SURFACE('',(#17424),#17420,.T.);
#17420=PLANE('',#17421);
#17421=AXIS2_PLACEMENT_3D('',#816,#17422,#17423);
#17422=DIRECTION('',(0,1,0));
#17423=DIRECTION('',(0.38928308662542954,0,-0.9211181674830751));
#17424=FACE_BOUND('',#17425,.T.);
#17425=EDGE_LOOP('',(#17426,#17427,#17428));
#17426=ORIENTED_EDGE('',*,*,#17429,.T.);
#17427=ORIENTED_EDGE('',*,*,#17430,.T.);
#17428=ORIENTED_EDGE('',*,*,#17431,.T.);
#17429=EDGE_CURVE('',#817,#787,#17432,.F.);
#17430=EDGE_CURVE('',#787,#795,#17433,.T.);
#17431=EDGE_CURVE('',#795,#817,#17434,.T.);
#17432=LINE('',#816,#17435);
#17433=LINE('',#786,#17436);
#17434=LINE('',#794,#17437);
#17435=VECTOR('',#17438,1.0);
#17436=VECTOR('',#17439,1.0);
#17437=VECTOR('',#17440,1.0);
#17438=DIRECTION('',(0.38928308662542954,0,-0.9211181674830751));
#17439=DIRECTION('',(-1,0,0));
#17440=DIRECTION('',(0,0,1));
#17441=FACE_SURFACE('',(#17446),#17442,.T.);
#17442=PLANE('',#17443);
#17443=AXIS2_PLACEMENT_3D('',#794,#17444,#17445);
#17444=DIRECTION('',(-1,0,0));
#17445=DIRECTION('',(0,-1,0));
#17446=FACE_BOUND('',#17447,.T.);
#17447=EDGE_LOOP('',(#17448,#17449,#17450));
#17448=ORIENTED_EDGE('',*,*,#17451,.T.);
#17449=ORIENTED_EDGE('',*,*,#17452,.T.);
#17450=ORIENTED_EDGE('',*,*,#17453,.T.);
#17451=EDGE_CURVE('',#795,#765,#17454,.F.);
#17452=EDGE_CURVE('',#765,#817,#17455,.T.);
#17453=EDGE_CURVE('',#817,#795,#17456,.T.);
#17454=LINE('',#794,#17457);
#17455=LINE('',#764,#17458);
#17456=LINE('',#816,#17459);
#17457=VECTOR('',#17460,1.0);
#17458=VECTOR('',#17461,1.0);
#17459=VECTOR('',#17462,1.0);
#17460=DIRECTION('',(0,-1,0));
#17461=DIRECTION('',(0,0.403202530106191,0.9151107690962696));
#17462=DIRECTION('',(0,0,-1));
#17463=FACE_SURFACE('',(#17468),#17464,.T.);
#17464=PLANE('',#17465);
#17465=AXIS2_PLACEMENT_3D('',#816,#17466,#17467);
#17466=DIRECTION('',(-1,-0,0));
#17467=DIRECTION('',(0,-0.403202530106191,-0.9151107690962696));
#17468=FACE_BOUND('',#17469,.T.);
#17469=EDGE_LOOP('',(#17470,#17471,#17472));
#17470=ORIENTED_EDGE('',*,*,#17473,.T.);
#17471=ORIENTED_EDGE('',*,*,#17474,.T.);
#17472=ORIENTED_EDGE('',*,*,#17475,.T.);
#17473=EDGE_CURVE('',#817,#765,#17476,.F.);
#17474=EDGE_CURVE('',#765,#819,#17477,.T.);
#17475=EDGE_CURVE('',#819,#817,#17478,.T.);
#17476=LINE('',#816,#17479);
#17477=LINE('',#764,#17480);
#17478=LINE('',#818,#17481);
#17479=VECTOR('',#17482,1.0);
#17480=VECTOR('',#17483,1.0);
#17481=VECTOR('',#17484,1.0);
#17482=DIRECTION('',(0,-0.403202530106191,-0.9151107690962696));
#17483=DIRECTION('',(0,-0.9970054871115891,0.07733083905779865));
#17484=DIRECTION('',(0,1,0));
#17485=FACE_SURFACE('',(#17490),#17486,.T.);
#17486=PLANE('',#17487);
#17487=AXIS2_PLACEMENT_3D('',#818,#17488,#17489);
#17488=DIRECTION('',(-1,0,0));
#17489=DIRECTION('',(0,0.9970054871115891,-0.07733083905779865));
#17490=FACE_BOUND('',#17491,.T.);
#17491=EDGE_LOOP('',(#17492,#17493,#17494));
#17492=ORIENTED_EDGE('',*,*,#17495,.T.);
#17493=ORIENTED_EDGE('',*,*,#17496,.T.);
#17494=ORIENTED_EDGE('',*,*,#17497,.T.);
#17495=EDGE_CURVE('',#819,#765,#17498,.F.);
#17496=EDGE_CURVE('',#765,#821,#17499,.T.);
#17497=EDGE_CURVE('',#821,#819,#17500,.T.);
#17498=LINE('',#818,#17501);
#17499=LINE('',#764,#17502);
#17500=LINE('',#820,#17503);
#17501=VECTOR('',#17504,1.0);
#17502=VECTOR('',#17505,1.0);
#17503=VECTOR('',#17506,1.0);
#17504=DIRECTION('',(0,0.9970054871115891,-0.07733083905779865));
#17505=DIRECTION('',(0,-0.9996659433036749,-0.025845730764945677));
#17506=DIRECTION('',(0,0,1));
#17507=FACE_SURFACE('',(#17512),#17508,.T.);
#17508=PLANE('',#17509);
#17509=AXIS2_PLACEMENT_3D('',#820,#17510,#17511);
#17510=DIRECTION('',(-1,0,0));
#17511=DIRECTION('',(0,0.9996659433036749,0.025845730764945677));
#17512=FACE_BOUND('',#17513,.T.);
#17513=EDGE_LOOP('',(#17514,#17515,#17516));
#17514=ORIENTED_EDGE('',*,*,#17517,.T.);
#17515=ORIENTED_EDGE('',*,*,#17518,.T.);
#17516=ORIENTED_EDGE('',*,*,#17519,.T.);
#17517=EDGE_CURVE('',#821,#765,#17520,.F.);
#17518=EDGE_CURVE('',#765,#761,#17521,.T.);
#17519=EDGE_CURVE('',#761,#821,#17522,.T.);
#17520=LINE('',#820,#17523);
#17521=LINE('',#764,#17524);
#17522=LINE('',#760,#17525);
#17523=VECTOR('',#17526,1.0);
#17524=VECTOR('',#17527,1.0);
#17525=VECTOR('',#17528,1.0);
#17526=DIRECTION('',(0,0.9996659433036749,0.025845730764945677));
#17527=DIRECTION('',(0,0,-1));
#17528=DIRECTION('',(0,-1,0));
#17529=FACE_SURFACE('',(#17534),#17530,.T.);
#17530=PLANE('',#17531);
#17531=AXIS2_PLACEMENT_3D('',#48,#17532,#17533);
#17532=DIRECTION('',(1,0,0));
#17533=DIRECTION('',(0,1,0));
#17534=FACE_BOUND('',#17535,.T.);
#17535=EDGE_LOOP('',(#17536,#17537,#17538));
#17536=ORIENTED_EDGE('',*,*,#17539,.T.);
#17537=ORIENTED_EDGE('',*,*,#17540,.T.);
#17538=ORIENTED_EDGE('',*,*,#17541,.T.);
#17539=EDGE_CURVE('',#49,#813,#17542,.F.);
#17540=EDGE_CURVE('',#813,#51,#17543,.T.);
#17541=EDGE_CURVE('',#51,#49,#17544,.T.);
#17542=LINE('',#48,#17545);
#17543=LINE('',#812,#17546);
#17544=LINE('',#50,#17547);
#17545=VECTOR('',#17548,1.0);
#17546=VECTOR('',#17549,1.0);
#17547=VECTOR('',#17550,1.0);
#17548=DIRECTION('',(0,1,0));
#17549=DIRECTION('',(0,-0.9996876464081228,0.02499219116020307));
#17550=DIRECTION('',(0,0,-1));
#17551=FACE_SURFACE('',(#17556),#17552,.T.);
#17552=PLANE('',#17553);
#17553=AXIS2_PLACEMENT_3D('',#50,#17554,#17555);
#17554=DIRECTION('',(1,-0,0));
#17555=DIRECTION('',(0,0.9996876464081228,-0.02499219116020307));
#17556=FACE_BOUND('',#17557,.T.);
#17557=EDGE_LOOP('',(#17558,#17559,#17560));
#17558=ORIENTED_EDGE('',*,*,#17561,.T.);
#17559=ORIENTED_EDGE('',*,*,#17562,.T.);
#17560=ORIENTED_EDGE('',*,*,#17563,.T.);
#17561=EDGE_CURVE('',#51,#813,#17564,.F.);
#17562=EDGE_CURVE('',#813,#815,#17565,.T.);
#17563=EDGE_CURVE('',#815,#51,#17566,.T.);
#17564=LINE('',#50,#17567);
#17565=LINE('',#812,#17568);
#17566=LINE('',#814,#17569);
#17567=VECTOR('',#17570,1.0);
#17568=VECTOR('',#17571,1.0);
#17569=VECTOR('',#17572,1.0);
#17570=DIRECTION('',(0,0.9996876464081228,-0.02499219116020307));
#17571=DIRECTION('',(0,0,1));
#17572=DIRECTION('',(0,-0.9971993098884563,-0.07478994824163422));
#17573=FACE_SURFACE('',(#17578),#17574,.T.);
#17574=PLANE('',#17575);
#17575=AXIS2_PLACEMENT_3D('',#50,#17576,#17577);
#17576=DIRECTION('',(1,0,0));
#17577=DIRECTION('',(0,0.9971993098884563,0.07478994824163422));
#17578=FACE_BOUND('',#17579,.T.);
#17579=EDGE_LOOP('',(#17580,#17581,#17582));
#17580=ORIENTED_EDGE('',*,*,#17583,.T.);
#17581=ORIENTED_EDGE('',*,*,#17584,.T.);
#17582=ORIENTED_EDGE('',*,*,#17585,.T.);
#17583=EDGE_CURVE('',#51,#815,#17586,.F.);
#17584=EDGE_CURVE('',#815,#823,#17587,.T.);
#17585=EDGE_CURVE('',#823,#51,#17588,.T.);
#17586=LINE('',#50,#17589);
#17587=LINE('',#814,#17590);
#17588=LINE('',#822,#17591);
#17589=VECTOR('',#17592,1.0);
#17590=VECTOR('',#17593,1.0);
#17591=VECTOR('',#17594,1.0);
#17592=DIRECTION('',(0,0.9971993098884563,0.07478994824163422));
#17593=DIRECTION('',(0,-1,0));
#17594=DIRECTION('',(0,0,-1));
#17595=FACE_SURFACE('',(#17600),#17596,.T.);
#17596=PLANE('',#17597);
#17597=AXIS2_PLACEMENT_3D('',#48,#17598,#17599);
#17598=DIRECTION('',(0,-1,0));
#17599=DIRECTION('',(0,0,1));
#17600=FACE_BOUND('',#17601,.T.);
#17601=EDGE_LOOP('',(#17602,#17603,#17604));
#17602=ORIENTED_EDGE('',*,*,#17605,.T.);
#17603=ORIENTED_EDGE('',*,*,#17606,.T.);
#17604=ORIENTED_EDGE('',*,*,#17607,.T.);
#17605=EDGE_CURVE('',#49,#51,#17608,.F.);
#17606=EDGE_CURVE('',#51,#821,#17609,.T.);
#17607=EDGE_CURVE('',#821,#49,#17610,.T.);
#17608=LINE('',#48,#17611);
#17609=LINE('',#50,#17612);
#17610=LINE('',#820,#17613);
#17611=VECTOR('',#17614,1.0);
#17612=VECTOR('',#17615,1.0);
#17613=VECTOR('',#17616,1.0);
#17614=DIRECTION('',(0,0,1));
#17615=DIRECTION('',(-0.9996876464081228,0,-0.02499219116020307));
#17616=DIRECTION('',(1,0,0));
#17617=FACE_SURFACE('',(#17622),#17618,.T.);
#17618=PLANE('',#17619);
#17619=AXIS2_PLACEMENT_3D('',#820,#17620,#17621);
#17620=DIRECTION('',(0,-1,0));
#17621=DIRECTION('',(0.9996876464081228,0,0.02499219116020307));
#17622=FACE_BOUND('',#17623,.T.);
#17623=EDGE_LOOP('',(#17624,#17625,#17626));
#17624=ORIENTED_EDGE('',*,*,#17627,.T.);
#17625=ORIENTED_EDGE('',*,*,#17628,.T.);
#17626=ORIENTED_EDGE('',*,*,#17629,.T.);
#17627=EDGE_CURVE('',#821,#51,#17630,.F.);
#17628=EDGE_CURVE('',#51,#819,#17631,.T.);
#17629=EDGE_CURVE('',#819,#821,#17632,.T.);
#17630=LINE('',#820,#17633);
#17631=LINE('',#50,#17634);
#17632=LINE('',#818,#17635);
#17633=VECTOR('',#17636,1.0);
#17634=VECTOR('',#17637,1.0);
#17635=VECTOR('',#17638,1.0);
#17636=DIRECTION('',(0.9996876464081228,0,0.02499219116020307));
#17637=DIRECTION('',(-0.9971993098884563,0,0.07478994824163422));
#17638=DIRECTION('',(0,0,-1));
#17639=FACE_SURFACE('',(#17644),#17640,.T.);
#17640=PLANE('',#17641);
#17641=AXIS2_PLACEMENT_3D('',#818,#17642,#17643);
#17642=DIRECTION('',(0,-1,0));
#17643=DIRECTION('',(0.9971993098884563,0,-0.07478994824163422));
#17644=FACE_BOUND('',#17645,.T.);
#17645=EDGE_LOOP('',(#17646,#17647,#17648));
#17646=ORIENTED_EDGE('',*,*,#17649,.T.);
#17647=ORIENTED_EDGE('',*,*,#17650,.T.);
#17648=ORIENTED_EDGE('',*,*,#17651,.T.);
#17649=EDGE_CURVE('',#819,#51,#17652,.F.);
#17650=EDGE_CURVE('',#51,#823,#17653,.T.);
#17651=EDGE_CURVE('',#823,#819,#17654,.T.);
#17652=LINE('',#818,#17655);
#17653=LINE('',#50,#17656);
#17654=LINE('',#822,#17657);
#17655=VECTOR('',#17658,1.0);
#17656=VECTOR('',#17659,1.0);
#17657=VECTOR('',#17660,1.0);
#17658=DIRECTION('',(0.9971993098884563,0,-0.07478994824163422));
#17659=DIRECTION('',(0,0,1));
#17660=DIRECTION('',(-1,0,0));
#17661=FACE_SURFACE('',(#17666),#17662,.T.);
#17662=PLANE('',#17663);
#17663=AXIS2_PLACEMENT_3D('',#818,#17664,#17665);
#17664=DIRECTION('',(0,0,1));
#17665=DIRECTION('',(1,0,0));
#17666=FACE_BOUND('',#17667,.T.);
#17667=EDGE_LOOP('',(#17668,#17669,#17670));
#17668=ORIENTED_EDGE('',*,*,#17671,.T.);
#17669=ORIENTED_EDGE('',*,*,#17672,.T.);
#17670=ORIENTED_EDGE('',*,*,#17673,.T.);
#17671=EDGE_CURVE('',#819,#823,#17674,.F.);
#17672=EDGE_CURVE('',#823,#817,#17675,.T.);
#17673=EDGE_CURVE('',#817,#819,#17676,.T.);
#17674=LINE('',#818,#17677);
#17675=LINE('',#822,#17678);
#17676=LINE('',#816,#17679);
#17677=VECTOR('',#17680,1.0);
#17678=VECTOR('',#17681,1.0);
#17679=VECTOR('',#17682,1.0);
#17680=DIRECTION('',(1,0,0));
#17681=DIRECTION('',(-0.7071067811865475,0.7071067811865475,0));
#17682=DIRECTION('',(0,-1,0));
#17683=FACE_SURFACE('',(#17688),#17684,.T.);
#17684=PLANE('',#17685);
#17685=AXIS2_PLACEMENT_3D('',#816,#17686,#17687);
#17686=DIRECTION('',(-0,0,1));
#17687=DIRECTION('',(0.7071067811865475,-0.7071067811865475,0));
#17688=FACE_BOUND('',#17689,.T.);
#17689=EDGE_LOOP('',(#17690,#17691,#17692));
#17690=ORIENTED_EDGE('',*,*,#17693,.T.);
#17691=ORIENTED_EDGE('',*,*,#17694,.T.);
#17692=ORIENTED_EDGE('',*,*,#17695,.T.);
#17693=EDGE_CURVE('',#817,#823,#17696,.F.);
#17694=EDGE_CURVE('',#823,#815,#17697,.T.);
#17695=EDGE_CURVE('',#815,#817,#17698,.T.);
#17696=LINE('',#816,#17699);
#17697=LINE('',#822,#17700);
#17698=LINE('',#814,#17701);
#17699=VECTOR('',#17702,1.0);
#17700=VECTOR('',#17703,1.0);
#17701=VECTOR('',#17704,1.0);
#17702=DIRECTION('',(0.7071067811865475,-0.7071067811865475,0));
#17703=DIRECTION('',(0,1,0));
#17704=DIRECTION('',(-1,0,0));
#17705=FACE_SURFACE('',(#17710),#17706,.T.);
#17706=PLANE('',#17707);
#17707=AXIS2_PLACEMENT_3D('',#824,#17708,#17709);
#17708=DIRECTION('',(-1,0,0));
#17709=DIRECTION('',(0,-1,0));
#17710=FACE_BOUND('',#17711,.T.);
#17711=EDGE_LOOP('',(#17712,#17713,#17714));
#17712=ORIENTED_EDGE('',*,*,#17715,.T.);
#17713=ORIENTED_EDGE('',*,*,#17716,.T.);
#17714=ORIENTED_EDGE('',*,*,#17717,.T.);
#17715=EDGE_CURVE('',#825,#827,#17718,.F.);
#17716=EDGE_CURVE('',#827,#829,#17719,.T.);
#17717=EDGE_CURVE('',#829,#825,#17720,.T.);
#17718=LINE('',#824,#17721);
#17719=LINE('',#826,#17722);
#17720=LINE('',#828,#17723);
#17721=VECTOR('',#17724,1.0);
#17722=VECTOR('',#17725,1.0);
#17723=VECTOR('',#17726,1.0);
#17724=DIRECTION('',(0,-1,0));
#17725=DIRECTION('',(0,0.9950371902099892,0.09950371902099892));
#17726=DIRECTION('',(0,0,-1));
#17727=FACE_SURFACE('',(#17732),#17728,.T.);
#17728=PLANE('',#17729);
#17729=AXIS2_PLACEMENT_3D('',#828,#17730,#17731);
#17730=DIRECTION('',(-1,-0,0));
#17731=DIRECTION('',(0,-0.9950371902099892,-0.09950371902099892));
#17732=FACE_BOUND('',#17733,.T.);
#17733=EDGE_LOOP('',(#17734,#17735,#17736));
#17734=ORIENTED_EDGE('',*,*,#17737,.T.);
#17735=ORIENTED_EDGE('',*,*,#17738,.T.);
#17736=ORIENTED_EDGE('',*,*,#17739,.T.);
#17737=EDGE_CURVE('',#829,#827,#17740,.F.);
#17738=EDGE_CURVE('',#827,#831,#17741,.T.);
#17739=EDGE_CURVE('',#831,#829,#17742,.T.);
#17740=LINE('',#828,#17743);
#17741=LINE('',#826,#17744);
#17742=LINE('',#830,#17745);
#17743=VECTOR('',#17746,1.0);
#17744=VECTOR('',#17747,1.0);
#17745=VECTOR('',#17748,1.0);
#17746=DIRECTION('',(0,-0.9950371902099892,-0.09950371902099892));
#17747=DIRECTION('',(0,0,1));
#17748=DIRECTION('',(0,1,0));
#17749=FACE_SURFACE('',(#17754),#17750,.T.);
#17750=PLANE('',#17751);
#17751=AXIS2_PLACEMENT_3D('',#776,#17752,#17753);
#17752=DIRECTION('',(0,1,-0));
#17753=DIRECTION('',(-1,0,0));
#17754=FACE_BOUND('',#17755,.T.);
#17755=EDGE_LOOP('',(#17756,#17757,#17758));
#17756=ORIENTED_EDGE('',*,*,#17759,.T.);
#17757=ORIENTED_EDGE('',*,*,#17760,.T.);
#17758=ORIENTED_EDGE('',*,*,#17761,.T.);
#17759=EDGE_CURVE('',#777,#825,#17762,.F.);
#17760=EDGE_CURVE('',#825,#781,#17763,.T.);
#17761=EDGE_CURVE('',#781,#777,#17764,.T.);
#17762=LINE('',#776,#17765);
#17763=LINE('',#824,#17766);
#17764=LINE('',#780,#17767);
#17765=VECTOR('',#17768,1.0);
#17766=VECTOR('',#17769,1.0);
#17767=VECTOR('',#17770,1.0);
#17768=DIRECTION('',(-1,0,0));
#17769=DIRECTION('',(0.9996710080278667,0,0.02564908786972128));
#17770=DIRECTION('',(0,0,-1));
#17771=FACE_SURFACE('',(#17776),#17772,.T.);
#17772=PLANE('',#17773);
#17773=AXIS2_PLACEMENT_3D('',#780,#17774,#17775);
#17774=DIRECTION('',(0,1,0));
#17775=DIRECTION('',(-0.9996710080278667,0,-0.02564908786972128));
#17776=FACE_BOUND('',#17777,.T.);
#17777=EDGE_LOOP('',(#17778,#17779,#17780));
#17778=ORIENTED_EDGE('',*,*,#17781,.T.);
#17779=ORIENTED_EDGE('',*,*,#17782,.T.);
#17780=ORIENTED_EDGE('',*,*,#17783,.T.);
#17781=EDGE_CURVE('',#781,#825,#17784,.F.);
#17782=EDGE_CURVE('',#825,#829,#17785,.T.);
#17783=EDGE_CURVE('',#829,#781,#17786,.T.);
#17784=LINE('',#780,#17787);
#17785=LINE('',#824,#17788);
#17786=LINE('',#828,#17789);
#17787=VECTOR('',#17790,1.0);
#17788=VECTOR('',#17791,1.0);
#17789=VECTOR('',#17792,1.0);
#17790=DIRECTION('',(-0.9996710080278667,0,-0.02564908786972128));
#17791=DIRECTION('',(0,0,1));
#17792=DIRECTION('',(0.9970507093975198,0,-0.07674557244494593));
#17793=FACE_SURFACE('',(#17798),#17794,.T.);
#17794=PLANE('',#17795);
#17795=AXIS2_PLACEMENT_3D('',#780,#17796,#17797);
#17796=DIRECTION('',(0,1,-0));
#17797=DIRECTION('',(-0.9970507093975198,0,0.07674557244494593));
#17798=FACE_BOUND('',#17799,.T.);
#17799=EDGE_LOOP('',(#17800,#17801,#17802));
#17800=ORIENTED_EDGE('',*,*,#17803,.T.);
#17801=ORIENTED_EDGE('',*,*,#17804,.T.);
#17802=ORIENTED_EDGE('',*,*,#17805,.T.);
#17803=EDGE_CURVE('',#781,#829,#17806,.F.);
#17804=EDGE_CURVE('',#829,#833,#17807,.T.);
#17805=EDGE_CURVE('',#833,#781,#17808,.T.);
#17806=LINE('',#780,#17809);
#17807=LINE('',#828,#17810);
#17808=LINE('',#832,#17811);
#17809=VECTOR('',#17812,1.0);
#17810=VECTOR('',#17813,1.0);
#17811=VECTOR('',#17814,1.0);
#17812=DIRECTION('',(-0.9970507093975198,0,0.07674557244494593));
#17813=DIRECTION('',(1,0,0));
#17814=DIRECTION('',(-0.32334023490250097,0,-0.9462827761790846));
#17815=FACE_SURFACE('',(#17820),#17816,.T.);
#17816=PLANE('',#17817);
#17817=AXIS2_PLACEMENT_3D('',#832,#17818,#17819);
#17818=DIRECTION('',(0,1,0));
#17819=DIRECTION('',(0,0,-1));
#17820=FACE_BOUND('',#17821,.T.);
#17821=EDGE_LOOP('',(#17822,#17823,#17824));
#17822=ORIENTED_EDGE('',*,*,#17825,.T.);
#17823=ORIENTED_EDGE('',*,*,#17826,.T.);
#17824=ORIENTED_EDGE('',*,*,#17827,.T.);
#17825=EDGE_CURVE('',#833,#791,#17828,.F.);
#17826=EDGE_CURVE('',#791,#781,#17829,.T.);
#17827=EDGE_CURVE('',#781,#833,#17830,.T.);
#17828=LINE('',#832,#17831);
#17829=LINE('',#790,#17832);
#17830=LINE('',#780,#17833);
#17831=VECTOR('',#17834,1.0);
#17832=VECTOR('',#17835,1.0);
#17833=VECTOR('',#17836,1.0);
#17834=DIRECTION('',(0,0,-1));
#17835=DIRECTION('',(-1,0,0));
#17836=DIRECTION('',(0.32334023490250097,0,0.9462827761790846));
#17837=FACE_SURFACE('',(#17842),#17838,.T.);
#17838=PLANE('',#17839);
#17839=AXIS2_PLACEMENT_3D('',#790,#17840,#17841);
#17840=DIRECTION('',(1,0,-0));
#17841=DIRECTION('',(0,0,1));
#17842=FACE_BOUND('',#17843,.T.);
#17843=EDGE_LOOP('',(#17844,#17845,#17846));
#17844=ORIENTED_EDGE('',*,*,#17847,.T.);
#17845=ORIENTED_EDGE('',*,*,#17848,.T.);
#17846=ORIENTED_EDGE('',*,*,#17849,.T.);
#17847=EDGE_CURVE('',#791,#833,#17850,.F.);
#17848=EDGE_CURVE('',#833,#763,#17851,.T.);
#17849=EDGE_CURVE('',#763,#791,#17852,.T.);
#17850=LINE('',#790,#17853);
#17851=LINE('',#832,#17854);
#17852=LINE('',#762,#17855);
#17853=VECTOR('',#17856,1.0);
#17854=VECTOR('',#17857,1.0);
#17855=VECTOR('',#17858,1.0);
#17856=DIRECTION('',(0,0,1));
#17857=DIRECTION('',(0,-0.403202530106191,-0.9151107690962696));
#17858=DIRECTION('',(0,1,0));
#17859=FACE_SURFACE('',(#17864),#17860,.T.);
#17860=PLANE('',#17861);
#17861=AXIS2_PLACEMENT_3D('',#762,#17862,#17863);
#17862=DIRECTION('',(1,0,-0));
#17863=DIRECTION('',(0,0.403202530106191,0.9151107690962696));
#17864=FACE_BOUND('',#17865,.T.);
#17865=EDGE_LOOP('',(#17866,#17867,#17868));
#17866=ORIENTED_EDGE('',*,*,#17869,.T.);
#17867=ORIENTED_EDGE('',*,*,#17870,.T.);
#17868=ORIENTED_EDGE('',*,*,#17871,.T.);
#17869=EDGE_CURVE('',#763,#833,#17872,.F.);
#17870=EDGE_CURVE('',#833,#835,#17873,.T.);
#17871=EDGE_CURVE('',#835,#763,#17874,.T.);
#17872=LINE('',#762,#17875);
#17873=LINE('',#832,#17876);
#17874=LINE('',#834,#17877);
#17875=VECTOR('',#17878,1.0);
#17876=VECTOR('',#17879,1.0);
#17877=VECTOR('',#17880,1.0);
#17878=DIRECTION('',(0,0.403202530106191,0.9151107690962696));
#17879=DIRECTION('',(0,-1,0));
#17880=DIRECTION('',(0,0.9970054871115891,-0.07733083905779865));
#17881=FACE_SURFACE('',(#17886),#17882,.T.);
#17882=PLANE('',#17883);
#17883=AXIS2_PLACEMENT_3D('',#762,#17884,#17885);
#17884=DIRECTION('',(1,0,0));
#17885=DIRECTION('',(0,-0.9970054871115891,0.07733083905779865));
#17886=FACE_BOUND('',#17887,.T.);
#17887=EDGE_LOOP('',(#17888,#17889,#17890));
#17888=ORIENTED_EDGE('',*,*,#17891,.T.);
#17889=ORIENTED_EDGE('',*,*,#17892,.T.);
#17890=ORIENTED_EDGE('',*,*,#17893,.T.);
#17891=EDGE_CURVE('',#763,#835,#17894,.F.);
#17892=EDGE_CURVE('',#835,#837,#17895,.T.);
#17893=EDGE_CURVE('',#837,#763,#17896,.T.);
#17894=LINE('',#762,#17897);
#17895=LINE('',#834,#17898);
#17896=LINE('',#836,#17899);
#17897=VECTOR('',#17900,1.0);
#17898=VECTOR('',#17901,1.0);
#17899=VECTOR('',#17902,1.0);
#17900=DIRECTION('',(0,-0.9970054871115891,0.07733083905779865));
#17901=DIRECTION('',(0,0,-1));
#17902=DIRECTION('',(0,0.9996659433036749,0.025845730764945677));
#17903=FACE_SURFACE('',(#17908),#17904,.T.);
#17904=PLANE('',#17905);
#17905=AXIS2_PLACEMENT_3D('',#836,#17906,#17907);
#17906=DIRECTION('',(1,0,0));
#17907=DIRECTION('',(0,1,0));
#17908=FACE_BOUND('',#17909,.T.);
#17909=EDGE_LOOP('',(#17910,#17911,#17912));
#17910=ORIENTED_EDGE('',*,*,#17913,.T.);
#17911=ORIENTED_EDGE('',*,*,#17914,.T.);
#17912=ORIENTED_EDGE('',*,*,#17915,.T.);
#17913=EDGE_CURVE('',#837,#759,#17916,.F.);
#17914=EDGE_CURVE('',#759,#763,#17917,.T.);
#17915=EDGE_CURVE('',#763,#837,#17918,.T.);
#17916=LINE('',#836,#17919);
#17917=LINE('',#758,#17920);
#17918=LINE('',#762,#17921);
#17919=VECTOR('',#17922,1.0);
#17920=VECTOR('',#17923,1.0);
#17921=VECTOR('',#17924,1.0);
#17922=DIRECTION('',(0,1,0));
#17923=DIRECTION('',(0,0,1));
#17924=DIRECTION('',(0,-0.9996659433036749,-0.025845730764945677));
#17925=FACE_SURFACE('',(#17930),#17926,.T.);
#17926=PLANE('',#17927);
#17927=AXIS2_PLACEMENT_3D('',#826,#17928,#17929);
#17928=DIRECTION('',(0,-1,0));
#17929=DIRECTION('',(1,0,0));
#17930=FACE_BOUND('',#17931,.T.);
#17931=EDGE_LOOP('',(#17932,#17933,#17934));
#17932=ORIENTED_EDGE('',*,*,#17935,.T.);
#17933=ORIENTED_EDGE('',*,*,#17936,.T.);
#17934=ORIENTED_EDGE('',*,*,#17937,.T.);
#17935=EDGE_CURVE('',#827,#837,#17938,.F.);
#17936=EDGE_CURVE('',#837,#831,#17939,.T.);
#17937=EDGE_CURVE('',#831,#827,#17940,.T.);
#17938=LINE('',#826,#17941);
#17939=LINE('',#836,#17942);
#17940=LINE('',#830,#17943);
#17941=VECTOR('',#17944,1.0);
#17942=VECTOR('',#17945,1.0);
#17943=VECTOR('',#17946,1.0);
#17944=DIRECTION('',(1,0,0));
#17945=DIRECTION('',(-0.9950371902099892,0,0.09950371902099892));
#17946=DIRECTION('',(0,0,-1));
#17947=FACE_SURFACE('',(#17952),#17948,.T.);
#17948=PLANE('',#17949);
#17949=AXIS2_PLACEMENT_3D('',#830,#17950,#17951);
#17950=DIRECTION('',(0,-1,0));
#17951=DIRECTION('',(0.9950371902099892,0,-0.09950371902099892));
#17952=FACE_BOUND('',#17953,.T.);
#17953=EDGE_LOOP('',(#17954,#17955,#17956));
#17954=ORIENTED_EDGE('',*,*,#17957,.T.);
#17955=ORIENTED_EDGE('',*,*,#17958,.T.);
#17956=ORIENTED_EDGE('',*,*,#17959,.T.);
#17957=EDGE_CURVE('',#831,#837,#17960,.F.);
#17958=EDGE_CURVE('',#837,#835,#17961,.T.);
#17959=EDGE_CURVE('',#835,#831,#17962,.T.);
#17960=LINE('',#830,#17963);
#17961=LINE('',#836,#17964);
#17962=LINE('',#834,#17965);
#17963=VECTOR('',#17966,1.0);
#17964=VECTOR('',#17967,1.0);
#17965=VECTOR('',#17968,1.0);
#17966=DIRECTION('',(0.9950371902099892,0,-0.09950371902099892));
#17967=DIRECTION('',(0,0,1));
#17968=DIRECTION('',(-1,0,0));
#17969=FACE_SURFACE('',(#17974),#17970,.T.);
#17970=PLANE('',#17971);
#17971=AXIS2_PLACEMENT_3D('',#830,#17972,#17973);
#17972=DIRECTION('',(0,0,1));
#17973=DIRECTION('',(1,0,0));
#17974=FACE_BOUND('',#17975,.T.);
#17975=EDGE_LOOP('',(#17976,#17977,#17978));
#17976=ORIENTED_EDGE('',*,*,#17979,.T.);
#17977=ORIENTED_EDGE('',*,*,#17980,.T.);
#17978=ORIENTED_EDGE('',*,*,#17981,.T.);
#17979=EDGE_CURVE('',#831,#835,#17982,.F.);
#17980=EDGE_CURVE('',#835,#829,#17983,.T.);
#17981=EDGE_CURVE('',#829,#831,#17984,.T.);
#17982=LINE('',#830,#17985);
#17983=LINE('',#834,#17986);
#17984=LINE('',#828,#17987);
#17985=VECTOR('',#17988,1.0);
#17986=VECTOR('',#17989,1.0);
#17987=VECTOR('',#17990,1.0);
#17988=DIRECTION('',(1,0,0));
#17989=DIRECTION('',(-0.7071067811865475,0.7071067811865475,0));
#17990=DIRECTION('',(0,-1,0));
#17991=FACE_SURFACE('',(#17996),#17992,.T.);
#17992=PLANE('',#17993);
#17993=AXIS2_PLACEMENT_3D('',#828,#17994,#17995);
#17994=DIRECTION('',(-0,0,1));
#17995=DIRECTION('',(0.7071067811865475,-0.7071067811865475,0));
#17996=FACE_BOUND('',#17997,.T.);
#17997=EDGE_LOOP('',(#17998,#17999,#18000));
#17998=ORIENTED_EDGE('',*,*,#18001,.T.);
#17999=ORIENTED_EDGE('',*,*,#18002,.T.);
#18000=ORIENTED_EDGE('',*,*,#18003,.T.);
#18001=EDGE_CURVE('',#829,#835,#18004,.F.);
#18002=EDGE_CURVE('',#835,#833,#18005,.T.);
#18003=EDGE_CURVE('',#833,#829,#18006,.T.);
#18004=LINE('',#828,#18007);
#18005=LINE('',#834,#18008);
#18006=LINE('',#832,#18009);
#18007=VECTOR('',#18010,1.0);
#18008=VECTOR('',#18011,1.0);
#18009=VECTOR('',#18012,1.0);
#18010=DIRECTION('',(0.7071067811865475,-0.7071067811865475,0));
#18011=DIRECTION('',(0,1,0));
#18012=DIRECTION('',(-1,0,0));
#18013=FACE_SURFACE('',(#18018),#18014,.T.);
#18014=PLANE('',#18015);
#18015=AXIS2_PLACEMENT_3D('',#774,#18016,#18017);
#18016=DIRECTION('',(0,-1,0));
#18017=DIRECTION('',(0,0,1));
#18018=FACE_BOUND('',#18019,.T.);
#18019=EDGE_LOOP('',(#18020,#18021,#18022));
#18020=ORIENTED_EDGE('',*,*,#18023,.T.);
#18021=ORIENTED_EDGE('',*,*,#18024,.T.);
#18022=ORIENTED_EDGE('',*,*,#18025,.T.);
#18023=EDGE_CURVE('',#775,#779,#18026,.F.);
#18024=EDGE_CURVE('',#779,#839,#18027,.T.);
#18025=EDGE_CURVE('',#839,#775,#18028,.T.);
#18026=LINE('',#774,#18029);
#18027=LINE('',#778,#18030);
#18028=LINE('',#838,#18031);
#18029=VECTOR('',#18032,1.0);
#18030=VECTOR('',#18033,1.0);
#18031=VECTOR('',#18034,1.0);
#18032=DIRECTION('',(0,0,1));
#18033=DIRECTION('',(-0.9996710080278667,0,-0.02564908786972128));
#18034=DIRECTION('',(1,0,0));
#18035=FACE_SURFACE('',(#18040),#18036,.T.);
#18036=PLANE('',#18037);
#18037=AXIS2_PLACEMENT_3D('',#838,#18038,#18039);
#18038=DIRECTION('',(0,-1,0));
#18039=DIRECTION('',(0.9996710080278667,0,0.02564908786972128));
#18040=FACE_BOUND('',#18041,.T.);
#18041=EDGE_LOOP('',(#18042,#18043,#18044));
#18042=ORIENTED_EDGE('',*,*,#18045,.T.);
#18043=ORIENTED_EDGE('',*,*,#18046,.T.);
#18044=ORIENTED_EDGE('',*,*,#18047,.T.);
#18045=EDGE_CURVE('',#839,#779,#18048,.F.);
#18046=EDGE_CURVE('',#779,#841,#18049,.T.);
#18047=EDGE_CURVE('',#841,#839,#18050,.T.);
#18048=LINE('',#838,#18051);
#18049=LINE('',#778,#18052);
#18050=LINE('',#840,#18053);
#18051=VECTOR('',#18054,1.0);
#18052=VECTOR('',#18055,1.0);
#18053=VECTOR('',#18056,1.0);
#18054=DIRECTION('',(0.9996710080278667,0,0.02564908786972128));
#18055=DIRECTION('',(-0.9970507093975198,0,0.07674557244494593));
#18056=DIRECTION('',(0,0,-1));
#18057=FACE_SURFACE('',(#18062),#18058,.T.);
#18058=PLANE('',#18059);
#18059=AXIS2_PLACEMENT_3D('',#840,#18060,#18061);
#18060=DIRECTION('',(0,-1,0));
#18061=DIRECTION('',(0.9970507093975198,0,-0.07674557244494593));
#18062=FACE_BOUND('',#18063,.T.);
#18063=EDGE_LOOP('',(#18064,#18065,#18066));
#18064=ORIENTED_EDGE('',*,*,#18067,.T.);
#18065=ORIENTED_EDGE('',*,*,#18068,.T.);
#18066=ORIENTED_EDGE('',*,*,#18069,.T.);
#18067=EDGE_CURVE('',#841,#779,#18070,.F.);
#18068=EDGE_CURVE('',#779,#843,#18071,.T.);
#18069=EDGE_CURVE('',#843,#841,#18072,.T.);
#18070=LINE('',#840,#18073);
#18071=LINE('',#778,#18074);
#18072=LINE('',#842,#18075);
#18073=VECTOR('',#18076,1.0);
#18074=VECTOR('',#18077,1.0);
#18075=VECTOR('',#18078,1.0);
#18076=DIRECTION('',(0.9970507093975198,0,-0.07674557244494593));
#18077=DIRECTION('',(0.32334023490250097,0,0.9462827761790846));
#18078=DIRECTION('',(-1,0,0));
#18079=FACE_SURFACE('',(#18084),#18080,.T.);
#18080=PLANE('',#18081);
#18081=AXIS2_PLACEMENT_3D('',#842,#18082,#18083);
#18082=DIRECTION('',(0,-1,-0));
#18083=DIRECTION('',(-0.32334023490250097,0,-0.9462827761790846));
#18084=FACE_BOUND('',#18085,.T.);
#18085=EDGE_LOOP('',(#18086,#18087,#18088));
#18086=ORIENTED_EDGE('',*,*,#18089,.T.);
#18087=ORIENTED_EDGE('',*,*,#18090,.T.);
#18088=ORIENTED_EDGE('',*,*,#18091,.T.);
#18089=EDGE_CURVE('',#843,#779,#18092,.F.);
#18090=EDGE_CURVE('',#779,#793,#18093,.T.);
#18091=EDGE_CURVE('',#793,#843,#18094,.T.);
#18092=LINE('',#842,#18095);
#18093=LINE('',#778,#18096);
#18094=LINE('',#792,#18097);
#18095=VECTOR('',#18098,1.0);
#18096=VECTOR('',#18099,1.0);
#18097=VECTOR('',#18100,1.0);
#18098=DIRECTION('',(-0.32334023490250097,0,-0.9462827761790846));
#18099=DIRECTION('',(1,0,0));
#18100=DIRECTION('',(0,0,1));
#18101=FACE_SURFACE('',(#18106),#18102,.T.);
#18102=PLANE('',#18103);
#18103=AXIS2_PLACEMENT_3D('',#792,#18104,#18105);
#18104=DIRECTION('',(1,0,0));
#18105=DIRECTION('',(0,1,0));
#18106=FACE_BOUND('',#18107,.T.);
#18107=EDGE_LOOP('',(#18108,#18109,#18110));
#18108=ORIENTED_EDGE('',*,*,#18111,.T.);
#18109=ORIENTED_EDGE('',*,*,#18112,.T.);
#18110=ORIENTED_EDGE('',*,*,#18113,.T.);
#18111=EDGE_CURVE('',#793,#767,#18114,.F.);
#18112=EDGE_CURVE('',#767,#843,#18115,.T.);
#18113=EDGE_CURVE('',#843,#793,#18116,.T.);
#18114=LINE('',#792,#18117);
#18115=LINE('',#766,#18118);
#18116=LINE('',#842,#18119);
#18117=VECTOR('',#18120,1.0);
#18118=VECTOR('',#18121,1.0);
#18119=VECTOR('',#18122,1.0);
#18120=DIRECTION('',(0,1,0));
#18121=DIRECTION('',(0,-0.38928507415806823,0.9211173275092307));
#18122=DIRECTION('',(0,0,-1));
#18123=FACE_SURFACE('',(#18128),#18124,.T.);
#18124=PLANE('',#18125);
#18125=AXIS2_PLACEMENT_3D('',#842,#18126,#18127);
#18126=DIRECTION('',(1,-0,0));
#18127=DIRECTION('',(0,0.38928507415806823,-0.9211173275092307));
#18128=FACE_BOUND('',#18129,.T.);
#18129=EDGE_LOOP('',(#18130,#18131,#18132));
#18130=ORIENTED_EDGE('',*,*,#18133,.T.);
#18131=ORIENTED_EDGE('',*,*,#18134,.T.);
#18132=ORIENTED_EDGE('',*,*,#18135,.T.);
#18133=EDGE_CURVE('',#843,#767,#18136,.F.);
#18134=EDGE_CURVE('',#767,#845,#18137,.T.);
#18135=EDGE_CURVE('',#845,#843,#18138,.T.);
#18136=LINE('',#842,#18139);
#18137=LINE('',#766,#18140);
#18138=LINE('',#844,#18141);
#18139=VECTOR('',#18142,1.0);
#18140=VECTOR('',#18143,1.0);
#18141=VECTOR('',#18144,1.0);
#18142=DIRECTION('',(0,0.38928507415806823,-0.9211173275092307));
#18143=DIRECTION('',(0,0.9970137857218404,0.07722377276851985));
#18144=DIRECTION('',(0,-1,0));
#18145=FACE_SURFACE('',(#18150),#18146,.T.);
#18146=PLANE('',#18147);
#18147=AXIS2_PLACEMENT_3D('',#844,#18148,#18149);
#18148=DIRECTION('',(1,0,0));
#18149=DIRECTION('',(0,-0.9970137857218404,-0.07722377276851985));
#18150=FACE_BOUND('',#18151,.T.);
#18151=EDGE_LOOP('',(#18152,#18153,#18154));
#18152=ORIENTED_EDGE('',*,*,#18155,.T.);
#18153=ORIENTED_EDGE('',*,*,#18156,.T.);
#18154=ORIENTED_EDGE('',*,*,#18157,.T.);
#18155=EDGE_CURVE('',#845,#767,#18158,.F.);
#18156=EDGE_CURVE('',#767,#847,#18159,.T.);
#18157=EDGE_CURVE('',#847,#845,#18160,.T.);
#18158=LINE('',#844,#18161);
#18159=LINE('',#766,#18162);
#18160=LINE('',#846,#18163);
#18161=VECTOR('',#18164,1.0);
#18162=VECTOR('',#18165,1.0);
#18163=VECTOR('',#18166,1.0);
#18164=DIRECTION('',(0,-0.9970137857218404,-0.07722377276851985));
#18165=DIRECTION('',(0,0.9996668727623537,-0.025809755937167667));
#18166=DIRECTION('',(0,0,1));
#18167=FACE_SURFACE('',(#18172),#18168,.T.);
#18168=PLANE('',#18169);
#18169=AXIS2_PLACEMENT_3D('',#846,#18170,#18171);
#18170=DIRECTION('',(1,0,0));
#18171=DIRECTION('',(0,-0.9996668727623537,0.025809755937167667));
#18172=FACE_BOUND('',#18173,.T.);
#18173=EDGE_LOOP('',(#18174,#18175,#18176));
#18174=ORIENTED_EDGE('',*,*,#18177,.T.);
#18175=ORIENTED_EDGE('',*,*,#18178,.T.);
#18176=ORIENTED_EDGE('',*,*,#18179,.T.);
#18177=EDGE_CURVE('',#847,#767,#18180,.F.);
#18178=EDGE_CURVE('',#767,#771,#18181,.T.);
#18179=EDGE_CURVE('',#771,#847,#18182,.T.);
#18180=LINE('',#846,#18183);
#18181=LINE('',#766,#18184);
#18182=LINE('',#770,#18185);
#18183=VECTOR('',#18186,1.0);
#18184=VECTOR('',#18187,1.0);
#18185=VECTOR('',#18188,1.0);
#18186=DIRECTION('',(0,-0.9996668727623537,0.025809755937167667));
#18187=DIRECTION('',(0,0,-1));
#18188=DIRECTION('',(0,1,0));
#18189=FACE_SURFACE('',(#18194),#18190,.T.);
#18190=PLANE('',#18191);
#18191=AXIS2_PLACEMENT_3D('',#848,#18192,#18193);
#18192=DIRECTION('',(-1,0,0));
#18193=DIRECTION('',(0,-1,0));
#18194=FACE_BOUND('',#18195,.T.);
#18195=EDGE_LOOP('',(#18196,#18197,#18198));
#18196=ORIENTED_EDGE('',*,*,#18199,.T.);
#18197=ORIENTED_EDGE('',*,*,#18200,.T.);
#18198=ORIENTED_EDGE('',*,*,#18201,.T.);
#18199=EDGE_CURVE('',#849,#839,#18202,.F.);
#18200=EDGE_CURVE('',#839,#851,#18203,.T.);
#18201=EDGE_CURVE('',#851,#849,#18204,.T.);
#18202=LINE('',#848,#18205);
#18203=LINE('',#838,#18206);
#18204=LINE('',#850,#18207);
#18205=VECTOR('',#18208,1.0);
#18206=VECTOR('',#18209,1.0);
#18207=VECTOR('',#18210,1.0);
#18208=DIRECTION('',(0,-1,0));
#18209=DIRECTION('',(0,0.9950371902099892,0.09950371902099892));
#18210=DIRECTION('',(0,0,-1));
#18211=FACE_SURFACE('',(#18216),#18212,.T.);
#18212=PLANE('',#18213);
#18213=AXIS2_PLACEMENT_3D('',#850,#18214,#18215);
#18214=DIRECTION('',(-1,-0,0));
#18215=DIRECTION('',(0,-0.9950371902099892,-0.09950371902099892));
#18216=FACE_BOUND('',#18217,.T.);
#18217=EDGE_LOOP('',(#18218,#18219,#18220));
#18218=ORIENTED_EDGE('',*,*,#18221,.T.);
#18219=ORIENTED_EDGE('',*,*,#18222,.T.);
#18220=ORIENTED_EDGE('',*,*,#18223,.T.);
#18221=EDGE_CURVE('',#851,#839,#18224,.F.);
#18222=EDGE_CURVE('',#839,#841,#18225,.T.);
#18223=EDGE_CURVE('',#841,#851,#18226,.T.);
#18224=LINE('',#850,#18227);
#18225=LINE('',#838,#18228);
#18226=LINE('',#840,#18229);
#18227=VECTOR('',#18230,1.0);
#18228=VECTOR('',#18231,1.0);
#18229=VECTOR('',#18232,1.0);
#18230=DIRECTION('',(0,-0.9950371902099892,-0.09950371902099892));
#18231=DIRECTION('',(0,0,1));
#18232=DIRECTION('',(0,1,0));
#18233=FACE_SURFACE('',(#18238),#18234,.T.);
#18234=PLANE('',#18235);
#18235=AXIS2_PLACEMENT_3D('',#846,#18236,#18237);
#18236=DIRECTION('',(0,1,-0));
#18237=DIRECTION('',(-1,0,0));
#18238=FACE_BOUND('',#18239,.T.);
#18239=EDGE_LOOP('',(#18240,#18241,#18242));
#18240=ORIENTED_EDGE('',*,*,#18243,.T.);
#18241=ORIENTED_EDGE('',*,*,#18244,.T.);
#18242=ORIENTED_EDGE('',*,*,#18245,.T.);
#18243=EDGE_CURVE('',#847,#849,#18246,.F.);
#18244=EDGE_CURVE('',#849,#845,#18247,.T.);
#18245=EDGE_CURVE('',#845,#847,#18248,.T.);
#18246=LINE('',#846,#18249);
#18247=LINE('',#848,#18250);
#18248=LINE('',#844,#18251);
#18249=VECTOR('',#18252,1.0);
#18250=VECTOR('',#18253,1.0);
#18251=VECTOR('',#18254,1.0);
#18252=DIRECTION('',(-1,0,0));
#18253=DIRECTION('',(0.9950371902099892,0,0.09950371902099892));
#18254=DIRECTION('',(0,0,-1));
#18255=FACE_SURFACE('',(#18260),#18256,.T.);
#18256=PLANE('',#18257);
#18257=AXIS2_PLACEMENT_3D('',#844,#18258,#18259);
#18258=DIRECTION('',(0,1,0));
#18259=DIRECTION('',(-0.9950371902099892,0,-0.09950371902099892));
#18260=FACE_BOUND('',#18261,.T.);
#18261=EDGE_LOOP('',(#18262,#18263,#18264));
#18262=ORIENTED_EDGE('',*,*,#18265,.T.);
#18263=ORIENTED_EDGE('',*,*,#18266,.T.);
#18264=ORIENTED_EDGE('',*,*,#18267,.T.);
#18265=EDGE_CURVE('',#845,#849,#18268,.F.);
#18266=EDGE_CURVE('',#849,#851,#18269,.T.);
#18267=EDGE_CURVE('',#851,#845,#18270,.T.);
#18268=LINE('',#844,#18271);
#18269=LINE('',#848,#18272);
#18270=LINE('',#850,#18273);
#18271=VECTOR('',#18274,1.0);
#18272=VECTOR('',#18275,1.0);
#18273=VECTOR('',#18276,1.0);
#18274=DIRECTION('',(-0.9950371902099892,0,-0.09950371902099892));
#18275=DIRECTION('',(0,0,1));
#18276=DIRECTION('',(1,0,0));
#18277=FACE_SURFACE('',(#18282),#18278,.T.);
#18278=PLANE('',#18279);
#18279=AXIS2_PLACEMENT_3D('',#840,#18280,#18281);
#18280=DIRECTION('',(0,0,1));
#18281=DIRECTION('',(1,0,0));
#18282=FACE_BOUND('',#18283,.T.);
#18283=EDGE_LOOP('',(#18284,#18285,#18286));
#18284=ORIENTED_EDGE('',*,*,#18287,.T.);
#18285=ORIENTED_EDGE('',*,*,#18288,.T.);
#18286=ORIENTED_EDGE('',*,*,#18289,.T.);
#18287=EDGE_CURVE('',#841,#843,#18290,.F.);
#18288=EDGE_CURVE('',#843,#851,#18291,.T.);
#18289=EDGE_CURVE('',#851,#841,#18292,.T.);
#18290=LINE('',#840,#18293);
#18291=LINE('',#842,#18294);
#18292=LINE('',#850,#18295);
#18293=VECTOR('',#18296,1.0);
#18294=VECTOR('',#18297,1.0);
#18295=VECTOR('',#18298,1.0);
#18296=DIRECTION('',(1,0,0));
#18297=DIRECTION('',(-0.7071067811865475,0.7071067811865475,0));
#18298=DIRECTION('',(0,-1,0));
#18299=FACE_SURFACE('',(#18304),#18300,.T.);
#18300=PLANE('',#18301);
#18301=AXIS2_PLACEMENT_3D('',#850,#18302,#18303);
#18302=DIRECTION('',(-0,0,1));
#18303=DIRECTION('',(0.7071067811865475,-0.7071067811865475,0));
#18304=FACE_BOUND('',#18305,.T.);
#18305=EDGE_LOOP('',(#18306,#18307,#18308));
#18306=ORIENTED_EDGE('',*,*,#18309,.T.);
#18307=ORIENTED_EDGE('',*,*,#18310,.T.);
#18308=ORIENTED_EDGE('',*,*,#18311,.T.);
#18309=EDGE_CURVE('',#851,#843,#18312,.F.);
#18310=EDGE_CURVE('',#843,#845,#18313,.T.);
#18311=EDGE_CURVE('',#845,#851,#18314,.T.);
#18312=LINE('',#850,#18315);
#18313=LINE('',#842,#18316);
#18314=LINE('',#844,#18317);
#18315=VECTOR('',#18318,1.0);
#18316=VECTOR('',#18319,1.0);
#18317=VECTOR('',#18320,1.0);
#18318=DIRECTION('',(0.7071067811865475,-0.7071067811865475,0));
#18319=DIRECTION('',(0,1,0));
#18320=DIRECTION('',(-1,0,0));
#18321=FACE_SURFACE('',(#18326),#18322,.T.);
#18322=PLANE('',#18323);
#18323=AXIS2_PLACEMENT_3D('',#838,#18324,#18325);
#18324=DIRECTION('',(0,0,-1));
#18325=DIRECTION('',(0.9994980377735087,0.031680790503173295,0));
#18326=FACE_BOUND('',#18327,.T.);
#18327=EDGE_LOOP('',(#18328,#18329,#18330));
#18328=ORIENTED_EDGE('',*,*,#18331,.T.);
#18329=ORIENTED_EDGE('',*,*,#18332,.T.);
#18330=ORIENTED_EDGE('',*,*,#18333,.T.);
#18331=EDGE_CURVE('',#839,#771,#18334,.F.);
#18332=EDGE_CURVE('',#771,#775,#18335,.T.);
#18333=EDGE_CURVE('',#775,#839,#18336,.T.);
#18334=LINE('',#838,#18337);
#18335=LINE('',#770,#18338);
#18336=LINE('',#774,#18339);
#18337=VECTOR('',#18340,1.0);
#18338=VECTOR('',#18341,1.0);
#18339=VECTOR('',#18342,1.0);
#18340=DIRECTION('',(0.9994980377735087,0.031680790503173295,0));
#18341=DIRECTION('',(-0.628722390264533,-0.7776298322338541,0));
#18342=DIRECTION('',(-1,0,0));
#18343=FACE_SURFACE('',(#18348),#18344,.T.);
#18344=PLANE('',#18345);
#18345=AXIS2_PLACEMENT_3D('',#774,#18346,#18347);
#18346=DIRECTION('',(0,0,-1));
#18347=DIRECTION('',(0.628722390264533,0.7776298322338541,0));
#18348=FACE_BOUND('',#18349,.T.);
#18349=EDGE_LOOP('',(#18350,#18351,#18352));
#18350=ORIENTED_EDGE('',*,*,#18353,.T.);
#18351=ORIENTED_EDGE('',*,*,#18354,.T.);
#18352=ORIENTED_EDGE('',*,*,#18355,.T.);
#18353=EDGE_CURVE('',#775,#771,#18356,.F.);
#18354=EDGE_CURVE('',#771,#773,#18357,.T.);
#18355=EDGE_CURVE('',#773,#775,#18358,.T.);
#18356=LINE('',#774,#18359);
#18357=LINE('',#770,#18360);
#18358=LINE('',#772,#18361);
#18359=VECTOR('',#18362,1.0);
#18360=VECTOR('',#18363,1.0);
#18361=VECTOR('',#18364,1.0);
#18362=DIRECTION('',(0.628722390264533,0.7776298322338541,0));
#18363=DIRECTION('',(1,0,0));
#18364=DIRECTION('',(-0.993452544828211,-0.1142455302160723,0));
#18365=FACE_SURFACE('',(#18370),#18366,.T.);
#18366=PLANE('',#18367);
#18367=AXIS2_PLACEMENT_3D('',#774,#18368,#18369);
#18368=DIRECTION('',(0,0,-1));
#18369=DIRECTION('',(0.993452544828211,0.1142455302160723,0));
#18370=FACE_BOUND('',#18371,.T.);
#18371=EDGE_LOOP('',(#18372,#18373,#18374));
#18372=ORIENTED_EDGE('',*,*,#18375,.T.);
#18373=ORIENTED_EDGE('',*,*,#18376,.T.);
#18374=ORIENTED_EDGE('',*,*,#18377,.T.);
#18375=EDGE_CURVE('',#775,#773,#18378,.F.);
#18376=EDGE_CURVE('',#773,#777,#18379,.T.);
#18377=EDGE_CURVE('',#777,#775,#18380,.T.);
#18378=LINE('',#774,#18381);
#18379=LINE('',#772,#18382);
#18380=LINE('',#776,#18383);
#18381=VECTOR('',#18384,1.0);
#18382=VECTOR('',#18385,1.0);
#18383=VECTOR('',#18386,1.0);
#18384=DIRECTION('',(0.993452544828211,0.1142455302160723,0));
#18385=DIRECTION('',(-0.6993645247333139,-0.714765179303347,0));
#18386=DIRECTION('',(0,1,0));
#18387=FACE_SURFACE('',(#18392),#18388,.T.);
#18388=PLANE('',#18389);
#18389=AXIS2_PLACEMENT_3D('',#776,#18390,#18391);
#18390=DIRECTION('',(0,0,-1));
#18391=DIRECTION('',(0.6993645247333139,0.714765179303347,0));
#18392=FACE_BOUND('',#18393,.T.);
#18393=EDGE_LOOP('',(#18394,#18395,#18396));
#18394=ORIENTED_EDGE('',*,*,#18397,.T.);
#18395=ORIENTED_EDGE('',*,*,#18398,.T.);
#18396=ORIENTED_EDGE('',*,*,#18399,.T.);
#18397=EDGE_CURVE('',#777,#773,#18400,.F.);
#18398=EDGE_CURVE('',#773,#785,#18401,.T.);
#18399=EDGE_CURVE('',#785,#777,#18402,.T.);
#18400=LINE('',#776,#18403);
#18401=LINE('',#772,#18404);
#18402=LINE('',#784,#18405);
#18403=VECTOR('',#18406,1.0);
#18404=VECTOR('',#18407,1.0);
#18405=VECTOR('',#18408,1.0);
#18406=DIRECTION('',(0.6993645247333139,0.714765179303347,0));
#18407=DIRECTION('',(0.7071046536698115,-0.7071089086968824,0));
#18408=DIRECTION('',(-0.775743827492494,-0.6310479491348464,0));
#18409=FACE_SURFACE('',(#18414),#18410,.T.);
#18410=PLANE('',#18411);
#18411=AXIS2_PLACEMENT_3D('',#776,#18412,#18413);
#18412=DIRECTION('',(0,0,-1));
#18413=DIRECTION('',(0.775743827492494,0.6310479491348464,0));
#18414=FACE_BOUND('',#18415,.T.);
#18415=EDGE_LOOP('',(#18416,#18417,#18418));
#18416=ORIENTED_EDGE('',*,*,#18419,.T.);
#18417=ORIENTED_EDGE('',*,*,#18420,.T.);
#18418=ORIENTED_EDGE('',*,*,#18421,.T.);
#18419=EDGE_CURVE('',#777,#785,#18422,.F.);
#18420=EDGE_CURVE('',#785,#783,#18423,.T.);
#18421=EDGE_CURVE('',#783,#777,#18424,.T.);
#18422=LINE('',#776,#18425);
#18423=LINE('',#784,#18426);
#18424=LINE('',#782,#18427);
#18425=VECTOR('',#18428,1.0);
#18426=VECTOR('',#18429,1.0);
#18427=VECTOR('',#18430,1.0);
#18428=DIRECTION('',(0.775743827492494,0.6310479491348464,0));
#18429=DIRECTION('',(0,-1,0));
#18430=DIRECTION('',(-1,0,0));
#18431=FACE_SURFACE('',(#18436),#18432,.T.);
#18432=PLANE('',#18433);
#18433=AXIS2_PLACEMENT_3D('',#838,#18434,#18435);
#18434=DIRECTION('',(0,0,-1));
#18435=DIRECTION('',(0,1,0));
#18436=FACE_BOUND('',#18437,.T.);
#18437=EDGE_LOOP('',(#18438,#18439,#18440));
#18438=ORIENTED_EDGE('',*,*,#18441,.T.);
#18439=ORIENTED_EDGE('',*,*,#18442,.T.);
#18440=ORIENTED_EDGE('',*,*,#18443,.T.);
#18441=EDGE_CURVE('',#839,#849,#18444,.F.);
#18442=EDGE_CURVE('',#849,#771,#18445,.T.);
#18443=EDGE_CURVE('',#771,#839,#18446,.T.);
#18444=LINE('',#838,#18447);
#18445=LINE('',#848,#18448);
#18446=LINE('',#770,#18449);
#18447=VECTOR('',#18450,1.0);
#18448=VECTOR('',#18451,1.0);
#18449=VECTOR('',#18452,1.0);
#18450=DIRECTION('',(0,1,0));
#18451=DIRECTION('',(0.7184005780229399,-0.6956296496673399,0));
#18452=DIRECTION('',(-0.9994980377735087,-0.031680790503173295,0));
#18453=FACE_SURFACE('',(#18458),#18454,.T.);
#18454=PLANE('',#18455);
#18455=AXIS2_PLACEMENT_3D('',#770,#18456,#18457);
#18456=DIRECTION('',(0,0,-1));
#18457=DIRECTION('',(-0.7184005780229399,0.6956296496673399,0));
#18458=FACE_BOUND('',#18459,.T.);
#18459=EDGE_LOOP('',(#18460,#18461,#18462));
#18460=ORIENTED_EDGE('',*,*,#18463,.T.);
#18461=ORIENTED_EDGE('',*,*,#18464,.T.);
#18462=ORIENTED_EDGE('',*,*,#18465,.T.);
#18463=EDGE_CURVE('',#771,#849,#18466,.F.);
#18464=EDGE_CURVE('',#849,#847,#18467,.T.);
#18465=EDGE_CURVE('',#847,#771,#18468,.T.);
#18466=LINE('',#770,#18469);
#18467=LINE('',#848,#18470);
#18468=LINE('',#846,#18471);
#18469=VECTOR('',#18472,1.0);
#18470=VECTOR('',#18473,1.0);
#18471=VECTOR('',#18474,1.0);
#18472=DIRECTION('',(-0.7184005780229399,0.6956296496673399,0));
#18473=DIRECTION('',(1,0,0));
#18474=DIRECTION('',(0,-1,0));
#18475=FACE_SURFACE('',(#18480),#18476,.T.);
#18476=PLANE('',#18477);
#18477=AXIS2_PLACEMENT_3D('',#798,#18478,#18479);
#18478=DIRECTION('',(0,0,-1));
#18479=DIRECTION('',(1,0,0));
#18480=FACE_BOUND('',#18481,.T.);
#18481=EDGE_LOOP('',(#18482,#18483,#18484));
#18482=ORIENTED_EDGE('',*,*,#18485,.T.);
#18483=ORIENTED_EDGE('',*,*,#18486,.T.);
#18484=ORIENTED_EDGE('',*,*,#18487,.T.);
#18485=EDGE_CURVE('',#799,#809,#18488,.F.);
#18486=EDGE_CURVE('',#809,#773,#18489,.T.);
#18487=EDGE_CURVE('',#773,#799,#18490,.T.);
#18488=LINE('',#798,#18491);
#18489=LINE('',#808,#18492);
#18490=LINE('',#772,#18493);
#18491=VECTOR('',#18494,1.0);
#18492=VECTOR('',#18495,1.0);
#18493=VECTOR('',#18496,1.0);
#18494=DIRECTION('',(1,0,0));
#18495=DIRECTION('',(-0.7184005780229399,-0.6956296496673399,0));
#18496=DIRECTION('',(0,1,0));
#18497=FACE_SURFACE('',(#18502),#18498,.T.);
#18498=PLANE('',#18499);
#18499=AXIS2_PLACEMENT_3D('',#772,#18500,#18501);
#18500=DIRECTION('',(0,0,-1));
#18501=DIRECTION('',(0.7184005780229399,0.6956296496673399,0));
#18502=FACE_BOUND('',#18503,.T.);
#18503=EDGE_LOOP('',(#18504,#18505,#18506));
#18504=ORIENTED_EDGE('',*,*,#18507,.T.);
#18505=ORIENTED_EDGE('',*,*,#18508,.T.);
#18506=ORIENTED_EDGE('',*,*,#18509,.T.);
#18507=EDGE_CURVE('',#773,#809,#18510,.F.);
#18508=EDGE_CURVE('',#809,#785,#18511,.T.);
#18509=EDGE_CURVE('',#785,#773,#18512,.T.);
#18510=LINE('',#772,#18513);
#18511=LINE('',#808,#18514);
#18512=LINE('',#784,#18515);
#18513=VECTOR('',#18516,1.0);
#18514=VECTOR('',#18517,1.0);
#18515=VECTOR('',#18518,1.0);
#18516=DIRECTION('',(0.7184005780229399,0.6956296496673399,0));
#18517=DIRECTION('',(-0.6956297203853512,-0.7184005095464494,0));
#18518=DIRECTION('',(-0.7071046536698115,0.7071089086968824,0));
#18519=FACE_SURFACE('',(#18524),#18520,.T.);
#18520=PLANE('',#18521);
#18521=AXIS2_PLACEMENT_3D('',#808,#18522,#18523);
#18522=DIRECTION('',(0,-0,-1));
#18523=DIRECTION('',(0,-1,0));
#18524=FACE_BOUND('',#18525,.T.);
#18525=EDGE_LOOP('',(#18526,#18527,#18528));
#18526=ORIENTED_EDGE('',*,*,#18529,.T.);
#18527=ORIENTED_EDGE('',*,*,#18530,.T.);
#18528=ORIENTED_EDGE('',*,*,#18531,.T.);
#18529=EDGE_CURVE('',#809,#807,#18532,.F.);
#18530=EDGE_CURVE('',#807,#785,#18533,.T.);
#18531=EDGE_CURVE('',#785,#809,#18534,.T.);
#18532=LINE('',#808,#18535);
#18533=LINE('',#806,#18536);
#18534=LINE('',#784,#18537);
#18535=VECTOR('',#18538,1.0);
#18536=VECTOR('',#18539,1.0);
#18537=VECTOR('',#18540,1.0);
#18538=DIRECTION('',(0,-1,0));
#18539=DIRECTION('',(-1,0,0));
#18540=DIRECTION('',(0.6956297203853512,0.7184005095464494,0));
#18541=FACE_SURFACE('',(#18546),#18542,.T.);
#18542=PLANE('',#18543);
#18543=AXIS2_PLACEMENT_3D('',#776,#18544,#18545);
#18544=DIRECTION('',(0,0,-1));
#18545=DIRECTION('',(1,0,0));
#18546=FACE_BOUND('',#18547,.T.);
#18547=EDGE_LOOP('',(#18548,#18549,#18550));
#18548=ORIENTED_EDGE('',*,*,#18551,.T.);
#18549=ORIENTED_EDGE('',*,*,#18552,.T.);
#18550=ORIENTED_EDGE('',*,*,#18553,.T.);
#18551=EDGE_CURVE('',#777,#783,#18554,.F.);
#18552=EDGE_CURVE('',#783,#761,#18555,.T.);
#18553=EDGE_CURVE('',#761,#777,#18556,.T.);
#18554=LINE('',#776,#18557);
#18555=LINE('',#782,#18558);
#18556=LINE('',#760,#18559);
#18557=VECTOR('',#18560,1.0);
#18558=VECTOR('',#18561,1.0);
#18559=VECTOR('',#18562,1.0);
#18560=DIRECTION('',(1,0,0));
#18561=DIRECTION('',(-0.6922242096742475,-0.7216825088228642,0));
#18562=DIRECTION('',(-0.9928895611919369,0.119039150182126,0));
#18563=FACE_SURFACE('',(#18568),#18564,.T.);
#18564=PLANE('',#18565);
#18565=AXIS2_PLACEMENT_3D('',#760,#18566,#18567);
#18566=DIRECTION('',(0,0,-1));
#18567=DIRECTION('',(0.6922242096742475,0.7216825088228642,0));
#18568=FACE_BOUND('',#18569,.T.);
#18569=EDGE_LOOP('',(#18570,#18571,#18572));
#18570=ORIENTED_EDGE('',*,*,#18573,.T.);
#18571=ORIENTED_EDGE('',*,*,#18574,.T.);
#18572=ORIENTED_EDGE('',*,*,#18575,.T.);
#18573=EDGE_CURVE('',#761,#783,#18576,.F.);
#18574=EDGE_CURVE('',#783,#813,#18577,.T.);
#18575=EDGE_CURVE('',#813,#761,#18578,.T.);
#18576=LINE('',#760,#18579);
#18577=LINE('',#782,#18580);
#18578=LINE('',#812,#18581);
#18579=VECTOR('',#18582,1.0);
#18580=VECTOR('',#18583,1.0);
#18581=VECTOR('',#18584,1.0);
#18582=DIRECTION('',(0.6922242096742475,0.7216825088228642,0));
#18583=DIRECTION('',(1,0,0));
#18584=DIRECTION('',(-0.9994544479556651,-0.033027359289486476,0));
#18585=FACE_SURFACE('',(#18590),#18586,.T.);
#18586=PLANE('',#18587);
#18587=AXIS2_PLACEMENT_3D('',#760,#18588,#18589);
#18588=DIRECTION('',(0,0,-1));
#18589=DIRECTION('',(0.9994544479556651,0.033027359289486476,0));
#18590=FACE_BOUND('',#18591,.T.);
#18591=EDGE_LOOP('',(#18592,#18593,#18594));
#18592=ORIENTED_EDGE('',*,*,#18595,.T.);
#18593=ORIENTED_EDGE('',*,*,#18596,.T.);
#18594=ORIENTED_EDGE('',*,*,#18597,.T.);
#18595=EDGE_CURVE('',#761,#813,#18598,.F.);
#18596=EDGE_CURVE('',#813,#49,#18599,.T.);
#18597=EDGE_CURVE('',#49,#761,#18600,.T.);
#18598=LINE('',#760,#18601);
#18599=LINE('',#812,#18602);
#18600=LINE('',#48,#18603);
#18601=VECTOR('',#18604,1.0);
#18602=VECTOR('',#18605,1.0);
#18603=VECTOR('',#18606,1.0);
#18604=DIRECTION('',(0.9994544479556651,0.033027359289486476,0));
#18605=DIRECTION('',(0,-1,0));
#18606=DIRECTION('',(-0.7188849274916049,0.695129096661469,0));
#18607=FACE_SURFACE('',(#18612),#18608,.T.);
#18608=PLANE('',#18609);
#18609=AXIS2_PLACEMENT_3D('',#48,#18610,#18611);
#18610=DIRECTION('',(0,0,-1));
#18611=DIRECTION('',(-1,0,0));
#18612=FACE_BOUND('',#18613,.T.);
#18613=EDGE_LOOP('',(#18614,#18615,#18616));
#18614=ORIENTED_EDGE('',*,*,#18617,.T.);
#18615=ORIENTED_EDGE('',*,*,#18618,.T.);
#18616=ORIENTED_EDGE('',*,*,#18619,.T.);
#18617=EDGE_CURVE('',#49,#821,#18620,.F.);
#18618=EDGE_CURVE('',#821,#761,#18621,.T.);
#18619=EDGE_CURVE('',#761,#49,#18622,.T.);
#18620=LINE('',#48,#18623);
#18621=LINE('',#820,#18624);
#18622=LINE('',#760,#18625);
#18623=VECTOR('',#18626,1.0);
#18624=VECTOR('',#18627,1.0);
#18625=VECTOR('',#18628,1.0);
#18626=DIRECTION('',(-1,0,0));
#18627=DIRECTION('',(0,1,0));
#18628=DIRECTION('',(0.7188849274916049,-0.695129096661469,0));
#18629=FACE_SURFACE('',(#18634),#18630,.T.);
#18630=PLANE('',#18631);
#18631=AXIS2_PLACEMENT_3D('',#760,#18632,#18633);
#18632=DIRECTION('',(0,0,-1));
#18633=DIRECTION('',(-1,0,0));
#18634=FACE_BOUND('',#18635,.T.);
#18635=EDGE_LOOP('',(#18636,#18637,#18638));
#18636=ORIENTED_EDGE('',*,*,#18639,.T.);
#18637=ORIENTED_EDGE('',*,*,#18640,.T.);
#18638=ORIENTED_EDGE('',*,*,#18641,.T.);
#18639=EDGE_CURVE('',#761,#759,#18642,.F.);
#18640=EDGE_CURVE('',#759,#777,#18643,.T.);
#18641=EDGE_CURVE('',#777,#761,#18644,.T.);
#18642=LINE('',#760,#18645);
#18643=LINE('',#758,#18646);
#18644=LINE('',#776,#18647);
#18645=VECTOR('',#18648,1.0);
#18646=VECTOR('',#18649,1.0);
#18647=VECTOR('',#18650,1.0);
#18648=DIRECTION('',(-1,0,0));
#18649=DIRECTION('',(-0.6128250305541423,0.7902186291946771,0));
#18650=DIRECTION('',(0.9928895611919369,-0.119039150182126,0));
#18651=FACE_SURFACE('',(#18656),#18652,.T.);
#18652=PLANE('',#18653);
#18653=AXIS2_PLACEMENT_3D('',#776,#18654,#18655);
#18654=DIRECTION('',(-0,-0,-1));
#18655=DIRECTION('',(0.6128250305541423,-0.7902186291946771,0));
#18656=FACE_BOUND('',#18657,.T.);
#18657=EDGE_LOOP('',(#18658,#18659,#18660));
#18658=ORIENTED_EDGE('',*,*,#18661,.T.);
#18659=ORIENTED_EDGE('',*,*,#18662,.T.);
#18660=ORIENTED_EDGE('',*,*,#18663,.T.);
#18661=EDGE_CURVE('',#777,#759,#18664,.F.);
#18662=EDGE_CURVE('',#759,#825,#18665,.T.);
#18663=EDGE_CURVE('',#825,#777,#18666,.T.);
#18664=LINE('',#776,#18667);
#18665=LINE('',#758,#18668);
#18666=LINE('',#824,#18669);
#18667=VECTOR('',#18670,1.0);
#18668=VECTOR('',#18671,1.0);
#18669=VECTOR('',#18672,1.0);
#18670=DIRECTION('',(0.6128250305541423,-0.7902186291946771,0));
#18671=DIRECTION('',(-0.9994544479556651,0.033027359289486476,0));
#18672=DIRECTION('',(1,0,0));
#18673=FACE_SURFACE('',(#18678),#18674,.T.);
#18674=PLANE('',#18675);
#18675=AXIS2_PLACEMENT_3D('',#824,#18676,#18677);
#18676=DIRECTION('',(0,0,-1));
#18677=DIRECTION('',(0.9994544479556651,-0.033027359289486476,0));
#18678=FACE_BOUND('',#18679,.T.);
#18679=EDGE_LOOP('',(#18680,#18681,#18682));
#18680=ORIENTED_EDGE('',*,*,#18683,.T.);
#18681=ORIENTED_EDGE('',*,*,#18684,.T.);
#18682=ORIENTED_EDGE('',*,*,#18685,.T.);
#18683=EDGE_CURVE('',#825,#759,#18686,.F.);
#18684=EDGE_CURVE('',#759,#827,#18687,.T.);
#18685=EDGE_CURVE('',#827,#825,#18688,.T.);
#18686=LINE('',#824,#18689);
#18687=LINE('',#758,#18690);
#18688=LINE('',#826,#18691);
#18689=VECTOR('',#18692,1.0);
#18690=VECTOR('',#18693,1.0);
#18691=VECTOR('',#18694,1.0);
#18692=DIRECTION('',(0.9994544479556651,-0.033027359289486476,0));
#18693=DIRECTION('',(-0.7188849274916049,-0.695129096661469,0));
#18694=DIRECTION('',(0,1,0));
#18695=FACE_SURFACE('',(#18700),#18696,.T.);
#18696=PLANE('',#18697);
#18697=AXIS2_PLACEMENT_3D('',#826,#18698,#18699);
#18698=DIRECTION('',(0,0,-1));
#18699=DIRECTION('',(0.7188849274916049,0.695129096661469,0));
#18700=FACE_BOUND('',#18701,.T.);
#18701=EDGE_LOOP('',(#18702,#18703,#18704));
#18702=ORIENTED_EDGE('',*,*,#18705,.T.);
#18703=ORIENTED_EDGE('',*,*,#18706,.T.);
#18704=ORIENTED_EDGE('',*,*,#18707,.T.);
#18705=EDGE_CURVE('',#827,#759,#18708,.F.);
#18706=EDGE_CURVE('',#759,#837,#18709,.T.);
#18707=EDGE_CURVE('',#837,#827,#18710,.T.);
#18708=LINE('',#826,#18711);
#18709=LINE('',#758,#18712);
#18710=LINE('',#836,#18713);
#18711=VECTOR('',#18714,1.0);
#18712=VECTOR('',#18715,1.0);
#18713=VECTOR('',#18716,1.0);
#18714=DIRECTION('',(0.7188849274916049,0.695129096661469,0));
#18715=DIRECTION('',(0,-1,0));
#18716=DIRECTION('',(-1,0,0));
ENDSEC;
END-ISO-10303-21;
